{"[[0], [0, 0, 0], [0, 0], [0, 0]]": {"ego_positions": [[463.41762, 981.75127], [462.38643819337517, 982.8553810190255], [461.3150019287423, 983.9725372398348], [460.1810747144276, 985.0545581771593], [458.99206837884896, 986.0620251029504], [457.7719468898666, 986.9713647832468], [456.51203969910637, 987.8103411717642], [455.23015368523176, 988.5763948397449], [453.9720823628222, 989.3184513437184], [452.7381799062583, 990.0606432041882], [451.50740672394096, 990.7451995103646], [450.29676760586466, 991.4027357050544], [449.0681334617026, 992.0380750482009], [447.84454310295257, 992.629699379953], [446.6431622422846, 993.1956226078693], [445.4618163817313, 993.7477103779901], [444.2845445153181, 994.2983553783785], [443.10727275423625, 994.8490003295002], [441.9300010984857, 995.3996452313554], [440.7527295480665, 995.950290083944], [439.57545810297853, 996.500934887266], [438.398186763222, 997.0515796413214], [437.2209155287967, 997.6022243461102], [436.0436443997027, 998.1528690016326], [434.86637337594004, 998.7035136078882], [433.68910245750874, 999.2541581648774], [432.51183164440874, 999.8048026725999], [431.33456093664006, 1000.3554471310557], [430.1572903342027, 1000.9060915402451], [428.9800198370966, 1001.4567359001679], [427.80274944532187, 1002.0073802108241], [426.6254791588784, 1002.5580244722137]], "ego_orientations": [2.3306081, 2.323459104027336, 2.3558338748893224, 2.407494488257053, 2.475189818442048, 2.5293380541334067, 2.5828955869477626, 2.6171870290574617, 2.591668067033607, 2.6189526318904752, 2.641538610903004, 2.649833202909935, 2.6816367974084687, 2.6974916915933695, 2.7046174534519674, 2.704092932127909, 2.704092932127909, 2.704092932127909, 2.704092932127909, 2.704092932127909, 2.704092932127909, 2.704092932127909, 2.704092932127909, 2.704092932127909, 2.704092932127909, 2.704092932127909, 2.704092932127909, 2.704092932127909, 2.704092932127909, 2.704092932127909, 2.704092932127909, 2.704092932127909], "obs_positions": [[461.0246, 988.1767], [460.3284, 988.7116], [459.6093, 989.253], [458.8636, 989.7895], [458.1068, 990.3262], [457.3129, 990.8565], [456.5018, 991.3678], [455.6682, 991.8846], [454.8106, 992.4076], [453.9293, 992.9314], [453.0183, 993.4485], [452.0829, 993.9537], [451.1274, 994.4422], [450.1481, 994.9346], [449.1448, 995.4343], [448.1095, 995.9326], [447.0441, 996.4175], [445.9577, 996.8967], [444.8478, 997.3755], [443.725, 997.8529], [442.5842, 998.3325], [441.4098, 998.7952], [440.2061, 999.2508], [438.9816, 999.7023], [437.7287, 1000.1549], [436.458, 1000.6083], [435.1588, 1001.066], [433.8301, 1001.5074], [432.477, 1001.9413], [431.1019, 1002.3698], [429.7013, 1002.798], [428.28, 1003.2237]], "obs_orientations": [2.4865, 2.4913, 2.507, 2.5213, 2.5386, 2.5659, 2.5829, 2.5902, 2.5996, 2.6153, 2.6358, 2.6576, 2.6723, 2.6776, 2.6862, 2.7037, 2.7203, 2.7302, 2.7369, 2.7416, 2.7549, 2.773, 2.784, 2.7916, 2.7968, 2.8008, 2.8118, 2.826, 2.8353, 2.8421, 2.8477, 2.8541], "attributes": {"crash": true, "goal_reached": false, "max_danger": 102.64361369403997, "scenario_length": 32, "lower_bound": -1.0, "upper_bound": 1.8}}}