{"[[40.00638596950266], [36.410179461248035, 164.54243374290496, 795.0444776009613], [2.436984519723599, 153.81681529304942], [0.3660901978248751, 45.63368665226975]]": {"ego_positions": [[466.095, 978.1463], [465.2598564052584, 979.3952355070301], [464.39187310747394, 980.6160007577221], [463.45963739009, 981.8134067342278], [462.43887360526134, 982.9560705494499], [461.33877287182224, 984.0355141572023], [460.1931168696464, 985.05764577577], [459.0042806440686, 986.0412454907099], [457.778547557839, 986.9609929766248], [456.54085564691314, 987.8247240968408], [455.27930523676525, 988.6555940560252], [453.99179139648885, 989.462312490344], [452.6921296170841, 990.2185910076913], [451.3767734280117, 990.880844236654], [450.0892528264294, 991.4973729707332], [448.8641116809978, 992.1425667828764], [447.67988621902475, 992.8306468593031], [446.49605585667734, 993.518497367806], [445.31262059395556, 994.2061183083852], [444.1295804308594, 994.8935096810405], [442.9469353673889, 995.5806714857721], [441.76468540354404, 996.2676037225799], [440.5828305393248, 996.9543063914639], [439.40137077473116, 997.640779492424], [438.2203061097632, 998.3270230254604], [437.0396365444209, 999.013036990573], [435.8593620787042, 999.6988213877619], [434.6794827126131, 1000.3843762170269], [433.4999984461477, 1001.0697014783682], [432.3209092793079, 1001.7547971717856], [431.14221521209373, 1002.4396632972793], [429.9639162445052, 1003.1242998548491]], "ego_orientations": [2.1535, 2.179360543369291, 2.2064211863835728, 2.267022718986836, 2.335541527318268, 2.39721674774469, 2.4306365992542753, 2.476955690617039, 2.517974179218348, 2.548547749085969, 2.5718288667328193, 2.593202050508119, 2.6470417849331493, 2.6985482679096644, 2.6852820690578, 2.6152324443297985, 2.6152324443297985, 2.6152324443297985, 2.6152324443297985, 2.6152324443297985, 2.6152324443297985, 2.6152324443297985, 2.6152324443297985, 2.6152324443297985, 2.6152324443297985, 2.6152324443297985, 2.6152324443297985, 2.6152324443297985, 2.6152324443297985, 2.6152324443297985, 2.6152324443297985, 2.6152324443297985], "obs_positions": [[463.0203, 986.4582], [462.3563, 987.0326], [461.6924, 987.607], [461.0246, 988.1767], [460.3284, 988.7116], [459.6093, 989.253], [458.8636, 989.7895], [458.1068, 990.3262], [457.3129, 990.8565], [456.5018, 991.3678], [455.6682, 991.8846], [454.8106, 992.4076], [453.9293, 992.9314], [453.0183, 993.4485], [452.0829, 993.9537], [451.1274, 994.4422], [450.1481, 994.9346], [449.1448, 995.4343], [448.1095, 995.9326], [447.0441, 996.4175], [445.9577, 996.8967], [444.8478, 997.3755], [443.725, 997.8529], [442.5842, 998.3325], [441.4098, 998.7952], [440.2061, 999.2508], [438.9816, 999.7023], [437.7287, 1000.1549], [436.458, 1000.6083], [435.1588, 1001.066], [433.8301, 1001.5074], [432.477, 1001.9413]], "obs_orientations": [2.4283, 2.4283, 2.4353, 2.4865, 2.4913, 2.507, 2.5213, 2.5386, 2.5659, 2.5829, 2.5902, 2.5996, 2.6153, 2.6358, 2.6576, 2.6723, 2.6776, 2.6862, 2.7037, 2.7203, 2.7302, 2.7369, 2.7416, 2.7549, 2.773, 2.784, 2.7916, 2.7968, 2.8008, 2.8118, 2.826, 2.8353], "objectives": {"extension_time": 0.3, "danger_difference": 0.31175151583369143, "parameter_difference": 318.3546329742524}, "attributes": {"generation_number": 0, "individual_number": 46, "crash": true, "goal_reached": false, "scenario_length": 32}}, "[[40.00638596950266], [36.410179461248035, 164.54243374290496, 795.0444776009613], [2.436984519723599, 144.99402494815854], [0.3660901978248751, 45.63368665226975]]": {"ego_positions": [[466.095, 978.1463], [465.2598564052584, 979.3952355070301], [464.39187310747394, 980.6160007577221], [463.45963739009, 981.8134067342278], [462.43887360526134, 982.9560705494499], [461.33877287182224, 984.0355141572023], [460.1931168696464, 985.05764577577], [459.0042806440686, 986.0412454907099], [457.778547557839, 986.9609929766248], [456.54085564691314, 987.8247240968408], [455.27930523676525, 988.6555940560252], [453.99179139648885, 989.462312490344], [452.6921296170841, 990.2185910076913], [451.3767734280117, 990.880844236654], [450.0892528264294, 991.4973729707332], [448.8641116809978, 992.1425667828764], [447.67988621902475, 992.8306468593031], [446.49605585667734, 993.518497367806], [445.31262059395556, 994.2061183083852], [444.1295804308594, 994.8935096810405], [442.9469353673889, 995.5806714857721], [441.76468540354404, 996.2676037225799], [440.5828305393248, 996.9543063914639], [439.40137077473116, 997.640779492424], [438.2203061097632, 998.3270230254604], [437.0396365444209, 999.013036990573], [435.8593620787042, 999.6988213877619], [434.6794827126131, 1000.3843762170269], [433.4999984461477, 1001.0697014783682], [432.3209092793079, 1001.7547971717856], [431.14221521209373, 1002.4396632972793], [429.9639162445052, 1003.1242998548491]], "ego_orientations": [2.1535, 2.179360543369291, 2.2064211863835728, 2.267022718986836, 2.335541527318268, 2.39721674774469, 2.4306365992542753, 2.476955690617039, 2.517974179218348, 2.548547749085969, 2.5718288667328193, 2.593202050508119, 2.6470417849331493, 2.6985482679096644, 2.6852820690578, 2.6152324443297985, 2.6152324443297985, 2.6152324443297985, 2.6152324443297985, 2.6152324443297985, 2.6152324443297985, 2.6152324443297985, 2.6152324443297985, 2.6152324443297985, 2.6152324443297985, 2.6152324443297985, 2.6152324443297985, 2.6152324443297985, 2.6152324443297985, 2.6152324443297985, 2.6152324443297985, 2.6152324443297985], "obs_positions": [[463.0203, 986.4582], [462.3563, 987.0326], [461.6924, 987.607], [461.0246, 988.1767], [460.3284, 988.7116], [459.6093, 989.253], [458.8636, 989.7895], [458.1068, 990.3262], [457.3129, 990.8565], [456.5018, 991.3678], [455.6682, 991.8846], [454.8106, 992.4076], [453.9293, 992.9314], [453.0183, 993.4485], [452.0829, 993.9537], [451.1274, 994.4422], [450.1481, 994.9346], [449.1448, 995.4343], [448.1095, 995.9326], [447.0441, 996.4175], [445.9577, 996.8967], [444.8478, 997.3755], [443.725, 997.8529], [442.5842, 998.3325], [441.4098, 998.7952], [440.2061, 999.2508], [438.9816, 999.7023], [437.7287, 1000.1549], [436.458, 1000.6083], [435.1588, 1001.066], [433.8301, 1001.5074], [432.477, 1001.9413]], "obs_orientations": [2.4283, 2.4283, 2.4353, 2.4865, 2.4913, 2.507, 2.5213, 2.5386, 2.5659, 2.5829, 2.5902, 2.5996, 2.6153, 2.6358, 2.6576, 2.6723, 2.6776, 2.6862, 2.7037, 2.7203, 2.7302, 2.7369, 2.7416, 2.7549, 2.773, 2.784, 2.7916, 2.7968, 2.8008, 2.8118, 2.826, 2.8353], "objectives": {"extension_time": 0.3, "danger_difference": 0.31175151583369143, "parameter_difference": 318.3546164119336}, "attributes": {"generation_number": 1, "individual_number": 51, "crash": true, "goal_reached": false, "scenario_length": 32}},