{"[[18.517022697049658], [5.49055375128435, 281.81360366389663, 115.95253493007351], [0.1854841011976502, 106.26893324210049], [1.5471582449665973, 37.37540142878049]]": {"ego_positions": [[461.3207, 983.894], [460.24228316987325, 984.9393006195635], [459.10690231145094, 985.9331667157008], [457.92686232210747, 986.8650867605501], [456.7091780296852, 987.7531428908175], [455.45462729591657, 988.5764777541581], [454.21829757590217, 989.3577486563719], [452.96808438755215, 990.1202107431332], [451.7095967573022, 990.8184738990669], [450.48291627033507, 991.4847582776747], [449.2416871785222, 992.131664042213], [448.0101141200973, 992.729362084805], [446.8054305643899, 993.2973035157125], [445.62382047390787, 993.8492670751536], [444.44662861723253, 994.3997844689652], [443.26943690816574, 994.9503017937471], [442.09224534670756, 995.5008190494996], [440.9150539328579, 996.0513362362224], [439.7378626666168, 996.6018533539155], [438.5606715479843, 997.1523704025791], [437.3834805769604, 997.702887382213], [436.206289753545, 998.2534042928174], [435.0290990777381, 998.8039211343922], [433.85190854953987, 999.3544379069374], [432.67471816895016, 999.904954610453], [431.497527935969, 1000.455471244939], [430.32033785059645, 1001.0059878103954], [429.14314791283243, 1001.5565043068221], [427.96595812267697, 1002.1070207342193], [426.78876848013005, 1002.657537092587]], "ego_orientations": [2.3618, 2.3945497915838447, 2.4549587220018463, 2.4924214294016473, 2.538209721301106, 2.5775311842198887, 2.57838974590427, 2.6182882998040116, 2.643209480019383, 2.6464265271856586, 2.6787735160322814, 2.6970604475473214, 2.704942588123735, 2.704155791665377, 2.704155791665377, 2.704155791665377, 2.704155791665377, 2.704155791665377, 2.704155791665377, 2.704155791665377, 2.704155791665377, 2.704155791665377, 2.704155791665377, 2.704155791665377, 2.704155791665377, 2.704155791665377, 2.704155791665377, 2.704155791665377, 2.704155791665377, 2.704155791665377], "obs_positions": [[459.6093, 989.253], [458.8636, 989.7895], [458.1068, 990.3262], [457.3129, 990.8565], [456.5018, 991.3678], [455.6682, 991.8846], [454.8106, 992.4076], [453.9293, 992.9314], [453.0183, 993.4485], [452.0829, 993.9537], [451.1274, 994.4422], [450.1481, 994.9346], [449.1448, 995.4343], [448.1095, 995.9326], [447.0441, 996.4175], [445.9577, 996.8967], [444.8478, 997.3755], [443.725, 997.8529], [442.5842, 998.3325], [441.4098, 998.7952], [440.2061, 999.2508], [438.9816, 999.7023], [437.7287, 1000.1549], [436.458, 1000.6083], [435.1588, 1001.066], [433.8301, 1001.5074], [432.477, 1001.9413], [431.1019, 1002.3698], [429.7013, 1002.798], [428.28, 1003.2237]], "obs_orientations": [2.507, 2.5213, 2.5386, 2.5659, 2.5829, 2.5902, 2.5996, 2.6153, 2.6358, 2.6576, 2.6723, 2.6776, 2.6862, 2.7037, 2.7203, 2.7302, 2.7369, 2.7416, 2.7549, 2.773, 2.784, 2.7916, 2.7968, 2.8008, 2.8118, 2.826, 2.8353, 2.8421, 2.8477, 2.8541], "objectives": {"extension_time": -0.2, "danger_difference": 0.00011495618367973748, "parameter_difference": 46.46234355686672}, "attributes": {"generation_number": 0, "individual_number": 27, "crash": true, "goal_reached": false, "scenario_length": 30}}, "[[14.660997777334828], [40.92738899873501, 488.9834244798849, 374.7856609649346], [2.0195584710034447, 22.148686678005202], [1.1230726693768238, 37.36760981462939]]": {"ego_positions": [[461.3207, 983.894], [460.24340774098977, 984.9383426449854], [459.11428065801465, 985.9274010272311], [457.9444383738837, 986.8520168269954], [456.74053270655696, 987.7303082346231], [455.50131542821555, 988.5412797119567], [454.26532458726547, 989.3181232428437], [452.98932715897826, 990.0988988917667], [451.68396692969816, 990.8243032533728], [450.3686310514443, 991.5383092264825], [449.0044894732762, 992.2414648958758], [447.61552394891885, 992.9088201313713], [446.2154425024974, 993.5648189703629], [444.8297895565668, 994.2170845202586], [443.54437036129565, 994.8794982629928], [442.262504146651, 995.5400810519001], [440.98419091263287, 996.1988328869807], [439.7094306592412, 996.8557537682343], [438.4382233864761, 997.5108436956612], [437.1705690943375, 998.1641026692611], [435.9064677828255, 998.8155306890343], [434.6459194519399, 999.4651277549806], [433.38892410168086, 1000.1128938671001], [432.13548173204833, 1000.7588290253927], [430.88559234304233, 1001.4029332298585], [429.63925593466286, 1002.0452064804974], [428.39647250690984, 1002.6856487773096], [427.1572420597834, 1003.3242601202949], [424.4423928975946, 1004.9003320957314], [422.91318514888354, 1005.3080647872923], [421.3668038158694, 1005.6619607074391], [419.8092461767959, 1005.9488176187907], [418.2374627906027, 1006.1482679292412], [416.68834921270405, 1006.4016244202737], [415.17405334328174, 1006.7711274351166], [413.6624235718591, 1007.1345077150668], [412.1506369496911, 1007.4796844022056], [410.6362346512223, 1007.798350042512], [409.1149534312818, 1008.0838141068817], [407.59966190522806, 1008.4005374412474], [406.08608549261413, 1008.7296176670939], [404.56690550989583, 1009.0399372909471], [403.04337262232565, 1009.3292815434891], [401.51783249626067, 1009.6052102762229], [399.9924241052537, 1009.880052697478]], "ego_orientations": [2.3618, 2.394386225483986, 2.452984084194157, 2.491971245032943, 2.538633408716808, 2.5808674959721647, 2.579042359744134, 2.616648508287415, 2.6431423460605425, 2.6494215123540426, 2.684813758251101, 2.6999123926932875, 2.7045298821451267, 2.665757211016311, 2.665757211016311, 2.665757211016311, 2.665757211016311, 2.665757211016311, 2.665757211016311, 2.665757211016311, 2.665757211016311, 2.665757211016311, 2.665757211016311, 2.665757211016311, 2.665757211016311, 2.665757211016311, 2.665757211016311, 2.665757211016311, 2.869795686344241, 2.8990967983340163, 2.9300039633956008, 2.997897785373832, 3.0156849888729935, 2.9297184469977187, 2.897702724351859, 2.9125794145540227, 2.921613134529048, 2.952983268739685, 2.947163976890579, 2.9279688034408435, 2.931957834835903, 2.948619729918223, 2.959825945294347, 2.9633556118205386, 2.9633412387440035], "obs_positions": [[459.6093, 989.253], [458.8636, 989.7895], [458.1068, 990.3262], [457.3129, 990.8565], [456.5018, 991.3678], [455.6682, 991.8846], [454.8106, 992.4076], [453.9293, 992.9314], [453.0183, 993.4485], [452.0829, 993.9537], [451.1274, 994.4422], [450.1481, 994.9346], [449.1448, 995.4343], [448.1095, 995.9326], [447.0441, 996.4175], [445.9577, 996.8967], [444.8478, 997.3755], [443.725, 997.8529], [442.5842, 998.3325], [441.4098, 998.7952], [440.2061, 999.2508], [438.9816, 999.7023], [437.7287, 1000.1549], [436.458, 1000.6083], [435.1588, 1001.066], [433.8301, 1001.5074], [432.477, 1001.9413], [431.1019, 1002.3698], [429.7013, 1002.798], [428.28, 1003.2237], [426.8399, 1003.6438], [425.369, 1004.0586]], "obs_orientations": [2.507, 2.5213, 2.5386, 2.5659, 2.5829, 2.5902, 2.5996, 2.6153, 2.6358, 2.6576, 2.6723, 2.6776, 2.6862, 2.7037, 2.7203, 2.7302, 2.7369, 2.7416, 2.7549, 2.773, 2.784, 2.7916, 2.7968, 2.8008, 2.8118, 2.826, 2.8353, 2.8421, 2.8477, 2.8541, 2.8622, 2.8714], "objectives": {"extension_time": -0.2, "danger_difference": -0.22669641439877353, "parameter_difference": 150.82744928382266}, "attributes": {"generation_number": 1, "individual_number": 57, "crash": true, "goal_reached": true, "scenario_length": 45}},