{"[[6.017384114309787], [9.949203335471928, 333.8222016598444, 585.0416532174139], [0.8469026248481409, 138.3523852909966], [1.3102034129258007, 23.90144542346161]]": {"ego_positions": [[468.6533, 969.6223]], "ego_orientations": [1.6529], "obs_positions": [[466.636, 982.6413]], "obs_orientations": [2.2191], "objectives": {"extension_time": 0.9, "danger_difference": 97.35638630596003, "parameter_difference": 234.05713362997622}, "attributes": {"generation_number": 1, "individual_number": 94, "crash": true, "goal_reached": false, "scenario_length": 1}}, "[[29.01251603308603], [38.42607157578699, 200.0, 102.33427964169117], [0.8677452369986061, 37.07435755532117], [0.908546774248262, 38.629334925350975]]": {"ego_positions": [[468.6533, 969.6223]], "ego_orientations": [1.6529], "obs_positions": [[466.636, 982.6413]], "obs_orientations": [2.2191], "objectives": {"extension_time": 0.9, "danger_difference": 97.35638630596003, "parameter_difference": 43.74652274471864}, "attributes": {"generation_number": 1, "individual_number": 52, "crash": true, "goal_reached": false, "scenario_length": 1}}, "[[5.57630313752251], [9.949203335471928, 200.0, 585.0416532174139], [2.4636845650514183, 139.32217363139077], [1.9511737508003775, 23.980627116222458]]": {"ego_positions": [[468.6533, 969.6223]], "ego_orientations": [1.6529], "obs_positions": [[466.636, 982.6413]], "obs_orientations": [2.2191], "objectives": {"extension_time": 0.9, "danger_difference": 97.35638630596003, "parameter_difference": 234.05332140614257}, "attributes": {"generation_number": 2, "individual_number": 148, "crash": true, "goal_reached": false, "scenario_length": 1}}}