{"[[9.167524179453281], [0.6524225569419109, 197.35411374951127, 2.5], [0.3292055039741772, 140.14733409392807], [0.10701938934185296, 15.424517359158282]]": {"ego_positions": [[465.271, 979.3967]], "ego_orientations": [2.2115], "obs_positions": [[462.3563, 987.0326]], "obs_orientations": [2.4283], "objectives": {"extension_time": 0.2, "danger_difference": 97.35638630596003, "parameter_difference": 1.4997247984159134}, "attributes": {"generation_number": 7, "individual_number": 396, "crash": true, "goal_reached": false, "scenario_length": 1}}, "[[15.995724476741305], [2.5, 192.03514297418278, 0.729915217803125], [1.085457460021212, 118.29543767166439], [1.149030827556214, 4.352475620560391]]": {"ego_positions": [[465.271, 979.3967]], "ego_orientations": [2.2115], "obs_positions": [[462.3563, 987.0326]], "obs_orientations": [2.4283], "objectives": {"extension_time": 0.2, "danger_difference": 97.35638630596003, "parameter_difference": 1.4743164609176724}, "attributes": {"generation_number": 10, "individual_number": 543, "crash": true, "goal_reached": false, "scenario_length": 1}}}