{"[[21.954052864357404], [47.84466726319542, 376.3381646252135, 19.45279006476275], [0.3115883524262378, 7.974569484455896], [0.33095238874281063, 44.29109660979786]]": {"ego_positions": [[468.5302, 971.1172]], "ego_orientations": [1.7361], "obs_positions": [[466.1058, 983.341]], "obs_orientations": [2.3248], "objectives": {"extension_time": 0.8, "danger_difference": 97.35638630596003, "parameter_difference": 20.76829910225962}, "attributes": {"generation_number": 0, "individual_number": 11, "crash": true, "goal_reached": false, "scenario_length": 1}}, "[[32.39945067319303], [25.2195697586085, 343.2906499830179, 29.210321376625934], [0.9802595146661455, 194.29037208142176], [0.8927203398306094, 7.545697127655643]]": {"ego_positions": [[468.5302, 971.1172]], "ego_orientations": [1.7361], "obs_positions": [[466.1058, 983.341]], "obs_orientations": [2.3248], "objectives": {"extension_time": 0.8, "danger_difference": 97.35638630596003, "parameter_difference": 15.550669537735997}, "attributes": {"generation_number": 0, "individual_number": 42, "crash": true, "goal_reached": false, "scenario_length": 1}}, "[[33.34499605472474], [25.2195697586085, 343.2906499830179, 2.5], [0.4557185634247213, 102.4162187203815], [0.8927203398306094, 8.188218798766043]]": {"ego_positions": [[468.5302, 971.1172]], "ego_orientations": [1.7361], "obs_positions": [[466.1058, 983.341]], "obs_orientations": [2.3248], "objectives": {"extension_time": 0.8, "danger_difference": 97.35638630596003, "parameter_difference": 10.306518964188596}, "attributes": {"generation_number": 1, "individual_number": 54, "crash": true, "goal_reached": false, "scenario_length": 1}}, "[[32.312832788492145], [2.5, 200.0, 29.210321376625934], [0.9802595146661455, 194.29037208142176], [0.9253142966832026, 11.494299845501649]]": {"ego_positions": [[468.5302, 971.1172]], "ego_orientations": [1.7361], "obs_positions": [[466.1058, 983.341]], "obs_orientations": [2.3248], "objectives": {"extension_time": 0.8, "danger_difference": 97.35638630596003, "parameter_difference": 11.79579135382986}, "attributes": {"generation_number": 1, "individual_number": 81, "crash": true, "goal_reached": false, "scenario_length": 1}}, "[[32.640067652131194], [25.2195697586085, 343.2906499830179, 29.210321376625934], [0.9800620709644877, 194.29037208142176], [0.8927203398306094, 9.373757693568464]]": {"ego_positions": [[468.5302, 971.1172]], "ego_orientations": [1.7361], "obs_positions": [[466.1058, 983.341]], "obs_orientations": [2.3248], "objectives": {"extension_time": 0.8, "danger_difference": 97.35638630596003, "parameter_difference": 15.55126859235959}, "attributes": {"generation_number": 1, "individual_number": 84, "crash": true, "goal_reached": false, "scenario_length": 1}}, "[[46.99158380891183], [6.253145118625719, 35.07096610337834, 2.5], [1.6169206402759653, 58.440304670196475], [2.239890853292528, 44.39420950812325]]": {"ego_positions": [[468.5302, 971.1172]], "ego_orientations": [1.7361], "obs_positions": [[466.1058, 983.341]], "obs_orientations": [2.3248], "objectives": {"extension_time": 0.8, "danger_difference": 97.35638630596003, "parameter_difference": 2.995719210289056}, "attributes": {"generation_number": 1, "individual_number": 88, "crash": true, "goal_reached": false, "scenario_length": 1}}, "[[46.99158380891183], [6.253145118625719, 35.07096610337834, 2.5], [1.6169206402759653, 58.440304670196475], [1.4076780796116488, 44.39420950812325]]": {"ego_positions": [[468.5302, 971.1172]], "ego_orientations": [1.7361], "obs_positions": [[466.1058, 983.341]], "obs_orientations": [2.3248], "objectives": {"extension_time": 0.8, "danger_difference": 97.35638630596003, "parameter_difference": 2.9955165440223075}, "attributes": {"generation_number": 2, "individual_number": 130, "crash": true, "goal_reached": false, "scenario_length": 1}}}