{"[[13.64834693837319], [11.946422697916026, 491.04202591505106, 482.3910639126122], [1.4355819124818447, 150.0243077888663], [1.0396332452874302, 38.386456304078706]]": {"ego_positions": [[468.466, 966.6317]], "ego_orientations": [1.4723], "obs_positions": [[467.6963, 981.2417]], "obs_orientations": [2.2191], "objectives": {"extension_time": 1.1, "danger_difference": 97.35638630596003, "parameter_difference": 193.03315603437574}, "attributes": {"generation_number": 0, "individual_number": 3, "crash": true, "goal_reached": false, "scenario_length": 1}}, "[[14.666164794745645], [40.92738899873501, 488.9834244798849, 374.7856609649346], [2.037575219299475, 22.148686678005202], [1.1230726693768238, 37.36760981462939]]": {"ego_positions": [[468.466, 966.6317]], "ego_orientations": [1.4723], "obs_positions": [[467.6963, 981.2417]], "obs_orientations": [2.2191], "objectives": {"extension_time": 1.1, "danger_difference": 97.35638630596003, "parameter_difference": 150.8274494850018}, "attributes": {"generation_number": 0, "individual_number": 44, "crash": true, "goal_reached": false, "scenario_length": 1}}, "[[18.522189714460474], [5.49055375128435, 281.81360366389663, 115.95253493007351], [0.20397077998804958, 106.26893324210049], [1.5471582449665973, 37.37540142878049]]": {"ego_positions": [[468.466, 966.6317]], "ego_orientations": [1.4723], "obs_positions": [[467.6963, 981.2417]], "obs_orientations": [2.2191], "objectives": {"extension_time": 1.1, "danger_difference": 97.35638630596003, "parameter_difference": 46.46234438076082}, "attributes": {"generation_number": 1, "individual_number": 56, "crash": true, "goal_reached": false, "scenario_length": 1}}, "[[15.066998952598766], [40.92738899873501, 488.9834244798849, 2.5], [2.037575219299475, 38.680998897900764], [1.1230726693768238, 36.44157512084624]]": {"ego_positions": [[468.466, 966.6317]], "ego_orientations": [1.4723], "obs_positions": [[467.6963, 981.2417]], "obs_orientations": [2.2191], "objectives": {"extension_time": 1.1, "danger_difference": 97.35638630596003, "parameter_difference": 16.601635511756072}, "attributes": {"generation_number": 1, "individual_number": 59, "crash": true, "goal_reached": false, "scenario_length": 1}}, "[[14.666164794745645], [2.5, 488.9834244798849, 2.5], [2.0894737269762196, 39.08000803899914], [1.1230726693768238, 37.58648471038625]]": {"ego_positions": [[468.466, 966.6317]], "ego_orientations": [1.4723], "obs_positions": [[467.6963, 981.2417]], "obs_orientations": [2.2191], "objectives": {"extension_time": 1.1, "danger_difference": 97.35638630596003, "parameter_difference": 2.938600635569969}, "attributes": {"generation_number": 1, "individual_number": 98, "crash": true, "goal_reached": false, "scenario_length": 1}}, "[[14.666164794745645], [2.5, 200.0, 2.5], [1.0758902414142022, 33.00916900792399], [1.0160505369198274, 37.56692424161498]]": {"ego_positions": [[468.466, 966.6317]], "ego_orientations": [1.4723], "obs_positions": [[467.6963, 981.2417]], "obs_orientations": [2.2191], "objectives": {"extension_time": 1.1, "danger_difference": 97.35638630596003, "parameter_difference": 1.911889274167405}, "attributes": {"generation_number": 2, "individual_number": 122, "crash": true, "goal_reached": false, "scenario_length": 1}}, "[[13.478250060617349], [0.4348600312758133, 59.950326954472, 2.5], [0.7443444528902182, 113.98299137485905], [1.2159908388856726, 8.44402921006427]]": {"ego_positions": [[468.466, 966.6317]], "ego_orientations": [1.4723], "obs_positions": [[467.6963, 981.2417]], "obs_orientations": [2.2191], "objectives": {"extension_time": 1.1, "danger_difference": 97.35638630596003, "parameter_difference": 1.1286514078596126}, "attributes": {"generation_number": 9, "individual_number": 469, "crash": true, "goal_reached": false, "scenario_length": 1}}}