{"[[0.25595398027035743], [2.5, 199.85953352868887, 2.5], [6.555223420599642, 128.62625116526303], [1.1209267640353309, 8.075618042717402]]": {"ego_positions": [[466.3687, 957.8863], [466.74675393949207, 959.3381320210157], [467.11902142311, 960.792892588329], [467.4835323012604, 962.2520783630091], [467.83326028227435, 963.7237974211776], [468.14246655236525, 965.2155555513215], [468.35998721854975, 966.7328099367913], [468.4628983952116, 968.2657773394192], [468.43838177406866, 969.8041309126926], [468.27399449266386, 971.3357479567718], [467.9632055633796, 972.84425909723], [467.51813418458875, 974.3075790193295], [466.9587504950334, 975.7013871181058], [466.3085098838295, 977.01590004647], [465.5879618661434, 978.2562568739622], [464.80918323431246, 979.4297567139973], [463.9751459934034, 980.539659928529], [463.0892268844224, 981.5900919639249], [462.1634930504064, 982.59461286457], [461.2298475012806, 983.5682847273087], [460.3068417981909, 984.5308606032256], [459.39447594113733, 985.4823404923209], [458.49274993011994, 986.4227243945944], [457.60166376513865, 987.3520123100462], [456.7212174461935, 988.2702042386762], [455.85141097328454, 989.1773001804846], [454.9922443464117, 990.0733001354712], [454.14371756557506, 990.9582041036361], [453.3058306307745, 991.8320120849793], [452.4785835420101, 992.6947240795007], [451.66197629928183, 993.5463400872004], [450.8560089025897, 994.3868601080784], [450.06068135193374, 995.2162841421347]], "ego_orientations": [1.3152, 1.3176697422070347, 1.323152648169699, 1.3286096530186813, 1.350290544427724, 1.3974195968505012, 1.4674700567348256, 1.5470757125700183, 1.6355435445227808, 1.7299552180551043, 1.8249652476534597, 1.91517375903498, 1.9968796591649771, 2.068217735326508, 2.13094932420983, 2.189509229890853, 2.245535897261762, 2.2976063195412335, 2.3352119106378253, 2.3352119106378253, 2.3352119106378253, 2.3352119106378253, 2.3352119106378253, 2.3352119106378253, 2.3352119106378253, 2.3352119106378253, 2.3352119106378253, 2.3352119106378253, 2.3352119106378253, 2.3352119106378253, 2.3352119106378253, 2.3352119106378253, 2.3352119106378253], "obs_positions": [[470.251, 976.6512], [469.8819, 977.4478], [469.5129, 978.2444], [469.109, 979.0227], [468.6609, 979.7777], [468.2128, 980.5327], [467.6963, 981.2417], [467.1661, 981.9415], [466.636, 982.6413], [466.1058, 983.341], [465.505, 983.9807], [464.8982, 984.6152], [464.2914, 985.2497], [463.6842, 985.8838], [463.0203, 986.4582], [462.3563, 987.0326], [461.6924, 987.607], [461.0246, 988.1767], [460.3284, 988.7116], [459.6093, 989.253], [458.8636, 989.7895], [458.1068, 990.3262], [457.3129, 990.8565], [456.5018, 991.3678], [455.6682, 991.8846], [454.8106, 992.4076], [453.9293, 992.9314], [453.0183, 993.4485], [452.0829, 993.9537], [451.1274, 994.4422], [450.1481, 994.9346], [449.1448, 995.4343], [448.1095, 995.9326]], "obs_orientations": [2.0046, 2.0046, 2.0494, 2.1064, 2.1064, 2.2003, 2.2191, 2.2191, 2.2191, 2.3248, 2.3339, 2.3339, 2.3345, 2.4283, 2.4283, 2.4283, 2.4353, 2.4865, 2.4913, 2.507, 2.5213, 2.5386, 2.5659, 2.5829, 2.5902, 2.5996, 2.6153, 2.6358, 2.6576, 2.6723, 2.6776, 2.6862, 2.7037], "objectives": {"extension_time": 1.7, "danger_difference": 1.3815979598990111, "parameter_difference": 1.7582470497276323}, "attributes": {"generation_number": 6, "individual_number": 315, "crash": true, "goal_reached": false, "scenario_length": 33}}, "[[5.57630313752251], [2.5, 199.98552653677154, 2.5], [0.7012037716593824, 14.705732479041359], [1.340591309512263, 23.980627116222458]]": {"ego_positions": [[466.3687, 957.8863], [466.7479923510168, 959.3378085189419], [467.12745804492033, 960.7900531277738], [467.5066346319152, 962.2413109464303], [467.87709361334805, 963.6991561401777], [468.2127017239909, 965.1745817630958], [468.4623420015953, 966.6778479217229], [468.6016548224924, 968.2010519603195], [468.617286408305, 969.731910548213], [468.4992940786912, 971.2559504035323], [468.2414790213087, 972.7552700425192], [467.85370359969, 974.2076300762055], [467.3503904223039, 975.5977301389717], [466.7461637140856, 976.9158327936458], [466.04891792895387, 978.1691628189026], [465.2667035599534, 979.3646274949518], [464.40752361055934, 980.5097693374173], [463.48276672018443, 981.6097957283148], [462.51286139123374, 982.6696931913541], [461.55259147437187, 983.6802824630674], [460.62265103637833, 984.6589529529647], [459.7230400772531, 985.6057046610457], [458.85375859699616, 986.5205375873105], [458.0148065956075, 987.4034517317591], [457.2061840730872, 988.2544470943916], [456.42789102943516, 989.0735236752079], [455.6799274646514, 989.8606814742078], [454.96229337873604, 990.6159204913918], [454.2749887716889, 991.3392407267594], [453.61801364351015, 992.0306421803108], [452.99136799419966, 992.6901248520461], [452.39505182375746, 993.3176887419652], [451.82906513218353, 993.913333850068]], "ego_orientations": [1.3152, 1.3152072272417128, 1.3152236944130449, 1.3152463536462387, 1.3327204859406687, 1.3761961463821077, 1.4437372003585998, 1.5219862367927512, 1.6075360549621538, 1.6981150683573265, 1.7912397598260914, 1.8796145076446176, 1.9635355593206563, 2.043704634339466, 2.1200504294690754, 2.1862368906012937, 2.245296186514226, 2.296342913757168, 2.3306683513505417, 2.3306683513505417, 2.3306683513505417, 2.3306683513505417, 2.3306683513505417, 2.3306683513505417, 2.3306683513505417, 2.3306683513505417, 2.3306683513505417, 2.3306683513505417, 2.3306683513505417, 2.3306683513505417, 2.3306683513505417, 2.3306683513505417, 2.3306683513505417], "obs_positions": [[470.251, 976.6512], [469.8819, 977.4478], [469.5129, 978.2444], [469.109, 979.0227], [468.6609, 979.7777], [468.2128, 980.5327], [467.6963, 981.2417], [467.1661, 981.9415], [466.636, 982.6413], [466.1058, 983.341], [465.505, 983.9807], [464.8982, 984.6152], [464.2914, 985.2497], [463.6842, 985.8838], [463.0203, 986.4582], [462.3563, 987.0326], [461.6924, 987.607], [461.0246, 988.1767], [460.3284, 988.7116], [459.6093, 989.253], [458.8636, 989.7895], [458.1068, 990.3262], [457.3129, 990.8565], [456.5018, 991.3678], [455.6682, 991.8846], [454.8106, 992.4076], [453.9293, 992.9314], [453.0183, 993.4485], [452.0829, 993.9537], [451.1274, 994.4422], [450.1481, 994.9346], [449.1448, 995.4343], [448.1095, 995.9326]], "obs_orientations": [2.0046, 2.0046, 2.0494, 2.1064, 2.1064, 2.2003, 2.2191, 2.2191, 2.2191, 2.3248, 2.3339, 2.3339, 2.3345, 2.4283, 2.4283, 2.4283, 2.4353, 2.4865, 2.4913, 2.507, 2.5213, 2.5386, 2.5659, 2.5829, 2.5902, 2.5996, 2.6153, 2.6358, 2.6576, 2.6723, 2.6776, 2.6862, 2.7037], "objectives": {"extension_time": 1.7, "danger_difference": 1.7764439287052625, "parameter_difference": 1.8010846520954114}, "attributes": {"generation_number": 9, "individual_number": 460, "crash": true, "goal_reached": false, "scenario_length": 33}},