{"[[45.442259761907366], [6.253145118625719, 33.41642150644536, 533.5366909446841], [1.6169206402759653, 58.440304670196475], [2.239890853292528, 36.472100709112546]]": {"ego_positions": [[468.6132, 968.1229]], "ego_orientations": [1.544], "obs_positions": [[467.1661, 981.9415]], "obs_orientations": [2.2191], "objectives": {"extension_time": 1.0, "danger_difference": 97.35638630596003, "parameter_difference": 213.43261713594708}, "attributes": {"generation_number": 0, "individual_number": 16, "crash": true, "goal_reached": false, "scenario_length": 1}}, "[[45.039888097852625], [6.253145118625719, 33.41642150644536, 2.5], [1.6169206402759653, 55.318052218263645], [2.239890853292528, 37.39813540289569]]": {"ego_positions": [[468.6132, 968.1229]], "ego_orientations": [1.544], "obs_positions": [[467.1661, 981.9415]], "obs_orientations": [2.2191], "objectives": {"extension_time": 1.0, "danger_difference": 97.35638630596003, "parameter_difference": 2.944374785525021}, "attributes": {"generation_number": 1, "individual_number": 58, "crash": true, "goal_reached": false, "scenario_length": 1}}, "[[47.24792505404593], [2.5, 200.0, 864.1074254973408], [0.6676570629606493, 145.13806195644153], [0.19457844705890426, 23.08141534253585]]": {"ego_positions": [[468.6132, 968.1229]], "ego_orientations": [1.544], "obs_positions": [[467.1661, 981.9415]], "obs_orientations": [2.2191], "objectives": {"extension_time": 1.0, "danger_difference": 97.35638630596003, "parameter_difference": 345.64758522377014}, "attributes": {"generation_number": 1, "individual_number": 73, "crash": true, "goal_reached": false, "scenario_length": 1}}}