{"[[2.2421010143841746], [0.6806917705322445, 191.82420517868644, 0.7154806126695145], [0.4646896605889693, 32.44766271703015], [0.4089600138071525, 8.179741092044173]]": {"ego_positions": [[467.1269, 960.7889], [467.5051989377566, 962.2417787024642], [467.8766468247532, 963.7021090313812], [468.20485512713674, 965.1814739062127], [468.4527876321736, 966.6865136760135], [468.58775018720274, 968.2069681403104], [468.59800646560467, 969.7346401830816], [468.4755340530793, 971.2576157749339], [468.21779837879393, 972.761050720651], [467.82742490698655, 974.2287004276956], [467.3134582741672, 975.6466714988829], [466.6935164078056, 977.0004884590335], [465.9781864511962, 978.2792445976631], [465.1852264636217, 979.4694084767017], [464.35796953917867, 980.595746879096], [463.4707354350453, 981.6630889346553], [462.5333635582163, 982.6495445278356], [461.57666078376997, 983.5916765397654], [460.6365432410546, 984.5005662292075], [459.70772588631354, 985.398531088645], [458.7902087195468, 986.2855711180775], [457.8839917407544, 987.1616863175055], [456.9890749499363, 988.0268766869287], [456.10545834709256, 988.8811422263473], [455.2331419322232, 989.724482935761], [454.3721257053281, 990.55689881517], [453.5224096664073, 991.3783898645744], [452.6839938154609, 992.188956083974], [451.8568781524888, 992.9885974733688], [451.041062677491, 993.7773140327589], [450.23654739046754, 994.5551057621443], [449.4433322914184, 995.321972661525]], "ego_orientations": [1.3152, 1.318132259708663, 1.3344996553846844, 1.3741347211031736, 1.4470389233915522, 1.52615704734291, 1.6104544781926884, 1.6990267602217826, 1.7898571219924235, 1.878700687660602, 1.9639249588429863, 2.0430612359122535, 2.1262463501129574, 2.1859991309963136, 2.2301442262017206, 2.3054391308082907, 2.35063213822054, 2.373081868520093, 2.373081868520093, 2.373081868520093, 2.373081868520093, 2.373081868520093, 2.373081868520093, 2.373081868520093, 2.373081868520093, 2.373081868520093, 2.373081868520093, 2.373081868520093, 2.373081868520093, 2.373081868520093, 2.373081868520093, 2.373081868520093], "obs_positions": [[469.5129, 978.2444], [469.109, 979.0227], [468.6609, 979.7777], [468.2128, 980.5327], [467.6963, 981.2417], [467.1661, 981.9415], [466.636, 982.6413], [466.1058, 983.341], [465.505, 983.9807], [464.8982, 984.6152], [464.2914, 985.2497], [463.6842, 985.8838], [463.0203, 986.4582], [462.3563, 987.0326], [461.6924, 987.607], [461.0246, 988.1767], [460.3284, 988.7116], [459.6093, 989.253], [458.8636, 989.7895], [458.1068, 990.3262], [457.3129, 990.8565], [456.5018, 991.3678], [455.6682, 991.8846], [454.8106, 992.4076], [453.9293, 992.9314], [453.0183, 993.4485], [452.0829, 993.9537], [451.1274, 994.4422], [450.1481, 994.9346], [449.1448, 995.4343], [448.1095, 995.9326], [447.0441, 996.4175]], "obs_orientations": [2.0494, 2.1064, 2.1064, 2.2003, 2.2191, 2.2191, 2.2191, 2.3248, 2.3339, 2.3339, 2.3345, 2.4283, 2.4283, 2.4283, 2.4353, 2.4865, 2.4913, 2.507, 2.5213, 2.5386, 2.5659, 2.5829, 2.5902, 2.5996, 2.6153, 2.6358, 2.6576, 2.6723, 2.6776, 2.6862, 2.7037, 2.7203], "objectives": {"extension_time": 1.5, "danger_difference": 1.1278060143488347, "parameter_difference": 1.0530936996851394}, "attributes": {"generation_number": 11, "individual_number": 580, "crash": true, "goal_reached": false, "scenario_length": 32}}}