{"[[10.744664813813635], [0.48767795224874977, 159.48185854772473, 2.5], [6.65004304385789, 119.3622001381917], [0.9243838036610096, 15.980680992207379]]": {"ego_positions": [[458.4074, 927.409], [458.7861538053611, 928.8605354385082], [459.16242583040383, 930.3135120419616], [459.5348463789139, 931.7689324290332], [459.90298740666935, 933.2274046561066], [460.2670679409674, 934.6892425164834], [460.6277197610616, 936.1545426945275], [460.9858086124137, 937.6232493859457], [461.3422988490008, 939.0952046252808], [461.6981537431727, 940.5701880320294], [462.05426693143744, 942.0479462494475], [462.4114190268595, 943.5282145431718], [462.77025381854287, 945.0107319312717], [463.1312694325416, 946.4952511765932], [463.4947352805758, 947.9812185921247], [463.8602613615896, 949.4660771575773], [464.22529784339093, 950.941734492392], [464.5838722176465, 952.3918626741512], [464.9329514262033, 953.8033919470645], [465.2728776355025, 955.1697712858197], [465.6060565781759, 956.4913110317449], [465.93564507534614, 957.7755257449152], [466.2642794571367, 959.0374663553063], [466.59341619663263, 960.2951105842972], [466.92255293612857, 961.552754813288], [467.2516896756245, 962.8103990422788], [467.58082641512044, 964.0680432712696], [467.9099631546163, 965.3256875002605], [468.23909989411226, 966.5833317292513], [468.5682366336082, 967.8409759582422], [468.89737337310413, 969.0986201872331], [469.22651011260007, 970.3562644162239], [469.555646852096, 971.6139086452148], [469.88478359159194, 972.8715528742056], [470.2139203310879, 974.1291971031965], [470.54305707058376, 975.3868413321873]], "ego_orientations": [1.3152, 1.3162327137249188, 1.318730614987819, 1.3218992812462693, 1.3251713904392133, 1.3281698190518112, 1.3306618052241364, 1.3325271657234317, 1.3337286389047713, 1.3342883288387093, 1.3342672509392681, 1.3337495758393638, 1.332830530267566, 1.3316074271809675, 1.330183063226438, 1.3286610775761953, 1.3282218161005792, 1.3285208490860991, 1.3279466733068057, 1.3256666733729425, 1.3217641535410931, 1.3174691049709604, 1.3148282038633892, 1.3148282038633892, 1.3148282038633892, 1.3148282038633892, 1.3148282038633892, 1.3148282038633892, 1.3148282038633892, 1.3148282038633892, 1.3148282038633892, 1.3148282038633892, 1.3148282038633892, 1.3148282038633892, 1.3148282038633892, 1.3148282038633892], "obs_positions": [[469.7147, 958.6185], [469.9366, 959.468], [470.1585, 960.3174], [470.3803, 961.1669], [470.6022, 962.0163], [470.8241, 962.8658], [471.0216, 963.721], [471.2083, 964.5789], [471.3884, 965.4379], [471.4936, 966.3095], [471.5987, 967.1812], [471.6609, 968.0557], [471.6753, 968.9336], [471.6897, 969.8114], [471.6195, 970.6859], [471.5364, 971.5599], [471.4273, 972.4299], [471.2442, 973.2886], [471.0612, 974.1472], [470.8148, 974.9886], [470.5351, 975.8207], [470.251, 976.6512], [469.8819, 977.4478], [469.5129, 978.2444], [469.109, 979.0227], [468.6609, 979.7777], [468.2128, 980.5327], [467.6963, 981.2417], [467.1661, 981.9415], [466.636, 982.6413], [466.1058, 983.341], [465.505, 983.9807], [464.8982, 984.6152], [464.2914, 985.2497], [463.6842, 985.8838], [463.0203, 986.4582]], "obs_orientations": [1.3153, 1.3153, 1.3153, 1.3153, 1.3153, 1.3438, 1.3565, 1.3641, 1.4507, 1.4507, 1.4998, 1.5544, 1.5544, 1.6508, 1.6655, 1.6955, 1.7808, 1.7808, 1.8556, 1.8951, 1.9003, 2.0046, 2.0046, 2.0494, 2.1064, 2.1064, 2.2003, 2.2191, 2.2191, 2.2191, 2.3248, 2.3339, 2.3339, 2.3345, 2.4283, 2.4283], "objectives": {"extension_time": 3.8, "danger_difference": -101.74720326239601, "parameter_difference": 1.3709929602533308}, "attributes": {"generation_number": 7, "individual_number": 350, "crash": false, "goal_reached": false, "scenario_length": 36}}}