{"[[13.455354358934873], [4.381710403907901, 200.0, 620.6521496052846], [0.6079658048049663, 118.31501036273895], [1.9197667125376625, 8.0801805512898]]": {"ego_positions": [[460.3029, 934.6655], [460.6816558108786, 936.1170328899178], [461.0579366453256, 937.5700040951758], [461.4298426130819, 939.0256496899078], [461.79499014259915, 940.4855056401558], [462.15297112812107, 941.950383575903], [462.5050547044512, 943.4203844469347], [462.853333242416, 944.895178991813], [463.199366883798, 946.374552423673], [463.5431467608053, 947.8585427040049], [463.8868226899089, 949.3446892844113], [464.23244260556856, 950.8307686324328], [464.5815841993484, 952.3160071416139], [464.93495329535006, 953.7985543214685], [465.2908441598318, 955.2750347821997], [465.6413924535374, 956.7410438310709], [465.9809605489739, 958.1921525096432], [466.30766325844996, 959.6243499227295], [466.62252365718507, 961.034263735075], [466.9286281420016, 962.4193809833419], [467.2203713869425, 963.7765433552314], [467.47718142255616, 965.1029177453619], [467.62341403850087, 966.4042707495558], [467.67746168416676, 967.7069456220925], [467.6821898597093, 969.0049072113264], [467.68326730359894, 970.3062670939759], [467.6859272098898, 971.6062643727726], [467.68858711618066, 972.9062616515624], [467.6912470224715, 974.2062589303454], [467.6939069287623, 975.5062562091214], [467.6965668350531, 976.8062534878906], [467.6992267413439, 978.1062507666528], [467.7018866476347, 979.4062480454081], [467.70454655392547, 980.7062453241566]], "ego_orientations": [1.3152, 1.3162284870736367, 1.3187215139387525, 1.3229744490160416, 1.3284690576870057, 1.333617559360006, 1.3375616336435219, 1.3399526995690656, 1.342254360435589, 1.343668130454359, 1.343138738168776, 1.3412472183124693, 1.3384707835291538, 1.335038883403803, 1.3344597760928267, 1.3382129366423257, 1.3437697145846366, 1.3491060071505179, 1.3526696125956756, 1.3533906532140525, 1.3672274135518472, 1.4165133409088733, 1.5107507541768221, 1.5525451229002314, 1.5722419795217297, 1.5687502436050436, 1.5687502436050436, 1.5687502436050436, 1.5687502436050436, 1.5687502436050436, 1.5687502436050436, 1.5687502436050436, 1.5687502436050436, 1.5687502436050436], "obs_positions": [[470.8241, 962.8658], [471.0216, 963.721], [471.2083, 964.5789], [471.3884, 965.4379], [471.4936, 966.3095], [471.5987, 967.1812], [471.6609, 968.0557], [471.6753, 968.9336], [471.6897, 969.8114], [471.6195, 970.6859], [471.5364, 971.5599], [471.4273, 972.4299], [471.2442, 973.2886], [471.0612, 974.1472], [470.8148, 974.9886], [470.5351, 975.8207], [470.251, 976.6512], [469.8819, 977.4478], [469.5129, 978.2444], [469.109, 979.0227], [468.6609, 979.7777], [468.2128, 980.5327], [467.6963, 981.2417], [467.1661, 981.9415], [466.636, 982.6413], [466.1058, 983.341], [465.505, 983.9807], [464.8982, 984.6152], [464.2914, 985.2497], [463.6842, 985.8838], [463.0203, 986.4582], [462.3563, 987.0326], [461.6924, 987.607], [461.0246, 988.1767]], "obs_orientations": [1.3438, 1.3565, 1.3641, 1.4507, 1.4507, 1.4998, 1.5544, 1.5544, 1.6508, 1.6655, 1.6955, 1.7808, 1.7808, 1.8556, 1.8951, 1.9003, 2.0046, 2.0046, 2.0494, 2.1064, 2.1064, 2.2003, 2.2191, 2.2191, 2.2191, 2.3248, 2.3339, 2.3339, 2.3345, 2.4283, 2.4283, 2.4283, 2.4353, 2.4865], "objectives": {"extension_time": 3.3, "danger_difference": -101.6684978311863, "parameter_difference": 248.26937474043268}, "attributes": {"generation_number": 2, "individual_number": 127, "crash": false, "goal_reached": false, "scenario_length": 34}}, "[[9.081797824356522], [2.5, 185.43539832579958, 2.4467845978424707], [146.6099603410078, 126.56729705194691], [0.2991133577133744, 21.87588006356649]]": {"ego_positions": [[460.3029, 934.6655], [460.6435294745183, 936.1296791595672], [460.88927225248153, 937.6313499780358], [461.1477869389284, 939.1440123444366], [461.47220890306477, 940.6502134522646], [461.84594188268704, 942.1500911269229], [462.23911503322796, 943.6482504352439], [462.63474007234504, 945.1471592738669], [463.02820352484565, 946.6470030274315], [463.41984107692093, 948.1469386200646], [463.80997775718674, 949.6452001066672], [464.19867434009353, 951.139932041242], [464.5858697043675, 952.6290697297283], [464.97146323336847, 954.1113914387223], [465.32846742173086, 955.5872114352939], [465.5775299299622, 957.0556333883567], [465.73226838502876, 958.5009321166873], [465.87791168912867, 959.9102748759906], [466.1006191455338, 961.2745221221319], [466.42000864680676, 962.6013102553418], [466.7497582117786, 963.8564154261935], [467.0653676399205, 965.0576998775144], [467.36683693123246, 966.2051636093043], [467.65416608571456, 967.2988066215634], [467.92735510336666, 968.3386289142916], [468.1864039841889, 969.3246304874888], [468.4313127281812, 970.2568113411552], [468.6620813353436, 971.1351714752906], [468.87870980567607, 971.9597108898952], [469.0811981391786, 972.7304295849688], [469.2695463358512, 973.4473275605116], [469.4437543956939, 974.1104048165234], [469.60382231870665, 974.7196613530043], [469.74975010488953, 975.2750971699544], [469.88153775424246, 975.7767122673736], [469.9991852667655, 976.2245066452618], [464.48020905851, 983.969172496144], [463.49432017355633, 984.8203853537661], [462.4340412299325, 985.5809215035678], [461.2766302700436, 986.305103553511], [460.04652247384735, 987.0116818158692], [458.7610123013464, 987.7063444187352], [457.43304336417594, 988.426436796381], [456.09659558548276, 989.1840443514715], [454.75166154135474, 989.9780115587563], [453.4206127040626, 990.7891221183637], [452.11107922288477, 991.5521299381633], [450.7513050484327, 992.3103220384068], [449.44921351875644, 993.016289529053], [448.13653756218235, 993.681632744097], [446.8080062354358, 994.3472459293478], [445.4929355468632, 995.0026239316213], [444.2132837784687, 995.6177423999254], [442.9086840544023, 996.1960386019178], [441.56771283834536, 996.7628956798816], [440.21635128003527, 997.2943975725128], [438.897638923427, 997.7896763244704], [437.59293687029805, 998.2597905270213], [436.28258783025586, 998.7228940576293], [434.9515709770595, 999.1888236295039], [433.61350772546496, 999.6643436537764], [432.26692930587683, 1000.1495189055044], [430.93042888945786, 1000.6206242134624], [429.5567277294655, 1001.0798283513492], [428.1421834142651, 1001.5335290280794], [426.6855409975411, 1001.9940403019865], [425.20082687795195, 1002.4595160262586], [423.70529590415043, 1002.9153363459664], [422.1862063715883, 1003.3621491852833], [420.66406007601137, 1003.8598491439408], [419.1523763333264, 1004.4269733441187], [417.6612291333645, 1005.037038019213], [416.1827378969187, 1005.6544010036124], [414.70967410182425, 1006.2464476001467], [413.22822144277325, 1006.7849152594362], [411.73689592884557, 1007.2815425802255], [410.2353782627752, 1007.7054023661688], [408.7243017950276, 1008.0657852684486], [407.2085389600277, 1008.3941269890389], [405.6918484283891, 1008.7137051127536], [404.1720821513694, 1009.0167909729321], [402.64814528226367, 1009.2981287537621], [401.123120255126, 1009.5740115567872], [399.5978506438589, 1009.8490549361358]],