{"[[5], [5, 50, 100], [0.25, 20], [0.25, 5]]": {"ego_positions": [[-5.6276, 27.7298], [-5.493902246800683, 26.436551835163847], [-5.339195773129923, 25.144641526940205], [-5.151473821656885, 23.854645456250193], [-4.926371150287457, 22.566519506968238], [-4.664835897930947, 21.279809016270434], [-4.371313735873101, 19.993806544449917], [-4.052257619035076, 18.70771113207467], [-3.715015047681295, 17.420693426159367], [-3.3670869366269516, 16.131944531196524], [-3.015526655381461, 14.840800002213536], [-2.666560632128328, 13.546694976599284], [-2.3254157204077033, 12.249191941052747], [-1.9962253630398639, 10.948008070136789], [-1.6820195630754609, 9.642962854303104], [-1.3848379860560405, 8.333918317059132], [-1.1058093698142302, 7.021010138640537], [-0.8452264439192692, 5.704353533443656], [-0.6047737564296032, 4.383872075923366], [-0.39410046040055313, 3.0587841916619967], [-0.22644854198711473, 1.727910468950189], [-0.10850260694837122, 0.3907273739216295], [-0.04030841882944136, -0.9526111129131859], [-0.01744264877962154, -2.301552375222815]], "ego_orientations": [4.8123, -1.4618294589177578, -1.4399167040636103, -1.4121781638565425, -1.3836105710423432, -1.3575782733948136, -1.3360982506440937, -1.3201173775250545, -1.309894297881863, -1.3052059278331827, -1.305472538167769, -1.309974328190525, -1.317912598968288, -1.3284627081281863, -1.3408517559399193, -1.3543920491099133, -1.3684060250632788, -1.3823695438053054, -1.4002483390022915, -1.4279633522444826, -1.4638002834055444, -1.5017873312410384, -1.5377384648722074, -1.5690013977584707], "obs_positions": [[6.4502, -28.7538], [5.8977, -26.8313], [5.3453, -24.8889], [4.803, -22.9626], [4.2644, -21.0307], [3.7306, -19.0984], [3.2024, -17.1693], [2.6769, -15.2337], [2.1537, -13.2905], [1.6341, -11.3456], [1.1174, -9.397], [0.6063, -7.4553], [0.0984, -5.5122], [-0.4068, -3.5663], [-0.9084, -1.6223], [-1.4057, 0.3166], [-1.9028, 2.2667], [-2.3989, 4.2236], [-2.8908, 6.1747], [-3.3792, 8.1219], [-3.865, 10.0684], [-4.349, 12.0172]], "obs_orientations": [1.8506, 1.8478, 1.8452, 1.8427, 1.8403, 1.838, 1.8358, 1.8338, 1.8318, 1.8299, 1.8281, 1.8264, 1.8248, 1.8233, 1.8218, 1.8204, 1.819, 1.8177, 1.8165, 1.8153, 1.8142, 1.8131], "attributes": {"crash": false, "goal_reached": true, "max_danger": 15.566005585672137, "scenario_length": 24, "lower_bound": -1.0, "upper_bound": -1.0}}}