{"[[5.307051961660836], [15.01631376534991, 323.916126485844, 734.4904023227817], [2.1146750692037855, 43.44894382989406], [0.5508234726959099, 34.930499798908485]]": {"ego_positions": [[-5.3679, 25.1427], [-5.23411333059672, 23.849799555610943], [-5.079498474153074, 22.5598056064897], [-4.89202518033271, 21.273280041606398], [-4.667310051908002, 19.989816675374215], [-4.406289433214019, 18.70865662315298], [-4.113347649229842, 17.42884418586785], [-3.7949611349735735, 16.149665135296768], [-3.4570426884480057, 14.871415759304115], [-3.1013578792731376, 13.59330540006488], [-2.7335445802627376, 12.313965723780166], [-2.3573686258920814, 11.032316137169543], [-1.9683571661041614, 9.74788047188802], [-1.5819753967791366, 8.459431884715446], [-1.220191012043303, 7.166415448215096], [-0.8998973423930545, 5.867789440959106], [-0.6371110106729496, 4.563412264478664], [-0.4398795854807176, 3.2540678254054165], [-0.3084422812069736, 1.9406252783185745], [-0.23763434794485017, 0.6229673327423276], [-0.21899335460995895, -0.6989101973173837], [-0.24232180806340864, -2.024695276854659], [-0.2968720025778677, -3.3539553003743134]], "ego_orientations": [4.8124, -1.4617382065089544, -1.4397757259468573, -1.4119179048025163, -1.3832216868083513, -1.3570381760783459, -1.3354083942272048, -1.319235910872215, -1.3054335218708424, -1.294118757883843, -1.2887030732509492, -1.280278985578918, -1.275435063923224, -1.2863719209756619, -1.3114041531123135, -1.3488829802148654, -1.396154397953267, -1.4465019268688755, -1.4949818304930131, -1.538131158862071, -1.5739072216861496, -1.6014595178232955, -1.6208191642631036], "obs_positions": [[5.3453, -24.8889], [4.803, -22.9626], [4.2644, -21.0307], [3.7306, -19.0984], [3.2024, -17.1693], [2.6769, -15.2337], [2.1537, -13.2905], [1.6341, -11.3456], [1.1174, -9.397], [0.6063, -7.4553], [0.0984, -5.5122], [-0.4068, -3.5663], [-0.9084, -1.6223], [-1.4057, 0.3166], [-1.9028, 2.2667], [-2.3989, 4.2236], [-2.8908, 6.1747], [-3.3792, 8.1219], [-3.865, 10.0684], [-4.349, 12.0172]], "obs_orientations": [1.8452, 1.8427, 1.8403, 1.838, 1.8358, 1.8338, 1.8318, 1.8299, 1.8281, 1.8264, 1.8248, 1.8233, 1.8218, 1.8204, 1.819, 1.8177, 1.8165, 1.8153, 1.8142, 1.8131], "objectives": {"extension_time": -0.2, "danger_difference": -0.5810575662371562, "parameter_difference": 253.83218848448394}, "attributes": {"generation_number": 0, "individual_number": 3, "crash": false, "goal_reached": true, "scenario_length": 23}}, "[[43.09026637660351], [2.5, 135.4376156789163, 2.5], [0.47805307436529454, 179.2435436790137], [2.2360547545754987, 2.353397868437419]]": {"ego_positions": [[-5.3679, 25.1427], [-5.234079671643527, 23.849464091685597], [-5.0792735232207615, 22.55756367546498], [-4.891453063626707, 21.2675783932954], [-4.666270808356265, 19.979458624263874], [-4.4046935891265235, 18.69275167381351], [-4.1111318030898625, 17.406762140897193], [-3.7900406862095704, 16.12080504624763], [-3.4414786447005836, 14.834544300741282], [-3.0716448434552692, 13.547169297131893], [-2.6923510640479646, 12.257544799412031], [-2.3089873575209214, 10.965062886270553], [-1.9187064299801222, 9.669719967672977], [-1.5376963485750803, 8.370012694531956], [-1.183709845227658, 7.064597991326801], [-0.8696702494039057, 5.752518354851736], [-0.6041634575076618, 4.433161060168668], [-0.3970103727532326, 3.105867157407405], [-0.2518648551531468, 1.7705386259326037], [-0.166137709979016, 0.4276843573346], [-0.13316342480910626, -0.9217849800668827], [-0.14389193273041068, -2.2767773964169273], [-0.1882324107416964, -3.6361585140609636]], "ego_orientations": [4.8124, -1.4617451899005864, -1.4398414644296347, -1.4121042683221319, -1.3835672143438122, -1.3575496287381101, -1.3360667822864327, -1.3158455196719485, -1.2972928556059662, -1.2865167342257529, -1.2841096745466754, -1.2793423758795077, -1.2795319231013318, -1.2939109071836308, -1.3197345478759663, -1.3528315763372465, -1.3931408445039004, -1.439244400523716, -1.4854301349359744, -1.527748399302685, -1.5637762218564184, -1.5923394296108464, -1.6131804604366433], "obs_positions": [[5.3453, -24.8889], [4.803, -22.9626], [4.2644, -21.0307], [3.7306, -19.0984], [3.2024, -17.1693], [2.6769, -15.2337], [2.1537, -13.2905], [1.6341, -11.3456], [1.1174, -9.397], [0.6063, -7.4553], [0.0984, -5.5122], [-0.4068, -3.5663], [-0.9084, -1.6223], [-1.4057, 0.3166], [-1.9028, 2.2667], [-2.3989, 4.2236], [-2.8908, 6.1747], [-3.3792, 8.1219], [-3.865, 10.0684], [-4.349, 12.0172]], "obs_orientations": [1.8452, 1.8427, 1.8403, 1.838, 1.8358, 1.8338, 1.8318, 1.8299, 1.8281, 1.8264, 1.8248, 1.8233, 1.8218, 1.8204, 1.819, 1.8177, 1.8165, 1.8153, 1.8142, 1.8131], "objectives": {"extension_time": -0.2, "danger_difference": -0.08731264591030019, "parameter_difference": 39.023949705978424}, "attributes": {"generation_number": 2, "individual_number": 132, "crash": false, "goal_reached": true, "scenario_length": 23}}, "[[4.2985029943467925], [2.5, 357.80248631332387, 1.0871350305182546], [0.22068581383100627, 180.27923616474658], [7.587273298725034, 2.831671497004727]]": {"ego_positions": [[-5.3679, 25.1427], [-5.255019534225063, 23.843983110876177], [-5.209420880087557, 22.52125239490634], [-5.218417902306415, 21.171133150912286], [-5.258408279792572, 19.797808110694316], [-5.3111214361108425, 18.406884271846554], [-5.362717896327407, 17.004166270741848], [-5.40188322278719, 15.596693545729234], [-5.418725939212542, 14.18802725863037], [-5.406767184998098, 12.780280336646939], [-5.358729052094447, 11.375387951093893], [-5.271195713912883, 9.974652952901192], [-5.144834677652197, 8.578848948117729], [-4.983083166269064, 7.188234615331153], [-4.790997485210158, 5.802728728422765], [-4.574514967672948, 4.422134042725085], [-4.339830125156007, 3.046058781183346], [-4.092918610497714, 1.6740497029914796], [-3.839247848616464, 0.3056341670784739], [-3.5835894855896546, -1.0596540229579616], [-3.3299142878233168, -2.422245021930724], [-3.0814077392178265, -3.782509233442677]], "ego_orientations": [4.8124, -1.5081085413025503, -1.5603934089832627, -1.5913144298028223, -1.6062042410809552, -1.609521825726925, -1.60437343235016, -1.5915835496339499, -1.5733635052359034, -1.5501710038454268, -1.5226499884284523, -1.494191645093629, -1.4672407872621607, -1.4433571630277129, -1.4234160952769264, -1.4078388793719379, -1.3966225153172553, -1.3895074129452727, -1.3860674927109544, -1.3857766428329956, -1.3880727764765215, -1.392421828204447], "obs_positions": [[5.3453, -24.8889], [4.803, -22.9626], [4.2644, -21.0307], [3.7306, -19.0984], [3.2024, -17.1693], [2.6769, -15.2337], [2.1537, -13.2905], [1.6341, -11.3456], [1.1174, -9.397], [0.6063, -7.4553], [0.0984, -5.5122], [-0.4068, -3.5663], [-0.9084, -1.6223], [-1.4057, 0.3166], [-1.9028, 2.2667], [-2.3989, 4.2236], [-2.8908, 6.1747], [-3.3792, 8.1219], [-3.865, 10.0684], [-4.349, 12.0172]], "obs_orientations": [1.8452, 1.8427, 1.8403, 1.838, 1.8358, 1.8338, 1.8318, 1.8299, 1.8281, 1.8264, 1.8248, 1.8233, 1.8218, 1.8204, 1.819, 1.8177, 1.8165, 1.8153, 1.8142, 1.8131], "objectives": {"extension_time": -0.2, "danger_difference": -0.030969174513524322, "parameter_difference": 39.60928812495005}, "attributes": {"generation_number": 3, "individual_number": 173, "crash": false, "goal_reached": true, "scenario_length": 22}}}