{"[[12.707203747415274], [14.151778711513968, 20.420073401297312, 821.4748456360933], [2.2563616525945998, 13.85509873842814], [1.0968010512603634, 11.352562716458781]]": {"ego_positions": [[-6.5361, 36.7843], [-6.406296996311717, 35.49066095730813], [-6.276434598320524, 34.196257633115124], [-6.146436784944028, 32.90047013156989], [-6.016251785098126, 31.6028200872747], [-5.885851962249004, 30.30295048651861], [-5.7551980321794876, 29.000610786626346], [-5.624270343620123, 27.695637139662416], [-5.489098090077293, 26.388675251686028], [-5.332900717585781, 25.08262626520318], [-5.1437176115188095, 23.778691931286076], [-4.917190985988218, 22.47700936970577], [-4.654304615904418, 21.17725867008209], [-4.359506613474197, 19.878844152905355], [-4.039256098486132, 18.58102650050863], [-3.700920949326947, 17.283030417017816], [-3.351981515563456, 15.98410170597675], [-2.9994744239807796, 14.683563257455726], [-2.6496450888727754, 13.38081545067474], [-2.3077290949800706, 12.075453749737603], [-1.9778307326598508, 10.767155598985653], [-1.6630039201446092, 9.455631538357634], [-1.3634502730508822, 8.140981331842285], [-1.0761499369315035, 6.823411017065425], [-0.8074348409401502, 5.5023932122689], [-0.5632218689455541, 4.177516521387884], [-0.35050483185790826, 2.8482264664641055], [-0.17276971680773467, 1.5142162844914064], [-0.029725809104701906, 0.17583434367040818], [0.08155844112769683, -1.1665342454250898], [0.16554099747022688, -2.5124407439418257]], "ego_orientations": [4.8124, -1.4707991906211504, -1.4708076923236302, -1.4708058453256099, -1.4708107392007133, -1.4708130096487562, -1.4708027705496498, -1.4708030618237098, -1.4618625239434557, -1.4402008396736168, -1.4127430131126646, -1.3844498317755969, -1.3586425647629872, -1.3372993338391623, -1.321394567103206, -1.3111747717444917, -1.3064125560234574, -1.3065745161217386, -1.3109678643980809, -1.3187697545641797, -1.3291841046411426, -1.3414731002304814, -1.3511220759633549, -1.3622733711125194, -1.3784943912515812, -1.3995979377080188, -1.4250608790683037, -1.451566174162469, -1.4766870990380703, -1.4989041222672155, -1.517378042229705], "obs_positions": [[7.8477, -42.6838], [7.6481, -40.6938], [7.4484, -38.7038], [7.2488, -36.7138], [7.049, -34.7238], [6.8494, -32.7338], [6.6498, -30.7438], [6.4502, -28.7538], [5.8977, -26.8313], [5.3453, -24.8889], [4.803, -22.9626], [4.2644, -21.0307], [3.7306, -19.0984], [3.2024, -17.1693], [2.6769, -15.2337], [2.1537, -13.2905], [1.6341, -11.3456], [1.1174, -9.397], [0.6063, -7.4553], [0.0984, -5.5122], [-0.4068, -3.5663], [-0.9084, -1.6223], [-1.4057, 0.3166], [-1.9028, 2.2667], [-2.3989, 4.2236], [-2.8908, 6.1747], [-3.3792, 8.1219], [-3.865, 10.0684], [-4.349, 12.0172]], "obs_orientations": [1.6707, 1.6707, 1.6707, 1.6708, 1.6707, 1.6707, 1.6707, 1.8506, 1.8478, 1.8452, 1.8427, 1.8403, 1.838, 1.8358, 1.8338, 1.8318, 1.8299, 1.8281, 1.8264, 1.8248, 1.8233, 1.8218, 1.8204, 1.819, 1.8177, 1.8165, 1.8153, 1.8142, 1.8131], "objectives": {"extension_time": 0.7, "danger_difference": 0.825731915547415, "parameter_difference": 288.61326284300503}, "attributes": {"generation_number": 0, "individual_number": 0, "crash": false, "goal_reached": true, "scenario_length": 31}}, "[[9.195139802264862], [37.43998957138607, 52.86496304873939, 916.1963398851955], [0.15942326802929369, 3.6736901330792326], [0.9397409388088079, 2.156966051548409]]": {"ego_positions": [[-6.5361, 36.7843], [-6.406296996311717, 35.49066095730813], [-6.276434598320524, 34.196257633115124], [-6.146436784944028, 32.90047013156989], [-6.016251785098126, 31.6028200872747], [-5.885851962249004, 30.30295048651861], [-5.7551980321794876, 29.000610786626346], [-5.624270343620123, 27.695637139662416], [-5.489098090077293, 26.388675251686028], [-5.332934374483244, 25.082961729357116], [-5.143976206130356, 23.78126932683914], [-4.917988033785227, 22.48495295000684], [-4.655915981316494, 21.19331835850612], [-4.362141648212436, 19.905107237472414], [-4.043067253396879, 18.6190134504706], [-3.7060128528955674, 17.33378139726935], [-3.358418271606028, 16.048253280586522], [-3.0072866516851313, 14.761418155244302], [-2.6588340665502876, 13.472401390965096], [-2.318276117926047, 12.180571866706549], [-1.9897009218778405, 10.885441864351483], [-1.6761429021658922, 9.586581746432618], [-1.3796377234338082, 8.283857148287458], [-1.1012667681441979, 6.977206247019173], [-0.8413353887924266, 5.666650015985896], [-0.5995074794455673, 4.352313940615981], [-0.3753705989625269, 3.034342042067436], [-0.16944040147929185, 1.7126709712559216], [0.01902184706299881, 0.3876470037011144], [0.19205643519685145, -0.9403812535244551], [0.3522441330984529, -2.27118589532899], [0.5022628659134778, -3.6043085510668096], [0.6446641515207898, -4.9393724030626736], [0.779669326988849, -6.275859017883712], [0.9026288839212362, -7.6129717177523855], [1.01778133448934, -8.950230504140041], [1.131421119498137, -10.287272235417747], [1.2427175453937727, -11.624563823235867], [1.3349985332268404, -12.964012499590885], [1.3992217163980178, -14.306649586876185]], "ego_orientations": [4.8124, -1.4707991906211504, -1.4708076923236302, -1.4708058453256099, -1.4708107392007133, -1.4708130096487562, -1.4708027705496498, -1.4708030618237098, -1.4618625239434557, -1.4401775218692539, -1.4125770442278727, -1.3839982610296184, -1.3578530214818914, -1.3361820422473265, -1.3200060212545575, -1.3095965889465422, -1.3047345792386897, -1.3048803469735928, -1.3093306163445142, -1.3172473490390386, -1.3278099437528468, -1.3402714161828317, -1.3538662952154867, -1.3679545262233468, -1.3820005538107125, -1.3955651624174576, -1.409271265301986, -1.4230668861688756, -1.4356765863846945, -1.4464530684755443, -1.4552061487213983, -1.4619395887671454, -1.4668474957740214, -1.474528912785611, -1.4828471699909604, -1.4860996343611097, -1.4854531779877025, -1.4929786898664172, -1.5120877128968182, -1.5337902716925207], "obs_positions": [[7.8477, -42.6838], [7.6481, -40.6938], [7.4484, -38.7038], [7.2488, -36.7138], [7.049, -34.7238], [6.8494, -32.7338], [6.6498, -30.7438], [6.4502, -28.7538], [5.8977, -26.8313], [5.3453, -24.8889], [4.803, -22.9626], [4.2644, -21.0307], [3.7306, -19.0984], [3.2024, -17.1693], [2.6769, -15.2337], [2.1537, -13.2905], [1.6341, -11.3456], [1.1174, -9.397], [0.6063, -7.4553], [0.0984, -5.5122], [-0.4068, -3.5663], [-0.9084, -1.6223], [-1.4057, 0.3166], [-1.9028, 2.2667], [-2.3989, 4.2236], [-2.8908, 6.1747], [-3.3792, 8.1219], [-3.865, 10.0684], [-4.349, 12.0172]], "obs_orientations": [1.6707, 1.6707, 1.6707, 1.6708, 1.6707, 1.6707, 1.6707, 1.8506, 1.8478, 1.8452, 1.8427, 1.8403, 1.838, 1.8358, 1.8338, 1.8318, 1.8299, 1.8281, 1.8264, 1.8248, 1.8233, 1.8218, 1.8204, 1.819, 1.8177, 1.8165, 1.8153, 1.8142, 1.8131], "objectives": {"extension_time": 0.7, "danger_difference": 0.14006457522379456, "parameter_difference": 326.7363197457181}, "attributes": {"generation_number": 0, "individual_number": 46, "crash": false, "goal_reached": true, "scenario_length": 40}},