{"[[12.375307997490669], [0.35819425660663096, 489.68825624852275, 269.9739704416615], [2.1614438674036087, 59.94048760426314], [0.24688872824229935, 26.30915105376494]]": {"ego_positions": [[-5.7574, 29.0233], [-5.627596810861075, 27.729661016716797], [-5.493737034795423, 26.43565879164691], [-5.338857004304625, 25.142367610518694], [-5.150935654018049, 23.8505108974441], [-4.925592818109327, 22.560169185501667], [-4.66381703497365, 21.270982760401683], [-4.370053590261344, 19.98234428177194], [-4.05074612172373, 18.693516744537543], [-3.713264848858099, 17.40373083528172], [-3.3650942937933275, 16.11226196772905], [-3.013267173796386, 14.81846111458432], [-2.6640397666947964, 13.521751133431804], [-2.3226568687001703, 12.221775625936681], [-1.9932289948387614, 10.918249623770894], [-1.6788119317380241, 9.610953776911927], [-1.3814446850703042, 8.299874707619752], [-1.1022299892055125, 6.985056872131764], [-0.8416197137338255, 5.666614115955187], [-0.6017059966949647, 4.344442034508778], [-0.39195721437621645, 3.017732255188541], [-0.22537916326378893, 1.6852786590256077], [-0.10849970027153333, 0.3466826414600771], [-0.041220604712621345, -0.9979354302807526], [-0.01906768496333955, -2.348050481608984]], "ego_orientations": [4.8124, -1.4708020990704886, -1.4617915849232253, -1.439944076612007, -1.4122570962934402, -1.3837611827400007, -1.3578157749157391, -1.3363873412223484, -1.3204528805364228, -1.3102574170451673, -1.3055506130769459, -1.305791879103892, -1.3102844170353967, -1.3181889599806729, -1.3287046066882828, -1.3410772077149762, -1.3545700670276988, -1.3685533256296747, -1.3827858816154777, -1.401031321757479, -1.4288911060703091, -1.464732383207819, -1.502600680301578, -1.5383758761142872, -1.5694461888490476], "obs_positions": [[6.6498, -30.7438], [6.4502, -28.7538], [5.8977, -26.8313], [5.3453, -24.8889], [4.803, -22.9626], [4.2644, -21.0307], [3.7306, -19.0984], [3.2024, -17.1693], [2.6769, -15.2337], [2.1537, -13.2905], [1.6341, -11.3456], [1.1174, -9.397], [0.6063, -7.4553], [0.0984, -5.5122], [-0.4068, -3.5663], [-0.9084, -1.6223], [-1.4057, 0.3166], [-1.9028, 2.2667], [-2.3989, 4.2236], [-2.8908, 6.1747], [-3.3792, 8.1219], [-3.865, 10.0684], [-4.349, 12.0172]], "obs_orientations": [1.6707, 1.8506, 1.8478, 1.8452, 1.8427, 1.8403, 1.838, 1.8358, 1.8338, 1.8318, 1.8299, 1.8281, 1.8264, 1.8248, 1.8233, 1.8218, 1.8204, 1.819, 1.8177, 1.8165, 1.8153, 1.8142, 1.8131], "objectives": {"extension_time": 0.1, "danger_difference": 0.17784879832622025, "parameter_difference": 68.05199803717295}, "attributes": {"generation_number": 0, "individual_number": 29, "crash": false, "goal_reached": true, "scenario_length": 25}}, "[[40.169610362348365], [2.5, 126.61657277115596, 2.5], [0.4422901636183707, 124.63769080350022], [2.237200071015619, 30.100134085805237]]": {"ego_positions": [[-5.7574, 29.0233], [-5.627596810861075, 27.729661016716797], [-5.493737034795423, 26.43565879164691], [-5.338857004304625, 25.142367610518694], [-5.150935654018049, 23.8505108974441], [-4.925592818109327, 22.560169185501667], [-4.66381703497365, 21.270982760401683], [-4.370053590261344, 19.98234428177194], [-4.05074612172373, 18.693516744537543], [-3.713264848858099, 17.40373083528172], [-3.3650942937933275, 16.11226196772905], [-3.013267173796386, 14.81846111458432], [-2.6640397666947964, 13.521751133431804], [-2.3222807939216805, 12.221790422610832], [-1.9908251835511497, 10.918322133107115], [-1.672762188216225, 9.611062715197118], [-1.3709755906440524, 8.299939183962122], [-1.0872872976167116, 6.9849623818669455], [-0.8245332029233969, 5.666386650555732], [-0.5912581305018114, 4.34476412563155], [-0.39476817852950097, 3.0195082646589206], [-0.24449615827527493, 1.6894229475653202], [-0.14441490269487467, 0.354064489901771], [-0.09269541228391409, -0.9865287096522779], [-0.08378494243250101, -2.331940431634586]], "ego_orientations": [4.8124, -1.4708020990704886, -1.4617915849232253, -1.439944076612007, -1.4122570962934402, -1.3837611827400007, -1.3578157749157391, -1.3363873412223484, -1.3204528805364228, -1.3102574170451673, -1.3055506130769459, -1.305791879103892, -1.3102844170353967, -1.3174069878525563, -1.326566376029393, -1.3380548652165638, -1.3512863341669528, -1.3654377523856347, -1.3841155352354573, -1.408726890676399, -1.4399911569637958, -1.4770672176725217, -1.5146302410141415, -1.549083260138401, -1.5782397080451798], "obs_positions": [[6.6498, -30.7438], [6.4502, -28.7538], [5.8977, -26.8313], [5.3453, -24.8889], [4.803, -22.9626], [4.2644, -21.0307], [3.7306, -19.0984], [3.2024, -17.1693], [2.6769, -15.2337], [2.1537, -13.2905], [1.6341, -11.3456], [1.1174, -9.397], [0.6063, -7.4553], [0.0984, -5.5122], [-0.4068, -3.5663], [-0.9084, -1.6223], [-1.4057, 0.3166], [-1.9028, 2.2667], [-2.3989, 4.2236], [-2.8908, 6.1747], [-3.3792, 8.1219], [-3.865, 10.0684], [-4.349, 12.0172]], "obs_orientations": [1.6707, 1.8506, 1.8478, 1.8452, 1.8427, 1.8403, 1.838, 1.8358, 1.8338, 1.8318, 1.8299, 1.8281, 1.8264, 1.8248, 1.8233, 1.8218, 1.8204, 1.819, 1.8177, 1.8165, 1.8153, 1.8142, 1.8131], "objectives": {"extension_time": 0.1, "danger_difference": 0.08390743459898786, "parameter_difference": 39.024849718842184}, "attributes": {"generation_number": 1, "individual_number": 60, "crash": false, "goal_reached": true, "scenario_length": 25}}, "[[40.169610362348365], [2.5, 126.61657277115596, 2.5], [0.4422901636183707, 148.22900013217958], [2.237200071015619, 30.100134085805237]]": {"ego_positions": [[-5.7574, 29.0233], [-5.627596810861075, 27.729661016716797], [-5.493737034795423, 26.43565879164691], [-5.338857004304625, 25.142367610518694], [-5.150935654018049, 23.8505108974441], [-4.925592818109327, 22.560169185501667], [-4.66381703497365, 21.270982760401683], [-4.370053590261344, 19.98234428177194], [-4.05074612172373, 18.693516744537543], [-3.713264848858099, 17.40373083528172], [-3.3650942937933275, 16.11226196772905], [-3.013267173796386, 14.81846111458432], [-2.6640397666947964, 13.521751133431804], [-2.3222807939216805, 12.221790422610832], [-1.9908251835511497, 10.918322133107115], [-1.672762188216225, 9.611062715197118], [-1.3709755906440524, 8.299939183962122], [-1.0872872976167116, 6.9849623818669455], [-0.8245332029233969, 5.666386650555732], [-0.5912581305018114, 4.34476412563155], [-0.39476817852950097, 3.0195082646589206], [-0.24449615827527493, 1.6894229475653202], [-0.14441490269487467, 0.354064489901771], [-0.09269541228391409, -0.9865287096522779], [-0.08378494243250101, -2.331940431634586]], "ego_orientations": [4.8124, -1.4708020990704886, -1.4617915849232253, -1.439944076612007, -1.4122570962934402, -1.3837611827400007, -1.3578157749157391, -1.3363873412223484, -1.3204528805364228, -1.3102574170451673, -1.3055506130769459, -1.305791879103892, -1.3102844170353967, -1.3174069878525563, -1.326566376029393, -1.3380548652165638, -1.3512863341669528, -1.3654377523856347, -1.3841155352354573, -1.408726890676399, -1.4399911569637958, -1.4770672176725217, -1.5146302410141415, -1.549083260138401, -1.5782397080451798], "obs_positions": [[6.6498, -30.7438], [6.4502, -28.7538], [5.8977, -26.8313], [5.3453, -24.8889], [4.803, -22.9626], [4.2644, -21.0307], [3.7306, -19.0984], [3.2024, -17.1693], [2.6769, -15.2337], [2.1537, -13.2905], [1.6341, -11.3456], [1.1174, -9.397], [0.6063, -7.4553], [0.0984, -5.5122], [-0.4068, -3.5663], [-0.9084, -1.6223], [-1.4057, 0.3166], [-1.9028, 2.2667], [-2.3989, 4.2236], [-2.8908, 6.1747], [-3.3792, 8.1219], [-3.865, 10.0684], [-4.349, 12.0172]], "obs_orientations": [1.6707, 1.8506, 1.8478, 1.8452, 1.8427, 1.8403, 1.838, 1.8358, 1.8338, 1.8318, 1.8299, 1.8281, 1.8264, 1.8248, 1.8233, 1.8218, 1.8204, 1.819, 1.8177, 1.8165, 1.8153, 1.8142, 1.8131], "objectives": {"extension_time": 0.1, "danger_difference": 0.08390743459898786, "parameter_difference": 39.025131263056245}, "attributes": {"generation_number": 2, "individual_number": 100, "crash": false, "goal_reached": true, "scenario_length": 25}},