{"[[4.3965792207734165], [2.5, 14.422883851598067, 2.5], [0.878888808683145, 1.9617107107815386], [2.1118896015826474, 37.42780640880339]]": {"ego_positions": [[-6.4062, 35.4908], [-6.276519358905638, 34.197148717158576], [-6.146755495840149, 32.902735504780736], [-6.016852995232344, 31.606938332419645], [-5.886761107411955, 30.309278904804017], [-5.756431507165848, 29.009402232358465], [-5.625832594899107, 27.70705695066953], [-5.490936492504188, 26.40248145670457], [-5.334834656159661, 25.097280816869162], [-5.145569272563835, 23.792624619755106], [-4.918829047702286, 22.488964630579016], [-4.655624578981455, 21.186257884785828], [-4.360431146321051, 19.88414158680388], [-4.039728657181421, 18.582089484468653], [-3.700886578196292, 17.279495991510238], [-3.3514165664047404, 15.975728430139915], [-2.998383923237264, 14.67024012432631], [-2.648034031810293, 13.362559266143816], [-2.3055969944814407, 12.0523252736958], [-1.9752057934914584, 10.739279336188522], [-1.6598258537868138, 9.423260594388598], [-1.359483394467262, 8.104309547228185], [-1.071395412070661, 6.782840669658667], [-0.8019480362452325, 5.458329836460532], [-0.5570909983302568, 4.13024679402217], [-0.3438606721813242, 2.7981018770979507], [-0.16571741784580052, 1.4616652239731698], [-0.022338953583514787, 0.12106687098465119], [0.0891629056451726, -1.2232508576785168], [0.17328720202191228, -2.570786943187684]], "ego_orientations": [4.8123, -1.4708847441313395, -1.47087985177666, -1.4708825653825368, -1.470873644881654, -1.4708597063756832, -1.470841385760144, -1.4618675094089228, -1.4401990410806604, -1.4127946456101679, -1.384601768928876, -1.358908389681746, -1.337682811424206, -1.3218620265645153, -1.3116996802723184, -1.3069828491386772, -1.3071603339444149, -1.311526645799522, -1.3192932833771112, -1.3296605406722124, -1.3417195160751971, -1.3511965141715887, -1.3622870006979735, -1.3784593858869254, -1.3995558242781962, -1.425014560357277, -1.4514923562582398, -1.4766314474811217, -1.4988720095717456, -1.517353754568866], "obs_positions": [[7.648, -40.6938], [7.4484, -38.7038], [7.2488, -36.7138], [7.049, -34.7238], [6.8494, -32.7338], [6.6498, -30.7438], [6.4502, -28.7538], [5.8977, -26.8313], [5.3453, -24.8889], [4.803, -22.9626], [4.2644, -21.0307], [3.7306, -19.0984], [3.2024, -17.1693], [2.6769, -15.2337], [2.1537, -13.2905], [1.6341, -11.3456], [1.1174, -9.397], [0.6063, -7.4553], [0.0984, -5.5122], [-0.4068, -3.5663], [-0.9084, -1.6223], [-1.4057, 0.3166], [-1.9028, 2.2667], [-2.3989, 4.2236], [-2.8908, 6.1747], [-3.3792, 8.1219], [-3.865, 10.0684], [-4.349, 12.0172]], "obs_orientations": [1.6707, 1.6707, 1.6708, 1.6707, 1.6707, 1.6707, 1.8506, 1.8478, 1.8452, 1.8427, 1.8403, 1.838, 1.8358, 1.8338, 1.8318, 1.8299, 1.8281, 1.8264, 1.8248, 1.8233, 1.8218, 1.8204, 1.819, 1.8177, 1.8165, 1.8153, 1.8142, 1.8131], "objectives": {"extension_time": 0.6, "danger_difference": 1.0292817518461455, "parameter_difference": 39.01865070124881}, "attributes": {"generation_number": 1, "individual_number": 55, "crash": false, "goal_reached": true, "scenario_length": 30}}, "[[4.029260142418312], [2.5, 14.422883851598067, 2.430062977500293], [0.878888808683145, 1.9617107107815386], [2.1118896015826474, 37.42780640880339]]": {"ego_positions": [[-6.4062, 35.4908], [-6.276519358905638, 34.197148717158576], [-6.146755495840149, 32.902735504780736], [-6.016852995232344, 31.606938332419645], [-5.886761107411955, 30.309278904804017], [-5.756431507165848, 29.009402232358465], [-5.625832594899107, 27.70705695066953], [-5.490936492504188, 26.40248145670457], [-5.334834656159661, 25.097280816869162], [-5.145569272563835, 23.792624619755106], [-4.918829047702286, 22.488964630579016], [-4.655624578981455, 21.186257884785828], [-4.360431146321051, 19.88414158680388], [-4.039728657181421, 18.582089484468653], [-3.700886578196292, 17.279495991510238], [-3.3514165664047404, 15.975728430139915], [-2.998383923237264, 14.67024012432631], [-2.648034031810293, 13.362559266143816], [-2.3055969944814407, 12.0523252736958], [-1.9752057934914584, 10.739279336188522], [-1.6598258537868138, 9.423260594388598], [-1.359483394467262, 8.104309547228185], [-1.071395412070661, 6.782840669658667], [-0.8019480362452325, 5.458329836460532], [-0.560094395507114, 4.129947530426097], [-0.3619784554602212, 2.7962979076506755], [-0.20737639058014778, 1.4575206563337002], [-0.09203915400745588, 0.11414092581354354], [-0.014788278612814398, -1.2335597791514088], [0.029732327968336136, -2.5849822172323287]], "ego_orientations": [4.8123, -1.4708847441313395, -1.47087985177666, -1.4708825653825368, -1.470873644881654, -1.4708597063756832, -1.470841385760144, -1.4618675094089228, -1.4401990410806604, -1.4127946456101679, -1.384601768928876, -1.358908389681746, -1.337682811424206, -1.3218620265645153, -1.3116996802723184, -1.3069828491386772, -1.3071603339444149, -1.311526645799522, -1.3192932833771112, -1.3296605406722124, -1.3417195160751971, -1.3511965141715887, -1.3622870006979735, -1.3784593858869254, -1.4059504579750142, -1.440199701868238, -1.4707237859010922, -1.4996906954375264, -1.5266489995606163, -1.5479519547615501], "obs_positions": [[7.648, -40.6938], [7.4484, -38.7038], [7.2488, -36.7138], [7.049, -34.7238], [6.8494, -32.7338], [6.6498, -30.7438], [6.4502, -28.7538], [5.8977, -26.8313], [5.3453, -24.8889], [4.803, -22.9626], [4.2644, -21.0307], [3.7306, -19.0984], [3.2024, -17.1693], [2.6769, -15.2337], [2.1537, -13.2905], [1.6341, -11.3456], [1.1174, -9.397], [0.6063, -7.4553], [0.0984, -5.5122], [-0.4068, -3.5663], [-0.9084, -1.6223], [-1.4057, 0.3166], [-1.9028, 2.2667], [-2.3989, 4.2236], [-2.8908, 6.1747], [-3.3792, 8.1219], [-3.865, 10.0684], [-4.349, 12.0172]], "obs_orientations": [1.6707, 1.6707, 1.6708, 1.6707, 1.6707, 1.6707, 1.8506, 1.8478, 1.8452, 1.8427, 1.8403, 1.838, 1.8358, 1.8338, 1.8318, 1.8299, 1.8281, 1.8264, 1.8248, 1.8233, 1.8218, 1.8204, 1.819, 1.8177, 1.8165, 1.8153, 1.8142, 1.8131], "objectives": {"extension_time": 0.6, "danger_difference": 1.0292817518461455, "parameter_difference": 39.04661510970812}, "attributes": {"generation_number": 2, "individual_number": 129, "crash": false, "goal_reached": true, "scenario_length": 30}}, "[[4.3965792207734165], [2.5, 200.0, 2.5], [0.8618806116874012, 11.302557349100734], [1.408117406856321, 37.42780640880339]]": {"ego_positions": [[-6.4062, 35.4908], [-6.276519358905638, 34.197148717158576], [-6.146755495840149, 32.902735504780736], [-6.016852995232344, 31.606938332419645], [-5.886761107411955, 30.309278904804017], [-5.756431507165848, 29.009402232358465], [-5.625832594899107, 27.70705695066953], [-5.490936492504188, 26.40248145670457], [-5.334834656159661, 25.097280816869162], [-5.145569272563835, 23.792624619755106], [-4.918829047702286, 22.488964630579016], [-4.655624578981455, 21.186257884785828], [-4.360431146321051, 19.88414158680388], [-4.039728657181421, 18.582089484468653], [-3.700886578196292, 17.279495991510238], [-3.3514165664047404, 15.975728430139915], [-2.998383923237264, 14.67024012432631], [-2.648034031810293, 13.362559266143816], [-2.3055969944814407, 12.0523252736958], [-1.9752057934914584, 10.739279336188522], [-1.6598258537868138, 9.423260594388598], [-1.359483394467262, 8.104309547228185], [-1.071395412070661, 6.782840669658667], [-0.8019480362452325, 5.458329836460532], [-0.559098809399591, 4.130045343677497], [-0.3583466721840525, 2.7966485462333455], [-0.20913898918005902, 1.4573090316655501], [-0.11331485460726087, 0.1119403832041386], [-0.06748567072816458, -1.2389671000272027], [-0.06492076458794882, -2.594688771926895]],