{"[[5.785106714224253], [0.569840834523605, 145.20787991851552, 521.6161970157576], [1.9911524034931025, 126.2081352544258], [0.9318649938430665, 6.129960089686226]]": {"ego_positions": [[-5.8871, 30.3168], [-5.757421070604536, 29.023148575824084], [-5.627682862617001, 27.728732820488162], [-5.493861306997389, 26.433667761996606], [-5.339147976570385, 25.14074307404221], [-5.17729482992682, 23.846035181859502], [-5.085297210814239, 22.527945651134015], [-5.059415897884196, 21.181624326648183], [-5.075821957866008, 19.809536293989513], [-5.114936798977994, 18.41609477378888], [-5.163280187751348, 17.007468187472828], [-5.212616841971609, 15.590765116542668], [-5.248081947009663, 14.168071201894834], [-5.258348657559937, 12.742288845369556], [-5.233668900756113, 11.316549923213664], [-5.166488140004769, 9.893590861237287], [-5.046876161701756, 8.476733995572351], [-4.874187951502548, 7.067836079361874], [-4.655812361323777, 5.667455263469532], [-4.403093459742293, 4.275306551657698], [-4.128503839647655, 2.890654391214155], [-3.8438114379259636, 1.5125340977616675], [-3.5590281225326676, 0.13994447025831092], [-3.281903241716467, -1.2280606050217613], [-3.017867639659859, -2.5922755917715143], [-2.7702236509587665, -3.953376935036607]], "ego_orientations": [4.8123, -1.4708917156538002, -1.4709132036051438, -1.4619032031957477, -1.4399945860930634, -1.468982253556951, -1.529679072378653, -1.5700138665924337, -1.5929248095780162, -1.602952963813129, -1.6068105982716778, -1.6022625992860426, -1.588071977283379, -1.5666477294937629, -1.5397520035548373, -1.505857683004031, -1.467234091616609, -1.431313986316316, -1.4022282735064984, -1.3816773136790648, -1.3697604723250612, -1.3655919827951406, -1.3677833062571931, -1.3747367744923444, -1.384920842482936, -1.3969284176188372], "obs_positions": [[6.8494, -32.7338], [6.6498, -30.7438], [6.4502, -28.7538], [5.8977, -26.8313], [5.3453, -24.8889], [4.803, -22.9626], [4.2644, -21.0307], [3.7306, -19.0984], [3.2024, -17.1693], [2.6769, -15.2337], [2.1537, -13.2905], [1.6341, -11.3456], [1.1174, -9.397], [0.6063, -7.4553], [0.0984, -5.5122], [-0.4068, -3.5663], [-0.9084, -1.6223], [-1.4057, 0.3166], [-1.9028, 2.2667], [-2.3989, 4.2236], [-2.8908, 6.1747], [-3.3792, 8.1219], [-3.865, 10.0684], [-4.349, 12.0172]], "obs_orientations": [1.6707, 1.6707, 1.8506, 1.8478, 1.8452, 1.8427, 1.8403, 1.838, 1.8358, 1.8338, 1.8318, 1.8299, 1.8281, 1.8264, 1.8248, 1.8233, 1.8218, 1.8204, 1.819, 1.8177, 1.8165, 1.8153, 1.8142, 1.8131], "objectives": {"extension_time": 0.2, "danger_difference": 1.4529984074099147, "parameter_difference": 168.65659697702992}, "attributes": {"generation_number": 0, "individual_number": 17, "crash": false, "goal_reached": true, "scenario_length": 26}}}