{"[[40.69627613053203], [10.327813961740251, 200.0, 2.5], [1.8928981511271463, 130.17485161087365], [1.0450450378948408, 10.263878085768102]]": {"ego_positions": [[-5.1084, 22.5557], [-4.974579478621079, 21.26246412490439], [-4.819785292533086, 19.970562155913], [-4.657807356196017, 18.676133699988828], [-4.574769821038517, 17.363555806354128], [-4.590744882906792, 16.03089402856384], [-4.670529570274092, 14.6833759907349], [-4.77492616103515, 13.326511886402185], [-4.873512790168295, 11.964576839397955], [-4.944286410051078, 10.600792807616346], [-4.973977602904247, 9.237395077526443], [-4.956487481720856, 7.8758188782568395], [-4.890905835893847, 6.516774550896483], [-4.77993272258049, 5.160586191406082], [-4.628667524407951, 3.8072635583575467], [-4.443548241541022, 2.4565599825816062], [-4.231579917233228, 1.1081194942843753], [-3.999763204243376, -0.23847430670307648], [-3.75468409497202, -1.5836605818698166], [-3.502252795373585, -2.9278255665889255]], "ego_orientations": [4.8124, -1.4617457588129463, -1.4398628056979526, -1.468884000178332, -1.5479338711724209, -1.6117379520286361, -1.643033487104792, -1.648471046191542, -1.6349585530575084, -1.6087433642280908, -1.5756563870396585, -1.5401319723675995, -1.5053607413034866, -1.4735857619740589, -1.4461953919626174, -1.423863899896209, -1.4067594402628885, -1.3946862732118142, -1.3871995061905684, -1.3837456004361606], "obs_positions": [[4.2644, -21.0307], [3.7306, -19.0984], [3.2024, -17.1693], [2.6769, -15.2337], [2.1537, -13.2905], [1.6341, -11.3456], [1.1174, -9.397], [0.6063, -7.4553], [0.0984, -5.5122], [-0.4068, -3.5663], [-0.9084, -1.6223], [-1.4057, 0.3166], [-1.9028, 2.2667], [-2.3989, 4.2236], [-2.8908, 6.1747], [-3.3792, 8.1219], [-3.865, 10.0684], [-4.349, 12.0172]], "obs_orientations": [1.8403, 1.838, 1.8358, 1.8338, 1.8318, 1.8299, 1.8281, 1.8264, 1.8248, 1.8233, 1.8218, 1.8204, 1.819, 1.8177, 1.8165, 1.8153, 1.8142, 1.8131], "objectives": {"extension_time": -0.4, "danger_difference": -2.4656077197349724, "parameter_difference": 39.0726730440093}, "attributes": {"generation_number": 3, "individual_number": 182, "crash": false, "goal_reached": true, "scenario_length": 20}}, "[[2.4793537726959833], [1.4996940192648083, 198.09101048513966, 2.5], [25.507869400482818, 101.53554747512099], [0.5462711256617305, 27.859799130426534]]": {"ego_positions": [[-5.1084, 22.5557], [-4.995517359638351, 21.256983194801986], [-4.949921241306972, 19.934252936658297], [-4.958936283199085, 18.58413244244648], [-4.998473269332472, 17.210478390351337], [-5.048423195510637, 15.818026880465569], [-5.09372373649333, 14.41313238677977], [-5.123572791339997, 13.001223744156915], [-5.128490818547239, 11.58595510720245], [-5.096237780063079, 10.169532073940356], [-5.011040349799211, 8.75167021320569], [-4.8599982884658965, 7.335361481855372], [-4.62183520820152, 5.9234377106027685], [-4.311856067904512, 4.5199495038574495], [-3.964429176713203, 3.125760803445854], [-3.611141719959584, 1.7387596522402606], [-3.275295875355258, 0.35703424617881047], [-2.975747117809448, -1.020337736572932], [-2.719589408138832, -2.3937274904566896], [-2.5044981173535796, -3.763238537258586]], "ego_orientations": [4.8124, -1.5081048518304492, -1.5604046341988047, -1.5913211536634462, -1.6052376974741174, -1.60630068740641, -1.5985858876830141, -1.5842549855095314, -1.5630628977533263, -1.5306801693829728, -1.490514312098603, -1.4345608358406947, -1.375106417165945, -1.3359642329598227, -1.3209187975255183, -1.3243159951677237, -1.3429127391839168, -1.371293470322132, -1.401308820847385, -1.42789521731176], "obs_positions": [[4.2644, -21.0307], [3.7306, -19.0984], [3.2024, -17.1693], [2.6769, -15.2337], [2.1537, -13.2905], [1.6341, -11.3456], [1.1174, -9.397], [0.6063, -7.4553], [0.0984, -5.5122], [-0.4068, -3.5663], [-0.9084, -1.6223], [-1.4057, 0.3166], [-1.9028, 2.2667], [-2.3989, 4.2236], [-2.8908, 6.1747], [-3.3792, 8.1219], [-3.865, 10.0684], [-4.349, 12.0172]], "obs_orientations": [1.8403, 1.838, 1.8358, 1.8338, 1.8318, 1.8299, 1.8281, 1.8264, 1.8248, 1.8233, 1.8218, 1.8204, 1.819, 1.8177, 1.8165, 1.8153, 1.8142, 1.8131], "objectives": {"extension_time": -0.4, "danger_difference": 2.1945925589011743, "parameter_difference": 39.03520784215383}, "attributes": {"generation_number": 4, "individual_number": 216, "crash": false, "goal_reached": true, "scenario_length": 20}}, "[[40.40131652633474], [2.002316196451023, 134.60336754926988, 2.5], [0.2863348324608117, 85.13042110341307], [1.7505868860843554, 29.434359530717693]]": {"ego_positions": [[-5.1084, 22.5557], [-4.974579478621079, 21.26246412490439], [-4.819785292533086, 19.970562155913], [-4.631998362268552, 18.680573064355773], [-4.403142439152381, 17.392743159541375], [-4.120555615259597, 16.10761469667852], [-3.784232224719658, 14.824648796735381], [-3.404927949429281, 13.54245621751128], [-2.9909367658586374, 12.25992990964171], [-2.5396694172505905, 10.976858566484097], [-2.078228627003991, 9.690622983481436], [-1.6311661589807178, 8.398796273834098], [-1.222463623994368, 7.099456119676333], [-0.8745977453125056, 5.7908135798585985], [-0.5998752382912556, 4.471985310640368], [-0.40112165073828443, 3.1431054506097373], [-0.27452464595111126, 1.8049047732456076], [-0.2119626621788715, 0.45851559805582276], [-0.20283033605235978, -0.8946998992128847], [-0.23542389765408833, -2.2533314518131524], [-0.29801323652045, -3.616040716043161]], "ego_orientations": [4.8124, -1.4617457588129463, -1.4398628056979526, -1.4121258068191596, -1.3755352117395816, -1.333447745167713, -1.2969774758963295, -1.2714503519514446, -1.2436719718283484, -1.2260649236200525, -1.2292093180658519, -1.248882568233487, -1.2862786714116865, -1.3372894005434333, -1.393974088133617, -1.4502072266626431, -1.5016582176493056, -1.5456546363953558, -1.5809042076598967, -1.6071564357463046, -1.6248577426616517], "obs_positions": [[4.2644, -21.0307], [3.7306, -19.0984], [3.2024, -17.1693], [2.6769, -15.2337], [2.1537, -13.2905], [1.6341, -11.3456], [1.1174, -9.397], [0.6063, -7.4553], [0.0984, -5.5122], [-0.4068, -3.5663], [-0.9084, -1.6223], [-1.4057, 0.3166], [-1.9028, 2.2667], [-2.3989, 4.2236], [-2.8908, 6.1747], [-3.3792, 8.1219], [-3.865, 10.0684], [-4.349, 12.0172]], "obs_orientations": [1.8403, 1.838, 1.8358, 1.8338, 1.8318, 1.8299, 1.8281, 1.8264, 1.8248, 1.8233, 1.8218, 1.8204, 1.819, 1.8177, 1.8165, 1.8153, 1.8142, 1.8131], "objectives": {"extension_time": -0.4, "danger_difference": -0.2416719835577119, "parameter_difference": 39.030433069625424}, "attributes": {"generation_number": 5, "individual_number": 262, "crash": false, "goal_reached": true, "scenario_length": 21}}, "[[10.208638057613168], [2.5, 461.0256781692667, 116.53069751525646], [123.64896384405783, 140.94346505280288], [1.8873594627646997, 7.016989318555811]]": {"ego_positions": [[-5.1084, 22.5557], [-4.995517359638351, 21.256983194801986], [-4.949921241306972, 19.934252936658297], [-4.958682809404684, 18.58349130612094], [-4.9969249390680375, 17.20625733423153], [-5.044918425839128, 15.807517486664382], [-5.088096506686077, 14.394472749186278], [-5.115933538514373, 12.973210462455684], [-5.119020323454946, 11.547795518168577], [-5.0852257627630495, 10.121382365117467], [-4.999071401045758, 8.696254686394774], [-4.847692673688518, 7.275434717630222], [-4.60981509930927, 5.861022448741388], [-4.300599459868077, 4.456461573397302], [-3.95420061319005, 3.0621727811062605], [-3.602029303313632, 1.6757847102151975], [-3.267256578447284, 0.29517342371726973], [-2.968624742671148, -1.0808217630727466], [-2.713177802629436, -2.4527564125051584], [-2.498594821271065, -3.820857095581915]],