{"[[5.682300001212674], [2.5, 200.0, 2.5], [0.029689770607433108, 133.0705833321083], [0.10516099496415465, 2.195976588286724]]": {"ego_positions": [[-5.4978, 26.4362], [-5.364107121747653, 25.142951321457797], [-5.232602895082811, 23.84536524365465], [-5.1653352242283255, 22.523598765652316], [-5.155509233177326, 21.173515456697587], [-5.18048252088509, 19.798042397883], [-5.222193253173962, 18.40285477168035], [-5.266405660658902, 16.99369059132503], [-5.300525284739027, 15.575563726426426], [-5.313723452732053, 14.149991393924525], [-5.299132777672796, 12.719943969970265], [-5.249687612283855, 11.288718736025967], [-5.162108933300569, 9.858785158419419], [-5.037029920134604, 8.431912854169042], [-4.877731853459411, 7.009188501560651], [-4.689048050471923, 5.591249405039322], [-4.4766746200654355, 4.178469889308604], [-4.24655408086436, 2.770916286982358], [-4.004428412774254, 1.3685037758547223], [-3.7555590720388885, -0.028961348634844147], [-3.5045436049191, -1.4217442930982789], [-3.255220587200929, -2.810125538407908], [-3.0106861666248355, -4.194403305142205]], "ego_orientations": [4.8123, -1.4618421969572557, -1.4912594574579021, -1.544980498332527, -1.5788532863513636, -1.5967383411537845, -1.6029710786185039, -1.5999177655657046, -1.5884138810358754, -1.5711304753451918, -1.549084870400268, -1.5230779161150316, -1.4962510002987335, -1.4708508967673666, -1.4482880136250351, -1.4293689693328586, -1.4144902408594842, -1.4036492450367684, -1.3966220711096744, -1.3930284747071413, -1.39238882922941, -1.39420591293589, -1.397976813011761], "obs_positions": [[5.8977, -26.8313], [5.3453, -24.8889], [4.803, -22.9626], [4.2644, -21.0307], [3.7306, -19.0984], [3.2024, -17.1693], [2.6769, -15.2337], [2.1537, -13.2905], [1.6341, -11.3456], [1.1174, -9.397], [0.6063, -7.4553], [0.0984, -5.5122], [-0.4068, -3.5663], [-0.9084, -1.6223], [-1.4057, 0.3166], [-1.9028, 2.2667], [-2.3989, 4.2236], [-2.8908, 6.1747], [-3.3792, 8.1219], [-3.865, 10.0684], [-4.349, 12.0172]], "obs_orientations": [1.8478, 1.8452, 1.8427, 1.8403, 1.838, 1.8358, 1.8338, 1.8318, 1.8299, 1.8281, 1.8264, 1.8248, 1.8233, 1.8218, 1.8204, 1.819, 1.8177, 1.8165, 1.8153, 1.8142, 1.8131], "objectives": {"extension_time": -0.1, "danger_difference": 0.9099966054918802, "parameter_difference": 39.02072499966352}, "attributes": {"generation_number": 3, "individual_number": 191, "crash": false, "goal_reached": true, "scenario_length": 23}}}