{"[[22.06997372182321], [41.94417395856789, 166.27151777466847, 236.86805913397856], [0.7019230002310295, 30.305986687688467], [1.3628464665916316, 48.93355661288303]]": {"ego_positions": [[-7.8339, 49.7193], [-7.7040712639812385, 48.42566371478728], [-7.574123999352167, 47.13126898788387], [-7.4440378121372905, 45.83549020151352], [-7.313780166174746, 44.53784731293544], [-7.183306506012984, 43.237984965753334], [-7.052583896501312, 41.9356519509051], [-6.921600473570145, 40.63068360946968], [-6.790376030331428, 39.322986449026274], [-6.658902810861554, 38.0125309435941], [-6.5271675362537875, 36.699337889891765], [-6.395135319974442, 35.383469874042746], [-6.262833720291435, 34.065014192068446], [-6.130289864210775, 32.744082134731485], [-5.99751937289125, 31.42080327411098], [-5.864533502327129, 30.09531946120124], [-5.731344567434707, 28.76777968101922], [-5.597966412572272, 27.43833627499622], [-5.4604272440188035, 26.10788079463057], [-5.301966307638091, 24.779494830342202], [-5.110667192971038, 23.454503206356232], [-4.882177338752901, 22.13312764843008], [-4.617470004738194, 20.815093702371275], [-4.321005722624494, 19.49981687577223], [-3.9992279361176615, 18.18655939582313], [-3.659499564757004, 16.874491936637675], [-3.309321686799044, 15.562810422908143], [-2.954862394360295, 14.250870764506193], [-2.5997455963693907, 12.938240109096599], [-2.250005301019385, 11.624309333726732], [-1.9073914667165566, 10.308882481131795], [-1.5680506667271068, 8.992173987476544], [-1.241916246678672, 7.6732465900542985], [-0.9409074049612975, 6.35105905151443], [-0.6754017522590909, 5.024590940207748], [-0.4507243481400076, 3.6933898459829355], [-0.26758504029100916, 2.3574533989122797], [-0.12349086179296354, 1.0171279272135574], [-0.013878697396364714, -0.3270669212751183], [0.0669789146294808, -1.6744907528878952], [0.1252806383660121, -3.024519076264041]], "ego_orientations": [4.8124, -1.4707525710099185, -1.4707337686143456, -1.4707469946574117, -1.4707537810511013, -1.4707571017407721, -1.4707531924298047, -1.4707711465744762, -1.4707961396315072, -1.470813939711678, -1.470803540793769, -1.4707830218028635, -1.4707874748062038, -1.4707934393746918, -1.4707995924133366, -1.4708023365382719, -1.4708041114648935, -1.4708032826234305, -1.4620006464984696, -1.440688360423004, -1.4136379103538337, -1.3856853435602074, -1.3601248337038507, -1.3389195514091545, -1.3230349098338907, -1.3127727666312694, -1.3079144223662995, -1.3061433771050597, -1.3079138348410702, -1.3139276479602655, -1.3168111804259137, -1.321954145300258, -1.3362423826093508, -1.3590888127798655, -1.3880726086047703, -1.4192092416395816, -1.4495921197838992, -1.4772273325518004, -1.500904674634283, -1.5200262083347846, -1.5344762695497094], "obs_positions": [[9.8444, -62.5839], [9.6447, -60.5939], [9.4451, -58.6039], [9.2454, -56.6139], [9.0457, -54.6239], [8.8461, -52.6339], [8.6464, -50.6439], [8.4467, -48.6538], [8.247, -46.6638], [8.0474, -44.6738], [7.8477, -42.6838], [7.648, -40.6938], [7.4484, -38.7038], [7.2488, -36.7138], [7.049, -34.7238], [6.8494, -32.7338], [6.6498, -30.7438], [6.4502, -28.7538], [5.8977, -26.8313], [5.3453, -24.8889], [4.803, -22.9626], [4.2644, -21.0307], [3.7306, -19.0984], [3.2024, -17.1693], [2.6769, -15.2337], [2.1537, -13.2905], [1.6341, -11.3456], [1.1174, -9.397], [0.6063, -7.4553], [0.0984, -5.5122], [-0.4068, -3.5663], [-0.9084, -1.6223], [-1.4057, 0.3166], [-1.9028, 2.2667], [-2.3989, 4.2236], [-2.8908, 6.1747], [-3.3792, 8.1219], [-3.865, 10.0684], [-4.349, 12.0172]], "obs_orientations": [1.6708, 1.6707, 1.6707, 1.6708, 1.6708, 1.6708, 1.6707, 1.6707, 1.6707, 1.6708, 1.6707, 1.6707, 1.6707, 1.6708, 1.6707, 1.6707, 1.6707, 1.8506, 1.8478, 1.8452, 1.8427, 1.8403, 1.838, 1.8358, 1.8338, 1.8318, 1.8299, 1.8281, 1.8264, 1.8248, 1.8233, 1.8218, 1.8204, 1.819, 1.8177, 1.8165, 1.8153, 1.8142, 1.8131], "objectives": {"extension_time": 1.7, "danger_difference": 2.0587126384132866, "parameter_difference": 56.71741822163489}, "attributes": {"generation_number": 0, "individual_number": 11, "crash": false, "goal_reached": true, "scenario_length": 41}}, "[[4.154368282444687], [26.048659538052743, 458.208137930884, 2.341562382513278], [1.62486581986346, 40.95874837322616], [1.3606880768065919, 39.9334669755035]]": {"ego_positions": [[-7.8339, 49.7193], [-7.704077145582721, 48.42566312466677], [-7.574166497173438, 47.131264723353254], [-7.444165549322255, 45.835477385148316], [-7.314048728805201, 44.537820367804855], [-7.183770795242025, 43.23793838179666], [-7.053293050964178, 41.93558079040748], [-6.922594788076096, 40.630583843488246], [-6.791685390394684, 39.32285509718439], [-6.660546259427781, 38.01236609698597], [-6.529153654968786, 36.69913864563347], [-6.3974631748287765, 35.383236287659464], [-6.2654908119923105, 34.06474757408669], [-6.133243260810712, 32.74378579727403], [-6.000723179134003, 31.42048182823936], [-5.867937805611326, 30.094977906557425], [-5.734901297272049, 28.767422839223972], [-5.601632787519422, 27.43796843223101], [-5.464162501831924, 26.107505990710354], [-5.305749850292297, 24.779454031101263], [-5.114627844261045, 23.45670917568591], [-4.8865664598816805, 22.14071078480311], [-4.622507232136466, 20.830809661961947], [-4.326853372160972, 19.525757491145047], [-4.006003152261503, 18.22424878367035], [-3.6672819282649174, 16.924973492326483], [-3.3181610210185246, 15.62672138434691], [-2.965645624699344, 14.328440624341336], [-2.6153409165224693, 13.029226717476059], [-2.270650198668938, 11.728362965149374], [-1.93629061330631, 10.425210485415967], [-1.6136798545149857, 9.119260161150644], [-1.3004538274187971, 7.810300151748874], [-1.0058042535356564, 6.497527328731606], [-0.7378138152364389, 5.180566992305899], [-0.5063476394832516, 3.860175336096588], [-0.3237108074738315, 2.5368348679259793], [-0.19572246351396627, 1.2113472544861472], [-0.12159937671473386, -0.11550647781624035], [-0.09606451250812453, -1.443999992838484], [-0.11120105402349578, -2.7744121850610655]], "ego_orientations": [4.8124, -1.4707658353303357, -1.4707793103195765, -1.4708338365479063, -1.4708838230757397, -1.4709274001493347, -1.4709577432409473, -1.471002254902026, -1.471045445765987, -1.4710731631849843, -1.4710649951395052, -1.4710399453161571, -1.4710268119061745, -1.4710011803312888, -1.4709698922858685, -1.4709348632355486, -1.4709019415461038, -1.470871315772265, -1.4620336926994808, -1.4406537406560407, -1.413417283478923, -1.3851420931870742, -1.359212832872747, -1.3376559458159232, -1.321481845872798, -1.3110169324597916, -1.3060520780731002, -1.3060510414638093, -1.3090883913619002, -1.3151550232144285, -1.3245669763700345, -1.3317006372839844, -1.3417691272235874, -1.3590555096655903, -1.3821490967006564, -1.4142188305405528, -1.4538200632858453, -1.4951706798531559, -1.5341475383966827, -1.567982599834485, -1.595178921154928], "obs_positions": [[9.8444, -62.5839], [9.6447, -60.5939], [9.4451, -58.6039], [9.2454, -56.6139], [9.0457, -54.6239], [8.8461, -52.6339], [8.6464, -50.6439], [8.4467, -48.6538], [8.247, -46.6638], [8.0474, -44.6738], [7.8477, -42.6838], [7.648, -40.6938], [7.4484, -38.7038], [7.2488, -36.7138], [7.049, -34.7238], [6.8494, -32.7338], [6.6498, -30.7438], [6.4502, -28.7538], [5.8977, -26.8313], [5.3453, -24.8889], [4.803, -22.9626], [4.2644, -21.0307], [3.7306, -19.0984], [3.2024, -17.1693], [2.6769, -15.2337], [2.1537, -13.2905], [1.6341, -11.3456], [1.1174, -9.397], [0.6063, -7.4553], [0.0984, -5.5122], [-0.4068, -3.5663], [-0.9084, -1.6223], [-1.4057, 0.3166], [-1.9028, 2.2667], [-2.3989, 4.2236], [-2.8908, 6.1747], [-3.3792, 8.1219], [-3.865, 10.0684], [-4.349, 12.0172]], "obs_orientations": [1.6708, 1.6707, 1.6707, 1.6708, 1.6708, 1.6708, 1.6707, 1.6707, 1.6707, 1.6708, 1.6707, 1.6707, 1.6707, 1.6708, 1.6707, 1.6707, 1.6707, 1.8506, 1.8478, 1.8452, 1.8427, 1.8403, 1.838, 1.8358, 1.8338, 1.8318, 1.8299, 1.8281, 1.8264, 1.8248, 1.8233, 1.8218, 1.8204, 1.819, 1.8177, 1.8165, 1.8153, 1.8142, 1.8131],