{"[[26.238598771634564], [1.1051010296012909, 357.88113267502797, 683.7813892831366], [0.0190341924520529, 24.798669079243794], [0.05716963786427165, 30.757055085966982]]": {"ego_positions": [[-7.7041, 48.4258], [-7.5742826533530625, 47.132162491327534], [-7.444369968586062, 45.837764225223886], [-7.314337266693883, 44.54198001866961], [-7.184150267397928, 43.244330042555184], [-7.053778310779628, 41.944457520739434], [-6.923208302460621, 40.64210922022306], [-6.7924313344906775, 39.33712026720725], [-6.661448251586753, 38.02939905277405], [-6.530226265709083, 36.71891857845992], [-6.398748655642941, 35.40569973479726], [-6.267031892628723, 34.08980004393913], [-6.135071628949161, 32.77131023886599], [-6.002865381175066, 31.450344442533623], [-5.8704151671520535, 30.127033585130082], [-5.737722941312512, 28.801520435409966], [-5.604799769137723, 27.473954081417894], [-5.4676637752925314, 26.144887762353317], [-5.309395001229999, 24.816173124276546], [-5.118025386811682, 23.489162877666402], [-4.889243703734602, 22.164437895705756], [-4.6240546826224165, 20.84204355543399], [-4.32693557907889, 19.52165817562773], [-4.004403327841136, 18.202753291727355], [-3.663845657404224, 16.884726495711323], [-3.3127626524920655, 15.566919276324874], [-2.9573663016315797, 14.248811402745911], [-2.6013141827239683, 12.930135705479993], [-2.2506598414448393, 11.610401097889989], [-1.907159672004396, 10.28949931285878], [-1.5664150786703823, 8.967890212901475], [-1.236582821256364, 7.6448821080261], [-0.930311053467122, 6.319253235141351], [-0.6590469966412331, 4.989903269248216], [-0.428835178025182, 3.6562659775877355], [-0.2408456240035033, 2.31822866012126], [-0.09287595931128756, 0.9759963103323108], [0.01749388699183463, -0.370021962838856], [0.08755133469253495, -1.7201503137047398], [0.11755930229581057, -3.074388404609312]], "ego_orientations": [4.8124, -1.4707718701399282, -1.470768475799341, -1.4707947961387227, -1.4708177081479832, -1.4708530540243965, -1.4708931495927482, -1.470943249935174, -1.4709878569622257, -1.4710016259884888, -1.471022096785286, -1.4710406084975975, -1.4710461310868022, -1.471043012631844, -1.4710320854443983, -1.4710111644856916, -1.4710011651286168, -1.4621873313798313, -1.4408509508467278, -1.4138161058157683, -1.3859365382999762, -1.3604455354008334, -1.3393232116791145, -1.3235247431616042, -1.3132898095967738, -1.3084333452051906, -1.306651707469495, -1.3083905874658415, -1.314341075743144, -1.3171655430508213, -1.3210171098096177, -1.3335280326089718, -1.3555048852185676, -1.3842595805667823, -1.4156219589992425, -1.4465368380995036, -1.4748997215489483, -1.5037022636106467, -1.5341231671648643, -1.5626011976381529], "obs_positions": [[9.6448, -60.5939], [9.4451, -58.6039], [9.2454, -56.6139], [9.0457, -54.6239], [8.8461, -52.6339], [8.6464, -50.6438], [8.4467, -48.6538], [8.247, -46.6638], [8.0474, -44.6738], [7.8477, -42.6838], [7.648, -40.6938], [7.4484, -38.7038], [7.2488, -36.7138], [7.049, -34.7238], [6.8494, -32.7338], [6.6498, -30.7438], [6.4502, -28.7538], [5.8977, -26.8313], [5.3453, -24.8889], [4.803, -22.9626], [4.2644, -21.0307], [3.7306, -19.0984], [3.2024, -17.1693], [2.6769, -15.2337], [2.1537, -13.2905], [1.6341, -11.3456], [1.1174, -9.397], [0.6063, -7.4553], [0.0984, -5.5122], [-0.4068, -3.5663], [-0.9084, -1.6223], [-1.4057, 0.3166], [-1.9028, 2.2667], [-2.3989, 4.2236], [-2.8908, 6.1747], [-3.3792, 8.1219], [-3.865, 10.0684], [-4.349, 12.0172]], "obs_orientations": [1.6708, 1.6708, 1.6707, 1.6707, 1.6708, 1.6708, 1.6708, 1.6708, 1.6708, 1.6707, 1.6707, 1.6707, 1.6708, 1.6707, 1.6707, 1.6707, 1.8506, 1.8478, 1.8452, 1.8427, 1.8403, 1.838, 1.8358, 1.8338, 1.8318, 1.8299, 1.8281, 1.8264, 1.8248, 1.8233, 1.8218, 1.8204, 1.819, 1.8177, 1.8165, 1.8153, 1.8142, 1.8131], "objectives": {"extension_time": 1.6, "danger_difference": 2.0733897622262702, "parameter_difference": 233.52378164168223}, "attributes": {"generation_number": 0, "individual_number": 4, "crash": false, "goal_reached": true, "scenario_length": 40}}, "[[40.169610362348365], [8.573324336091442, 126.61657277115596, 562.7917821144637], [2.142351848996778, 124.63769080350022], [2.209488264149206, 30.102201173762726]]": {"ego_positions": [[-7.7041, 48.4258], [-7.574288549831518, 47.13216189963043], [-7.444412532802851, 45.83775995362269], [-7.314464961923511, 44.54196720664333], [-7.184412101831131, 43.24430377420046], [-7.054196881915764, 41.94441552862085], [-6.923781969994062, 40.64205166734832], [-6.7931425343007055, 39.33704892119989], [-6.662269996879554, 38.02931662286324], [-6.531127089220362, 36.7188281993216], [-6.39969624363318, 35.405604659396715], [-6.267995619597949, 34.08970335260355], [-6.136024211478476, 32.77121466425955], [-6.003783835162241, 31.450252289808237], [-5.871281225606092, 30.126946686255668], [-5.738523073597987, 28.801440144359923], [-5.605524920401085, 27.473881318128182], [-5.4683089161399945, 26.144823036192623], [-5.3099585701645955, 24.816116583182364], [-5.118508686873126, 23.489114389785414], [-4.889650293057266, 22.164397103000717], [-4.624389794900368, 20.842009929190013], [-4.327205597042135, 19.52163108205766], [-4.004615318809564, 18.20273202299819], [-3.664006981807504, 16.884710308925687], [-3.3128806463175704, 15.566907437098196], [-2.957448113527721, 14.248803194240008], [-2.601366766406122, 12.930130429852312], [-2.250689524046975, 11.610398119604376], [-1.9071723837150112, 10.289498037256271], [-1.566416517135592, 8.96789006857547], [-1.237511014888074, 7.645127827579555], [-0.9361196015835342, 6.320934970982692], [-0.672577308632043, 4.994304774885461], [-0.45318543447441595, 3.6642848040252654], [-0.286352480301054, 2.3297282406477704], [-0.17506004506293182, 0.9900566552832859], [-0.11656885654017346, -0.3545153904896625], [-0.10440589331646422, -1.7035699752341276], [-0.13004902106917715, -3.0564315648636873]], "ego_orientations": [4.8124, -1.4707851680293231, -1.4708140401088796, -1.4708813864766999, -1.4709334148037065, -1.4709754140501357, -1.4710069625437168, -1.4710390524232455, -1.471060592900571, -1.4710495135707102, -1.4710456843972963, -1.4710420058313547, -1.4710283981328152, -1.471009687441864, -1.4709868311172096, -1.4709575163538018, -1.4709423603021836, -1.4621262089596678, -1.440789935844526, -1.4137571953600778, -1.3858812600922876, -1.3603949389059888, -1.3392779107521076, -1.3234849937807214, -1.3132555974012758, -1.3084044645008817, -1.30662801780786, -1.3083717371312513, -1.3143265862959232, -1.3171553604970825, -1.321010709208677, -1.3353445183176378, -1.359960733907446, -1.3900006611698332, -1.4260346283689413, -1.467202797143969, -1.5082486016138121, -1.5455312837631858, -1.5769149637633095, -1.6013780833975444], "obs_positions": [[9.6448, -60.5939], [9.4451, -58.6039], [9.2454, -56.6139], [9.0457, -54.6239], [8.8461, -52.6339], [8.6464, -50.6438], [8.4467, -48.6538], [8.247, -46.6638], [8.0474, -44.6738], [7.8477, -42.6838], [7.648, -40.6938], [7.4484, -38.7038], [7.2488, -36.7138], [7.049, -34.7238], [6.8494, -32.7338], [6.6498, -30.7438], [6.4502, -28.7538], [5.8977, -26.8313], [5.3453, -24.8889], [4.803, -22.9626], [4.2644, -21.0307], [3.7306, -19.0984], [3.2024, -17.1693], [2.6769, -15.2337], [2.1537, -13.2905], [1.6341, -11.3456], [1.1174, -9.397], [0.6063, -7.4553], [0.0984, -5.5122], [-0.4068, -3.5663], [-0.9084, -1.6223], [-1.4057, 0.3166], [-1.9028, 2.2667], [-2.3989, 4.2236], [-2.8908, 6.1747], [-3.3792, 8.1219], [-3.865, 10.0684], [-4.349, 12.0172]], "obs_orientations": [1.6708, 1.6708, 1.6707, 1.6707, 1.6708, 1.6708, 1.6708, 1.6708, 1.6708, 1.6707, 1.6707, 1.6707, 1.6708, 1.6707, 1.6707, 1.6707, 1.8506, 1.8478, 1.8452, 1.8427, 1.8403, 1.838, 1.8358, 1.8338, 1.8318, 1.8299, 1.8281, 1.8264, 1.8248, 1.8233, 1.8218, 1.8204, 1.819, 1.8177, 1.8165, 1.8153, 1.8142, 1.8131], "objectives": {"extension_time": 1.6, "danger_difference": 2.1452293234346307, "parameter_difference": 185.12476672558452}, "attributes": {"generation_number": 0, "individual_number": 7,