{"[[0], [0, 0, 0], [0, 0], [0, 0]]": {"ego_positions": [[30.15, 6.4211], [30.169248561232024, 7.704078964679732], [30.319169566252114, 8.962152991234309], [30.484292374778484, 10.222921201659641], [30.569120755275655, 11.47926600950832], [30.635766741786693, 12.714130106431536], [30.748080372680043, 13.912222139993384], [30.85336724299782, 15.110651799814315], [30.947197215142783, 16.373805859052318], [31.114331984478763, 17.668832344795657], [31.35229108397031, 18.957748836239997], [31.5615662442537, 20.14323171212325], [31.769410010407093, 21.320606156850836], [31.975822382430493, 22.489872170422768], [32.1808033603239, 23.651029752839033], [32.38435294408731, 24.80407890409964], [32.91029667922042, 27.371173053803513], [33.23173742186587, 28.696611776634676], [33.446385072832065, 30.0491748527406], [33.660081792932615, 31.4093205027313], [33.9561409007569, 32.7345398574743], [34.1828969095773, 33.73311173284172], [34.3945223341905, 34.665052624863655], [34.59101717459647, 35.530362533540114], [34.77238143079524, 36.329041458871096], [34.938615102786805, 37.0610894008566], [35.08971819057115, 37.726506359496625], [35.225690694148284, 38.325292334791165], [35.346532613518214, 38.85744732674023], [35.45224394868092, 39.322971335343816], [35.54282469963643, 39.72186436060193], [35.618274866384716, 40.054126402514555]], "ego_orientations": [1.5707, 1.4977176417661446, 1.403063471989529, 1.476990194211629, 1.522566362118241, 1.4959167065429586, 1.4699307952351373, 1.4992828460652925, 1.4787270087042867, 1.4079266340882632, 1.3960649826476574, 1.3960649826476574, 1.3960649826476574, 1.3960649826476574, 1.3960649826476574, 1.3960649826476574, 1.304332715654151, 1.3773051672377765, 1.432239586632107, 1.3847473230858156, 1.347502701874129, 1.347502701874129, 1.347502701874129, 1.347502701874129, 1.347502701874129, 1.347502701874129, 1.347502701874129, 1.347502701874129, 1.347502701874129, 1.347502701874129, 1.347502701874129, 1.347502701874129], "obs_positions": [[36.2084, 6.2992], [35.8405, 8.5837], [35.5801, 10.2477], [35.3569, 11.7119], [35.1181, 13.3136], [34.8717, 15.0043], [34.625, 16.739], [34.3839, 18.4811], [34.1529, 20.2042], [33.9344, 21.8922], [33.7298, 23.538], [33.5388, 25.1412], [33.3604, 26.7058], [33.1931, 28.2369], [33.0348, 29.7388], [32.8345, 31.6979], [32.6428, 33.5998], [32.4567, 35.4234], [32.2743, 37.1386], [32.0949, 38.713], [31.9184, 40.122], [31.7021, 41.6422], [31.491, 42.9341], [31.2467, 44.3074], [31.2075, 44.5272]], "obs_orientations": [1.7304, 1.726, 1.722, 1.7188, 1.7155, 1.712, 1.7082, 1.7041, 1.6994, 1.6945, 1.6893, 1.6842, 1.6796, 1.6757, 1.6726, 1.6712, 1.6725, 1.6767, 1.6842, 1.6954, 1.7121, 1.7327, 1.7468, 1.7473, 1.7473], "attributes": {"crash": false, "goal_reached": true, "max_danger": 1.4558415409944188, "scenario_length": 32, "lower_bound": -0.0, "upper_bound": -0.0}}}