{"[[12.748699297750331], [7.403250876008377, 148.06039458513393, 22.986645096098712], [1.4351187785025366, 23.204133451793506], [2.0831098582227203, 18.215003336037377]]": {"ego_positions": [[30.15, 3.821]], "ego_orientations": [1.5707], "obs_positions": [[36.2084, 2.8713]], "obs_orientations": [1.5707], "objectives": {"extension_time": 0.2, "danger_difference": 198.5441584590056, "parameter_difference": 9.698489625599365}, "attributes": {"generation_number": 0, "individual_number": 47, "crash": true, "goal_reached": false, "scenario_length": 1}}, "[[12.748699297750331], [2.5, 134.2617514058297, 2.5], [1.4394086035533666, 23.204133451793506], [2.0831098582227203, 18.215003336037377]]": {"ego_positions": [[30.15, 3.821]], "ego_orientations": [1.5707], "obs_positions": [[36.2084, 2.8713]], "obs_orientations": [1.5707], "objectives": {"extension_time": 0.2, "danger_difference": 198.5441584590056, "parameter_difference": 1.6285801353317673}, "attributes": {"generation_number": 1, "individual_number": 68, "crash": true, "goal_reached": false, "scenario_length": 1}}, "[[12.748699297750331], [2.5, 125.7089775304533, 2.456975967185414], [0.2275429657928676, 23.204133451793506], [2.0831098582227203, 18.462853238747066]]": {"ego_positions": [[30.15, 3.821]], "ego_orientations": [1.5707], "obs_positions": [[36.2084, 2.8713]], "obs_orientations": [1.5707], "objectives": {"extension_time": 0.2, "danger_difference": 198.5441584590056, "parameter_difference": 1.6019355952757361}, "attributes": {"generation_number": 2, "individual_number": 143, "crash": true, "goal_reached": false, "scenario_length": 1}}, "[[11.901114009400182], [20.599321978889574, 133.37534393923463, 2.5], [0.10699841681340327, 111.6706374326582], [0.3919713003892621, 31.253543339114053]]": {"ego_positions": [[30.15, 3.821]], "ego_orientations": [1.5707], "obs_positions": [[36.2084, 2.8713]], "obs_orientations": [1.5707], "objectives": {"extension_time": 0.2, "danger_difference": 198.5441584590056, "parameter_difference": 8.356743750118222}, "attributes": {"generation_number": 2, "individual_number": 147, "crash": true, "goal_reached": false, "scenario_length": 1}}, "[[11.309095615390984], [2.5, 134.2617514058297, 2.5], [0.5252887542945153, 167.69689210507215], [2.0831098582227203, 9.230033807776264]]": {"ego_positions": [[30.15, 3.821]], "ego_orientations": [1.5707], "obs_positions": [[36.2084, 2.8713]], "obs_orientations": [1.5707], "objectives": {"extension_time": 0.2, "danger_difference": 198.5441584590056, "parameter_difference": 1.627917725022971}, "attributes": {"generation_number": 2, "individual_number": 149, "crash": true, "goal_reached": false, "scenario_length": 1}}, "[[48.15433935222554], [1.1300985883551, 133.50972050227654, 2.5], [1.4394086035533666, 58.1866387781549], [0.9287556141974938, 8.650910346099733]]": {"ego_positions": [[30.15, 3.821]], "ego_orientations": [1.5707], "obs_positions": [[36.2084, 2.8713]], "obs_orientations": [1.5707], "objectives": {"extension_time": 0.2, "danger_difference": 198.5441584590056, "parameter_difference": 1.6190497501769854}, "attributes": {"generation_number": 3, "individual_number": 152, "crash": true, "goal_reached": false, "scenario_length": 1}}, "[[46.945066927404866], [2.5, 61.17859165009119, 2.5], [0.40197000995138776, 105.35792234151174], [1.138679437796387, 33.82708201236641]]": {"ego_positions": [[30.15, 3.821]], "ego_orientations": [1.5707], "obs_positions": [[36.2084, 2.8713]], "obs_orientations": [1.5707], "objectives": {"extension_time": 0.2, "danger_difference": 198.5441584590056, "parameter_difference": 1.86486856951056}, "attributes": {"generation_number": 3, "individual_number": 154, "crash": true, "goal_reached": false, "scenario_length": 1}}, "[[11.891603226860578], [2.5, 133.81028037267765, 2.5], [1.4394086035533666, 37.966644358567166], [2.0831098582227203, 18.215003336037377]]": {"ego_positions": [[30.15, 3.821]], "ego_orientations": [1.5707], "obs_positions": [[36.2084, 2.8713]], "obs_orientations": [1.5707], "objectives": {"extension_time": 0.2, "danger_difference": 198.5441584590056, "parameter_difference": 1.6261648387464402}, "attributes": {"generation_number": 3, "individual_number": 156, "crash": true, "goal_reached": false, "scenario_length": 1}}, "[[11.309095615390984], [2.466013518880891, 143.22922092605594, 2.5], [0.5252887542945153, 196.2114907778032], [0.7494320007506373, 17.204653521883102]]": {"ego_positions": [[30.15, 3.821]], "ego_orientations": [1.5707], "obs_positions": [[36.2084, 2.8713]], "obs_orientations": [1.5707], "objectives": {"extension_time": 0.2, "danger_difference": 198.5441584590056, "parameter_difference": 1.6761980496095503}, "attributes": {"generation_number": 3, "individual_number": 163, "crash": true, "goal_reached": false, "scenario_length": 1}}, "[[13.036700670972543], [2.5, 133.93163192120784, 2.5], [1.4409464637852745, 23.204133451793506], [2.0831098582227203, 18.41841568159669]]": {"ego_positions": [[30.15, 3.821]], "ego_orientations": [1.5707], "obs_positions": [[36.2084, 2.8713]], "obs_orientations": [1.5707], "objectives": {"extension_time": 0.2, "danger_difference": 198.5441584590056, "parameter_difference": 1.629727287985653}, "attributes": {"generation_number": 3, "individual_number": 171, "crash": true, "goal_reached": false, "scenario_length": 1}}, "[[13.010453750627311], [2.498198262331982, 63.76386060291382, 2.5], [2.537886304363802, 23.204133451793506], [2.0831098582227203, 18.215003336037377]]": {"ego_positions": [[30.15, 3.821]], "ego_orientations": [1.5707], "obs_positions": [[36.2084, 2.8713]], "obs_orientations": [1.5707], "objectives": {"extension_time": 0.2, "danger_difference": 198.5441584590056, "parameter_difference": 1.518065902834836}, "attributes": {"generation_number": 4, "individual_number": 217, "crash": true, "goal_reached": false, "scenario_length": 1}}, "[[12.748699297750331], [2.5, 199.92172316527734, 2.262345588307326], [1.4394086035533666, 23.204133451793506], [0.41205806453086424, 18.08567441197701]]": {"ego_positions": [[30.15, 3.821]], "ego_orientations": [1.5707], "obs_positions": [[36.2084, 2.8713]], "obs_orientations": [1.5707], "objectives": {"extension_time": 0.2, "danger_difference": 198.5441584590056, "parameter_difference": 1.7367218233054664}, "attributes": {"generation_number": 3, "individual_number": 182, "crash": true, "goal_reached": false, "scenario_length": 1}}, "[[12.748699297750331], [2.2045690413515144, 125.7089775304533, 2.10739255962615], [0.23353530749952117, 200.39491443552413], [2.0831098582227203, 22.057850707788994]]": {"ego_positions": [[30.15, 3.821]], "ego_orientations": [1.5707], "obs_positions": [[36.2084, 2.8713]], "obs_orientations": [1.5707], "objectives": {"extension_time": 0.2, "danger_difference": 198.5441584590056, "parameter_difference": 1.5183098135547737}, "attributes": {"generation_number": 4, "individual_number": 209, "crash": true, "goal_reached": false, "scenario_length": 1}}, "[[12.748699297750331], [2.41981741141728, 199.43446920310984, 2.456975967185414], [0.2275429657928676, 23.204133451793506], [1.9844257371719574, 18.462853238747066]]": {"ego_positions": [[30.15, 3.821]], "ego_orientations": [1.5707], "obs_positions": [[36.2084, 2.8713]], "obs_orientations": [1.5707], "objectives": {"extension_time": 0.2, "danger_difference": 198.5441584590056, "parameter_difference": 1.7613073870115539}, "attributes": {"generation_number": 4, "individual_number": 234, "crash": true, "goal_reached": false, "scenario_length": 1}}, "[[23.341430356947075], [2.5, 64.40013465347602, 0.3645854690819028], [67.21510533359805, 114.26522069633913], [0.3464244924646958, 15.374936878053546]]": {"ego_positions": [[30.15, 3.821]], "ego_orientations": [1.5707], "obs_positions": [[36.2084, 2.8713]], "obs_orientations": [1.5707], "objectives": {"extension_time": 0.2, "danger_difference": 198.5441584590056, "parameter_difference": 1.2223863967305186}, "attributes": {"generation_number": 5, "individual_number": 274, "crash": true,