{"[[28.768208978700034], [46.433116639776664, 403.96509350010507, 538.2195648952319], [0.8173744574375408, 96.58135184791283], [0.7033219601301897, 47.298045806900106]]": {"ego_positions": [[30.15, -11.7788]], "ego_orientations": [1.5707], "obs_positions": [[36.2084, -17.6958]], "obs_orientations": [1.5707], "objectives": {"extension_time": 1.4, "danger_difference": 198.5441584590056, "parameter_difference": 216.09987641916734}, "attributes": {"generation_number": 0, "individual_number": 19, "crash": true, "goal_reached": false, "scenario_length": 1}}, "[[22.279546287324415], [47.482897398309106, 6.224063883521702, 164.96778601022166], [1.5526767367165848, 28.29046897063039], [2.461334493276319, 21.575362845119876]]": {"ego_positions": [[30.15, -11.7788]], "ego_orientations": [1.5707], "obs_positions": [[36.2084, -17.6958]], "obs_orientations": [1.5707], "objectives": {"extension_time": 1.4, "danger_difference": 198.5441584590056, "parameter_difference": 68.66899373059799}, "attributes": {"generation_number": 0, "individual_number": 40, "crash": true, "goal_reached": false, "scenario_length": 1}}, "[[22.262630845564466], [2.5, 6.224063883521702, 164.96778601022166], [1.5526767367165848, 23.139259600040397], [2.461334493276319, 21.483290007875695]]": {"ego_positions": [[30.15, -11.7788]], "ego_orientations": [1.5707], "obs_positions": [[36.2084, -17.6958]], "obs_orientations": [1.5707], "objectives": {"extension_time": 1.4, "danger_difference": 198.5441584590056, "parameter_difference": 65.9976337895867}, "attributes": {"generation_number": 1, "individual_number": 57, "crash": true, "goal_reached": false, "scenario_length": 1}}, "[[22.019725352492216], [2.5, 6.224063883521702, 2.5], [0.036912360804611466, 84.70825787508247], [2.461334493276319, 21.575362845119876]]": {"ego_positions": [[30.15, -11.7788]], "ego_orientations": [1.5707], "obs_positions": [[36.2084, -17.6958]], "obs_orientations": [1.5707], "objectives": {"extension_time": 1.4, "danger_difference": 198.5441584590056, "parameter_difference": 1.5531386071585263}, "attributes": {"generation_number": 1, "individual_number": 66, "crash": true, "goal_reached": false, "scenario_length": 1}}, "[[22.019725352492216], [2.5, 7.212127910894073, 2.5], [0.021494405153802743, 86.64565321245776], [2.461334493276319, 21.601506217490748]]": {"ego_positions": [[30.15, -11.7788]], "ego_orientations": [1.5707], "obs_positions": [[36.2084, -17.6958]], "obs_orientations": [1.5707], "objectives": {"extension_time": 1.4, "danger_difference": 198.5441584590056, "parameter_difference": 1.5538181567513136}, "attributes": {"generation_number": 2, "individual_number": 108, "crash": true, "goal_reached": false, "scenario_length": 1}}, "[[23.341430356947075], [2.4933048721806172, 64.41666787394811, 2.5], [67.21510533359805, 78.29197044252278], [0.4570382202979586, 30.087154942946782]]": {"ego_positions": [[30.15, -11.7788]], "ego_orientations": [1.5707], "obs_positions": [[36.2084, -17.6958]], "obs_orientations": [1.5707], "objectives": {"extension_time": 1.4, "danger_difference": 198.5441584590056, "parameter_difference": 1.6454581146816112}, "attributes": {"generation_number": 3, "individual_number": 199, "crash": true, "goal_reached": false, "scenario_length": 1}}, "[[21.416179508655354], [2.5, 8.547043013811532, 2.5], [0.8850439071923787, 141.60539802002623], [0.3842123292377053, 14.828674275711409]]": {"ego_positions": [[30.15, -11.7788]], "ego_orientations": [1.5707], "obs_positions": [[36.2084, -17.6958]], "obs_orientations": [1.5707], "objectives": {"extension_time": 1.4, "danger_difference": 198.5441584590056, "parameter_difference": 1.5341158413750149}, "attributes": {"generation_number": 4, "individual_number": 246, "crash": true, "goal_reached": false, "scenario_length": 1}}, "[[4.183736669173454], [2.4998512040897785, 124.63915743347101, 2.5], [1.9683444101824303, 186.042520256437], [1.2900702356832838, 46.79634280978629]]": {"ego_positions": [[30.15, -11.7788]], "ego_orientations": [1.5707], "obs_positions": [[36.2084, -17.6958]], "obs_orientations": [1.5707], "objectives": {"extension_time": 1.4, "danger_difference": 198.5441584590056, "parameter_difference": 1.8467082501984418}, "attributes": {"generation_number": 5, "individual_number": 254, "crash": true, "goal_reached": false, "scenario_length": 1}}, "[[24.074430045399886], [2.5, 30.156982332932238, 2.5], [0.9143163496621702, 120.42247650409624], [2.825330846275361, 1.0583789884950145]]": {"ego_positions": [[30.15, -11.7788]], "ego_orientations": [1.5707], "obs_positions": [[36.2084, -17.6958]], "obs_orientations": [1.5707], "objectives": {"extension_time": 1.4, "danger_difference": 198.5441584590056, "parameter_difference": 1.5219118088587287}, "attributes": {"generation_number": 7, "individual_number": 386, "crash": true, "goal_reached": false, "scenario_length": 1}}, "[[5.948863042815573], [2.380980312689865, 26.35876813622713, 0.3450614786361489], [1.6131505046526473, 45.946239936932585], [0.0486625803601778, 7.608068627107128]]": {"ego_positions": [[30.15, -11.7788]], "ego_orientations": [1.5707], "obs_positions": [[36.2084, -17.6958]], "obs_orientations": [1.5707], "objectives": {"extension_time": 1.4, "danger_difference": 198.5441584590056, "parameter_difference": 0.9945992225111184}, "attributes": {"generation_number": 15, "individual_number": 778, "crash": true, "goal_reached": false, "scenario_length": 1}}}