{"[[47.227859768596595], [5.942135084715272, 354.08748342807485, 612.0028165947451], [1.974547472893283, 53.408453102276574], [1.8903267029696513, 45.99413428045377]]": {"ego_positions": [[30.15, -7.8788], [30.14972852587265, -6.570527389453293], [30.191598497799564, -5.231693965320641], [30.345443102035894, -3.8704378458312956], [30.533571528972175, -2.5955910387317442], [30.68400252501827, -1.3828136342875517], [30.72449309193364, -0.1256565025523546], [30.726230782720613, 1.3340300052017238], [30.725785430023297, 2.795855148751107], [30.725563592007944, 4.231596284567351], [30.725608635156547, 5.634634656551674], [30.723268904319355, 7.011424102635948], [30.723759611735083, 8.441614439113646], [30.77620561690977, 9.918464088148268], [30.944444411723083, 11.481985237259584], [31.180202514564947, 12.870946773707445], [31.391816520237604, 14.180133741268584], [31.595970224409434, 15.491147251886478], [31.80064016045804, 16.804357773529777], [32.01366164552225, 18.119530944504824], [32.24178304193624, 19.43604582081648], [32.489720018663725, 20.753113123529417], [32.748368012094296, 22.027580849105288], [32.90220528348869, 23.06069700167579], [32.979807093529054, 24.201052159495326], [33.02717321882654, 25.3946031110141], [33.07461162975481, 26.58997554535109], [33.12212232631385, 27.787169462506313], [33.009770983171315, 29.462151741297077], [33.06971670745367, 30.777771568358816], [33.21537029511126, 32.076904415000925], [33.479516753908165, 33.36746472002511], [33.85542068758992, 34.656417017492714], [34.292674785221664, 35.948394350205675], [34.73168501640259, 37.246089463638086], [35.12577446542736, 38.55080607466395], [35.448046115868806, 39.859979744304155], [35.69626919384379, 41.166225873299865]], "ego_orientations": [1.5707, 1.5673956953049037, 1.5002116086872628, 1.4248616181203935, 1.4251503664688494, 1.4931000335387616, 1.568058055486564, 1.5707562262901418, 1.5711201056674038, 1.5708128890251318, 1.5707567523174033, 1.5757984031420955, 1.5536577000187726, 1.5082286444516464, 1.4218313927051514, 1.405833177249902, 1.4143795764755844, 1.4172537977671058, 1.4141332041722485, 1.4054580512830168, 1.3923994288236548, 1.3768322069604682, 1.3806259046443943, 1.469639588752306, 1.5311320937563113, 1.5311320937563113, 1.5311320937563113, 1.5311320937563113, 1.549502530620745, 1.4971796994524371, 1.415937252863954, 1.3232084198815368, 1.2582812981242184, 1.2380551684757843, 1.25666615019357, 1.301595022157672, 1.3581693076265762, 1.4060443270432628], "obs_positions": [[36.2084, -12.554], [36.2084, -10.8401], [36.2084, -9.1261], [36.2084, -7.4122], [36.2084, -5.6983], [36.2084, -3.9843], [36.2084, -2.2704], [36.2084, -0.5565], [36.2084, 1.1574], [36.2084, 2.8713], [36.2084, 4.5852], [36.2084, 6.2992], [35.8405, 8.5837], [35.5801, 10.2477], [35.3569, 11.7119], [35.1181, 13.3136], [34.8717, 15.0043], [34.625, 16.739], [34.3839, 18.4811], [34.1529, 20.2042], [33.9344, 21.8922], [33.7298, 23.538], [33.5388, 25.1412], [33.3604, 26.7058], [33.1931, 28.2369], [33.0348, 29.7388], [32.8345, 31.6979], [32.6428, 33.5998], [32.4567, 35.4234], [32.2743, 37.1386], [32.0949, 38.713], [31.9184, 40.122], [31.7021, 41.6422], [31.491, 42.9341], [31.2467, 44.3074], [31.2075, 44.5272]], "obs_orientations": [1.5707, 1.5707, 1.5707, 1.5707, 1.5707, 1.5707, 1.5707, 1.5707, 1.5707, 1.5707, 1.5707, 1.7304, 1.726, 1.722, 1.7188, 1.7155, 1.712, 1.7082, 1.7041, 1.6994, 1.6945, 1.6893, 1.6842, 1.6796, 1.6757, 1.6726, 1.6712, 1.6725, 1.6767, 1.6842, 1.6954, 1.7121, 1.7327, 1.7468, 1.7473, 1.7473], "objectives": {"extension_time": 1.1, "danger_difference": 106.59051608732763, "parameter_difference": 244.82264336140466}, "attributes": {"generation_number": 0, "individual_number": 18, "crash": true, "goal_reached": true, "scenario_length": 38}}, "[[46.71799626239988], [2.5, 200.0, 2.5], [0.7919720279142564, 6.049404379390411], [0.49055142773288013, 47.51231677522991]]": {"ego_positions": [[30.15, -7.8788], [30.14972852587265, -6.570527389453293], [30.191598497799564, -5.231693965320641], [30.345443102035894, -3.8704378458312956], [30.533571528972175, -2.5955910387317442], [30.68400252501827, -1.3828136342875517], [30.72449309193364, -0.1256565025523546], [30.726230782720613, 1.3340300052017238], [30.725785430023297, 2.795855148751107], [30.725563592007944, 4.231596284567351], [30.725608635156547, 5.634634656551674], [30.723268904319355, 7.011424102635948], [30.723759611735083, 8.441614439113646], [30.77620561690977, 9.918464088148268], [30.944444411723083, 11.481985237259584], [31.180202514564947, 12.870946773707445], [31.391816520237604, 14.180133741268584], [31.595970224409434, 15.491147251886478], [31.80064016045804, 16.804357773529777], [32.01366164552225, 18.119530944504824], [32.24178304193624, 19.43604582081648], [32.489720018663725, 20.753113123529417], [32.748368012094296, 22.027580849105288], [32.90220528348869, 23.06069700167579], [32.979807093529054, 24.201052159495326], [33.02717321882654, 25.3946031110141], [33.07461162975481, 26.58997554535109], [33.12212232631385, 27.787169462506313], [33.009770983171315, 29.462151741297077], [33.06971670745367, 30.777771568358816], [33.21537029511126, 32.076904415000925], [33.479516753908165, 33.36746472002511], [33.85542068758992, 34.656417017492714], [34.292674785221664, 35.948394350205675], [34.73168501640259, 37.246089463638086], [35.12577446542736, 38.55080607466395], [35.448046115868806, 39.859979744304155], [35.69626919384379, 41.166225873299865]], "ego_orientations": [1.5707, 1.5673956953049037, 1.5002116086872628, 1.4248616181203935, 1.4251503664688494, 1.4931000335387616, 1.568058055486564, 1.5707562262901418, 1.5711201056674038, 1.5708128890251318, 1.5707567523174033, 1.5757984031420955, 1.5536577000187726, 1.5082286444516464, 1.4218313927051514, 1.405833177249902, 1.4143795764755844, 1.4172537977671058, 1.4141332041722485, 1.4054580512830168, 1.3923994288236548, 1.3768322069604682, 1.3806259046443943, 1.469639588752306, 1.5311320937563113, 1.5311320937563113, 1.5311320937563113, 1.5311320937563113, 1.549502530620745, 1.4971796994524371, 1.415937252863954, 1.3232084198815368, 1.2582812981242184, 1.2380551684757843, 1.25666615019357, 1.301595022157672, 1.3581693076265762, 1.4060443270432628], "obs_positions": [[36.2084, -12.554], [36.2084, -10.8401], [36.2084, -9.1261], [36.2084, -7.4122], [36.2084, -5.6983], [36.2084, -3.9843], [36.2084, -2.2704], [36.2084, -0.5565], [36.2084, 1.1574], [36.2084, 2.8713], [36.2084, 4.5852], [36.2084, 6.2992], [35.8405, 8.5837], [35.5801, 10.2477], [35.3569, 11.7119], [35.1181, 13.3136], [34.8717, 15.0043], [34.625, 16.739], [34.3839, 18.4811], [34.1529, 20.2042], [33.9344, 21.8922], [33.7298, 23.538], [33.5388, 25.1412], [33.3604, 26.7058], [33.1931, 28.2369], [33.0348, 29.7388], [32.8345, 31.6979], [32.6428, 33.5998], [32.4567, 35.4234], [32.2743, 37.1386], [32.0949, 38.713], [31.9184, 40.122], [31.7021, 41.6422], [31.491, 42.9341], [31.2467, 44.3074], [31.2075, 44.5272]], "obs_orientations": [1.5707, 1.5707, 1.5707, 1.5707, 1.5707, 1.5707, 1.5707, 1.5707, 1.5707, 1.5707, 1.5707, 1.7304, 1.726, 1.722, 1.7188, 1.7155, 1.712, 1.7082, 1.7041, 1.6994, 1.6945, 1.6893, 1.6842, 1.6796, 1.6757, 1.6726, 1.6712, 1.6725, 1.6767, 1.6842, 1.6954, 1.7121, 1.7327, 1.7468, 1.7473, 1.7473], "objectives": {"extension_time": 1.1, "danger_difference": 106.59051608732763, "parameter_difference": 2.185461011485617}, "attributes": {"generation_number": 1, "individual_number": 59, "crash": true, "goal_reached": true, "scenario_length": 38}},