{"[[11.636866240826249], [39.33294021146288, 88.1361904824775, 745.3133278395507], [0.1904803495461435, 175.41121238120277], [1.5924952734528206, 13.150170455709077]]": {"ego_positions": [[30.15, -16.9788]], "ego_orientations": [1.5707], "obs_positions": [[36.2084, -24.5515]], "obs_orientations": [1.5707], "objectives": {"extension_time": 1.8, "danger_difference": 198.5441584590056, "parameter_difference": 298.5409310673076}, "attributes": {"generation_number": 0, "individual_number": 8, "crash": true, "goal_reached": false, "scenario_length": 1}}, "[[27.530052378826113], [7.106085436204435, 110.16565671781208, 741.1601645578836], [1.1522690178455506, 169.68778052164964], [0.3611532592569647, 33.57303831065808]]": {"ego_positions": [[30.15, -16.9788]], "ego_orientations": [1.5707], "obs_positions": [[36.2084, -24.5515]], "obs_orientations": [1.5707], "objectives": {"extension_time": 1.8, "danger_difference": 198.5441584590056, "parameter_difference": 296.4796694860801}, "attributes": {"generation_number": 0, "individual_number": 16, "crash": true, "goal_reached": false, "scenario_length": 1}}, "[[41.614537830466645], [30.525106648156953, 136.59599505733655, 875.2024313729138], [0.6667291292008315, 175.70514153758367], [1.5760052630311627, 18.842319233789816]]": {"ego_positions": [[30.15, -16.9788]], "ego_orientations": [1.5707], "obs_positions": [[36.2084, -24.5515]], "obs_orientations": [1.5707], "objectives": {"extension_time": 1.8, "danger_difference": 198.5441584590056, "parameter_difference": 350.29587229741526}, "attributes": {"generation_number": 0, "individual_number": 27, "crash": true, "goal_reached": false, "scenario_length": 1}}, "[[41.614537830466645], [30.525106648156953, 136.59599505733655, 2.4218920391908214], [0.6667291292008315, 160.5862108193553], [1.5760052630311627, 18.842319233789816]]": {"ego_positions": [[30.15, -16.9788]], "ego_orientations": [1.5707], "obs_positions": [[36.2084, -24.5515]], "obs_orientations": [1.5707], "objectives": {"extension_time": 1.8, "danger_difference": 198.5441584590056, "parameter_difference": 12.305647481654269}, "attributes": {"generation_number": 1, "individual_number": 50, "crash": true, "goal_reached": false, "scenario_length": 1}}, "[[27.45539017063573], [7.106085436204435, 125.04131004005936, 2.5], [1.421228979413801, 170.22556451407354], [0.3611532592569647, 9.849561195951205]]": {"ego_positions": [[30.15, -16.9788]], "ego_orientations": [1.5707], "obs_positions": [[36.2084, -24.5515]], "obs_orientations": [1.5707], "objectives": {"extension_time": 1.8, "danger_difference": 198.5441584590056, "parameter_difference": 3.1506509410856847}, "attributes": {"generation_number": 1, "individual_number": 75, "crash": true, "goal_reached": false, "scenario_length": 1}}, "[[41.52450393383934], [2.5, 160.75737147403862, 875.2024313729138], [0.6667291292008315, 180.8654547139148], [0.426346213531842, 18.278582549664208]]": {"ego_positions": [[30.15, -16.9788]], "ego_orientations": [1.5707], "obs_positions": [[36.2084, -24.5515]], "obs_orientations": [1.5707], "objectives": {"extension_time": 1.8, "danger_difference": 198.5441584590056, "parameter_difference": 350.0846864589885}, "attributes": {"generation_number": 1, "individual_number": 86, "crash": true, "goal_reached": false, "scenario_length": 1}}, "[[27.5888869467099], [7.106085436204435, 110.16565671781208, 2.5], [1.1385162295733404, 169.68778052164964], [0.29993252278913973, 33.2748150636278]]": {"ego_positions": [[30.15, -16.9788]], "ego_orientations": [1.5707], "obs_positions": [[36.2084, -24.5515]], "obs_orientations": [1.5707], "objectives": {"extension_time": 1.8, "danger_difference": 198.5441584590056, "parameter_difference": 3.200843777180369}, "attributes": {"generation_number": 1, "individual_number": 92, "crash": true, "goal_reached": false, "scenario_length": 1}}, "[[27.45539017063573], [7.106085436204435, 111.09319863409084, 2.5], [1.421228979413801, 84.99272122671508], [0.350404247543506, 9.849561195951205]]": {"ego_positions": [[30.15, -16.9788]], "ego_orientations": [1.5707], "obs_positions": [[36.2084, -24.5515]], "obs_orientations": [1.5707], "objectives": {"extension_time": 1.8, "danger_difference": 198.5441584590056, "parameter_difference": 3.1236590101503}, "attributes": {"generation_number": 2, "individual_number": 115, "crash": true, "goal_reached": false, "scenario_length": 1}}, "[[10.31209173693681], [7.106085436204435, 200.0, 2.5], [1.421228979413801, 170.22556451407354], [0.4871272867202534, 9.849561195951205]]": {"ego_positions": [[30.15, -16.9788]], "ego_orientations": [1.5707], "obs_positions": [[36.2084, -24.5515]], "obs_orientations": [1.5707], "objectives": {"extension_time": 1.8, "danger_difference": 198.5441584590056, "parameter_difference": 3.2057412842126136}, "attributes": {"generation_number": 2, "individual_number": 130, "crash": true, "goal_reached": false, "scenario_length": 1}}}