{"[[0.19298590073448807], [15.6757669927238, 163.64530524511522, 338.1303047566334], [0.9051263739996138, 57.19949695556741], [2.023091048440766, 20.891223650912366]]": {"ego_positions": [[30.15, -20.8788]], "ego_orientations": [1.5707], "obs_positions": [[36.2084, -29.6933]], "obs_orientations": [1.5707], "objectives": {"extension_time": 2.1, "danger_difference": 198.5441584590056, "parameter_difference": 135.40056144065187}, "attributes": {"generation_number": 0, "individual_number": 32, "crash": true, "goal_reached": false, "scenario_length": 1}}, "[[19.1322351383086], [2.5, 463.48312877125494, 2.5], [1.3008159096915932, 67.50299973920772], [0.45854800017788233, 10.75518638510092]]": {"ego_positions": [[30.15, -20.8788]], "ego_orientations": [1.5707], "obs_positions": [[36.2084, -29.6933]], "obs_orientations": [1.5707], "objectives": {"extension_time": 2.1, "danger_difference": 198.5441584590056, "parameter_difference": 2.753436810086749}, "attributes": {"generation_number": 3, "individual_number": 167, "crash": true, "goal_reached": false, "scenario_length": 1}}, "[[23.07967590407089], [2.3231954130170234, 134.91455867698102, 2.5], [66.46268400090298, 78.34012605167348], [0.4704461559762157, 30.087154942946782]]": {"ego_positions": [[30.15, -20.8788]], "ego_orientations": [1.5707], "obs_positions": [[36.2084, -29.6933]], "obs_orientations": [1.5707], "objectives": {"extension_time": 2.1, "danger_difference": 198.5441584590056, "parameter_difference": 1.7096269220103033}, "attributes": {"generation_number": 3, "individual_number": 177, "crash": true, "goal_reached": false, "scenario_length": 1}}}