{"[[11.898706472522374], [42.6135746558308, 430.7999008811889, 397.55467817488534], [0.7172883227865665, 52.3911284643934], [0.3086326181969934, 37.326688535677896]]": {"ego_positions": [[30.15, -27.3789], [30.153957146702496, -26.079102294978384], [30.182697331491863, -24.779990487076216], [30.26554308731465, -23.48036052259454], [30.413043354021138, -22.178912213701974], [30.614087358458598, -20.874480133420956], [30.832552487982042, -19.56542714297402], [31.053802242480685, -18.250787000694107], [31.31699494913989, -16.93032521654548], [31.621121428046422, -15.607194556835527], [31.94109837142547, -14.292366169604232], [32.254158149846276, -12.988899522863857], [32.54275894871596, -11.690829996308121], [32.79432503226951, -10.360320176549788], [32.94282814032561, -9.009491780488528], [32.99419689880902, -7.655275330738526], [33.03631484797794, -6.304823109426786], [33.10989945831141, -4.956830043746523], [33.37711008373308, -3.609996534402382], [33.567573477551534, -2.2330177918694516], [33.63657555733254, -0.8362868754237649], [33.59833521435748, 0.5586882371897608], [33.508795717811985, 1.9297695541472337], [33.466689086569744, 3.268890767819199], [33.52521796308149, 4.580703057356345], [33.67333425248776, 5.875066763898361], [33.86080742464132, 7.05828354969732], [34.01276046510537, 8.179797091173757], [34.11156195872257, 9.413335248573592], [34.12932355799277, 10.718581752742617], [34.12932355799277, 12.068581752742617], [34.12932355799277, 13.418581752742618], [34.12932355799277, 14.768581752742618], [34.12932355799277, 16.118581752742617], [34.12932355799277, 17.468581752742615], [34.12932355799277, 18.818581752742617], [34.12932355799277, 20.168581752742618], [34.12932355799277, 21.518581752742616], [34.12932355799277, 22.868581752742614], [34.12932355799277, 24.218581752742615], [34.12932355799277, 25.568581752742617], [34.12932355799277, 26.918581752742618], [34.12932355799277, 28.26858175274262], [34.16303007845467, 29.622014816295724], [34.25896885054908, 30.981012522216425], [34.41205744170955, 32.343721226389754], [34.6292710264089, 33.70806373191227], [34.88943254147273, 35.07247966304597], [35.158385668931516, 36.43599003910004], [35.40625198919999, 37.798043450295474], [35.61398564864802, 39.15839180812884], [35.77965548093276, 40.51672667510609]], "ego_orientations": [1.5707, 1.5620948918935613, 1.5306493673268222, 1.4825307325375499, 1.4343888229958077, 1.4068880246770343, 1.40800891254064, 1.3920332852444526, 1.3570166734214817, 1.3361190781786787, 1.3299825058552246, 1.344577339812666, 1.3588903350806742, 1.4189688738082087, 1.5020579512127208, 1.552621672707007, 1.5162621815358928, 1.5162621815358928, 1.392210716020968, 1.477164976628849, 1.5635738481094956, 1.627867815333798, 1.6301859179248304, 1.5659165777166428, 1.4888392266605441, 1.4275622417310683, 1.419456221065016, 1.4694456628874082, 1.5291139341870534, 1.5707963267948968, 1.5707963267948968, 1.5707963267948968, 1.5707963267948968, 1.5707963267948968, 1.5707963267948968, 1.5707963267948968, 1.5707963267948968, 1.5707963267948968, 1.5707963267948968, 1.5707963267948968, 1.5707963267948968, 1.5707963267948968, 1.5707963267948968, 1.5218402993520175, 1.4805119778598463, 1.4351070048631387, 1.39380842350536, 1.375227804960621, 1.3804738684520617, 1.4034309001622742, 1.4361017631284754, 1.460871702944667], "obs_positions": [[36.2084, -38.2629], [36.2084, -36.549], [36.2084, -34.8351], [36.2084, -33.1211], [36.2084, -31.4072], [36.2084, -29.6933], [36.2084, -27.9794], [36.2084, -26.2654], [36.2084, -24.5515], [36.2084, -22.8376], [36.2084, -21.1236], [36.2084, -19.4097], [36.2084, -17.6958], [36.2084, -15.9818], [36.2084, -14.2679], [36.2084, -12.554], [36.2084, -10.8401], [36.2084, -9.1261], [36.2084, -7.4122], [36.2084, -5.6983], [36.2084, -3.9843], [36.2084, -2.2704], [36.2084, -0.5565], [36.2084, 1.1574], [36.2084, 2.8713], [36.2084, 4.5852], [36.2084, 6.2992], [35.8405, 8.5837], [35.5801, 10.2477], [35.3569, 11.7119], [35.1181, 13.3136], [34.8717, 15.0043], [34.625, 16.739], [34.3839, 18.4811], [34.1529, 20.2042], [33.9344, 21.8922], [33.7298, 23.538], [33.5388, 25.1412], [33.3604, 26.7058], [33.1931, 28.2369], [33.0348, 29.7388], [32.8345, 31.6979], [32.6428, 33.5998], [32.4567, 35.4234], [32.2743, 37.1386], [32.0949, 38.713], [31.9184, 40.122], [31.7021, 41.6422], [31.491, 42.9341], [31.2467, 44.3074], [31.2075, 44.5272], [31.16830510219112, 44.74695197015215]], "obs_orientations": [1.5707, 1.5707, 1.5707, 1.5707, 1.5707, 1.5707, 1.5707, 1.5707, 1.5707, 1.5707, 1.5707, 1.5707, 1.5707, 1.5707, 1.5707, 1.5707, 1.5707, 1.5707, 1.5707, 1.5707, 1.5707, 1.5707, 1.5707, 1.5707, 1.5707, 1.5707, 1.7304, 1.726, 1.722, 1.7188, 1.7155, 1.712, 1.7082, 1.7041, 1.6994, 1.6945, 1.6893, 1.6842, 1.6796, 1.6757, 1.6726, 1.6712, 1.6725, 1.6767, 1.6842, 1.6954, 1.7121, 1.7327, 1.7468, 1.7473, 1.7473, 1.7473], "objectives": {"extension_time": 2.6, "danger_difference": 104.95625342620505, "parameter_difference": 159.94926351049307}, "attributes": {"generation_number": 0, "individual_number": 11, "crash": true, "goal_reached": true, "scenario_length": 52}}, "[[31.442751463692417], [42.6135746558308, 430.7999008811889, 397.55467817488534], [0.7291205680691493, 49.050708302296385], [0.10927483223200196, 37.481705716250474]]": {"ego_positions": [[30.15, -27.3789], [30.15452918187384, -26.078654014747926], [30.190312748153055, -24.776740917711752], [30.29132264630041, -23.471731963309548], [30.442882811035375, -22.164976627942064], [30.629221458195214, -20.855028217010958], [30.827628537019955, -19.5404431385634], [31.039881034115332, -18.219637923597272], [31.27224822529849, -16.889440755341173], [31.430076913857917, -15.550625013124947], [31.495693661615917, -14.205893039233015], [31.50814329308524, -12.85778692209254], [31.504952870139427, -11.508073152405668], [31.503546789190004, -10.164605028542564], [31.503498408154453, -8.858603976373725], [31.500656951438025, -7.6119897514679336], [31.516937600535023, -6.360981157169031], [31.56494144478413, -5.128938324443192], [31.688308817585455, -3.8839701703212164], [31.85343981697742, -2.737891267464125], [31.965467092442317, -1.6475115950914094], [32.04410071777978, -0.5566568095754334], [32.10940032220225, 0.5318885890931666], [32.179898373085464, 1.6186750016980485], [32.2653289068807, 2.7141414589783937], [32.35679480405825, 3.825294141556243], [32.45500319143109, 4.963829285977766], [32.6095159825345, 6.094581730994847], [32.78814704803437, 7.085161603197349], [32.90768420463453, 7.938162444208695], [32.97443542206907, 8.872442740645607], [33.01813835288884, 9.84427846540979], [33.06189248670284, 10.817252807151569], [33.035118214498645, 12.031455309624754], [33.14803048245288, 13.137915959040733], [33.33578539838692, 14.251408680134624], [33.583528131374344, 15.37330207946254], [33.87123471854794, 16.504374656361684], [34.18410916757154, 17.64531001568833], [34.52011857831124, 18.79762832015731], [34.85851439398995, 19.962301739512576], [35.18007943627443, 21.139846960115243], [35.47193843405959, 22.33047740773315], [35.7263555190209, 23.53415886387763], [35.93964562535146, 24.750658167043078], [36.11121194936146, 25.979585576495886], [36.242714127141994, 27.220094215482042], [36.33722709833509, 28.47046414920832], [36.39781167292666, 29.73057884015673], [36.42650246565912, 31.00049581801205], [36.42748578529095, 32.27997896255706], [36.40455024870088, 33.56879925068237], [36.35778851234877, 34.867253032191854], [36.29465964495519, 36.175122802347566], [36.22587211692535, 37.49165135607557], [36.16067815837547, 38.815794528573235], [36.101035243727864, 40.14684549383205]],