{"[[42.20532418642031], [1.7312435062886877, 122.42917845021245, 42.30655619539936], [2.0849041134285424, 10.924566070577747], [1.7161447722065117, 16.4428561974354]]": {"ego_positions": [[30.15, -29.9789], [30.150121746727773, -28.678654014747927], [30.15022295783326, -27.37674091771175], [30.150286855747684, -26.070904562387277], [30.150316652731117, -24.75970431069132], [30.15032462657942, -23.442594775265242], [30.15032225867374, -22.11962546277484], [30.150318273379725, -20.790610046848457], [30.15031791402034, -19.454282009734605], [30.150318374251086, -18.1117415679064], [30.150318433069906, -16.765108342764115], [30.1503183805303, -15.416220078508323], [30.14982758668308, -14.06745195872509], [30.146913475446073, -12.724810183001784], [30.142790064506674, -11.390559766317017], [30.142589426005777, -10.057130031924066], [30.16477367632918, -8.616796210316384], [30.263040016268796, -7.106055963674965], [30.50607470899151, -5.503118400232887], [30.810588135810292, -4.139723050902908], [31.101625411458556, -2.843398596836533], [31.390830185034602, -1.5466242636803584], [31.680323940318715, -0.24927156258616234], [31.97155148310538, 1.0487672450602075], [32.26521707475468, 2.347724244316535], [32.56181538140036, 3.6480689136069056], [32.84151779643457, 4.880371298050344], [32.999435167951354, 5.913237244789603], [33.072971644078784, 7.065167442085198], [33.08386609879639, 8.297777932676093], [33.07223604037617, 9.641521727067849], [33.055468246557716, 10.986865373014803], [33.03663789795156, 12.333627975614457], [33.019455920872566, 13.681594149541619], [33.00710490793458, 15.030514019048107], [33.00107503864512, 16.380103217963033], [33.0, 17.730042889692648], [33.0, 19.08004288969265], [33.0, 20.430042889692647], [33.0, 21.78004288969265], [33.0, 23.130042889692646], [33.0, 24.480042889692648], [33.0, 25.83004288969265], [33.0, 27.180042889692647], [33.0, 28.530042889692645], [33.0, 29.880042889692646], [33.01742193636083, 31.231115768032947], [33.120545122421746, 32.58470356576295], [33.35237712614564, 33.94238731843659], [33.719160991623056, 35.30913249715631], [34.188735570941255, 36.68841958782673], [34.70224875076479, 38.084110057670514], [35.18998084260136, 39.493482889980754], [35.58597505014715, 40.90327897784509]], "ego_orientations": [1.5707, 1.57070781023374, 1.5707321905018603, 1.5707618439295845, 1.5707835931174445, 1.5707954140049822, 1.5707998674459993, 1.5707978312918423, 1.570795963684414, 1.5707961371978458, 1.5707963629647719, 1.5707963504841551, 1.5718484955143863, 1.5742113462701095, 1.5724439007288162, 1.5699719226005964, 1.530120884259871, 1.465729786382814, 1.3660702881768292, 1.3490628186943419, 1.3508438950474289, 1.3515563493663323, 1.350778261072299, 1.349349896001486, 1.347483377019953, 1.3456826162024318, 1.3739696039053348, 1.473946314355762, 1.5374098105177214, 1.5770721635461038, 1.581654585444845, 1.5844672469610968, 1.5846141957991144, 1.5820638037536308, 1.5776438689802517, 1.5730399474435364, 1.5707963267948966, 1.5707963267948966, 1.5707963267948966, 1.5707963267948966, 1.5707963267948966, 1.5707963267948966, 1.5707963267948966, 1.5707963267948966, 1.5707963267948966, 1.5707963267948966, 1.5340827106407662, 1.4508676342721911, 1.3527167876241892, 1.2696622156480715, 1.2229344747297293, 1.2206912316961882, 1.2616131998903857, 1.3377184402324456], "obs_positions": [[36.2084, -41.6908], [36.2084, -39.9769], [36.2084, -38.2629], [36.2084, -36.549], [36.2084, -34.8351], [36.2084, -33.1211], [36.2084, -31.4072], [36.2084, -29.6933], [36.2084, -27.9794], [36.2084, -26.2654], [36.2084, -24.5515], [36.2084, -22.8376], [36.2084, -21.1236], [36.2084, -19.4097], [36.2084, -17.6958], [36.2084, -15.9818], [36.2084, -14.2679], [36.2084, -12.554], [36.2084, -10.8401], [36.2084, -9.1261], [36.2084, -7.4122], [36.2084, -5.6983], [36.2084, -3.9843], [36.2084, -2.2704], [36.2084, -0.5565], [36.2084, 1.1574], [36.2084, 2.8713], [36.2084, 4.5852], [36.2084, 6.2992], [35.8405, 8.5837], [35.5801, 10.2477], [35.3569, 11.7119], [35.1181, 13.3136], [34.8717, 15.0043], [34.625, 16.739], [34.3839, 18.4811], [34.1529, 20.2042], [33.9344, 21.8922], [33.7298, 23.538], [33.5388, 25.1412], [33.3604, 26.7058], [33.1931, 28.2369], [33.0348, 29.7388], [32.8345, 31.6979], [32.6428, 33.5998], [32.4567, 35.4234], [32.2743, 37.1386], [32.0949, 38.713], [31.9184, 40.122], [31.7021, 41.6422], [31.491, 42.9341], [31.2467, 44.3074], [31.2075, 44.5272], [31.16830510219112, 44.74695197015215]], "obs_orientations": [1.5707, 1.5707, 1.5707, 1.5707, 1.5707, 1.5707, 1.5707, 1.5707, 1.5707, 1.5707, 1.5707, 1.5707, 1.5707, 1.5707, 1.5707, 1.5707, 1.5707, 1.5707, 1.5707, 1.5707, 1.5707, 1.5707, 1.5707, 1.5707, 1.5707, 1.5707, 1.5707, 1.5707, 1.7304, 1.726, 1.722, 1.7188, 1.7155, 1.712, 1.7082, 1.7041, 1.6994, 1.6945, 1.6893, 1.6842, 1.6796, 1.6757, 1.6726, 1.6712, 1.6725, 1.6767, 1.6842, 1.6954, 1.7121, 1.7327, 1.7468, 1.7473, 1.7473, 1.7473], "objectives": {"extension_time": 2.8, "danger_difference": 104.95625342620505, "parameter_difference": 16.972087359562003}, "attributes": {"generation_number": 0, "individual_number": 9, "crash": true, "goal_reached": true, "scenario_length": 54}}}