{"[[18.80494534333657], [2.6817822530388225, 17.35068764625187, 2.5], [1.4235530720981213, 45.64345917435047], [2.443648010762402, 16.66714979171764]]": {"ego_positions": [[-30.8032, 5.2029], [-28.713591145829906, 4.992948210390771], [-26.623280074260776, 4.782448964226306], [-24.53166385879644, 4.57112225089531], [-22.438269114661082, 4.358837497201073], [-20.342736361554845, 4.145570315896962], [-18.244802987413532, 3.9313905000222347], [-16.144289482128407, 3.7164194645297646], [-14.041089130078161, 3.500796005802333], [-11.935156616059054, 3.2846642035355926], [-9.826493523623464, 3.0681988841507084], [-7.716446927846641, 2.8515454740323567], [-5.609347636935646, 2.64127850281293], [-3.502954650577547, 2.4894762992096786], [-1.3961531581544744, 2.483466959715146], [0.7018797217114405, 2.58730603116029], [2.7779315868045935, 2.682525266206757], [4.823592386902544, 2.6563028121675556], [6.844112277661739, 2.4896312069215023], [8.858995871308439, 2.2874835720098106], [10.873879736230574, 2.085335909881813], [12.887573071169113, 1.8925842967536022], [14.897471588996561, 1.6970536972338544], [16.901996094542447, 1.471330928493092], [18.899267971824553, 1.1835649708878848], [20.890726133546867, 0.8382011321303777]], "ego_orientations": [6.1831, -0.10022875364718153, -0.10051789442405035, -0.10087506619269604, -0.10124632011120038, -0.10159103444687911, -0.10187453846340144, -0.10208802487902346, -0.10223101783592092, -0.10229759472657829, -0.10228241829393614, -0.1024024892438149, -0.09393737040173811, -0.0399346893012531, 0.03074292935581191, 0.058208284106261665, 0.02348548040089593, -0.05190962088041573, -0.09999260515008235, -0.09999260515008235, -0.09999260515008235, -0.09394729231452104, -0.10155502651635562, -0.1264153478075567, -0.1590702599345999, -0.18203999826180528], "obs_positions": [[-42.0777, 2.8379], [-39.0927, 2.5384], [-36.1077, 2.2389], [-33.1227, 1.9394], [-30.1377, 1.6399], [-27.1977, 1.0412], [-24.2221, 0.5292], [-21.251, 0.1132], [-18.2485, -0.2094], [-15.2371, -0.4333], [-12.2395, -0.556], [-9.2202, -0.5776], [-6.2209, -0.4968], [-3.2075, -0.3121], [-0.2204, -0.026], [2.7729, 0.3645], [5.7337, 0.8536], [8.6937, 1.4457], [11.6154, 2.1315], [14.5299, 2.9166], [17.4015, 3.7894], [20.2607, 4.7566]], "obs_orientations": [6.1831, 6.1832, 6.1831, 6.1831, 6.0823, 6.1127, 6.144, 6.1761, -0.0743, -0.041, -0.0072, 0.0269, 0.061, 0.0955, 0.1296, 0.1636, 0.1973, 0.2305, 0.2631, 0.295, 0.326, 0.3563], "objectives": {"extension_time": 0.4, "danger_difference": -0.39922108671467527, "parameter_difference": 1.556126910731418}, "attributes": {"generation_number": 3, "individual_number": 180, "crash": true, "goal_reached": true, "scenario_length": 26}}, "[[19.275936682200392], [2.4897641183716805, 17.52961753690632, 2.5], [1.43596301453542, 45.64345917435047], [2.4192628134064105, 11.480349142019566]]": {"ego_positions": [[-30.8032, 5.2029], [-28.713591145829906, 4.992948210390771], [-26.623280074260776, 4.782448964226306], [-24.53166385879644, 4.57112225089531], [-22.438269114661082, 4.358837497201073], [-20.342736361554845, 4.145570315896962], [-18.244802987413532, 3.9313905000222347], [-16.144289482128407, 3.7164194645297646], [-14.041089130078161, 3.500796005802333], [-11.935156616059054, 3.2846642035355926], [-9.826493523623464, 3.0681988841507084], [-7.716446927846641, 2.8515454740323567], [-5.609347636935646, 2.64127850281293], [-3.502954650577547, 2.4894762992096786], [-1.3961531581544744, 2.483466959715146], [0.7018797217114405, 2.58730603116029], [2.7779315868045935, 2.682525266206757], [4.823592386902544, 2.6563028121675556], [6.844112277661739, 2.4896312069215023], [8.858995871308439, 2.2874835720098106], [10.873879736230574, 2.085335909881813], [12.887573071169113, 1.8925842967536022], [14.897471588996561, 1.6970536972338544], [16.901996094542447, 1.471330928493092], [18.899267971824553, 1.1835649708878848], [20.890726133546867, 0.8382011321303777]], "ego_orientations": [6.1831, -0.10022875364718153, -0.10051789442405035, -0.10087506619269604, -0.10124632011120038, -0.10159103444687911, -0.10187453846340144, -0.10208802487902346, -0.10223101783592092, -0.10229759472657829, -0.10228241829393614, -0.1024024892438149, -0.09393737040173811, -0.0399346893012531, 0.03074292935581191, 0.058208284106261665, 0.02348548040089593, -0.05190962088041573, -0.09999260515008235, -0.09999260515008235, -0.09999260515008235, -0.09394729231452104, -0.10155502651635562, -0.1264153478075567, -0.1590702599345999, -0.18203999826180528], "obs_positions": [[-42.0777, 2.8379], [-39.0927, 2.5384], [-36.1077, 2.2389], [-33.1227, 1.9394], [-30.1377, 1.6399], [-27.1977, 1.0412], [-24.2221, 0.5292], [-21.251, 0.1132], [-18.2485, -0.2094], [-15.2371, -0.4333], [-12.2395, -0.556], [-9.2202, -0.5776], [-6.2209, -0.4968], [-3.2075, -0.3121], [-0.2204, -0.026], [2.7729, 0.3645], [5.7337, 0.8536], [8.6937, 1.4457], [11.6154, 2.1315], [14.5299, 2.9166], [17.4015, 3.7894], [20.2607, 4.7566]], "obs_orientations": [6.1831, 6.1832, 6.1831, 6.1831, 6.0823, 6.1127, 6.144, 6.1761, -0.0743, -0.041, -0.0072, 0.0269, 0.061, 0.0955, 0.1296, 0.1636, 0.1973, 0.2305, 0.2631, 0.295, 0.326, 0.3563], "objectives": {"extension_time": 0.4, "danger_difference": -0.39922108671467527, "parameter_difference": 1.4871216502797593}, "attributes": {"generation_number": 4, "individual_number": 206, "crash": true, "goal_reached": true, "scenario_length": 26}}, "[[18.802804323428763], [0.5633608637576146, 21.999110222152368, 2.5], [1.4235530720981213, 48.61245461739236], [2.392554788800906, 16.66264064981214]]": {"ego_positions": [[-30.8032, 5.2029], [-28.713591145829906, 4.992948210390771], [-26.623280074260776, 4.782448964226306], [-24.53166385879644, 4.57112225089531], [-22.438269114661082, 4.358837497201073], [-20.342736361554845, 4.145570315896962], [-18.244802987413532, 3.9313905000222347], [-16.144289482128407, 3.7164194645297646], [-14.041089130078161, 3.500796005802333], [-11.935156616059054, 3.2846642035355926], [-9.826493523623464, 3.0681988841507084], [-7.716446927846641, 2.8515454740323567], [-5.609347636935646, 2.64127850281293], [-3.502954650577547, 2.4894762992096786], [-1.3961531581544744, 2.483466959715146], [0.7018797217114405, 2.58730603116029], [2.7779315868045935, 2.682525266206757], [4.823592386902544, 2.6563028121675556], [6.844112277661739, 2.4896312069215023], [8.858995871308439, 2.2874835720098106], [10.873879736230574, 2.085335909881813], [12.887573071169113, 1.8925842967536022], [14.897471588996561, 1.6970536972338544], [16.901996094542447, 1.471330928493092], [18.899267971824553, 1.1835649708878848], [20.890726133546867, 0.8382011321303777]], "ego_orientations": [6.1831, -0.10022875364718153, -0.10051789442405035, -0.10087506619269604, -0.10124632011120038, -0.10159103444687911, -0.10187453846340144, -0.10208802487902346, -0.10223101783592092, -0.10229759472657829, -0.10228241829393614, -0.1024024892438149, -0.09393737040173811, -0.0399346893012531, 0.03074292935581191, 0.058208284106261665, 0.02348548040089593, -0.05190962088041573, -0.09999260515008235, -0.09999260515008235, -0.09999260515008235, -0.09394729231452104, -0.10155502651635562, -0.1264153478075567, -0.1590702599345999, -0.18203999826180528], "obs_positions": [[-42.0777, 2.8379], [-39.0927, 2.5384], [-36.1077, 2.2389], [-33.1227, 1.9394], [-30.1377, 1.6399], [-27.1977, 1.0412], [-24.2221, 0.5292], [-21.251, 0.1132], [-18.2485, -0.2094], [-15.2371, -0.4333], [-12.2395, -0.556], [-9.2202, -0.5776], [-6.2209, -0.4968], [-3.2075, -0.3121], [-0.2204, -0.026], [2.7729, 0.3645], [5.7337, 0.8536], [8.6937, 1.4457], [11.6154, 2.1315], [14.5299, 2.9166], [17.4015, 3.7894], [20.2607, 4.7566]], "obs_orientations": [6.1831, 6.1832, 6.1831, 6.1831, 6.0823, 6.1127, 6.144, 6.1761, -0.0743, -0.041, -0.0072, 0.0269, 0.061, 0.0955, 0.1296, 0.1636, 0.1973, 0.2305, 0.2631, 0.295, 0.326, 0.3563], "objectives": {"extension_time": 0.4, "danger_difference": -0.39922108671467527, "parameter_difference": 1.151997894833299},