{"[[27.515382222406625], [20.172685476821584, 396.4318449968767, 860.3614462216357], [0.8087210579047055, 17.9112564150508], [0.5709423367529848, 35.845620840120546]]": {"ego_positions": [[-34.9822, 5.6223], [-32.89258029753602, 5.412381928769712], [-30.802235580613065, 5.201967169080673], [-28.71057260023809, 4.990694714450407], [-26.617127672908822, 4.778417307224519], [-24.521538789532073, 4.565153013708663], [-22.42354359980859, 4.350981369231991], [-20.3229656521354, 4.1360122140322995], [-18.219699466577303, 3.920393840056808], [-16.113699153705063, 3.704283094319369], [-14.004969788410053, 3.4878240457271765], [-11.89355882951157, 3.271140526247349], [-9.779542148724468, 3.05438062493833], [-7.664328311153319, 2.8380274446669684], [-5.552946736273278, 2.6296464364730125], [-3.446051751571167, 2.4805579599550076], [-1.345032335845096, 2.477195396696307], [0.7397212857450232, 2.5833965881580725], [2.7950640935479463, 2.680929132666721], [4.813894856205444, 2.657316440479568], [6.803985373593536, 2.4936571164745223], [8.787779180923414, 2.2946285592530056], [10.771576726053212, 2.09559962702834], [12.751892869562504, 1.8954230675739308], [14.724078311922774, 1.6474733940621458], [16.690128199785946, 1.334114371278975], [18.654203222977767, 0.9735989673772509], [20.620437435483026, 0.594365604429523], [22.591889471339062, 0.22170442786946634]], "ego_orientations": [6.1831, -0.10019575498275479, -0.10047233965549829, -0.10086370912898612, -0.1012438562586091, -0.10158507675675743, -0.10186824878287482, -0.1020842752243496, -0.10222116917444524, -0.10228521001656521, -0.10228949911547236, -0.10223192887861021, -0.10211357566868262, -0.10165110869930061, -0.09263836337749609, -0.038663660164504954, 0.03206930067464153, 0.05978364366157063, 0.024945762645430136, -0.05125382110006527, -0.09999264188425983, -0.09999264188425983, -0.09999264188425983, -0.10901209323278849, -0.1421794739419937, -0.17209089533247912, -0.1884239923896045, -0.19046774524763066, -0.18176808430644975], "obs_positions": [[-48.0477, 3.4368], [-45.0627, 3.1373], [-42.0777, 2.8379], [-39.0927, 2.5384], [-36.1077, 2.2389], [-33.1227, 1.9394], [-30.1377, 1.6399], [-27.1977, 1.0412], [-24.2221, 0.5292], [-21.251, 0.1132], [-18.2485, -0.2094], [-15.2371, -0.4333], [-12.2395, -0.556], [-9.2202, -0.5776], [-6.2209, -0.4968], [-3.2075, -0.3121], [-0.2204, -0.026], [2.7729, 0.3645], [5.7337, 0.8536], [8.6937, 1.4457], [11.6154, 2.1315], [14.5299, 2.9166], [17.4015, 3.7894], [20.2607, 4.7566]], "obs_orientations": [6.1831, 6.1832, 6.1831, 6.1832, 6.1831, 6.1831, 6.0823, 6.1127, 6.144, 6.1761, -0.0743, -0.041, -0.0072, 0.0269, 0.061, 0.0955, 0.1296, 0.1636, 0.1973, 0.2305, 0.2631, 0.295, 0.326, 0.3563], "objectives": {"extension_time": 0.6, "danger_difference": -0.1982236225092464, "parameter_difference": 344.2460573962113}, "attributes": {"generation_number": 1, "individual_number": 69, "crash": true, "goal_reached": true, "scenario_length": 29}}, "[[49.72153525849578], [25.710642563983217, 363.54735303072636, 17.41925980873582], [1.825250829614207, 171.1802336799476], [1.7390086421517852, 41.39075275138897]]": {"ego_positions": [[-34.9822, 5.6223], [-32.89258029753602, 5.412381928769712], [-30.802235580613065, 5.201967169080673], [-28.71057260023809, 4.990694714450407], [-26.617127672908822, 4.778417307224519], [-24.521538789532073, 4.565153013708663], [-22.42354359980859, 4.350981369231991], [-20.3229656521354, 4.1360122140322995], [-18.219699466577303, 3.920393840056808], [-16.113699153705063, 3.704283094319369], [-14.004969788410053, 3.4878240457271765], [-11.89355882951157, 3.271140526247349], [-9.779542148724468, 3.05438062493833], [-7.664359926519469, 2.8377123333971195], [-5.553119408547104, 2.6279253665004756], [-3.446370500830193, 2.4773807224567976], [-1.3453798739915346, 2.4737311322861038], [0.7394663915203928, 2.580855845342714], [2.7949474440618944, 2.6797664509332026], [4.813874004932383, 2.657108610356306], [6.803985373593536, 2.493657116474524], [8.787779180923414, 2.2946285592530073], [10.771576726053212, 2.0955996270283417], [12.751887009777436, 1.8953646715207921], [14.724320865265259, 1.6531497322164777], [16.69129122029858, 1.3690914058743282], [18.655648066976237, 1.0544505285241232], [20.619926820781583, 0.7128020425457076], [22.586943356855713, 0.3579692895192038]], "ego_orientations": [6.1831, -0.10019575498275479, -0.10047233965549829, -0.10086370912898612, -0.1012438562586091, -0.10158507675675743, -0.10186824878287482, -0.1020842752243496, -0.10222116917444524, -0.10228521001656521, -0.10228949911547236, -0.10223192887861021, -0.10211357566868262, -0.10207131539215464, -0.09344147189624952, -0.039129732263859296, 0.032259555760369096, 0.06040951363470182, 0.025576482318327542, -0.05097565265794657, -0.09999264188425983, -0.09999264188425983, -0.09999264188425983, -0.10906006286778425, -0.13406999479734516, -0.15151924223485036, -0.16625225864423765, -0.1768269995138647, -0.1785882624315578], "obs_positions": [[-48.0477, 3.4368], [-45.0627, 3.1373], [-42.0777, 2.8379], [-39.0927, 2.5384], [-36.1077, 2.2389], [-33.1227, 1.9394], [-30.1377, 1.6399], [-27.1977, 1.0412], [-24.2221, 0.5292], [-21.251, 0.1132], [-18.2485, -0.2094], [-15.2371, -0.4333], [-12.2395, -0.556], [-9.2202, -0.5776], [-6.2209, -0.4968], [-3.2075, -0.3121], [-0.2204, -0.026], [2.7729, 0.3645], [5.7337, 0.8536], [8.6937, 1.4457], [11.6154, 2.1315], [14.5299, 2.9166], [17.4015, 3.7894], [20.2607, 4.7566]], "obs_orientations": [6.1831, 6.1832, 6.1831, 6.1832, 6.1831, 6.1831, 6.0823, 6.1127, 6.144, 6.1761, -0.0743, -0.041, -0.0072, 0.0269, 0.061, 0.0955, 0.1296, 0.1636, 0.1973, 0.2305, 0.2631, 0.295, 0.326, 0.3563], "objectives": {"extension_time": 0.6, "danger_difference": -0.20226082193293848, "parameter_difference": 12.625830719426908}, "attributes": {"generation_number": 0, "individual_number": 48, "crash": true, "goal_reached": true, "scenario_length": 29}}, "[[29.184563335263324], [36.2481999820359, 200.0, 760.0659537209367], [2.046771273624498, 172.73794721351882], [1.7355391753999636, 27.87800116612945]]": {"ego_positions": [[-34.9822, 5.6223], [-32.89258029753602, 5.412381928769712], [-30.802235580613065, 5.201967169080673], [-28.71057260023809, 4.990694714450407], [-26.617127672908822, 4.778417307224519], [-24.521538789532073, 4.565153013708663], [-22.42354359980859, 4.350981369231991], [-20.3229656521354, 4.1360122140322995], [-18.219699466577303, 3.920393840056808], [-16.113699153705063, 3.704283094319369], [-14.004969788410053, 3.4878240457271765], [-11.89355882951157, 3.271140526247349], [-9.779542148724468, 3.05438062493833], [-7.664359926519469, 2.8377123333971195], [-5.553119408547104, 2.6279253665004756], [-3.446370500830193, 2.4773807224567976], [-1.3453798739915346, 2.4737311322861038], [0.7394663915203928, 2.580855845342714], [2.7949474440618944, 2.6797664509332026], [4.813874004932383, 2.657108610356306], [6.803985373593536, 2.493657116474524], [8.787779180923414, 2.2946285592530073], [10.771576726053212, 2.0955996270283417], [12.751887009777436, 1.8953646715207921], [14.724062380666172, 1.6473146332542135], [16.690104405294072, 1.333877233424718], [18.654175854918737, 0.9733261814991825], [20.62041054188568, 0.5940975437520164], [22.590553448894696, 0.19978956607183426]], "ego_orientations": [6.1831, -0.10019575498275479, -0.10047233965549829, -0.10086370912898612, -0.1012438562586091, -0.10158507675675743, -0.10186824878287482, -0.1020842752243496, -0.10222116917444524, -0.10228521001656521, -0.10228949911547236, -0.10223192887861021, -0.10211357566868262, -0.10207131539215464, -0.09344147189624952, -0.039129732263859296, 0.032259555760369096, 0.06040951363470182, 0.025576482318327542, -0.05097565265794657, -0.09999264188425983, -0.09999264188425983, -0.09999264188425983, -0.10906006286778425, -0.14222776786403468, -0.17212005757871207, -0.18843096187048225, -0.19045715303956978, -0.20820435029466822],