{"[[32.25163375692783], [2.5, 396.4318449968767, 860.3614462216357], [0.8069365954694407, 18.32736810963314], [0.2048103586910005, 39.82673235456127]]": {"ego_positions": [[-39.1612, 6.0414], [-37.071570279656115, 5.831655856425588], [-34.981240190294756, 5.6213225762224726], [-32.88961238200469, 5.410097159086232], [-30.796209592936254, 5.197886679615001], [-28.700672994096923, 4.9846365918411095], [-26.602741820965118, 4.770428227567927], [-24.502232178371123, 4.5554186937659304], [-22.399034254152852, 4.339774103888887], [-20.29310182817808, 4.123640448273173], [-18.184438438432373, 3.907171981747693], [-16.073088498413064, 3.690508806391287], [-13.959130341474346, 3.4737628999919443], [-11.8426698382044, 3.2570161638439763], [-9.723827058225751, 3.040376982423149], [-7.604080940715221, 2.82423432641252], [-5.488621230931255, 2.616020958481541], [-3.3789731665198253, 2.4674599855780626], [-1.2800399029698566, 2.465780440968697], [0.795079767986951, 2.5748788670455585], [2.832341655578188, 2.675982111298904], [4.825597377030379, 2.6559425915140427], [6.785476218954312, 2.4955141338858455], [8.738173198188289, 2.2996051952127146], [10.690871036906145, 2.1036961703098322], [12.640688729203092, 1.917593368687705], [14.585182208533189, 1.729139073375905], [16.52572021179442, 1.5185876706527799], [18.465230304228882, 1.2851381238931276], [20.40988302028169, 1.0519384034169486], [22.363349739922807, 0.8305561344834773]], "ego_orientations": [6.1832, -0.10013078690438793, -0.10045684224417695, -0.10083672964552637, -0.10121917561776517, -0.10159809444440171, -0.10189227128248302, -0.10210327229119542, -0.10223543952529912, -0.10229719312473762, -0.1022889664777411, -0.10222343275125478, -0.10212190897642248, -0.10197786500625572, -0.10179711551335835, -0.10136104527105072, -0.09237373936845206, -0.03816130643690574, 0.033275993446709506, 0.06180741826961178, 0.02704090340194476, -0.05027025104683425, -0.09999276376115862, -0.09999276376115862, -0.09999276376115862, -0.09353146667126477, -0.10131729804573819, -0.1153705610065856, -0.12134364230286732, -0.11644559550976918, -0.10933189754323713], "obs_positions": [[-54.0178, 4.0358], [-51.0327, 3.7363], [-48.0477, 3.4368], [-45.0627, 3.1373], [-42.0777, 2.8379], [-39.0927, 2.5384], [-36.1077, 2.2389], [-33.1227, 1.9394], [-30.1377, 1.6399], [-27.1977, 1.0412], [-24.2221, 0.5292], [-21.251, 0.1132], [-18.2485, -0.2094], [-15.2371, -0.4333], [-12.2395, -0.556], [-9.2202, -0.5776], [-6.2209, -0.4968], [-3.2075, -0.3121], [-0.2204, -0.026], [2.7729, 0.3645], [5.7337, 0.8536], [8.6937, 1.4457], [11.6154, 2.1315], [14.5299, 2.9166], [17.4015, 3.7894], [20.2607, 4.7566]], "obs_orientations": [6.1831, 6.1831, 6.1831, 6.1832, 6.1831, 6.1832, 6.1831, 6.1831, 6.0823, 6.1127, 6.144, 6.1761, -0.0743, -0.041, -0.0072, 0.0269, 0.061, 0.0955, 0.1296, 0.1636, 0.1973, 0.2305, 0.2631, 0.295, 0.326, 0.3563], "objectives": {"extension_time": 0.8, "danger_difference": -0.0020026614001835696, "parameter_difference": 344.15326782397756}, "attributes": {"generation_number": 1, "individual_number": 77, "crash": true, "goal_reached": true, "scenario_length": 31}}, "[[46.718392081574315], [2.5, 199.72851223471088, 2.5], [1.158202469636585, 166.2784378778685], [1.2449328007290414, 22.92204927844849]]": {"ego_positions": [[-39.1612, 6.0414], [-37.071570279656115, 5.831655856425588], [-34.981240190294756, 5.6213225762224726], [-32.88961238200469, 5.410097159086232], [-30.796209592936254, 5.197886679615001], [-28.700672994096923, 4.9846365918411095], [-26.602741820965118, 4.770428227567927], [-24.502232178371123, 4.5554186937659304], [-22.399034254152852, 4.339774103888887], [-20.29310182817808, 4.123640448273173], [-18.184438438432373, 3.907171981747693], [-16.073088498413064, 3.690508806391287], [-13.959130341474346, 3.4737628999919443], [-11.8426698382044, 3.2570161638439763], [-9.723827058225751, 3.040376982423149], [-7.60410291769086, 2.8240152796505447], [-5.488741262498875, 2.614824572274243], [-3.380083132721157, 2.446020030198137], [-1.2837581278899637, 2.3580910830440294], [0.792274524190022, 2.3503498640915925], [2.8401565766231074, 2.3870264628481155], [4.8540334221258545, 2.416343861912052], [6.831981545797049, 2.389573414561895], [8.777912954069725, 2.2800885375002773], [10.703488429732374, 2.102432716538983], [12.624590377928444, 1.9059867056889568], [14.54301034326211, 1.6915606659657318], [16.457368335570326, 1.4517315497576984], [18.366612378749828, 1.1817464535878581], [20.26881183424786, 0.8706096324213158], [22.16449329189796, 0.5283408365975555]], "ego_orientations": [6.1832, -0.10013078690438793, -0.10045684224417695, -0.10083672964552637, -0.10121917561776517, -0.10159809444440171, -0.10189227128248302, -0.10210327229119542, -0.10223543952529912, -0.10229719312473762, -0.1022889664777411, -0.10222343275125478, -0.10212190897642248, -0.10197786500625572, -0.10179711551335835, -0.10165256058007266, -0.09293101344779231, -0.0627238049770229, -0.021151428469387668, 0.010856878308301177, 0.020673455622059578, 0.004102918989251414, -0.03389584410484936, -0.0776361237650196, -0.09999206226513557, -0.10550356952962137, -0.11772894908105336, -0.1314665738866445, -0.1512003887164557, -0.1719843314478986, -0.18335701339777444], "obs_positions": [[-54.0178, 4.0358], [-51.0327, 3.7363], [-48.0477, 3.4368], [-45.0627, 3.1373], [-42.0777, 2.8379], [-39.0927, 2.5384], [-36.1077, 2.2389], [-33.1227, 1.9394], [-30.1377, 1.6399], [-27.1977, 1.0412], [-24.2221, 0.5292], [-21.251, 0.1132], [-18.2485, -0.2094], [-15.2371, -0.4333], [-12.2395, -0.556], [-9.2202, -0.5776], [-6.2209, -0.4968], [-3.2075, -0.3121], [-0.2204, -0.026], [2.7729, 0.3645], [5.7337, 0.8536], [8.6937, 1.4457], [11.6154, 2.1315], [14.5299, 2.9166], [17.4015, 3.7894], [20.2607, 4.7566]], "obs_orientations": [6.1831, 6.1831, 6.1831, 6.1832, 6.1831, 6.1832, 6.1831, 6.1831, 6.0823, 6.1127, 6.144, 6.1761, -0.0743, -0.041, -0.0072, 0.0269, 0.061, 0.0955, 0.1296, 0.1636, 0.1973, 0.2305, 0.2631, 0.295, 0.326, 0.3563], "objectives": {"extension_time": 0.8, "danger_difference": -12.305760714927487, "parameter_difference": 2.047367511178322}, "attributes": {"generation_number": 3, "individual_number": 169, "crash": true, "goal_reached": true, "scenario_length": 31}}}