{"[[46.07045094320923], [2.5, 22.21085786131684, 2.5], [243.26192943697293, 150.09902324249492], [0.1871995130680596, 10.348358964708394]]": {"ego_positions": [[-45.4298, 6.6704], [-43.340183618472416, 6.46047217052775], [-41.249849545100446, 6.2500203008212685], [-39.158202313997215, 6.0387418470961896], [-37.06476487313065, 5.826528982900337], [-34.96919238949999, 5.613259344096762], [-32.87121782186701, 5.399068712996683], [-30.770660600489425, 5.18409184798413], [-28.667415548594626, 4.968456356266171], [-26.561439378783696, 4.752308039180697], [-24.45273213977967, 4.535837366174229], [-22.341337303170388, 4.319191738097709], [-20.2273345402454, 4.1024780338245845], [-18.11082817436389, 3.8857938737259783], [-15.991941655653727, 3.6692144312111066], [-13.870813758507552, 3.452781464864533], [-11.747591956767966, 3.236524318174667], [-9.622426012906754, 3.0204832446516234], [-7.501842791913721, 2.804912811159074], [-5.4064779685476845, 2.594229749249265], [-3.334753676282423, 2.4067605469529756], [-1.2809422038213936, 2.2704096604349457], [0.7582427070507527, 2.19408731587723], [2.784162853580508, 2.167100347945137], [4.796943616204451, 2.1660307340910476], [6.796165123332374, 2.1616049723833], [8.781553750600164, 2.1255600779111874], [10.753671793237775, 2.0375151718057367], [12.714212165394555, 1.881878392048812], [14.66583305725659, 1.6346069853795695], [16.61352630895984, 1.3079436875529167], [18.562726276538953, 0.9350989463413442], [20.516100075601845, 0.5200006036907869], [22.4778314831757, 0.05995381898300026]], "ego_orientations": [6.1831, -0.10020504763095506, -0.10049590567343714, -0.10083635846286487, -0.10123353723637596, -0.10159388340722053, -0.10187606527562743, -0.10208679243533414, -0.10223993753539418, -0.10230204024745237, -0.10228146027823826, -0.10220989308283723, -0.10209601506042798, -0.10194490879350493, -0.10177384105260767, -0.10159540485481422, -0.10140843721674919, -0.10120918709580184, -0.10151080079382258, -0.09754604254524679, -0.08002811609449356, -0.05173876550888945, -0.023899281349658352, -0.004659046555512525, 0.0011346661993005824, -0.008006874695701605, -0.03013839982321631, -0.05969140225994973, -0.10204266330729883, -0.14854450282406884, -0.18068783845249037, -0.19430273161763267, -0.2292602208188681, -0.21800938547915738], "obs_positions": [[-62.9728, 4.9343], [-59.9878, 4.6347], [-57.0028, 4.3353], [-54.0178, 4.0358], [-51.0327, 3.7363], [-48.0477, 3.4368], [-45.0627, 3.1373], [-42.0777, 2.8379], [-39.0927, 2.5384], [-36.1077, 2.2389], [-33.1227, 1.9394], [-30.1377, 1.6399], [-27.1977, 1.0412], [-24.2221, 0.5292], [-21.251, 0.1132], [-18.2485, -0.2094], [-15.2371, -0.4333], [-12.2395, -0.556], [-9.2202, -0.5776], [-6.2209, -0.4968], [-3.2075, -0.3121], [-0.2204, -0.026], [2.7729, 0.3645], [5.7337, 0.8536], [8.6937, 1.4457], [11.6154, 2.1315], [14.5299, 2.9166], [17.4015, 3.7894], [20.2607, 4.7566]], "obs_orientations": [6.1831, 6.1831, 6.1832, 6.1831, 6.1831, 6.1831, 6.1832, 6.1831, 6.1832, 6.1831, 6.1831, 6.0823, 6.1127, 6.144, 6.1761, -0.0743, -0.041, -0.0072, 0.0269, 0.061, 0.0955, 0.1296, 0.1636, 0.1973, 0.2305, 0.2631, 0.295, 0.326, 0.3563], "objectives": {"extension_time": 1.1, "danger_difference": -1.31577095875231, "parameter_difference": 1.747418753308008}, "attributes": {"generation_number": 3, "individual_number": 176, "crash": true, "goal_reached": true, "scenario_length": 34}}}