{"[[29.290819139871854], [36.2481999820359, 249.15508514640462, 760.0659537209367], [2.046771273624498, 116.3133841891085], [2.02637495418648, 27.72825819117954]]": {"ego_positions": [[-62.1458, 8.3476], [-60.056162838147635, 8.137874165360754], [-57.96581215671716, 7.927584822763518], [-55.874151297374645, 7.716427637505688], [-53.78071041181311, 7.504260941354904], [-51.685131032051295, 7.291077948528154], [-49.587148605299895, 7.076969063627086], [-47.48658681388569, 6.8620315679740385], [-45.38334259647482, 6.64639121616789], [-43.27736817260647, 6.4302298982144634], [-41.168664474857785, 6.21372000198645], [-39.057275083230934, 5.9970285923060604], [-36.94327585098557, 5.780279912044441], [-34.826776471484706, 5.563522159957596], [-32.707899483842084, 5.346851044162093], [-30.586777063010494, 5.1303673101243366], [-28.46356084110405, 4.914053977957017], [-26.338401335508564, 4.697949227161578], [-24.211449137231526, 4.482085853646585], [-22.08285538525593, 4.266471332999839], [-19.95277112950795, 4.051074608195578], [-17.821340555864936, 3.835877021067498], [-15.68870163943677, 3.6208539141746985], [-13.554986424909378, 3.4059640633548183], [-11.420317926847837, 3.1911762520435545], [-9.284806673470227, 2.9765086474489677], [-7.151455182439963, 2.7622478991742243], [-5.030706566483109, 2.6275287153228915], [-2.935105650552621, 2.706363252783247], [-0.8797961088981352, 2.837838339215966], [1.1301112767255703, 2.900592675465249], [3.097308748089525, 2.85290045374966], [5.029757194524548, 2.7075025972397535], [6.938183317376284, 2.506404442916106], [8.833535105543364, 2.2956879359240054], [10.72445911738653, 2.1003287902362486], [12.615140628294947, 1.8975861462241652], [14.507883563587228, 1.637748175428614], [16.406919345521114, 1.3156001503781911], [18.316625293979772, 0.9534811740146166], [20.24019981293633, 0.5794627551858746], [22.17918272844778, 0.2165993373063313]], "ego_orientations": [6.1832, -0.10011774076201618, -0.10042427046861135, -0.10080501632864003, -0.10119961673648437, -0.10155028213083206, -0.10184459923399558, -0.10208384111313418, -0.1022442674518782, -0.10230919320167953, -0.10231050027317679, -0.10222471927276722, -0.10211782420724091, -0.10198901122215176, -0.10180978035522159, -0.10161636217508185, -0.10143776670085103, -0.101241642014533, -0.10104374760058032, -0.10086147884945884, -0.10069793679977224, -0.10055093159076467, -0.10042293936206281, -0.1003296014081716, -0.10023320424520232, -0.10014173726419973, -0.10005506272172227, -0.006102502573066104, 0.06407789649990292, 0.053995821082408746, 0.004582503323174336, -0.05228199926674737, -0.09428488327553541, -0.11145671710468097, -0.10750184633476234, -0.09999314637861989, -0.11921682303855352, -0.15357221891210493, -0.1802056737241804, -0.19200689243003222, -0.19009306059195108, -0.17874572988337523], "obs_positions": [[-86.8529, 7.3302], [-83.8679, 7.0307], [-80.8829, 6.7312], [-77.8979, 6.4317], [-74.9128, 6.1322], [-71.9278, 5.8328], [-68.9428, 5.5333], [-65.9578, 5.2338], [-62.9728, 4.9343], [-59.9878, 4.6348], [-57.0028, 4.3353], [-54.0178, 4.0358], [-51.0327, 3.7363], [-48.0477, 3.4368], [-45.0627, 3.1373], [-42.0777, 2.8379], [-39.0927, 2.5384], [-36.1077, 2.2389], [-33.1227, 1.9394], [-30.1377, 1.6399], [-27.1977, 1.0412], [-24.2221, 0.5292], [-21.251, 0.1132], [-18.2485, -0.2094], [-15.2371, -0.4333], [-12.2395, -0.556], [-9.2202, -0.5776], [-6.2209, -0.4968], [-3.2075, -0.3121], [-0.2204, -0.026], [2.7729, 0.3645], [5.7337, 0.8536], [8.6937, 1.4457], [11.6154, 2.1315], [14.5299, 2.9166], [17.4015, 3.7894], [20.2607, 4.7566]], "obs_orientations": [6.1831, 6.1831, 6.1831, 6.1832, 6.1831, 6.1831, 6.1831, 6.1831, 6.1831, 6.1832, 6.1831, 6.1831, 6.1831, 6.1831, 6.1832, 6.1831, 6.1832, 6.1831, 6.1831, 6.0823, 6.1127, 6.144, 6.1761, -0.0743, -0.041, -0.0072, 0.0269, 0.061, 0.0955, 0.1296, 0.1636, 0.1973, 0.2305, 0.2631, 0.295, 0.326, 0.3563], "objectives": {"extension_time": 1.9, "danger_difference": 0.9441558602783005, "parameter_difference": 304.37563667756365}, "attributes": {"generation_number": 0, "individual_number": 42, "crash": true, "goal_reached": true, "scenario_length": 42}}, "[[29.290819139871854], [2.5, 200.0, 2.5], [1.854904803047499, 116.3133841891085], [2.02637495418648, 27.72825819117954]]": {"ego_positions": [[-62.1458, 8.3476], [-60.056162838147635, 8.137874165360754], [-57.96581215671716, 7.927584822763518], [-55.874151297374645, 7.716427637505688], [-53.78071041181311, 7.504260941354904], [-51.685131032051295, 7.291077948528154], [-49.587148605299895, 7.076969063627086], [-47.48658681388569, 6.8620315679740385], [-45.38334259647482, 6.64639121616789], [-43.27736817260647, 6.4302298982144634], [-41.168664474857785, 6.21372000198645], [-39.057275083230934, 5.9970285923060604], [-36.94327585098557, 5.780279912044441], [-34.826776471484706, 5.563522159957596], [-32.707899483842084, 5.346851044162093], [-30.586777063010494, 5.1303673101243366], [-28.46356084110405, 4.914053977957017], [-26.338401335508564, 4.697949227161578], [-24.211449137231526, 4.482085853646585], [-22.08285538525593, 4.266471332999839], [-19.95277112950795, 4.051074608195578], [-17.821340555864936, 3.835877021067498], [-15.68870163943677, 3.6208539141746985], [-13.554986424909378, 3.4059640633548183], [-11.420318035913644, 3.1911751651420794], [-9.284807240863381, 2.9765029926587134], [-7.15145610577309, 2.762238696070073], [-5.031857851200422, 2.555976664279971], [-2.9317751974403814, 2.3825533742211613], [-0.8551899306437931, 2.253628394248196], [1.1942065989859378, 2.164550959315006], [3.2135522965356214, 2.0997378929189954], [5.201351597897231, 2.038065388843962], [7.15801962532203, 1.958224072643831], [9.086417540702886, 1.8440914086775457], [10.992394701407546, 1.6901073382214578], [12.883443835775411, 1.4974653896574424], [14.762917067438774, 1.2547865340492605], [16.634421582747304, 0.9696988208417643], [18.501959404700752, 0.6619898594693767], [20.368911068430826, 0.3515724931389985], [22.237619965338023, 0.05312816911604279]], "ego_orientations": [6.1832, -0.10011774076201618, -0.10042427046861135, -0.10080501632864003, -0.10119961673648437, -0.10155028213083206, -0.10184459923399558, -0.10208384111313418, -0.1022442674518782, -0.10230919320167953, -0.10231050027317679, -0.10222471927276722, -0.10211782420724091, -0.10198901122215176, -0.10180978035522159, -0.10161636217508185, -0.10143776670085103, -0.101241642014533, -0.10104374760058032, -0.10086147884945884, -0.10069793679977224, -0.10055093159076467, -0.10042293936206281, -0.1003296014081716, -0.10023467399719088, -0.10014392459067878, -0.10005619371103425, -0.09138900707015551, -0.07243355287965336, -0.05187173540460499, -0.036208049929977726, -0.02970071199391544, -0.03419506493566615, -0.04888461170353864, -0.06997167036247642, -0.09042304388579048, -0.11463054866208378, -0.14130007095683883, -0.15914595852352598, -0.1656161280219255, -0.16257818728950646, -0.15343207949212267], "obs_positions": [[-86.8529, 7.3302], [-83.8679, 7.0307], [-80.8829, 6.7312], [-77.8979, 6.4317], [-74.9128, 6.1322], [-71.9278, 5.8328], [-68.9428, 5.5333], [-65.9578, 5.2338], [-62.9728, 4.9343], [-59.9878, 4.6348], [-57.0028, 4.3353], [-54.0178, 4.0358], [-51.0327, 3.7363], [-48.0477, 3.4368], [-45.0627, 3.1373], [-42.0777, 2.8379], [-39.0927, 2.5384], [-36.1077, 2.2389], [-33.1227, 1.9394], [-30.1377, 1.6399], [-27.1977, 1.0412], [-24.2221, 0.5292], [-21.251, 0.1132], [-18.2485, -0.2094], [-15.2371, -0.4333], [-12.2395, -0.556], [-9.2202, -0.5776], [-6.2209, -0.4968], [-3.2075, -0.3121], [-0.2204, -0.026], [2.7729, 0.3645], [5.7337, 0.8536], [8.6937, 1.4457], [11.6154, 2.1315], [14.5299, 2.9166], [17.4015, 3.7894], [20.2607, 4.7566]],