{"[[0.5771507370839646], [48.8456864881445, 157.15636077700466, 422.0003068574829], [0.7533005853053134, 43.14690922564006], [2.3234009714936117, 10.785254594106991]]": {"ego_positions": [[-70.5039, 9.1861], [-68.41428357194407, 8.976172800009024], [-66.32394911148876, 8.765724853397918], [-64.23230099230426, 8.55443422517628], [-62.13887114553486, 8.342147398688844], [-60.04330196449155, 8.128851006102618], [-57.94532925699167, 7.914645153158009], [-55.844771962191416, 7.699671279685922], [-53.741524952310606, 7.48406317465413], [-51.63554326610654, 7.2679689563230445], [-49.526831162034135, 7.051541114278399], [-47.415434138714836, 6.834912398025942], [-45.30143221108008, 6.618187096962752], [-43.184927999310275, 6.401482357904785], [-41.06604379955914, 6.1848811566457975], [-38.94491489420693, 5.96846302032923], [-36.82168567766295, 5.752280326957465], [-34.6968519722388, 5.536301841256369], [-32.57179924054423, 5.3206986138600145], [-30.44665893125784, 5.105492571783147], [-28.32122853636975, 4.890587239397853], [-26.195344909528885, 4.675946100763703], [-24.06888254931374, 4.461546791648577], [-21.94175076571887, 4.247354538495499], [-19.813890503721897, 4.033304253600571], [-17.68526395560093, 3.8193581770284366], [-15.55585317286151, 3.605479930120299], [-13.425993692987042, 3.3916511993620717], [-11.296931485762087, 3.177973239279927], [-9.168667566570578, 2.964444435562405], [-7.043653763412755, 2.7513156678919777], [-4.931095218617302, 2.6175800803587093], [-2.8428285041545647, 2.6949880716939725], [-0.7980743301973611, 2.817098102712123], [1.19595218151919, 2.8653883761210235], [3.1430993458110192, 2.806910716707484], [5.055161934804062, 2.6631983378354898], [6.948771089238903, 2.4791310601222865], [8.839278956515976, 2.2894613643955157], [10.729786823793246, 2.099791668668725], [12.615264441556873, 1.9665561688193673], [14.512387422109784, 1.7886989536090194], [16.431599531268496, 1.5137223620378628], [18.376965584262756, 1.1606664971346599], [20.351252048812896, 0.7656843542976273], [22.355169121048352, 0.36337840749202266]], "ego_orientations": [6.1831, -0.10020411395909523, -0.10049310329568328, -0.10086543436755235, -0.10125524891532489, -0.10160437728415772, -0.10187815913308285, -0.10208234059263521, -0.10221566049403386, -0.1022762625338336, -0.10226742073084871, -0.10220884581025125, -0.1021065972722841, -0.10195460731964179, -0.10177892153837043, -0.10157211407904221, -0.10137910127716054, -0.10120729442231635, -0.10101310065474056, -0.10084322553077829, -0.10069583430665219, -0.10055429212465938, -0.10041480832558047, -0.10030426984070484, -0.10021208481036492, -0.10013559622327861, -0.10007723422636072, -0.10004462342021991, -0.10001103292598579, -0.09997853034816817, -0.09994568294258155, -0.005733646589191288, 0.06188888581466312, 0.04788727487573752, -0.0026302544774363668, -0.05581077589427963, -0.09016343634273039, -0.09999277772467963, -0.09999277772467963, -0.09999277772467963, -0.07058403249719536, -0.11830315987703077, -0.163882577030396, -0.19169173809470674, -0.20024596742592315, -0.19404366950901153], "obs_positions": [[-98.793, 8.5281], [-95.8079, 8.2287], [-92.8229, 7.9292], [-89.8379, 7.6297], [-86.8529, 7.3302], [-83.8679, 7.0307], [-80.8829, 6.7312], [-77.8979, 6.4317], [-74.9128, 6.1323], [-71.9278, 5.8328], [-68.9428, 5.5332], [-65.9578, 5.2338], [-62.9728, 4.9343], [-59.9878, 4.6348], [-57.0028, 4.3353], [-54.0178, 4.0358], [-51.0327, 3.7363], [-48.0477, 3.4368], [-45.0627, 3.1373], [-42.0777, 2.8379], [-39.0927, 2.5384], [-36.1077, 2.2389], [-33.1227, 1.9394], [-30.1377, 1.6399], [-27.1977, 1.0412], [-24.2221, 0.5292], [-21.251, 0.1132], [-18.2485, -0.2094], [-15.2371, -0.4333], [-12.2395, -0.556], [-9.2202, -0.5776], [-6.2209, -0.4968], [-3.2075, -0.3121], [-0.2204, -0.026], [2.7729, 0.3645], [5.7337, 0.8536], [8.6937, 1.4457], [11.6154, 2.1315], [14.5299, 2.9166], [17.4015, 3.7894], [20.2607, 4.7566]], "obs_orientations": [6.1831, 6.1831, 6.1831, 6.1831, 6.1831, 6.1831, 6.1831, 6.1831, 6.1831, 6.1831, 6.1831, 6.1831, 6.1831, 6.1831, 6.1831, 6.1831, 6.1831, 6.1831, 6.1832, 6.1831, 6.1832, 6.1831, 6.1831, 6.0823, 6.1127, 6.144, 6.1761, -0.0743, -0.041, -0.0072, 0.0269, 0.061, 0.0955, 0.1296, 0.1636, 0.1973, 0.2305, 0.2631, 0.295, 0.326, 0.3563], "objectives": {"extension_time": 2.3, "danger_difference": 1.0239909471113293, "parameter_difference": 169.9291009028407}, "attributes": {"generation_number": 0, "individual_number": 14, "crash": true, "goal_reached": true, "scenario_length": 46}}, "[[3.0108273213169054], [13.886808024067465, 184.81689361669234, 881.6024846986937], [0.8220935838526477, 98.76527365650335], [1.4839000570133278, 33.92838469456092]]": {"ego_positions": [[-70.5039, 9.1861], [-68.41428357194407, 8.976172800009024], [-66.32394911148876, 8.765724853397918], [-64.23230099230426, 8.55443422517628], [-62.13887114553486, 8.342147398688844], [-60.04330196449155, 8.128851006102618], [-57.94532925699167, 7.914645153158009], [-55.844771962191416, 7.699671279685922], [-53.741524952310606, 7.48406317465413], [-51.63554326610654, 7.2679689563230445], [-49.526831162034135, 7.051541114278399], [-47.415434138714836, 6.834912398025942], [-45.30143221108008, 6.618187096962752], [-43.184927999310275, 6.401482357904785], [-41.06604379955914, 6.1848811566457975], [-38.94491489420693, 5.96846302032923], [-36.822021142224635, 5.752313980110494], [-34.698758439439985, 5.536493136602586], [-32.575258958014075, 5.321045728216864], [-30.451315316068175, 5.105959762724738], [-28.326775499133173, 4.8911438499042035], [-26.201521869495203, 4.676565936198924], [-24.075469685262554, 4.4622076955184395], [-21.94856453158841, 4.248038159555863], [-19.820779483344353, 4.033995412359437], [-17.69244046104997, 3.8200781709108718], [-15.564789761286988, 3.6063765158049867], [-13.437831137870052, 3.392839000337644], [-11.311236960139647, 3.1794087192273763], [-9.184735737757302, 2.9660566834886253], [-7.060897484031225, 2.753045703565088], [-4.949060027575895, 2.6193824280710927], [-2.861174479163549, 2.6968285894184443], [-0.8165816420117689, 2.81895477127471], [1.1774038766752533, 2.8672492146855326], [3.1245590693338996, 2.8087708281769643], [5.036635034864958, 2.66505710893268], [6.930247437541965, 2.4809894909384416], [8.82075530246708, 2.29131977176879], [10.711263167392394, 2.101650052599118], [12.591392934124443, 1.9931031980896836], [14.457938762036498, 1.8959679566025822], [16.3214564096798, 1.7023843242989067], [18.185651339811923, 1.4016860489930503], [20.06433331078315, 1.0246355502165476], [21.96943369051643, 0.6124927877516935]], "ego_orientations": [6.1831, -0.10020411395909523, -0.10049310329568328, -0.10086543436755235, -0.10125524891532489, -0.10160437728415772, -0.10187815913308285, -0.10208234059263521, -0.10221566049403386, -0.1022762625338336, -0.10226742073084871, -0.10220884581025125, -0.1021065972722841, -0.10195460731964179, -0.10177892153837043, -0.10157211407904221, -0.1013797497558162, -0.10120828545601324, -0.10101378415049922, -0.10084359815041477, -0.1006960556189096, -0.10055442812273085, -0.10041492397407215, -0.10030429106538818, -0.1002120911221569, -0.100135656728642, -0.10007726468554701, -0.10004465267876217, -0.10001105744551353, -0.09997862457093554, -0.0999456618489134, -0.005709798462175009, 0.06190857690162499, 0.047893638256255144, -0.0026298464998673055, -0.055811129313551255, -0.09016348592639822, -0.09999279012498796, -0.09999279012498796, -0.09999279012498796, -0.03908979493107001, -0.0737330603821773, -0.13352759449938567, -0.1828337553655528, -0.20919525961445462, -0.2137024305081905],