{"[[0], [0, 0, 0], [0, 0], [0, 0]]": {"ego_positions": [[21.0055, 3.9939], [19.513936737079373, 3.840154157840948], [18.02640705138271, 3.666782700374549], [16.550693867978715, 3.4868192596477385], [15.114926504351995, 3.3436416945301732], [13.701552153544785, 3.2102503327345726], [12.27108527736673, 3.038966941760106], [10.814305601351064, 2.8430909535849134], [9.32505405857034, 2.6557054932209145], [7.799913311735406, 2.519209021629722], [6.256979018604817, 2.4720501999814433], [4.718321701112853, 2.5013268400796953], [3.202009445415331, 2.5565014560781356], [1.7193403648424532, 2.5774899861011242], [0.271961229527542, 2.5227206326123355], [-1.1509167548627663, 2.3970627026887508], [-2.5688829923564613, 2.2548164835657767], [-3.9869253690706135, 2.1125626263792503], [-5.425068320409025, 1.978445361986448], [-6.902506040547634, 1.8348994045965268], [-8.410126563903827, 1.6691420454011179], [-9.935320903957175, 1.4376467927789476], [-11.470708083212191, 1.1388439221780255]], "ego_orientations": [3.2415, -3.033489073862362, -3.0175196631193515, -3.0303203082460093, -3.051978157803803, -3.035455482211015, -3.0118295199755325, -3.0079384474538506, -3.0290764225559266, -3.0804074121600613, -3.1398307102403513, 3.1073675485881758, 3.109962876390986, -3.1327870337763013, -3.074450053570475, -3.041610079699201, -3.041610079699201, -3.041610079699201, -3.0485511241623486, -3.0418424652644016, -3.015743289768115, -2.9642208489023054, -2.9462970790101894], "obs_positions": [[-28.6419, -4.3714], [-26.627, -4.2806], [-24.6273, -4.1482], [-22.6283, -3.9729], [-20.6229, -3.753], [-18.6377, -3.491], [-16.6456, -3.1828], [-14.6707, -2.8317], [-12.7073, -2.4368], [-10.7516, -1.9971], [-8.8043, -1.5123], [-6.8644, -0.982], [-4.9389, -0.4078], [-3.0232, 0.2116], [-1.1264, 0.8731], [0.7548, 1.5775], [2.6128, 2.3212], [4.4632, 3.1103], [6.2946, 3.9396], [8.1069, 4.8088], [9.9002, 5.7169], [11.6745, 6.6635], [13.419011788216029, 7.6415994943129855]], "obs_orientations": [6.3282, 6.3492, 6.3706, 0.1092, 0.1312, 0.1534, 0.1759, 0.1984, 0.2211, 0.2439, 0.2668, 0.2898, 0.3127, 0.3355, 0.3581, 0.3807, 0.403, 0.4252, 0.4471, 0.4687, 0.49, 0.511, 0.511], "attributes": {"crash": true, "goal_reached": true, "max_danger": 134.00091987081223, "scenario_length": 23, "lower_bound": -0.7, "upper_bound": -1000.0}}}