{"[[34.08654405205509], [27.513070196624472, 209.93839664759872, 948.9147436602049], [1.772244034940618, 57.153229428639605], [1.338820217162241, 0.23838830629110963]]": {"ego_positions": [[28.468, 4.7426], [26.975381069818585, 4.592687525496305], [25.48208079442491, 4.441882253970057], [23.987531276771456, 4.289570991953321], [22.491275818942036, 4.1354985202749805], [20.99295585619768, 3.9796586287055504], [19.492301084077802, 3.8222087361171777], [17.98912050913585, 3.6634020187421763], [16.48329233167073, 3.5035422299201464], [14.974754463759284, 3.34294596817306], [13.463495520362304, 3.1819136398233954], [11.949549494137939, 3.0207005261721624], [10.432983255238213, 2.8595495983547288], [8.913910905886347, 2.7016929777695453], [7.392090456850173, 2.5711538781873142], [5.8671001317893205, 2.510935096381539], [4.34235744342478, 2.517148019122904], [2.8236572430293316, 2.5473673408945507], [1.3165164206825457, 2.54760840256631], [-0.17661404624852622, 2.4793095404015073], [-1.659023581873562, 2.346083440969536], [-3.139011586894377, 2.1975818407007854], [-4.620101623586431, 2.053176112358817], [-6.102741960209845, 1.9042154490786745], [-7.587079257943838, 1.7395456430633471], [-9.073551190445627, 1.5557619716556053], [-10.562638000467347, 1.3508335104565914], [-12.054861588913731, 1.1183725311029131]], "ego_orientations": [3.2416, -3.041302016385356, -3.0405286199772275, -3.039514889006922, -3.0384548717725277, -3.0374782019435167, -3.0366616261724073, -3.0360460582346636, -3.0356460400715544, -3.0354555877709877, -3.0354457443760543, -3.0355942887499467, -3.0358832180526494, -3.0419572216415083, -3.0765189507778103, -3.1270129891659777, 3.1237611737605517, 3.1258474198963326, -3.121452064838901, -3.0702513627148718, -3.041587643786205, -3.041587643786205, -3.0447226440508515, -3.0370075085298125, -3.0248854985236577, -3.0124772473365393, -2.995911782922085, -2.9792071765897665], "obs_positions": [[-38.5919, -5.3697], [-36.6019, -5.1701], [-34.6119, -4.9704], [-32.6219, -4.7707], [-30.6319, -4.5711], [-28.6419, -4.3714], [-26.627, -4.2806], [-24.6273, -4.1482], [-22.6283, -3.9729], [-20.6229, -3.753], [-18.6377, -3.491], [-16.6456, -3.1828], [-14.6707, -2.8317], [-12.7073, -2.4368], [-10.7516, -1.9971], [-8.8043, -1.5123], [-6.8644, -0.982], [-4.9389, -0.4078], [-3.0232, 0.2116], [-1.1264, 0.8731], [0.7548, 1.5775], [2.6128, 2.3212], [4.4632, 3.1103], [6.2946, 3.9396], [8.1069, 4.8088], [9.9002, 5.7169], [11.6745, 6.6635], [13.419011788216029, 7.6415994943129855]], "obs_orientations": [0.0999, 0.1, 0.1, 0.0999, 0.1, 6.3282, 6.3492, 6.3706, 0.1092, 0.1312, 0.1534, 0.1759, 0.1984, 0.2211, 0.2439, 0.2668, 0.2898, 0.3127, 0.3355, 0.3581, 0.3807, 0.403, 0.4252, 0.4471, 0.4687, 0.49, 0.511, 0.511], "objectives": {"extension_time": 0.5, "danger_difference": 0.5528309029520813, "parameter_difference": 379.72748910481283}, "attributes": {"generation_number": 0, "individual_number": 41, "crash": true, "goal_reached": true, "scenario_length": 28}}}