{"[[28.12883107624724], [31.81777371613565, 478.98026510660145, 199.9146570540372], [1.1549110306840933, 129.0170649344978], [0.20255107161863933, 21.155373545458044]]": {"ego_positions": [[31.453, 5.0422], [29.96037803921725, 4.89225822648965], [28.467082214812496, 4.741356225662694], [26.972542809964125, 4.588920210436287], [25.476299745223525, 4.434737462873002], [23.97798804660399, 4.278815628767359], [22.477340274020452, 4.121298539398254], [20.974165318059896, 3.9624435518553636], [19.46834113583492, 3.802553640140298], [17.959805858797555, 3.6419422960772643], [16.448548929547652, 3.4809096898267957], [14.93460189852256, 3.3197295013397126], [13.418032300013294, 3.158624861282505], [11.898936203746764, 2.9977766568272206], [10.377430882213597, 2.837326415887069], [8.8535395448021, 2.683784618825316], [7.327056869684682, 2.568138264215655], [5.798721388345837, 2.520849977231449], [4.2724020212403575, 2.530560345127552], [2.7535598761346147, 2.5557612719189233], [1.2469478682340502, 2.547764339185196], [-0.2456856534625558, 2.4736495074498093], [-1.7279736490056448, 2.339173966060944], [-3.208071379158768, 2.19067303268811], [-4.68905284552653, 2.0528656204928586], [-6.17140106091775, 1.9182334008955428], [-7.654869013607925, 1.7696046975263018], [-9.139793954924519, 1.5999873678377476], [-10.626647941598101, 1.4048634630331445], [-12.11595879747765, 1.1751202384101689]], "ego_orientations": [3.2416, -3.0412560988475885, -3.040451115385874, -3.039430806270982, -3.0383938159902213, -3.0374281042806723, -3.036622940371367, -3.0360202654575166, -3.0356315262048534, -3.0354492717453865, -3.035456413257812, -3.035623636931366, -3.0359148959146043, -3.036301293678345, -3.036761487887348, -3.0490903116501737, -3.0871691098831127, -3.132681195532318, 3.1247011436889296, 3.130908604976652, -3.116234046798273, -3.0679745343169205, -3.041595454287745, -3.041595454287745, -3.052555877303518, -3.047624803660895, -3.035127222989871, -3.020602272661391, -2.9999217786125474, -2.9782548529021664], "obs_positions": [[-42.5719, -5.769], [-40.5819, -5.5694], [-38.5919, -5.3697], [-36.6019, -5.17], [-34.6119, -4.9704], [-32.6219, -4.7707], [-30.6319, -4.571], [-28.6419, -4.3714], [-26.627, -4.2806], [-24.6273, -4.1482], [-22.6283, -3.9729], [-20.6229, -3.753], [-18.6377, -3.491], [-16.6456, -3.1828], [-14.6707, -2.8317], [-12.7073, -2.4368], [-10.7516, -1.9971], [-8.8043, -1.5123], [-6.8644, -0.982], [-4.9389, -0.4078], [-3.0232, 0.2116], [-1.1264, 0.8731], [0.7548, 1.5775], [2.6128, 2.3212], [4.4632, 3.1103], [6.2946, 3.9396], [8.1069, 4.8088], [9.9002, 5.7169], [11.6745, 6.6635], [13.419011788216029, 7.6415994943129855]], "obs_orientations": [0.1, 0.1, 0.1, 0.1, 0.1, 0.1, 0.0999, 6.3282, 6.3492, 6.3706, 0.1092, 0.1312, 0.1534, 0.1759, 0.1984, 0.2211, 0.2439, 0.2668, 0.2898, 0.3127, 0.3355, 0.3581, 0.3807, 0.403, 0.4252, 0.4471, 0.4687, 0.49, 0.511, 0.511], "objectives": {"extension_time": 0.7, "danger_difference": 0.557401418436342, "parameter_difference": 81.01121031553818}, "attributes": {"generation_number": 0, "individual_number": 19, "crash": true, "goal_reached": true, "scenario_length": 30}}}