{"[[3.3689255492562853], [13.511964615657963, 121.25647163262748, 740.4832356907829], [2.496259830874616, 97.72639473777696], [0.48975865641433, 33.82700626789427]]": {"ego_positions": [[47.8706, 6.6894], [46.377962969559974, 6.539602560271421], [44.884653445369366, 6.388830678260136], [43.39010173393412, 6.236507681517819], [41.89384791679617, 6.082398681612964], [40.39553163136956, 5.926509085881239], [38.894881848928016, 5.769003266765349], [37.391706798266384, 5.610140879720982], [35.88588416932204, 5.450228361907793], [34.37735171382518, 5.289583252113343], [32.866098762559865, 5.128514310771387], [31.3521532936396, 4.967321827156788], [29.835584370785643, 4.8061943387637935], [28.31649199735685, 4.645299114218274], [26.79499223737277, 4.48479419902094], [25.271211913246596, 4.324829901364928], [23.74529616218204, 4.16544764077406], [22.217732909608593, 4.00670063730508], [20.689911586138816, 3.848714957164889], [19.161968455537394, 3.6914686100771403], [17.633698701807603, 3.5348873873092566], [16.104943207361742, 3.3788940247265065], [14.575582384602882, 3.2234073095128557], [13.045530724583681, 3.0683413519572578], [11.514731720260185, 2.9136055943862655], [9.983148921814578, 2.7591484155470942], [8.450798767409559, 2.6079649135904366], [6.917425025424165, 2.4843363769957043], [5.382784142292759, 2.432320971559373], [3.8505044082297757, 2.447704860741666], [2.3264974491369395, 2.486607157161881], [0.8162157650639412, 2.493355573647972], [-0.6782410536815943, 2.428365768314337], [-2.1608814940923815, 2.2957308826048526], [-3.640698181316279, 2.147213332931943], [-5.1211783081958115, 2.0027798167395146], [-6.601839354398623, 1.8537570874307256], [-8.083344445718556, 1.689070860962885], [-9.566432650824117, 1.5053610402813649], [-11.051864957159822, 1.3006216012526242], [-12.540482924833668, 1.0684780047482265]], "ego_orientations": [3.2415, -3.0413488063346463, -3.040533031001318, -3.039497006239381, -3.03842538435244, -3.0374423009050346, -3.0366239934137695, -3.036009932810894, -3.035612370216136, -3.0354243123149853, -3.035440090090978, -3.0356175787618205, -3.0358894373692755, -3.036264187471895, -3.0367361886365165, -3.0372587879357065, -3.037781785168565, -3.038300924812791, -3.0388013227468873, -3.0392725518969277, -3.0397055020081365, -3.0400973149911197, -3.040440300014842, -3.040729716908419, -3.0409722777739523, -3.041190423233463, -3.0470341874898743, -3.081821111427652, -3.132871700378135, 3.1178100580452672, 3.120720937635899, -3.1247958010085615, -3.071415117578303, -3.0415654728040398, -3.0415654728040398, -3.044588087414917, -3.036801815427522, -3.024653772022001, -3.012254794307246, -2.995723981058913, -2.97907845069363], "obs_positions": [[-64.462, -7.9653], [-62.472, -7.7656], [-60.482, -7.566], [-58.492, -7.3663], [-56.502, -7.1666], [-54.512, -6.9669], [-52.522, -6.7673], [-50.5319, -6.5676], [-48.5419, -6.368], [-46.5519, -6.1683], [-44.5619, -5.9687], [-42.5719, -5.769], [-40.5819, -5.5694], [-38.5919, -5.3697], [-36.6019, -5.1701], [-34.6119, -4.9704], [-32.6219, -4.7707], [-30.6319, -4.571], [-28.6419, -4.3714], [-26.627, -4.2806], [-24.6273, -4.1482], [-22.6283, -3.9729], [-20.6229, -3.753], [-18.6377, -3.491], [-16.6456, -3.1828], [-14.6707, -2.8317], [-12.7073, -2.4368], [-10.7516, -1.9971], [-8.8043, -1.5123], [-6.8644, -0.982], [-4.9389, -0.4078], [-3.0232, 0.2116], [-1.1264, 0.8731], [0.7548, 1.5775], [2.6128, 2.3212], [4.4632, 3.1103], [6.2946, 3.9396], [8.1069, 4.8088], [9.9002, 5.7169], [11.6745, 6.6635], [13.419011788216029, 7.6415994943129855]], "obs_orientations": [0.0999, 0.0999, 0.0999, 0.1, 0.1, 0.1, 0.0999, 0.0999, 0.0999, 0.0999, 0.0999, 0.0999, 0.0999, 0.0999, 0.0999, 0.1, 0.1, 0.1, 6.3282, 6.3492, 6.3706, 0.1092, 0.1312, 0.1534, 0.1759, 0.1984, 0.2211, 0.2439, 0.2668, 0.2898, 0.3127, 0.3355, 0.3581, 0.3807, 0.403, 0.4252, 0.4471, 0.4687, 0.49, 0.511, 0.511], "objectives": {"extension_time": 1.8, "danger_difference": 0.5893501939644068, "parameter_difference": 296.2440673042602}, "attributes": {"generation_number": 0, "individual_number": 31, "crash": true, "goal_reached": true, "scenario_length": 41}}, "[[30.033575349332562], [2.3027702757083404, 26.916113579711585, 2.4953968601279417], [0.08733453350052503, 29.606150908244757], [1.2989919414624052, 21.20758575386067]]": {"ego_positions": [[47.8706, 6.6894], [46.377962969559974, 6.539602560271421], [44.884653445369366, 6.388830678260136], [43.39010173393412, 6.236507681517819], [41.89384791679617, 6.082398681612964], [40.39553163136956, 5.926509085881239], [38.894881848928016, 5.769003266765349], [37.391706798266384, 5.610140879720982], [35.88588416932204, 5.450228361907793], [34.37735171382518, 5.289583252113343], [32.866098762559865, 5.128514310771387], [31.3521532936396, 4.967321827156788], [29.835584370785643, 4.8061943387637935], [28.31649199735685, 4.645299114218274], [26.79499223737277, 4.48479419902094], [25.271211913246596, 4.324829901364928], [23.74529616218204, 4.16544764077406], [22.217397445486693, 4.006666980485323], [20.68766965273463, 3.848490025679314], [19.15626680436647, 3.690896564666258], [17.623340665550035, 3.5338481568379962], [16.089038198285103, 3.3772982846690085], [14.553500406461259, 3.2211918235444768], [13.016861628415905, 3.0654647817866154], [11.479248514348354, 2.9100496638002], [9.940775419606828, 2.7549264133013067], [8.401250787906513, 2.603065460254173], [6.858350258905626, 2.4785211371647904], [5.307745371404615, 2.4249167456246727], [3.749944192973186, 2.4377207545378794], [2.1894234110321147, 2.472917700922801], [0.631892428395629, 2.4748909338457548], [-0.9186311980265008, 2.4042566076713436], [-2.4624943658318856, 2.265461020168945], [-4.004725281518969, 2.1106885233029407], [-5.547667604442493, 1.9599937367383653], [-7.0906169027894, 1.804721476571863], [-8.632338195011467, 1.6339903267031928], [-10.171953785829418, 1.440339855751693], [-11.708159762658829, 1.212276150420799]], "ego_orientations": [3.2415, -3.0413488063346463, -3.040533031001318, -3.039497006239381, -3.03842538435244, -3.0374423009050346, -3.0366239934137695, -3.036009932810894, -3.035612370216136, -3.0354243123149853, -3.035440090090978, -3.0356175787618205, -3.0358894373692755, -3.036264187471895, -3.0367361886365165, -3.0372587879357065, -3.037781785168565, -3.0383030749120437, -3.0388063406349626, -3.0392787867832842, -3.0397118590890377, -3.040103099189764, -3.040445112429432, -3.0407332462529153, -3.0409838416682184, -3.0412162806609917, -3.0470362479716235, -3.0815245658205415, -3.1316691769362315, 3.120290640538318, 3.124017877535746, -3.1219814404050785, -3.070251774108652, -3.0415713000685365, -3.0415713000685365, -3.044467284487902, -3.036991007322631, -3.0252961156592035, -3.0056721402539592, -2.9836374508390504], "obs_positions": [[-64.462, -7.9653], [-62.472, -7.7656], [-60.482, -7.566], [-58.492, -7.3663], [-56.502, -7.1666], [-54.512, -6.9669], [-52.522, -6.7673], [-50.5319, -6.5676], [-48.5419, -6.368], [-46.5519, -6.1683], [-44.5619, -5.9687], [-42.5719, -5.769], [-40.5819, -5.5694], [-38.5919, -5.3697], [-36.6019, -5.1701], [-34.6119, -4.9704], [-32.6219, -4.7707], [-30.6319, -4.571], [-28.6419, -4.3714], [-26.627, -4.2806], [-24.6273, -4.1482], [-22.6283, -3.9729], [-20.6229, -3.753], [-18.6377, -3.491], [-16.6456, -3.1828], [-14.6707, -2.8317], [-12.7073, -2.4368], [-10.7516, -1.9971], [-8.8043, -1.5123], [-6.8644, -0.982], [-4.9389, -0.4078], [-3.0232, 0.2116], [-1.1264, 0.8731], [0.7548, 1.5775], [2.6128, 2.3212], [4.4632, 3.1103], [6.2946, 3.9396], [8.1069, 4.8088], [9.9002, 5.7169], [11.664865717220243, 6.658151776342316]], "obs_orientations": [0.0999, 0.0999, 0.0999, 0.1, 0.1, 0.1, 0.0999, 0.0999, 0.0999, 0.0999, 0.0999, 0.0999, 0.0999, 0.0999, 0.0999, 0.1, 0.1, 0.1, 6.3282, 6.3492, 6.3706, 0.1092, 0.1312, 0.1534, 0.1759, 0.1984, 0.2211, 0.2439, 0.2668, 0.2898, 0.3127, 0.3355, 0.3581, 0.3807, 0.403, 0.4252, 0.4471, 0.4687, 0.49, 0.49], "objectives": {"extension_time": 1.8, "danger_difference": 1.1466424251561875,