{"[[25.29146032221571], [17.979995003418825, 392.6651560345518, 447.0133713852531], [1.1218034545102549, 186.50515805694374], [0.5076763922199248, 27.049252066445924]]": {"ego_positions": [[46.3781, 6.5396], [44.88546185111367, 6.389792676508422], [43.3921523403401, 6.238988281284912], [41.897603809762714, 6.086602151244162], [40.40135676045419, 5.932446050236412], [38.90304103889405, 5.776536679840289], [37.40239195345765, 5.619004477960561], [35.89921909751778, 5.460109737642357], [34.393398837913104, 5.3001928386247705], [32.884863429436805, 5.139575618747555], [31.373606099114784, 4.978533938220448], [29.859660041363497, 4.817329342203868], [28.343093994022407, 4.656174663328228], [26.824003776142817, 4.495279627505429], [25.302499117854627, 4.334827154512515], [23.778715304159917, 4.174894333104221], [22.252797439464526, 4.015535866262308], [20.72489661614996, 3.856779060177048], [19.195166806882874, 3.6986249716499815], [17.663762223020132, 3.5410516865292068], [16.130834367816835, 3.3840233334515664], [14.596530224640249, 3.227492902428406], [13.060991483987623, 3.0713983057959697], [11.524353368565365, 2.9156673242533975], [9.986739078555958, 2.7602663128920626], [8.447961354902835, 2.608178352962579], [6.905695219698716, 2.4834736849452503], [5.355598572017289, 2.4297781741837827], [3.7981709186278043, 2.442550396682608], [2.237898836048225, 2.4777489788788305], [0.6805079222499908, 2.479760085425567], [-0.8699714054644708, 2.4091291657450276], [-2.413807125565392, 2.270349010455189], [-3.956061518589629, 2.1156010830119754], [-5.4990431876830534, 1.964899537383435], [-7.042115441752124, 1.809673836450021], [-8.584014808573077, 1.6389944369099299], [-10.123838285459286, 1.4453763991336483], [-11.660256813955064, 1.217317919278528]], "ego_orientations": [3.2415, -3.0413344289533337, -3.0405004323759504, -3.0394520845001924, -3.0384098252350755, -3.0374267390867775, -3.036603835869808, -3.035992420314594, -3.0356257601965164, -3.035445093547889, -3.03544556040926, -3.035599687777311, -3.0358677735058435, -3.0362887194374637, -3.0367654313690444, -3.037274206533333, -3.037797431636196, -3.0383185609145205, -3.038820329541877, -3.0392917272899718, -3.039725020162837, -3.040115269311681, -3.040445575965509, -3.040735404000333, -3.040996999892905, -3.0468700832719686, -3.0814211877272077, -3.131629137210879, 3.120296305544046, 3.124003023949788, -3.122000309558371, -3.0702489555796264, -3.041588584566689, -3.041588584566689, -3.04449717958442, -3.037035312224895, -3.0253396763381666, -3.0057043183754555, -2.983652044329378], "obs_positions": [[-62.472, -7.7656], [-60.482, -7.5659], [-58.492, -7.3663], [-56.502, -7.1666], [-54.512, -6.967], [-52.522, -6.7673], [-50.5319, -6.5676], [-48.5419, -6.368], [-46.5519, -6.1683], [-44.5619, -5.9687], [-42.5719, -5.769], [-40.5819, -5.5693], [-38.5919, -5.3697], [-36.6019, -5.17], [-34.6119, -4.9704], [-32.6219, -4.7707], [-30.6319, -4.571], [-28.6419, -4.3714], [-26.627, -4.2806], [-24.6273, -4.1482], [-22.6283, -3.9729], [-20.6229, -3.753], [-18.6377, -3.491], [-16.6456, -3.1828], [-14.6707, -2.8317], [-12.7073, -2.4368], [-10.7516, -1.9971], [-8.8043, -1.5123], [-6.8644, -0.982], [-4.9389, -0.4078], [-3.0232, 0.2116], [-1.1264, 0.8731], [0.7548, 1.5775], [2.6128, 2.3212], [4.4632, 3.1103], [6.2946, 3.9396], [8.1069, 4.8088], [9.9002, 5.7169], [11.664865717220243, 6.658151776342316]], "obs_orientations": [0.0999, 0.0999, 0.0999, 0.1, 0.1, 0.0999, 0.0999, 0.0999, 0.0999, 0.1, 0.1, 0.0999, 0.0999, 0.0999, 0.0999, 0.1, 0.1, 6.3282, 6.3492, 6.3706, 0.1092, 0.1312, 0.1534, 0.1759, 0.1984, 0.2211, 0.2439, 0.2668, 0.2898, 0.3127, 0.3355, 0.3581, 0.3807, 0.403, 0.4252, 0.4471, 0.4687, 0.49, 0.49], "objectives": {"extension_time": 1.7, "danger_difference": 1.1462120451749342, "parameter_difference": 178.96262158331817}, "attributes": {"generation_number": 0, "individual_number": 10, "crash": true, "goal_reached": true, "scenario_length": 39}}, "[[30.033575349332562], [1.065871552334583, 71.55892168426757, 2.5], [26.6250694454724, 31.20475184967703], [1.327197522304438, 7.523537906473088]]": {"ego_positions": [[46.3781, 6.5396], [44.88546185111367, 6.389792676508422], [43.3921523403401, 6.238988281284912], [41.897603809762714, 6.086602151244162], [40.40135676045419, 5.932446050236412], [38.90304103889405, 5.776536679840289], [37.40239195345765, 5.619004477960561], [35.89921909751778, 5.460109737642357], [34.393398837913104, 5.3001928386247705], [32.884863429436805, 5.139575618747555], [31.373606099114784, 4.978533938220448], [29.859660041363497, 4.817329342203868], [28.343093994022407, 4.656174663328228], [26.824003776142817, 4.495279627505429], [25.302499117854627, 4.334827154512515], [23.778715304159917, 4.174894333104221], [22.252797439464526, 4.015535866262308], [20.72489661614996, 3.856779060177048], [19.195166806882874, 3.6986249716499815], [17.663762223020132, 3.5410516865292068], [16.130834367816835, 3.3840233334515664], [14.596530224640249, 3.227492902428406], [13.060991483987623, 3.0713983057959697], [11.524353368565365, 2.9156673242533975], [9.986739078555958, 2.7602663128920626], [8.447961354902835, 2.608178352962579], [6.905695219698716, 2.4834736849452503], [5.355598572017289, 2.4297781741837827], [3.7981709186278043, 2.442550396682608], [2.237898836048225, 2.4777489788788305], [0.6805079222499908, 2.479760085425567], [-0.8699714054644708, 2.4091291657450276], [-2.413807125565392, 2.270349010455189], [-3.956061518589629, 2.1156010830119754], [-5.4983264168808, 1.9579332125016602], [-7.037683559027954, 1.7667900547989652], [-8.572967179817706, 1.5327580106652392], [-10.105326295861785, 1.2688407589385307], [-11.636563887520909, 0.9940320603590043]], "ego_orientations": [3.2415, -3.0413344289533337, -3.0405004323759504, -3.0394520845001924, -3.0384098252350755, -3.0374267390867775, -3.036603835869808, -3.035992420314594, -3.0356257601965164, -3.035445093547889, -3.03544556040926, -3.035599687777311, -3.0358677735058435, -3.0362887194374637, -3.0367654313690444, -3.037274206533333, -3.037797431636196, -3.0383185609145205, -3.038820329541877, -3.0392917272899718, -3.039725020162837, -3.040115269311681, -3.040445575965509, -3.040735404000333, -3.040996999892905, -3.0468700832719686, -3.0814211877272077, -3.131629137210879, 3.120296305544046, 3.124003023949788, -3.122000309558371, -3.0702489555796264, -3.041588584566689, -3.041588584566689, -3.031881444609588, -3.0035402583084396, -2.9787113264655454, -2.9655130883124983, -2.964334114410639], "obs_positions": [[-62.472, -7.7656], [-60.482, -7.5659], [-58.492, -7.3663], [-56.502, -7.1666], [-54.512, -6.967], [-52.522, -6.7673], [-50.5319, -6.5676], [-48.5419, -6.368], [-46.5519, -6.1683], [-44.5619, -5.9687], [-42.5719, -5.769], [-40.5819, -5.5693], [-38.5919, -5.3697], [-36.6019, -5.17], [-34.6119, -4.9704], [-32.6219, -4.7707], [-30.6319, -4.571], [-28.6419, -4.3714], [-26.627, -4.2806], [-24.6273, -4.1482], [-22.6283, -3.9729], [-20.6229, -3.753], [-18.6377, -3.491], [-16.6456, -3.1828], [-14.6707, -2.8317], [-12.7073, -2.4368], [-10.7516, -1.9971], [-8.8043, -1.5123], [-6.8644, -0.982], [-4.9389, -0.4078], [-3.0232, 0.2116], [-1.1264, 0.8731], [0.7548, 1.5775], [2.6128, 2.3212], [4.4632, 3.1103], [6.2946, 3.9396], [8.1069, 4.8088], [9.9002, 5.7169], [11.664865717220243, 6.658151776342316]], "obs_orientations": [0.0999, 0.0999, 0.0999, 0.1, 0.1, 0.0999, 0.0999, 0.0999, 0.0999, 0.1, 0.1, 0.0999, 0.0999, 0.0999, 0.0999, 0.1, 0.1, 6.3282, 6.3492, 6.3706, 0.1092, 0.1312, 0.1534, 0.1759, 0.1984, 0.2211, 0.2439, 0.2668, 0.2898, 0.3127, 0.3355, 0.3581, 0.3807, 0.403, 0.4252, 0.4471, 0.4687, 0.49, 0.49], "objectives": {"extension_time": 1.7, "danger_difference": 1.1462120451749342, "parameter_difference": 1.3032828774005627}, "attributes": {"generation_number": 6, "individual_number": 312, "crash": true, "goal_reached": true, "scenario_length": 39}},