{"[[17.954332683457586], [30.547826462416417, 214.1625048107165, 343.89187063264416], [1.41649610056192, 113.00347989720532], [1.8394390121732518, 48.794075740200974]]": {"ego_positions": [[53.8406, 7.2883], [52.34796194447154, 7.138493083513256], [50.85465344291199, 6.987689657305654], [49.36010502086254, 6.8353196159435425], [47.863856122750185, 6.681172678769403], [46.36554220835917, 6.525265887706914], [44.86489294972868, 6.367758477257202], [43.361717132540555, 6.208905545863417], [41.85589283190301, 6.04901121914606], [40.34735770271322, 5.888379448719653], [38.836105033353554, 5.727296245381796], [37.32216374355533, 5.566063634293959], [35.805598154629, 5.404933533979495], [34.28650214285557, 5.244088916748338], [32.764995309217746, 5.0836546415306705], [31.241210729233234, 4.923729138254172], [29.715293962557244, 4.7643581765798135], [28.187396657795656, 4.605566568586795], [26.657671512136496, 4.447370751942672], [25.12626815096973, 4.289788863792794], [23.59334063991336, 4.132758188685603], [22.059037078777305, 3.9762229144966867], [20.523498492804194, 3.8201279192825353], [18.9868586974549, 3.664414300765099], [17.44924319967577, 3.509025798679077], [15.91076833868427, 3.353922847678531], [14.371546002429628, 3.1990522248293782], [12.831681743363985, 3.044356863192956], [11.291273682045926, 2.889775301524726], [9.750406811967414, 2.735293399414302], [8.209210090109744, 2.5839411863414212], [6.6676743133399645, 2.459986032247165], [5.126062349035824, 2.4074452158255726], [3.588369110677846, 2.4221694523358868], [2.060638287147606, 2.4604125876190897], [0.5482309804303782, 2.4666715551663834], [-0.9471030988696266, 2.401429264091765], [-2.429867958689159, 2.2687353076524692], [-3.909912050380374, 2.120202703920102], [-5.38989479264964, 1.9757416774448213], [-6.869848600193483, 1.826616726937413], [-8.350344867841644, 1.6618369689651389], [-9.83223301982757, 1.478076245242546], [-11.316370498132583, 1.2733506724616688]], "ego_orientations": [3.2415, -3.0413341271405923, -3.040505746231565, -3.039464711994756, -3.038408175769527, -3.037436452921798, -3.0366269497957465, -3.036019408623767, -3.0356269724969644, -3.035423351698795, -3.0354206967131314, -3.0355950881924216, -3.035912960809176, -3.036308815514953, -3.036772945236751, -3.0372732931313533, -3.0377807828030496, -3.0382886163559193, -3.0388047494252324, -3.0392907363588066, -3.0397227671754408, -3.0401110146931645, -3.04045261495625, -3.0407462079530787, -3.0410022398608962, -3.041222796501489, -3.0413986074666495, -3.0415279454510125, -3.0416241215164344, -3.0417146688719963, -3.047404205516864, -3.0818408011313156, -3.1325099609144766, 3.1183295239827222, 3.121157592190137, -3.124566357036975, -3.0713366526568264, -3.041570669453127, -3.041570669453127, -3.044494737152897, -3.036669244510116, -3.024515639891339, -3.012129815809275, -2.9956349267262863], "obs_positions": [[-72.422, -8.7639], [-70.432, -8.5642], [-68.442, -8.3646], [-66.452, -8.1649], [-64.462, -7.9652], [-62.472, -7.7656], [-60.482, -7.5659], [-58.492, -7.3663], [-56.502, -7.1666], [-54.512, -6.9669], [-52.522, -6.7673], [-50.5319, -6.5677], [-48.5419, -6.368], [-46.5519, -6.1683], [-44.5619, -5.9687], [-42.5719, -5.769], [-40.5819, -5.5694], [-38.5919, -5.3697], [-36.6019, -5.1701], [-34.6119, -4.9704], [-32.6219, -4.7707], [-30.6319, -4.571], [-28.6419, -4.3714], [-26.627, -4.2806], [-24.6273, -4.1482], [-22.6283, -3.9729], [-20.6229, -3.753], [-18.6377, -3.491], [-16.6456, -3.1828], [-14.6707, -2.8317], [-12.7073, -2.4368], [-10.7516, -1.9971], [-8.8043, -1.5123], [-6.8644, -0.982], [-4.9389, -0.4078], [-3.0232, 0.2116], [-1.1264, 0.8731], [0.7548, 1.5775], [2.6128, 2.3212], [4.4632, 3.1103], [6.2946, 3.9396], [8.1069, 4.8088], [9.9002, 5.7169], [11.664865717220243, 6.658151776342316]], "obs_orientations": [0.0999, 0.0999, 0.1, 0.1, 0.0999, 0.0999, 0.0999, 0.1, 0.1, 0.0999, 0.0999, 0.0999, 0.1, 0.1, 0.0999, 0.0999, 0.0999, 0.1, 0.1, 0.1, 0.1, 0.1, 6.3282, 6.3492, 6.3706, 0.1092, 0.1312, 0.1534, 0.1759, 0.1984, 0.2211, 0.2439, 0.2668, 0.2898, 0.3127, 0.3355, 0.3581, 0.3807, 0.403, 0.4252, 0.4471, 0.4687, 0.49, 0.49], "objectives": {"extension_time": 2.2, "danger_difference": 0.6040653740429036, "parameter_difference": 138.106649022383}, "attributes": {"generation_number": 0, "individual_number": 3, "crash": true, "goal_reached": true, "scenario_length": 44}}, "[[17.954332683457586], [2.5, 200.0, 343.89187063264416], [1.41649610056192, 113.00347989720532], [1.8394390121732518, 48.794075740200974]]": {"ego_positions": [[53.8406, 7.2883], [52.34796194447154, 7.138493083513256], [50.85465344291199, 6.987689657305654], [49.36010502086254, 6.8353196159435425], [47.863856122750185, 6.681172678769403], [46.36554220835917, 6.525265887706914], [44.86489294972868, 6.367758477257202], [43.361717132540555, 6.208905545863417], [41.85589283190301, 6.04901121914606], [40.34735770271322, 5.888379448719653], [38.836105033353554, 5.727296245381796], [37.32216374355533, 5.566063634293959], [35.805598154629, 5.404933533979495], [34.28650214285557, 5.244088916748338], [32.764995309217746, 5.0836546415306705], [31.241210729233234, 4.923729138254172], [29.715293962557244, 4.7643581765798135], [28.187396657795656, 4.605566568586795], [26.657671512136496, 4.447370751942672], [25.12626815096973, 4.289788863792794], [23.59334063991336, 4.132758188685603], [22.059037078777305, 3.9762229144966867], [20.523498492804194, 3.8201279192825353], [18.9868586974549, 3.664414300765099], [17.44924319967577, 3.509025798679077], [15.91076833868427, 3.353922847678531], [14.371546002429628, 3.1990522248293782], [12.831681743363985, 3.044356863192956], [11.291273682045926, 2.889775301524726], [9.750406811967414, 2.735293399414302], [8.208856267987768, 2.583905686621429], [6.664279230189179, 2.459645396391698], [5.112368174422173, 2.4060712503889676], [3.553630073854756, 2.4186838824848516], [1.992510397096746, 2.4535754023844207], [0.43466432269438277, 2.4552788353055517], [-1.1159903720775997, 2.3844865944272167], [-2.659862633495952, 2.2456540077790916], [-4.202094139463725, 2.0908873913895576], [-5.744887805148524, 1.94012772262821], [-7.28744433703992, 1.7847200915526273], [-8.828607530048162, 1.6138493308011306], [-10.367568836798771, 1.4201017264783522], [-11.903103884128848, 1.1920283578983577]], "ego_orientations": [3.2415, -3.0413341271405923, -3.040505746231565, -3.039464711994756, -3.038408175769527, -3.037436452921798, -3.0366269497957465, -3.036019408623767, -3.0356269724969644, -3.035423351698795, -3.0354206967131314, -3.0355950881924216, -3.035912960809176, -3.036308815514953, -3.036772945236751, -3.0372732931313533, -3.0377807828030496, -3.0382886163559193, -3.0388047494252324, -3.0392907363588066, -3.0397227671754408, -3.0401110146931645, -3.04045261495625, -3.0407462079530787, -3.0410022398608962, -3.041222796501489, -3.0413986074666495, -3.0415279454510125, -3.0416241215164344, -3.0417146688719963, -3.0474002586007156, -3.0816861249785132, -3.1316157461145187, 3.1204756257293513, 3.1242247349387755, -3.1218444018100935, -3.0701931346196525, -3.04157511304501, -3.04157511304501, -3.044376610707175, -3.0368644789037296, -3.025168511920871, -3.0055773599836173, -2.983593881239128],