{"[[5.484477935617932], [24.260514105218046, 40.68710483871124, 821.8258158396981], [0.808286332844105, 40.81973470605431], [0.0698220543620584, 7.225214227047888]]": {"ego_positions": [[62.7956, 8.1868], [61.302963147724704, 8.03700520803321], [59.80965238048229, 7.886244777067132], [58.31509840564062, 7.73393376299876], [56.81884210243649, 7.579823632508268], [55.32052607104277, 7.423920163865812], [53.819876649933974, 7.266402285073225], [52.31670181235048, 7.107529114680081], [50.81087932238293, 6.947607418223669], [49.302346972195004, 6.786958304296374], [47.79109271416277, 6.625892508840756], [46.27714731836451, 6.464689403950783], [44.760578238630956, 6.303570843147817], [43.24148209201539, 6.142708604095039], [41.719978078226376, 5.9822345264067565], [40.1961967873777, 5.822269541386651], [38.670281512997796, 5.662879460276709], [37.14238303083213, 5.50409328680811], [35.612655275113056, 5.345913391575598], [34.08125175147825, 5.188324485948327], [32.54865892958939, 5.031329019833053], [31.016260158879266, 4.8749952589531285], [29.484181098165966, 4.719242820096799], [27.95220197500836, 4.563948769629872], [26.420136425681733, 4.409081960089129], [24.88784053596396, 4.254562769481219], [23.35520391472568, 4.100303155427176], [21.822143176944895, 3.946226136826959], [20.288596959807638, 3.792275563987278], [18.754523693798657, 3.638402136210726], [17.219898185933253, 3.484565011673784], [15.684708664333522, 3.3307324641046074], [14.148954358884898, 3.176880727714386], [12.612645024863301, 3.022976146686769], [11.075795383007723, 2.8690109665022097], [9.538760749911045, 2.7150189969751546], [8.002669126676325, 2.5675607995455647], [6.467078804806551, 2.457788969514334], [4.916410296488437, 2.4470858757610268], [3.3098233154994166, 2.5598266406253236], [1.6659603677384551, 2.677046898327254], [0.010877098122534873, 2.705190364985609], [-1.6360571780076003, 2.5940470017330615], [-3.2613413388925974, 2.3292215462932075], [-4.859736185796896, 1.9416539191927766], [-6.437538080128595, 1.519132200584006], [-7.99594213269065, 1.115201140964666], [-9.540321803360145, 0.7545726693703254], [-11.076129326633826, 0.4485719134791749], [-12.609081470863728, 0.209342169332157]], "ego_orientations": [3.2415, -3.041354057363974, -3.040541414354291, -3.0395026883181746, -3.0384174641559882, -3.037433602702914, -3.0366164611463335, -3.0360032505498573, -3.0356069131985257, -3.0354255927180254, -3.035437943049721, -3.035612189257, -3.0359097930176704, -3.036287699077023, -3.0367458741226074, -3.0372526920072067, -3.0377778073584607, -3.038299937304166, -3.038806776031625, -3.0392864385809295, -3.039727697540271, -3.0401156768277717, -3.040428512807157, -3.040715091169282, -3.040979954145806, -3.0411951099747605, -3.0413591343145416, -3.041487813421035, -3.0415857252233636, -3.041656489974511, -3.041704726066542, -3.041736795449332, -3.0417494118888553, -3.041744792085604, -3.0417410227774613, -3.0417355805345965, -3.0535438655103326, -3.091283522258878, 3.0991928261463593, 3.0592277431488846, 3.090579632190571, -3.1196021298685537, -3.0271973010094078, -2.934207259342997, -2.8851728712890976, -2.8795265688092853, -2.898595701628622, -2.926837138193529, -2.965172194028933, -3.0080535872277023], "obs_positions": [[-84.3621, -9.9618], [-82.3721, -9.7622], [-80.3821, -9.5625], [-78.3921, -9.3628], [-76.4021, -9.1632], [-74.4121, -8.9636], [-72.422, -8.7639], [-70.432, -8.5642], [-68.442, -8.3646], [-66.452, -8.1649], [-64.462, -7.9652], [-62.472, -7.7656], [-60.482, -7.5659], [-58.492, -7.3663], [-56.502, -7.1666], [-54.512, -6.967], [-52.522, -6.7673], [-50.5319, -6.5676], [-48.5419, -6.368], [-46.5519, -6.1683], [-44.5619, -5.9687], [-42.5719, -5.769], [-40.5819, -5.5694], [-38.5919, -5.3697], [-36.6019, -5.17], [-34.6119, -4.9704], [-32.6219, -4.7707], [-30.6319, -4.571], [-28.6419, -4.3714], [-26.627, -4.2806], [-24.6273, -4.1482], [-22.6283, -3.9729], [-20.6229, -3.753], [-18.6377, -3.491], [-16.6456, -3.1828], [-14.6707, -2.8317], [-12.7073, -2.4368], [-10.7516, -1.9971], [-8.8043, -1.5123], [-6.8644, -0.982], [-4.9389, -0.4078], [-3.0232, 0.2116], [-1.1264, 0.8731], [0.7548, 1.5775], [2.6128, 2.3212], [4.4632, 3.1103], [6.2946, 3.9396], [8.1069, 4.8088], [9.9002, 5.7169], [11.664865717220243, 6.658151776342316]], "obs_orientations": [0.1, 0.1, 0.0999, 0.0999, 0.0999, 0.0999, 0.1, 0.1, 0.1, 0.1, 0.1, 0.1, 0.0999, 0.0999, 0.0999, 0.1, 0.1, 0.1, 0.0999, 0.0999, 0.0999, 0.0999, 0.1, 0.1, 0.1, 0.1, 0.1, 0.1, 6.3282, 6.3492, 6.3706, 0.1092, 0.1312, 0.1534, 0.1759, 0.1984, 0.2211, 0.2439, 0.2668, 0.2898, 0.3127, 0.3355, 0.3581, 0.3807, 0.403, 0.4252, 0.4471, 0.4687, 0.49, 0.49], "objectives": {"extension_time": 2.8, "danger_difference": 2.2179914941026766, "parameter_difference": 328.8736535919895}, "attributes": {"generation_number": 0, "individual_number": 13, "crash": true, "goal_reached": true, "scenario_length": 50}}, "[[32.287915948904356], [42.571873194155074, 208.6414828389621, 159.08789468293827], [0.6230061273623935, 195.15040206925966], [2.1218497607490674, 12.476943430283988]]": {"ego_positions": [[62.7956, 8.1868], [61.302963147724704, 8.03700520803321], [59.80965238048229, 7.886244777067132], [58.31509840564062, 7.73393376299876], [56.81884210243649, 7.579823632508268], [55.32052607104277, 7.423920163865812], [53.819876649933974, 7.266402285073225], [52.31670181235048, 7.107529114680081], [50.81087932238293, 6.947607418223669], [49.302346972195004, 6.786958304296374], [47.79109271416277, 6.625892508840756], [46.27714731836451, 6.464689403950783], [44.760578238630956, 6.303570843147817], [43.24148209201539, 6.142708604095039], [41.719978078226376, 5.9822345264067565], [40.1961967873777, 5.822269541386651], [38.670281512997796, 5.662879460276709], [37.14238303083213, 5.50409328680811], [35.612655275113056, 5.345913391575598], [34.08125175147825, 5.188324485948327], [32.54832346505144, 5.0312953671761065], [31.014018222656468, 4.874770355562986], [29.478479455927502, 4.718670683238657], [27.94184396394515, 4.562909288130574], [26.40423105481856, 4.407490658819867], [24.865756840077367, 4.252377209393873], [23.326534242181914, 4.097505661500883], [21.786669275822913, 3.942814162003349], [20.246258854713997, 3.78825342064443], [18.705390617898427, 3.6337831705267236], [17.164144727624084, 3.4793634618334233], [15.622600878368523, 3.3249091498200958], [14.080821571903655, 3.1704383988638662], [12.538863100292112, 3.015946282204015], [10.996768529021045, 2.8614698038334123], [9.454581141435249, 2.7069785167802967], [7.912411382558772, 2.5552816424050007], [6.370182962010247, 2.4308228511072056], [4.828092002873606, 2.3778411786647027], [3.2900787195129624, 2.392276984076561], [1.7621686024840786, 2.430407775955338], [0.24964638497465355, 2.4366909252276283], [-1.2457281927500485, 2.371453813029964], [-2.7284880769348834, 2.2387858150835216], [-4.2085740038976915, 2.0902682408673146], [-5.688399274435122, 1.9457148242952402], [-7.168023661597483, 1.796451247351123], [-8.6480639501617, 1.6315242459958113], [-10.129402854754417, 1.4476408812908566], [-11.61295254598253, 1.2428588326421972]],