{"[[18.33862526196063], [35.516618046339445, 110.35025674852345, 557.0060787538523], [2.2058246034872733, 171.95932112701323], [0.5169762734982772, 47.3957206715066]]": {"ego_positions": [[59.8106, 7.8873], [58.317962931590564, 7.737502404773869], [56.824653315399594, 7.586730501933995], [55.330101454330304, 7.434407734615472], [53.83384742949905, 7.280299599193501], [52.33553084893522, 7.1244117928109425], [50.834880671049035, 6.96690881721901], [49.331705123714606, 6.808050340479268], [47.82588190413513, 6.648142731720754], [46.317348776477196, 6.487503410054831], [44.80609466513592, 6.326435807044944], [43.29215132146765, 6.165212934978476], [41.77558562178605, 6.004067766914087], [40.25649253510315, 5.843188857431375], [38.734988781097556, 5.682719855642542], [37.21120718254219, 5.522761776840257], [35.68529170385994, 5.363377100731614], [34.157392566492106, 5.20460260807903], [32.62766273998567, 5.046446430425262], [31.096257115175945, 4.88887958323376], [29.563330321761036, 4.731835965715852], [28.029030206666285, 4.575261999871626], [26.49349574437379, 4.419123192640301], [24.956856693300864, 4.26339912287152], [23.41924125536815, 4.108007013751602], [21.880766365648647, 3.952901671330139], [20.34154336491033, 3.798035269776319], [18.801677539332257, 3.6433532882819395], [17.261266384921694, 3.4888006466570514], [15.720397436863015, 3.33433809212052], [14.179149189325779, 3.1799424024941154], [12.63759738802589, 3.025567884110277], [11.09581145286152, 2.8711634562050956], [9.55384760351423, 2.716724990815268], [8.011804515311564, 2.5652842610883666], [6.469635314936616, 2.4411474220568796], [4.92757459448768, 2.3883493827632933], [3.3895867005274223, 2.402780017958759], [1.8616838493159296, 2.440747300803375], [0.34919766641999017, 2.4468174603271073], [-1.1461749294888572, 2.3814756169162625], [-2.628934970470469, 2.2487577393880986], [-4.108979633516013, 2.1002308275600843], [-5.588870718493242, 1.9557382014948612], [-7.068579273733935, 1.806546955515916], [-8.54872592730886, 1.641700060020992], [-10.030199300652354, 1.4578909822852957], [-11.513890071605074, 1.2531497950657888]], "ego_orientations": [3.2415, -3.041348708953725, -3.0405330790392586, -3.0394973374260372, -3.0384262561310615, -3.0374438458695328, -3.036626251906873, -3.0360128801002717, -3.035615938592364, -3.035428408477013, -3.0354305320383186, -3.035594953811854, -3.0358906743043836, -3.036285984664512, -3.0367505478892185, -3.0372567821962084, -3.0377808273161744, -3.0383129600618854, -3.038823013723126, -3.0392906688386416, -3.0397047664637444, -3.040077283131822, -3.0404368552592618, -3.04074332107563, -3.041000081781565, -3.041222422571119, -3.0414039657011145, -3.0415425591046175, -3.0416422876678424, -3.0417209514092454, -3.0417735722694426, -3.0417843858460882, -3.041775481290419, -3.0417583909753074, -3.047359522726531, -3.081717021161497, -3.132328024290997, 3.11852602006498, 3.1213228259358563, -3.1244747721192, -3.0712971809872633, -3.041574515228774, -3.041574515228774, -3.0444457934808167, -3.0366001215211216, -3.0244453650711898, -3.0120678986329046, -2.9955955341474954], "obs_positions": [[-80.3821, -9.5626], [-78.3921, -9.3629], [-76.4021, -9.1632], [-74.4121, -8.9636], [-72.422, -8.7639], [-70.432, -8.5642], [-68.442, -8.3646], [-66.452, -8.1649], [-64.462, -7.9653], [-62.472, -7.7656], [-60.482, -7.5659], [-58.492, -7.3663], [-56.502, -7.1666], [-54.512, -6.9669], [-52.522, -6.7673], [-50.5319, -6.5676], [-48.5419, -6.368], [-46.5519, -6.1683], [-44.5619, -5.9686], [-42.5719, -5.769], [-40.5819, -5.5693], [-38.5919, -5.3697], [-36.6019, -5.17], [-34.6119, -4.9703], [-32.6219, -4.7707], [-30.6319, -4.571], [-28.6419, -4.3714], [-26.627, -4.2806], [-24.6273, -4.1482], [-22.6283, -3.9729], [-20.6229, -3.753], [-18.6377, -3.491], [-16.6456, -3.1828], [-14.6707, -2.8317], [-12.7073, -2.4368], [-10.7516, -1.9971], [-8.8043, -1.5123], [-6.8644, -0.982], [-4.9389, -0.4078], [-3.0232, 0.2116], [-1.1264, 0.8731], [0.7548, 1.5775], [2.6128, 2.3212], [4.4632, 3.1103], [6.2946, 3.9396], [8.1069, 4.8088], [9.9002, 5.7169], [11.664865717220243, 6.658151776342316]], "obs_orientations": [0.0999, 0.0999, 0.0999, 0.0999, 0.0999, 0.0999, 0.0999, 0.0999, 0.0999, 0.0999, 0.0999, 0.0999, 0.0999, 0.0999, 0.0999, 0.0999, 0.0999, 0.0999, 0.0999, 0.0999, 0.0999, 0.0999, 0.0999, 0.0999, 0.0999, 0.0999, 6.3282, 6.3492, 6.3706, 0.1092, 0.1312, 0.1534, 0.1759, 0.1984, 0.2211, 0.2439, 0.2668, 0.2898, 0.3127, 0.3355, 0.3581, 0.3807, 0.403, 0.4252, 0.4471, 0.4687, 0.49, 0.49], "objectives": {"extension_time": 2.6, "danger_difference": 0.6048429627441294, "parameter_difference": 223.25816489723192}, "attributes": {"generation_number": 0, "individual_number": 44, "crash": true, "goal_reached": true, "scenario_length": 48}}, "[[3.4097801660428306], [2.5, 128.5827341558459, 406.78777635497954], [1.5888029869963791, 10.236598762304371], [3.2653994819204972, 3.4342559612477674]]": {"ego_positions": [[59.8106, 7.8873], [58.317962931590564, 7.737502404773869], [56.824653315399594, 7.586730501933995], [55.330101454330304, 7.434407734615472], [53.83384742949905, 7.280299599193501], [52.33553084893522, 7.1244117928109425], [50.834880671049035, 6.96690881721901], [49.331705123714606, 6.808050340479268], [47.82588190413513, 6.648142731720754], [46.317348776477196, 6.487503410054831], [44.80609466513592, 6.326435807044944], [43.29215132146765, 6.165212934978476], [41.77558562178605, 6.004067766914087], [40.25649253510315, 5.843188857431375], [38.734988781097556, 5.682719855642542], [37.21120718254219, 5.522761776840257], [35.68529170385994, 5.363377100731614], [34.157392566492106, 5.20460260807903], [32.62766273998567, 5.046446430425262], [31.096257115175945, 4.88887958323376], [29.563330321761036, 4.731835965715852], [28.029030206666285, 4.575261999871626], [26.49349574437379, 4.419123192640301], [24.956856693300864, 4.26339912287152], [23.41924125536815, 4.108007013751602], [21.880766520334944, 3.952900129542782], [20.34154468235487, 3.7980221385647965], [18.801682453025936, 3.6433043129835436], [17.261277546599608, 3.488677821229187], [15.720415721800812, 3.3340838031326046], [14.17917870670732, 3.1794794305820693], [12.637642257666885, 3.0248389746339255], [11.095873204517211, 2.870150647338842], [9.553924959727443, 2.715446822331899], [8.011893649007101, 2.5637895501221872], [6.469725651800716, 2.4395537346754077], [4.927644156747343, 2.3868910320693177], [3.3896152398452095, 2.401676236452553], [1.861663528117283, 2.4400938526396057], [0.34913616054923047, 2.4465534731105536], [-1.1462587437239444, 2.381425614067001], [-2.6290230397465475, 2.2487489012375765], [-4.109067703044813, 2.1002219919278926], [-5.588961777186, 1.9557643452438165], [-7.068676556817297, 1.8066487532890658], [-8.548829731275282, 1.6418863303237385], [-10.030308221436773, 1.4581515306519353], [-11.514001560736343, 1.2534611979472738]], "ego_orientations": [3.2415, -3.041348708953725, -3.0405330790392586, -3.0394973374260372, -3.0384262561310615, -3.0374438458695328, -3.036626251906873, -3.0360128801002717, -3.035615938592364, -3.035428408477013, -3.0354305320383186, -3.035594953811854, -3.0358906743043836, -3.036285984664512, -3.0367505478892185, -3.0372567821962084, -3.0377808273161744, -3.0383129600618854, -3.038823013723126, -3.0392906688386416, -3.0397047664637444, -3.040077283131822, -3.0404368552592618, -3.04074332107563, -3.041000081781565, -3.0412195299576967, -3.0413900785678547, -3.04150858946015, -3.041578861920602, -3.041611068780882, -3.0416164907176855, -3.041602410907488, -3.041594744187209, -3.0415989915207797, -3.0472439312299193, -3.0817224658839097, -3.132496282960576, 3.118247685086101, 3.121030990679118, -3.1246835945793, -3.0713737195894906, -3.0415745169302975, -3.0415745169302975, -3.044487567833834, -3.0366568546973447, -3.024500236091575, -3.0121115855349543, -2.9956174052278346],