{"[[34.212815190664294], [22.112589754954442, 329.07120086122546, 449.4570428799528], [2.0090662889495072, 117.59124636064466], [0.18158427294446666, 39.79977612118887]]": {"ego_positions": [[52.3481, 7.1386], [50.855462824224205, 6.988801532172888], [49.36215338305588, 6.838026716242854], [47.867601821203884, 6.685701260497934], [46.37134804368732, 6.531591716358764], [44.873031561160424, 6.375704111345644], [43.372381336496865, 6.218202857533417], [41.86920561121303, 6.0593474508487155], [40.363382101628204, 5.899444041199852], [38.85484859364788, 5.738809808496205], [37.343594033909596, 5.577747945142249], [35.82965019501066, 5.416531238395277], [34.313083972503726, 5.255392459627524], [32.79399035204179, 5.094519990392747], [31.27248609382747, 4.9340556921030085], [29.748704826862024, 4.774092571107136], [28.2227920119189, 4.6146785787345], [26.694896923054536, 4.455868600627393], [25.165169429248255, 4.297691314197575], [23.633766137295343, 4.140103208286445], [22.10083941935925, 3.9830611840103476], [20.566536511083093, 3.8265161733534447], [19.03099848471062, 3.670412565839245], [17.49435925459774, 3.5146905426701487], [15.956744022332826, 3.359296845454886], [14.418269042218332, 3.2041927683720566], [12.879046634183057, 3.049320989925257], [11.339182983866129, 2.8946176683409877], [9.798773291775218, 2.740050586799472], [8.257603187848476, 2.588591975042323], [6.713334741609263, 2.464292491805067], [5.161658632004644, 2.4107360544032628], [3.6030828178832657, 2.4234182391117494], [2.0420692794056956, 2.4584020319250546], [0.48427391952245274, 2.4602074375261607], [-1.0663674146152062, 2.3894480996310876], [-2.6102233408453914, 2.2506408564767764], [-4.152477770646769, 2.0958933060016567], [-5.695290328215599, 1.9451143576366903], [-7.2379263034460335, 1.789722221444877], [-8.7792065585741, 1.618869053737887], [-10.318303281138386, 1.4251277707235728], [-11.853977759457624, 1.1970510499750737]], "ego_orientations": [3.2415, -3.0413472222427917, -3.040531029544886, -3.039495850190802, -3.038425849326308, -3.0374444938177114, -3.036627859792158, -3.0360153112439683, -3.0356190355589665, -3.035432008831998, -3.0354344795902684, -3.0355991061389482, -3.035894907303105, -3.0362901947794514, -3.0367507108819956, -3.0372464303174453, -3.037751671147378, -3.038296677878755, -3.038808757081548, -3.039282894332336, -3.039715897539042, -3.040105274476384, -3.0404469200202042, -3.0407417028170154, -3.0409999182594105, -3.041225506700005, -3.041392944341908, -3.04153041679891, -3.041635803092172, -3.047341900071512, -3.0816669606220906, -3.1316454626414565, 3.1204210229616973, 3.1241528847368247, -3.1218932873659178, -3.0702048649190923, -3.0415888289258883, -3.0415888289258883, -3.0443887425448652, -3.036883620065148, -3.025185970498666, -3.0055914513433963, -2.983602792119888], "obs_positions": [[-70.432, -8.5642], [-68.442, -8.3646], [-66.452, -8.1649], [-64.462, -7.9652], [-62.472, -7.7656], [-60.482, -7.5659], [-58.492, -7.3663], [-56.502, -7.1666], [-54.512, -6.967], [-52.522, -6.7673], [-50.5319, -6.5676], [-48.5419, -6.368], [-46.5519, -6.1683], [-44.5619, -5.9687], [-42.5719, -5.769], [-40.5819, -5.5694], [-38.5919, -5.3697], [-36.6019, -5.17], [-34.6119, -4.9704], [-32.6219, -4.7707], [-30.6319, -4.571], [-28.6419, -4.3714], [-26.627, -4.2806], [-24.6273, -4.1482], [-22.6283, -3.9729], [-20.6229, -3.753], [-18.6377, -3.491], [-16.6456, -3.1828], [-14.6707, -2.8317], [-12.7073, -2.4368], [-10.7516, -1.9971], [-8.8043, -1.5123], [-6.8644, -0.982], [-4.9389, -0.4078], [-3.0232, 0.2116], [-1.1264, 0.8731], [0.7548, 1.5775], [2.6128, 2.3212], [4.4632, 3.1103], [6.2946, 3.9396], [8.1069, 4.8088], [9.9002, 5.7169], [11.664865717220243, 6.658151776342316]], "obs_orientations": [0.1, 0.1, 0.1, 0.1, 0.0999, 0.0999, 0.0999, 0.1, 0.1, 0.1, 0.1, 0.0999, 0.0999, 0.0999, 0.1, 0.1, 0.1, 0.1, 0.1, 0.1, 0.0999, 6.3282, 6.3492, 6.3706, 0.1092, 0.1312, 0.1534, 0.1759, 0.1984, 0.2211, 0.2439, 0.2668, 0.2898, 0.3127, 0.3355, 0.3581, 0.3807, 0.403, 0.4252, 0.4471, 0.4687, 0.49, 0.49], "objectives": {"extension_time": 2.1, "danger_difference": 1.1470470390434286, "parameter_difference": 180.0110006171354}, "attributes": {"generation_number": 1, "individual_number": 58, "crash": true, "goal_reached": true, "scenario_length": 43}}, "[[16.337747575347926], [5.5371659524653, 55.870513480745174, 995.0874850278419], [1.7452785661635952, 165.13756631642391], [2.3101858530038912, 43.07158931049086]]": {"ego_positions": [[52.3481, 7.1386], [50.855462824224205, 6.988801532172888], [49.36215338305588, 6.838026716242854], [47.867601821203884, 6.685701260497934], [46.37134804368732, 6.531591716358764], [44.873031561160424, 6.375704111345644], [43.372381336496865, 6.218202857533417], [41.86920561121303, 6.0593474508487155], [40.363382101628204, 5.899444041199852], [38.85484859364788, 5.738809808496205], [37.343594033909596, 5.577747945142249], [35.82965019501066, 5.416531238395277], [34.313083972503726, 5.255392459627524], [32.79399035204179, 5.094519990392747], [31.27248609382747, 4.9340556921030085], [29.748704826862024, 4.774092571107136], [28.2227920119189, 4.6146785787345], [26.694896923054536, 4.455868600627393], [25.165169429248255, 4.297691314197575], [23.633766137295343, 4.140103208286445], [22.10083941935925, 3.9830611840103476], [20.566536511083093, 3.8265161733534447], [19.03099848471062, 3.670412565839245], [17.49435925459774, 3.5146905426701487], [15.956744022332826, 3.359296845454886], [14.41826919705203, 3.204191225091471], [12.879047553644149, 3.0493118264725694], [11.339184986178152, 2.894597713601005], [9.798776359602645, 2.7400200116491025], [8.257607110420036, 2.588552878801968], [6.713339108156499, 2.4642489704297006], [5.161662709873924, 2.410695410281041], [3.6030859323078954, 2.423387200510225], [2.0420711244898437, 2.458383645917428], [0.4842746522825545, 2.460200132620981], [-1.0663672960860697, 2.389446918212319], [-2.6102233408453914, 2.250640856476777], [-4.152477770646769, 2.0958933060016576], [-5.695290457555387, 1.9451156468658901], [-7.237926712456467, 1.7897262981932656], [-8.779207279770946, 1.618876241357205], [-10.31830426194704, 1.4251375449221384], [-11.85397886463071, 1.197062063727686]], "ego_orientations": [3.2415, -3.0413472222427917, -3.040531029544886, -3.039495850190802, -3.038425849326308, -3.0374444938177114, -3.036627859792158, -3.0360153112439683, -3.0356190355589665, -3.035432008831998, -3.0354344795902684, -3.0355991061389482, -3.035894907303105, -3.0362901947794514, -3.0367507108819956, -3.0372464303174453, -3.037751671147378, -3.038296677878755, -3.038808757081548, -3.039282894332336, -3.039715897539042, -3.040105274476384, -3.0404469200202042, -3.0407417028170154, -3.0409999182594105, -3.041222611285454, -3.041386508450284, -3.0415231932474485, -3.041629435987891, -3.047337320858508, -3.0816662833305672, -3.131649753048075, 3.1204134223997584, 3.1241448220242165, -3.1218990571197285, -3.070206975623233, -3.0415888289258888, -3.0415888289258888, -3.0443902211931984, -3.036885629876852, -3.0251879183796757, -3.0055927411477623, -2.9836031021833778], "obs_positions": [[-70.432, -8.5642], [-68.442, -8.3646], [-66.452, -8.1649], [-64.462, -7.9652], [-62.472, -7.7656], [-60.482, -7.5659], [-58.492, -7.3663], [-56.502, -7.1666], [-54.512, -6.967], [-52.522, -6.7673], [-50.5319, -6.5676], [-48.5419, -6.368], [-46.5519, -6.1683], [-44.5619, -5.9687], [-42.5719, -5.769], [-40.5819, -5.5694], [-38.5919, -5.3697], [-36.6019, -5.17], [-34.6119, -4.9704], [-32.6219, -4.7707], [-30.6319, -4.571], [-28.6419, -4.3714], [-26.627, -4.2806], [-24.6273, -4.1482], [-22.6283, -3.9729], [-20.6229, -3.753], [-18.6377, -3.491], [-16.6456, -3.1828], [-14.6707, -2.8317], [-12.7073, -2.4368], [-10.7516, -1.9971], [-8.8043, -1.5123], [-6.8644, -0.982], [-4.9389, -0.4078], [-3.0232, 0.2116], [-1.1264, 0.8731], [0.7548, 1.5775], [2.6128, 2.3212], [4.4632, 3.1103], [6.2946, 3.9396], [8.1069, 4.8088], [9.9002, 5.7169], [11.664865717220243, 6.658151776342316]],