{"[[35.965227493169735], [45.776501040707636, 31.428239637484758, 742.0488046272053], [0.9475006236370698, 180.19725214227705], [2.1849304117897654, 42.008255706906795]]": {"ego_positions": [[56.8256, 7.5878], [55.33297863626361, 7.437863518232447], [53.83968310873762, 7.286982781413291], [52.345140887793725, 7.13460263773091], [50.848890599635105, 6.98047064879305], [49.350575521978406, 6.824576927702134], [47.84992539705333, 6.667080994744301], [46.346748647869035, 6.508241235855749], [44.84092316001922, 6.348361296921597], [43.33238699951875, 6.187755836490311], [41.8211293523201, 6.026725903261775], [40.30718218959071, 5.865542519242203], [38.790612566509644, 5.704437052661553], [37.27151559243049, 5.543596815764118], [35.750008092358634, 5.38316454424892], [34.22622296353586, 5.223240629031613], [32.700304216800916, 5.063887171551436], [31.172402680515532, 4.905133116493397], [29.642673044092444, 4.746970178115077], [28.111272499462732, 4.5893515619294485], [26.578347839391544, 4.4322887007597265], [25.04404500265237, 4.275741333275741], [23.508506062649417, 4.119644582698991], [21.971866066313797, 3.9639279436362367], [20.434250283858354, 3.808537600171868], [18.895775326781582, 3.653431338203474], [17.35655304365641, 3.498556305426877], [15.816688313545331, 3.343861998443771], [14.276277880781743, 3.189300938973752], [12.735410702528002, 3.03481983583956], [11.19416647549962, 2.880383069610156], [9.6526239731182, 2.725914882692886], [8.110895517488867, 2.5744854616350095], [6.568950612209303, 2.450410683467804], [5.0270374931989785, 2.3977411283026995], [3.4891341110318757, 2.4123416794302748], [1.9612866080034166, 2.4504955063416154], [0.4488015185594028, 2.456728622428515], [-1.0465585048033215, 2.391445482476663], [-2.5293144719422784, 2.2587711341550722], [-4.009400897571607, 2.1102585195840864], [-5.489299288068645, 1.9657470379775592], [-6.9691083058431245, 1.8165901513507312], [-8.449407671507025, 1.6517801235936351], [-9.931055576054485, 1.4679900284774787], [-11.414933389816763, 1.2632585927089544]], "ego_orientations": [3.2416, -3.0412644516798912, -3.0404769878389577, -3.0394742076388503, -3.0384169346089833, -3.0374443787762826, -3.0366350059478058, -3.0360285718302173, -3.035636592899804, -3.035452300510636, -3.0354562044628226, -3.0356212166031757, -3.0359165919595212, -3.036310854895243, -3.036773875119635, -3.0372782484945606, -3.0378001233796055, -3.0383195960025287, -3.03880075950978, -3.0392620101594745, -3.0397102725065372, -3.0401087327557508, -3.04045103294359, -3.040744558071152, -3.041001026681644, -3.0412194725025596, -3.0413962608177645, -3.0415358846761174, -3.0416346299849835, -3.041704717569806, -3.041726064104079, -3.0417248675124973, -3.047365493929791, -3.0817710529982474, -3.1324307080146996, 3.1184100377599977, 3.121184851788593, -3.1245430496765305, -3.071331334095773, -3.041586882037874, -3.041586882037874, -3.0444687829166486, -3.036637475867905, -3.024476281348618, -3.012095886768323, -2.9956143124573464], "obs_positions": [[-76.4021, -9.1632], [-74.4121, -8.9635], [-72.422, -8.7639], [-70.432, -8.5642], [-68.442, -8.3646], [-66.452, -8.1649], [-64.462, -7.9653], [-62.472, -7.7656], [-60.482, -7.566], [-58.492, -7.3663], [-56.502, -7.1667], [-54.512, -6.967], [-52.522, -6.7673], [-50.5319, -6.5676], [-48.5419, -6.368], [-46.5519, -6.1683], [-44.5619, -5.9687], [-42.5719, -5.769], [-40.5819, -5.5694], [-38.5919, -5.3697], [-36.6019, -5.1701], [-34.6119, -4.9704], [-32.6219, -4.7707], [-30.6319, -4.571], [-28.6419, -4.3714], [-26.627, -4.2806], [-24.6273, -4.1482], [-22.6283, -3.9729], [-20.6229, -3.753], [-18.6377, -3.491], [-16.6456, -3.1828], [-14.6707, -2.8317], [-12.7073, -2.4368], [-10.7516, -1.9971], [-8.8043, -1.5123], [-6.8644, -0.982], [-4.9389, -0.4078], [-3.0232, 0.2116], [-1.1264, 0.8731], [0.7548, 1.5775], [2.6128, 2.3212], [4.4632, 3.1103], [6.2946, 3.9396], [8.1069, 4.8088], [9.9002, 5.7169], [11.664865717220243, 6.658151776342316]], "obs_orientations": [0.0999, 0.0999, 0.0999, 0.0999, 0.0999, 0.0999, 0.0999, 0.0999, 0.0999, 0.0999, 0.1, 0.1, 0.1, 0.0999, 0.0999, 0.0999, 0.0999, 0.0999, 0.0999, 0.0999, 0.0999, 0.1, 0.1, 0.1, 6.3282, 6.3492, 6.3706, 0.1092, 0.1312, 0.1534, 0.1759, 0.1984, 0.2211, 0.2439, 0.2668, 0.2898, 0.3127, 0.3355, 0.3581, 0.3807, 0.403, 0.4252, 0.4471, 0.4687, 0.49, 0.49], "objectives": {"extension_time": 2.4, "danger_difference": 0.6048985580660826, "parameter_difference": 297.38608979551566}, "attributes": {"generation_number": 0, "individual_number": 38, "crash": true, "goal_reached": true, "scenario_length": 46}}, "[[34.330959103976085], [2.5, 31.428239637484758, 742.0488046272053], [0.9475006236370698, 185.05866708412682], [1.8686509428591962, 42.01033005459569]]": {"ego_positions": [[56.8256, 7.5878], [55.33297863626361, 7.437863518232447], [53.83968310873762, 7.286982781413291], [52.345140887793725, 7.13460263773091], [50.848890599635105, 6.98047064879305], [49.350575521978406, 6.824576927702134], [47.84992539705333, 6.667080994744301], [46.346748647869035, 6.508241235855749], [44.84092316001922, 6.348361296921597], [43.33238699951875, 6.187755836490311], [41.8211293523201, 6.026725903261775], [40.30718218959071, 5.865542519242203], [38.790612566509644, 5.704437052661553], [37.27151559243049, 5.543596815764118], [35.750008092358634, 5.38316454424892], [34.22622296353586, 5.223240629031613], [32.700304216800916, 5.063887171551436], [31.172402680515532, 4.905133116493397], [29.642673044092444, 4.746970178115077], [28.111272499462732, 4.5893515619294485], [26.578347839391544, 4.4322887007597265], [25.04404500265237, 4.275741333275741], [23.508506062649417, 4.119644582698991], [21.971866066313797, 3.9639279436362367], [20.434250283858354, 3.808537600171868], [18.895775176026508, 3.6534328407958743], [17.356552148519654, 3.498565227297978], [15.816686364281221, 3.3438814271127058], [14.276274894033198, 3.1893307080450617], [12.735406926765556, 3.03485746531512], [11.194160389387145, 2.8804437245501755], [9.652609322480554, 2.7260608992618023], [8.11051767569781, 2.574689363529661], [6.565524991212402, 2.4503744152387825], [5.013312659295979, 2.3966727409169066], [3.4543707109225896, 2.4090992006204996], [1.8931448530764066, 2.4438078849056937], [0.335226276524388, 2.445395609226358], [-1.215442690995978, 2.3745133549303086], [-2.7593156793350313, 2.2356924822626394], [-4.301590011265644, 2.0809338725386137], [-5.84429146452045, 1.9301247476966474], [-7.386701261721952, 1.7746691938005783], [-8.927667694572047, 1.60374408469984], [-10.46638604076044, 1.4099544656072034], [-12.00167524178056, 1.1818777297221268]], "ego_orientations": [3.2416, -3.0412644516798912, -3.0404769878389577, -3.0394742076388503, -3.0384169346089833, -3.0374443787762826, -3.0366350059478058, -3.0360285718302173, -3.035636592899804, -3.035452300510636, -3.0354562044628226, -3.0356212166031757, -3.0359165919595212, -3.036310854895243, -3.036773875119635, -3.0372782484945606, -3.0378001233796055, -3.0383195960025287, -3.03880075950978, -3.0392620101594745, -3.0397102725065372, -3.0401087327557508, -3.04045103294359, -3.040744558071152, -3.041001026681644, -3.04122229158058, -3.041402527029559, -3.0415429177814763, -3.041640829223127, -3.041708387337098, -3.041762917151046, -3.041788423678754, -3.0474171502416194, -3.081640284163447, -3.1315157814195715, 3.1206090762406737, 3.1243112273799096, -3.1217711731011892, -3.0701758907224357, -3.0415830115659084, -3.0415830115659084, -3.044342148349618, -3.036820875932922, -3.0251150714365522, -3.005541817658761, -2.983580158890145],