{"[[28.467574243719863], [23.987442065753132, 401.6103968859629, 750.4825640545214], [0.4867135363819827, 12.765429513855619], [0.20624351991785, 49.99113715405018]]": {"ego_positions": [[31.4354, 55.9254]], "ego_orientations": [4.6359], "obs_positions": [[35.8405, 8.5837]], "obs_orientations": [1.726], "objectives": {"extension_time": -0.1, "danger_difference": 0, "parameter_difference": 300.35524460337354}, "attributes": {"generation_number": 0, "individual_number": 7, "crash": true, "goal_reached": false, "scenario_length": 1}}, "[[35.79664518530029], [34.4682748628077, 321.949548123883, 31.62411961610079], [2.0724196370521444, 28.08584663620566], [2.092823855030805, 4.0318356690503325]]": {"ego_positions": [[31.4354, 55.9254]], "ego_orientations": [4.6359], "obs_positions": [[35.8405, 8.5837]], "obs_orientations": [1.726], "objectives": {"extension_time": -0.1, "danger_difference": 0, "parameter_difference": 18.79411524044557}, "attributes": {"generation_number": 0, "individual_number": 32, "crash": true, "goal_reached": false, "scenario_length": 1}}, "[[48.4433083104337], [3.3171888389792183, 166.36564552201065, 228.6571202892418], [0.0048120423037623095, 70.89514093614568], [1.0493779079678438, 0.9542307283218754]]": {"ego_positions": [[31.4354, 55.9254]], "ego_orientations": [4.6359], "obs_positions": [[35.8405, 8.5837]], "obs_orientations": [1.726], "objectives": {"extension_time": -0.1, "danger_difference": 0, "parameter_difference": 91.48149940372862}, "attributes": {"generation_number": 1, "individual_number": 50, "crash": true, "goal_reached": false, "scenario_length": 1}}, "[[13.67767709714744], [2.5, 120.57311240781029, 2.5], [1.0277425166672578, 56.96374883897575], [1.5807695642899298, 36.16338588949921]]": {"ego_positions": [[31.4354, 55.9254]], "ego_orientations": [4.6359], "obs_positions": [[35.8405, 8.5837]], "obs_orientations": [1.726], "objectives": {"extension_time": -0.1, "danger_difference": 0, "parameter_difference": 1.7249274424587604}, "attributes": {"generation_number": 1, "individual_number": 57, "crash": true, "goal_reached": false, "scenario_length": 1}}, "[[28.59420827619087], [2.5, 120.57311240781029, 2.5], [1.01010698483215, 56.96374883897575], [1.5711766731207057, 49.80976115691647]]": {"ego_positions": [[31.4354, 55.9254]], "ego_orientations": [4.6359], "obs_positions": [[35.8405, 8.5837]], "obs_orientations": [1.726], "objectives": {"extension_time": -0.1, "danger_difference": 0, "parameter_difference": 1.9227249519293454}, "attributes": {"generation_number": 2, "individual_number": 121, "crash": true, "goal_reached": false, "scenario_length": 1}}, "[[28.44619378813037], [2.5, 245.79230394093472, 2.5], [1.2599645089175606, 10.903360502188875], [0.2153713068335854, 26.628322000859058]]": {"ego_positions": [[31.4354, 55.9254]], "ego_orientations": [4.6359], "obs_positions": [[35.8405, 8.5837]], "obs_orientations": [1.726], "objectives": {"extension_time": -0.1, "danger_difference": 0, "parameter_difference": 2.0293209408251793}, "attributes": {"generation_number": 2, "individual_number": 126, "crash": true, "goal_reached": false, "scenario_length": 1}}, "[[4.20386448723864], [2.5, 38.622726644138595, 2.5], [0.47506719253723584, 52.34766197684603], [0.6516525144035563, 29.438463604071828]]": {"ego_positions": [[31.4354, 55.9254]], "ego_orientations": [4.6359], "obs_positions": [[35.8405, 8.5837]], "obs_orientations": [1.726], "objectives": {"extension_time": -0.1, "danger_difference": 0, "parameter_difference": 1.5498846146343428}, "attributes": {"generation_number": 3, "individual_number": 183, "crash": true, "goal_reached": false, "scenario_length": 1}}, "[[3.8096438931441376], [2.5, 38.622726644138595, 2.5], [0.47506719253723584, 51.816763615282454], [0.6512471068722352, 29.438463604071828]]": {"ego_positions": [[31.4354, 55.9254]], "ego_orientations": [4.6359], "obs_positions": [[35.8405, 8.5837]], "obs_orientations": [1.726], "objectives": {"extension_time": -0.1, "danger_difference": 0, "parameter_difference": 1.5494054564550876}, "attributes": {"generation_number": 4, "individual_number": 247, "crash": true, "goal_reached": false, "scenario_length": 1}}, "[[4.872739831585147], [2.5, 195.4912347417752, 2.5], [0.2042545562720909, 52.34766197684603], [0.6516525144035563, 29.438463604071828]]": {"ego_positions": [[31.4354, 55.9254]], "ego_orientations": [4.6359], "obs_positions": [[35.8405, 8.5837]], "obs_orientations": [1.726], "objectives": {"extension_time": -0.1, "danger_difference": 0, "parameter_difference": 1.822827001564584}, "attributes": {"generation_number": 5, "individual_number": 267, "crash": true, "goal_reached": false, "scenario_length": 1}}, "[[28.186468994988157], [2.5, 10.189565756568413, 2.5], [0.515027329549297, 52.90326488165185], [0.6512471068722352, 26.22298823162946]]": {"ego_positions": [[31.4354, 55.9254]], "ego_orientations": [4.6359], "obs_positions": [[35.8405, 8.5837]], "obs_orientations": [1.726], "objectives": {"extension_time": -0.1, "danger_difference": 0, "parameter_difference": 1.6145616977525865}, "attributes": {"generation_number": 5, "individual_number": 270, "crash": true, "goal_reached": false, "scenario_length": 1}}, "[[4.1957710548735845], [2.5, 31.32909028751169, 2.5], [0.47501207850744137, 53.38353953349078], [0.6512470298280855, 29.438463604071828]]": {"ego_positions": [[31.4354, 55.9254]], "ego_orientations": [4.6359], "obs_positions": [[35.8405, 8.5837]], "obs_orientations": [1.726], "objectives": {"extension_time": -0.1, "danger_difference": 0, "parameter_difference": 1.5458971294972577}, "attributes": {"generation_number": 6, "individual_number": 340, "crash": true, "goal_reached": false, "scenario_length": 1}}, "[[4.20386448723864], [2.5, 38.622726644138595, 2.478000073922338], [0.47506719253723584, 155.08757363686678], [0.11962074644857074, 29.40823671951095]]": {"ego_positions": [[31.4354, 55.9254]], "ego_orientations": [4.6359], "obs_positions": [[35.8405, 8.5837]], "obs_orientations": [1.726], "objectives": {"extension_time": -0.1, "danger_difference": 0, "parameter_difference": 1.5713025458862495}, "attributes": {"generation_number": 5, "individual_number": 297, "crash": true, "goal_reached": false, "scenario_length": 1}}, "[[4.190980561668448], [2.5, 31.23926732196576, 2.445343500081795], [0.47501207850744137, 53.325923873874906], [0.694572508227365, 29.438463604071828]]": {"ego_positions": [[31.4354, 55.9254]], "ego_orientations": [4.6359], "obs_positions": [[35.8405, 8.5837]], "obs_orientations": [1.726], "objectives": {"extension_time": -0.1, "danger_difference": 0, "parameter_difference": 1.5317940026452226}, "attributes": {"generation_number": 6, "individual_number": 323, "crash": true, "goal_reached": false, "scenario_length": 1}}, "[[2.173513627917373], [2.4905573486737738, 55.78401320245239, 2.3510432254818183], [2.188099400593086, 62.90308206743302], [0.28315905560030874, 22.175545436547125]]": {"ego_positions": [[31.4354, 55.9254]], "ego_orientations": [4.6359], "obs_positions": [[35.8405, 8.5837]], "obs_orientations": [1.726], "objectives": {"extension_time": -0.1, "danger_difference": 0, "parameter_difference": 1.4727854117746595}, "attributes": {"generation_number": 11, "individual_number": 582, "crash": true, "goal_reached": false, "scenario_length": 1}}, "[[1.959847000836155], [1.5035149589669825, 53.17921175880039, 2.4995033817144403], [8.541137102122535, 154.96939849355743], [3.486236045468776, 29.73160414092719]]": {"ego_positions": [[31.4354, 55.9254]], "ego_orientations": [4.6359], "obs_positions": [[35.8405, 8.5837]], "obs_orientations": [1.726], "objectives": {"extension_time": -0.1, "danger_difference": 0, "parameter_difference": 1.3740861965826563}, "attributes": {"generation_number": 12, "individual_number": 607, "crash": true, "goal_reached": false, "scenario_length": 1}},