{"[[37.1883516759463], [1.4696232759246863, 337.67967441415317, 120.20582592945861], [0.23161201910628398, 30.469153169268793], [0.7759509641538953, 17.36808196089543]]": {"ego_positions": [[31.2244, 52.933]], "ego_orientations": [4.648], "obs_positions": [[35.3569, 11.7119]], "obs_orientations": [1.7188], "objectives": {"extension_time": -0.3, "danger_difference": 0, "parameter_difference": 48.12259919970216}, "attributes": {"generation_number": 0, "individual_number": 27, "crash": true, "goal_reached": false, "scenario_length": 1}}, "[[48.92394643903074], [2.5, 200.0, 120.20582592945861], [0.23161201910628398, 30.469153169268793], [0.7759732550128392, 26.636553035927207]]": {"ego_positions": [[31.2244, 52.933]], "ego_orientations": [4.648], "obs_positions": [[35.3569, 11.7119]], "obs_orientations": [1.7188], "objectives": {"extension_time": -0.3, "danger_difference": 0, "parameter_difference": 48.116064591392664}, "attributes": {"generation_number": 1, "individual_number": 55, "crash": true, "goal_reached": false, "scenario_length": 1}}, "[[49.777791869618916], [2.3201372522002677, 200.0, 1.1863887342974926], [0.23161201910628398, 190.25859446424317], [0.6501340300547254, 26.636553035927207]]": {"ego_positions": [[31.2244, 52.933]], "ego_orientations": [4.648], "obs_positions": [[35.3569, 11.7119]], "obs_orientations": [1.7188], "objectives": {"extension_time": -0.3, "danger_difference": 0, "parameter_difference": 1.8725343998185429}, "attributes": {"generation_number": 2, "individual_number": 100, "crash": true, "goal_reached": false, "scenario_length": 1}}, "[[35.77907825548924], [2.312986564189841, 253.10628396969776, 2.3334153874657217], [2.2116682462071515, 29.049874346953956], [0.2980362655388829, 37.04730048157268]]": {"ego_positions": [[31.2244, 52.933]], "ego_orientations": [4.648], "obs_positions": [[35.3569, 11.7119]], "obs_orientations": [1.7188], "objectives": {"extension_time": -0.3, "danger_difference": 0, "parameter_difference": 2.0959964735924435}, "attributes": {"generation_number": 2, "individual_number": 142, "crash": true, "goal_reached": false, "scenario_length": 1}}, "[[21.682513823496862], [15.247570477120359, 200.0, 923.0847961076851], [1.2599645089175606, 154.17174502792074], [0.7704770021683496, 26.661038261653765]]": {"ego_positions": [[31.2244, 52.933]], "ego_orientations": [4.648], "obs_positions": [[35.3569, 11.7119]], "obs_orientations": [1.7188], "objectives": {"extension_time": -0.3, "danger_difference": 0, "parameter_difference": 369.2864096678829}, "attributes": {"generation_number": 2, "individual_number": 148, "crash": true, "goal_reached": false, "scenario_length": 1}}, "[[35.55523105945057], [2.5, 199.90574083185902, 2.495165365595184], [2.3742904083020058, 68.63078916109077], [0.3316917078226153, 48.72917226579921]]": {"ego_positions": [[31.2244, 52.933]], "ego_orientations": [4.648], "obs_positions": [[35.3569, 11.7119]], "obs_orientations": [1.7188], "objectives": {"extension_time": -0.3, "danger_difference": 0, "parameter_difference": 2.1141349821521036}, "attributes": {"generation_number": 4, "individual_number": 215, "crash": true, "goal_reached": false, "scenario_length": 1}}, "[[3.5692344170031607], [2.133501768737746, 57.57063176320553, 2.444463506724255], [2.184749801874375, 155.40525439492433], [1.9265869903785606, 27.15010626194563]]": {"ego_positions": [[31.2244, 52.933]], "ego_orientations": [4.648], "obs_positions": [[35.3569, 11.7119]], "obs_orientations": [1.7188], "objectives": {"extension_time": -0.3, "danger_difference": 0, "parameter_difference": 1.4714809630193812}, "attributes": {"generation_number": 8, "individual_number": 402, "crash": true, "goal_reached": false, "scenario_length": 1}}, "[[4.19287580436923], [2.395431722081089, 42.416418672987746, 2.4356714120309517], [0.21240762809972008, 135.60111678342577], [0.3028495433955056, 26.742993129485654]]": {"ego_positions": [[31.2244, 52.933]], "ego_orientations": [4.648], "obs_positions": [[35.3569, 11.7119]], "obs_orientations": [1.7188], "objectives": {"extension_time": -0.3, "danger_difference": 0, "parameter_difference": 1.5096249506724728}, "attributes": {"generation_number": 8, "individual_number": 405, "crash": true, "goal_reached": false, "scenario_length": 1}}, "[[4.368004557018806], [2.5, 55.267743026493164, 2.4295403622290612], [0.2124567814416775, 61.98109365651263], [1.9667244456857476, 27.037179473848553]]": {"ego_positions": [[31.2244, 52.933]], "ego_orientations": [4.648], "obs_positions": [[35.3569, 11.7119]], "obs_orientations": [1.7188], "objectives": {"extension_time": -0.3, "danger_difference": 0, "parameter_difference": 1.5289666415841099}, "attributes": {"generation_number": 9, "individual_number": 453, "crash": true, "goal_reached": false, "scenario_length": 1}}, "[[0.8160650330362607], [2.4204974485636948, 37.39039679048536, 2.4999028405134442], [1.0721918674528192, 156.20062386441342], [1.7408097292448232, 32.78950417388042]]": {"ego_positions": [[31.2244, 52.933]], "ego_orientations": [4.648], "obs_positions": [[35.3569, 11.7119]], "obs_orientations": [1.7188], "objectives": {"extension_time": -0.3, "danger_difference": 0, "parameter_difference": 1.5815870058303982}, "attributes": {"generation_number": 9, "individual_number": 491, "crash": true, "goal_reached": false, "scenario_length": 1}}, "[[4.125630023371228], [2.48951628902972, 35.36817741850302, 2.440955141803318], [0.5059274964199842, 165.69738528506753], [0.6370538335822351, 27.599453703708864]]": {"ego_positions": [[31.2244, 52.933]], "ego_orientations": [4.648], "obs_positions": [[35.3569, 11.7119]], "obs_orientations": [1.7188], "objectives": {"extension_time": -0.3, "danger_difference": 0, "parameter_difference": 1.5484542578526197}, "attributes": {"generation_number": 10, "individual_number": 508, "crash": true, "goal_reached": false, "scenario_length": 1}}, "[[7.416452281765411], [2.5, 35.51423654053001, 2.469477558730137], [0.031064641486726385, 61.786765522259444], [0.3028495433955056, 24.97842705936491]]": {"ego_positions": [[31.2244, 52.933]], "ego_orientations": [4.648], "obs_positions": [[35.3569, 11.7119]], "obs_orientations": [1.7188], "objectives": {"extension_time": -0.3, "danger_difference": 0, "parameter_difference": 1.5146418618997637}, "attributes": {"generation_number": 10, "individual_number": 511, "crash": true, "goal_reached": false, "scenario_length": 1}}, "[[4.19287580436923], [2.5, 52.840288823961316, 2.448566865827515], [0.2124567814416775, 61.98109365651263], [0.29184080643620225, 27.037179473848553]]": {"ego_positions": [[31.2244, 52.933]], "ego_orientations": [4.648], "obs_positions": [[35.3569, 11.7119]], "obs_orientations": [1.7188], "objectives": {"extension_time": -0.3, "danger_difference": 0, "parameter_difference": 1.5309851744912983}, "attributes": {"generation_number": 10, "individual_number": 531, "crash": true, "goal_reached": false, "scenario_length": 1}}, "[[4.200287782135305], [1.8125044421050802, 35.02675121451071, 2.4911773861818314], [0.5110820876799944, 154.17965420648514], [1.7358988172772962, 29.57785707173567]]": {"ego_positions": [[31.2244, 52.933]], "ego_orientations": [4.648], "obs_positions": [[35.3569, 11.7119]], "obs_orientations": [1.7188], "objectives": {"extension_time": -0.3, "danger_difference": 0, "parameter_difference": 1.4151118870191324}, "attributes": {"generation_number": 10, "individual_number": 535, "crash": true, "goal_reached": false, "scenario_length": 1}}, "[[2.9174349428435282], [2.5, 52.57387468247619, 2.3510432254818183], [1.0636602123782404, 62.90308206743302], [1.865993830042168, 30.356914071945184]]": {"ego_positions": [[31.2244, 52.933]], "ego_orientations": [4.648], "obs_positions": [[35.3569, 11.7119]], "obs_orientations": [1.7188], "objectives": {"extension_time": -0.3, "danger_difference": 0, "parameter_difference": 1.5305971207719569}, "attributes": {"generation_number": 11, "individual_number": 560, "crash": true, "goal_reached": false, "scenario_length": 1}},