{"[[31.503521110810645], [33.47013679062684, 200.0, 2.5], [1.372992238690415, 198.85978804784156], [0.05648769573255996, 47.44242098667937]]": {"ego_positions": [[31.0605, 49.9375]], "ego_orientations": [4.6577], "obs_positions": [[34.8717, 15.0043]], "obs_orientations": [1.712], "objectives": {"extension_time": -0.5, "danger_difference": 0, "parameter_difference": 13.516489750248306}, "attributes": {"generation_number": 3, "individual_number": 178, "crash": true, "goal_reached": false, "scenario_length": 1}}, "[[19.066685631745145], [2.5, 56.98302155001875, 2.5], [1.8042905083383354, 153.47632719168897], [1.6029502770366562, 48.324119529237585]]": {"ego_positions": [[31.0605, 49.9375]], "ego_orientations": [4.6577], "obs_positions": [[34.8717, 15.0043]], "obs_orientations": [1.712], "objectives": {"extension_time": -0.5, "danger_difference": 0, "parameter_difference": 1.8044199061360644}, "attributes": {"generation_number": 2, "individual_number": 119, "crash": true, "goal_reached": false, "scenario_length": 1}}, "[[24.75692531143501], [47.23230685119829, 190.91795453878066, 769.6934592149389], [2.331413685895767, 7.133698375224256], [0.3316917078226153, 48.93392489998887]]": {"ego_positions": [[31.0605, 49.9375]], "ego_orientations": [4.6577], "obs_positions": [[34.8717, 15.0043]], "obs_orientations": [1.712], "objectives": {"extension_time": -0.5, "danger_difference": 0, "parameter_difference": 308.4599493992339}, "attributes": {"generation_number": 2, "individual_number": 149, "crash": true, "goal_reached": false, "scenario_length": 1}}, "[[31.41398947828923], [2.5, 200.0, 2.4137438269096974], [1.3722740828848343, 198.3101293157391], [0.0950399808449251, 43.52490680205953]]": {"ego_positions": [[31.0605, 49.9375]], "ego_orientations": [4.6577], "obs_positions": [[34.8717, 15.0043]], "obs_orientations": [1.712], "objectives": {"extension_time": -0.5, "danger_difference": 0, "parameter_difference": 2.0596118824845138}, "attributes": {"generation_number": 4, "individual_number": 243, "crash": true, "goal_reached": false, "scenario_length": 1}}, "[[4.246493656529988], [2.5, 52.29129419754281, 2.4993645782884664], [1.8042905083383354, 153.52827551516717], [1.6029502770366562, 48.324119529237585]]": {"ego_positions": [[31.0605, 49.9375]], "ego_orientations": [4.6577], "obs_positions": [[34.8717, 15.0043]], "obs_orientations": [1.712], "objectives": {"extension_time": -0.5, "danger_difference": 0, "parameter_difference": 1.761949848589733}, "attributes": {"generation_number": 3, "individual_number": 196, "crash": true, "goal_reached": false, "scenario_length": 1}}, "[[19.066685631745145], [2.5, 56.98302155001875, 2.4997972674975997], [2.1848256902087666, 153.47632719168897], [6.894938577085892, 48.325642936295445]]": {"ego_positions": [[31.0605, 49.9375]], "ego_orientations": [4.6577], "obs_positions": [[34.8717, 15.0043]], "obs_orientations": [1.712], "objectives": {"extension_time": -0.5, "danger_difference": 0, "parameter_difference": 1.8093694267235374}, "attributes": {"generation_number": 4, "individual_number": 208, "crash": true, "goal_reached": false, "scenario_length": 1}}, "[[14.797088217054739], [2.321231676463278, 56.98302155001875, 2.5], [54.40511695430076, 153.47632719168897], [0.6995104894300763, 48.324119529237585]]": {"ego_positions": [[31.0605, 49.9375]], "ego_orientations": [4.6577], "obs_positions": [[34.8717, 15.0043]], "obs_orientations": [1.712], "objectives": {"extension_time": -0.5, "danger_difference": 0, "parameter_difference": 1.749948734077764}, "attributes": {"generation_number": 4, "individual_number": 216, "crash": true, "goal_reached": false, "scenario_length": 1}}, "[[19.066685631745145], [2.5, 56.98302155001875, 2.5], [1.8042905083383354, 148.80498032657542], [1.6029502770366562, 48.324119529237585]]": {"ego_positions": [[31.0605, 49.9375]], "ego_orientations": [4.6577], "obs_positions": [[34.8717, 15.0043]], "obs_orientations": [1.712], "objectives": {"extension_time": -0.5, "danger_difference": 0, "parameter_difference": 1.8028541134287743}, "attributes": {"generation_number": 4, "individual_number": 228, "crash": true, "goal_reached": false, "scenario_length": 1}}, "[[4.246493656529988], [2.4851860983645455, 48.90704995102139, 2.4993645782884664], [1.8042905083383354, 153.52827551516717], [1.6029502770366562, 48.324119529237585]]": {"ego_positions": [[31.0605, 49.9375]], "ego_orientations": [4.6577], "obs_positions": [[34.8717, 15.0043]], "obs_orientations": [1.712], "objectives": {"extension_time": -0.5, "danger_difference": 0, "parameter_difference": 1.7561575276886547}, "attributes": {"generation_number": 5, "individual_number": 252, "crash": true, "goal_reached": false, "scenario_length": 1}}, "[[19.066685631745145], [2.5, 56.98302155001875, 2.5], [1.8042905083383354, 220.97685307179825], [1.6029502770366562, 46.783935148234114]]": {"ego_positions": [[31.0605, 49.9375]], "ego_orientations": [4.6577], "obs_positions": [[34.8717, 15.0043]], "obs_orientations": [1.712], "objectives": {"extension_time": -0.5, "danger_difference": 0, "parameter_difference": 1.816160997233559}, "attributes": {"generation_number": 4, "individual_number": 244, "crash": true, "goal_reached": false, "scenario_length": 1}}, "[[14.797088217054739], [2.5, 199.62553676499454, 2.325491418087598], [3.767368126938533, 153.47632719168897], [0.6995104894300763, 48.45472297719045]]": {"ego_positions": [[31.0605, 49.9375]], "ego_orientations": [4.6577], "obs_positions": [[34.8717, 15.0043]], "obs_orientations": [1.712], "objectives": {"extension_time": -0.5, "danger_difference": 0, "parameter_difference": 1.9956652969320825}, "attributes": {"generation_number": 5, "individual_number": 292, "crash": true, "goal_reached": false, "scenario_length": 1}}, "[[3.1679965058945943], [1.5914239137665447, 191.51028619399594, 2.448579607995077], [1.2471536110247432, 68.79218925669973], [0.0779486291962731, 26.331544449077803]]": {"ego_positions": [[31.0605, 49.9375]], "ego_orientations": [4.6577], "obs_positions": [[34.8717, 15.0043]], "obs_orientations": [1.712], "objectives": {"extension_time": -0.5, "danger_difference": 0, "parameter_difference": 1.6067670369798}, "attributes": {"generation_number": 8, "individual_number": 412, "crash": true, "goal_reached": false, "scenario_length": 1}}, "[[2.984536619983947], [2.4717149647686467, 38.56776311752149, 2.447954195386185], [2.1799480622388927, 155.2842362118434], [1.9323006571740742, 25.318002431370296]]": {"ego_positions": [[31.0605, 49.9375]], "ego_orientations": [4.6577], "obs_positions": [[34.8717, 15.0043]], "obs_orientations": [1.712], "objectives": {"extension_time": -0.5, "danger_difference": 0, "parameter_difference": 1.5268916370554357}, "attributes": {"generation_number": 8, "individual_number": 434, "crash": true, "goal_reached": false, "scenario_length": 1}}, "[[4.200287782135305], [1.7595464892898456, 35.3251042502786, 2.468548651474904], [0.5209955703203107, 155.25164894823968], [1.7358988172772962, 1.791258125134604]]": {"ego_positions": [[31.0605, 49.9375]], "ego_orientations": [4.6577], "obs_positions": [[34.8717, 15.0043]], "obs_orientations": [1.712], "objectives": {"extension_time": -0.5, "danger_difference": 0, "parameter_difference": 1.2678772409648351}, "attributes": {"generation_number": 10, "individual_number": 518, "crash": true, "goal_reached": false, "scenario_length": 1}}, "[[4.200287782135305], [1.7482230341004144, 38.46916712965721, 2.4453422183437152], [0.5096398587489422, 155.25164894823968], [1.7358988172772962, 24.582627009632954]]": {"ego_positions": [[31.0605, 49.9375]], "ego_orientations": [4.6577], "obs_positions": [[34.8717, 15.0043]], "obs_orientations": [1.712], "objectives": {"extension_time": -0.5, "danger_difference": 0, "parameter_difference": 1.3524611558388235}, "attributes": {"generation_number": 11, "individual_number": 550, "crash": true, "goal_reached": false, "scenario_length": 1}},