{"[[3.300616717539572], [2.400777949600817, 52.60536931540629, 2.1676652583115774], [2.1760936009094953, 62.7792777033848], [3.3092889280765703, 29.730749213598365]]": {"ego_positions": [[32.1227, 64.8991], [32.00810612572321, 63.404024713740874], [31.897677297218753, 61.91136697533844], [31.81066643264443, 60.420627709036395], [31.769930203583236, 58.93070596641525], [31.79171502686739, 57.441001480549026], [31.875871143263378, 55.95217705465064], [32.01564669238711, 54.46785859157967], [32.20254348035194, 52.99322245081143], [32.426177557130444, 51.52384683469248], [32.65890422393897, 50.05287395403367], [32.885097547193645, 48.59125347636896], [33.09648386235516, 47.15217947235301], [33.291670147929274, 45.72451008149076], [33.448785938650445, 44.281299730093565], [33.5580384716961, 42.843427477773496], [33.624624461139135, 41.45681216648012], [33.686058915706994, 40.12168211689051], [33.73173203562025, 38.69815873443293], [33.75654005740003, 37.27388815842989], [33.77740107212016, 35.849042574700405], [33.79826208684029, 34.42419699097173], [33.8191231015604, 32.99935140724386], [33.839984116280505, 31.5745058235168], [33.955772030774476, 30.208763885359833], [34.008230876027284, 28.84430812979069], [34.018983604083544, 27.46986635256263], [33.96932417461541, 26.085840943751403], [33.86641386703301, 24.688537298100236], [33.72550315373835, 23.306785384240506], [33.5689524071486, 21.929621592939274], [33.41000137482969, 20.553345363363913], [33.25559540030472, 19.168631680044534], [33.10966416394408, 17.789499243405178], [33.00349979494781, 16.419690536362257], [32.98952303331156, 15.06114867051855]], "ego_orientations": [4.6359, -1.6473104327291672, -1.639491496954065, -1.6160485540763574, -1.5780579341749794, -1.5344308154701878, -1.4949900224628268, -1.4606137758586346, -1.4307616862212784, -1.4146541648557944, -1.4146366295530024, -1.4222103705071918, -1.4308244621701505, -1.4472774028109665, -1.4781888964633962, -1.5120074931244663, -1.5280526621456918, -1.5275426268365626, -1.5481330339855166, -1.5561564776841488, -1.5561564776841488, -1.5561564776841488, -1.5561564776841488, -1.5561564776841488, -1.5256964337827617, -1.5424632522714186, -1.5835799244643143, -1.62584691354592, -1.6606147650424363, -1.678152539891248, -1.684155681758578, -1.6826508498438262, -1.6799518620458533, -1.6668654095882731, -1.617019972398599, -1.5420445961232012], "obs_positions": [[37.5558, -2.1638], [37.2862, -0.4712], [37.0168, 1.2213], [36.7473, 2.9139], [36.4779, 4.6065], [36.2084, 6.2992], [35.8405, 8.5837], [35.5801, 10.2477], [35.3569, 11.7119], [35.1181, 13.3136], [34.8717, 15.0043], [34.625, 16.739], [34.3839, 18.4811], [34.1529, 20.2042], [33.9344, 21.8922], [33.7298, 23.538], [33.5388, 25.1412], [33.3604, 26.7058], [33.1931, 28.2369], [33.0348, 29.7388], [32.8345, 31.6979], [32.6428, 33.5998], [32.4567, 35.4234], [32.2743, 37.1386], [32.0949, 38.713], [31.9184, 40.122], [31.7021, 41.6422], [31.491, 42.9341], [31.2467, 44.3074], [31.2075, 44.5272]], "obs_orientations": [1.7287, 1.7286, 1.7287, 1.7286, 1.7287, 1.7304, 1.726, 1.722, 1.7188, 1.7155, 1.712, 1.7082, 1.7041, 1.6994, 1.6945, 1.6893, 1.6842, 1.6796, 1.6757, 1.6726, 1.6712, 1.6725, 1.6767, 1.6842, 1.6954, 1.7121, 1.7327, 1.7468, 1.7473, 1.7473], "objectives": {"extension_time": 0.5, "danger_difference": -66.66543647854303, "parameter_difference": 1.4564543120164535}, "attributes": {"generation_number": 12, "individual_number": 645, "crash": true, "goal_reached": true, "scenario_length": 36}}, "[[3.300616717539572], [1.836892810844688, 52.60536931540629, 2.1676652583115774], [2.1770697534644112, 62.7792777033848], [3.3367690989467658, 29.730749213598365]]": {"ego_positions": [[32.1227, 64.8991], [32.00810612572321, 63.404024713740874], [31.897677297218753, 61.91136697533844], [31.81066643264443, 60.420627709036395], [31.769930203583236, 58.93070596641525], [31.79171502686739, 57.441001480549026], [31.875871143263378, 55.95217705465064], [32.01564669238711, 54.46785859157967], [32.20254348035194, 52.99322245081143], [32.426177557130444, 51.52384683469248], [32.65890422393897, 50.05287395403367], [32.885097547193645, 48.59125347636896], [33.09648386235516, 47.15217947235301], [33.291670147929274, 45.72451008149076], [33.448785938650445, 44.281299730093565], [33.5580384716961, 42.843427477773496], [33.624624461139135, 41.45681216648012], [33.686058915706994, 40.12168211689051], [33.73173203562025, 38.69815873443293], [33.75654005740003, 37.27388815842989], [33.77740107212016, 35.849042574700405], [33.79826208684029, 34.42419699097173], [33.8191231015604, 32.99935140724386], [33.839984116280505, 31.5745058235168], [33.955772030774476, 30.208763885359833], [34.008230876027284, 28.84430812979069], [34.018983604083544, 27.46986635256263], [33.96932417461541, 26.085840943751403], [33.86641386703301, 24.688537298100236], [33.72550315373835, 23.306785384240506], [33.5689524071486, 21.929621592939274], [33.41000137482969, 20.553345363363913], [33.25559540030472, 19.168631680044534], [33.10966416394408, 17.789499243405178], [33.00349979494781, 16.419690536362257], [32.98952303331156, 15.06114867051855]], "ego_orientations": [4.6359, -1.6473104327291672, -1.639491496954065, -1.6160485540763574, -1.5780579341749794, -1.5344308154701878, -1.4949900224628268, -1.4606137758586346, -1.4307616862212784, -1.4146541648557944, -1.4146366295530024, -1.4222103705071918, -1.4308244621701505, -1.4472774028109665, -1.4781888964633962, -1.5120074931244663, -1.5280526621456918, -1.5275426268365626, -1.5481330339855166, -1.5561564776841488, -1.5561564776841488, -1.5561564776841488, -1.5561564776841488, -1.5561564776841488, -1.5256964337827617, -1.5424632522714186, -1.5835799244643143, -1.62584691354592, -1.6606147650424363, -1.678152539891248, -1.684155681758578, -1.6826508498438262, -1.6799518620458533, -1.6668654095882731, -1.617019972398599, -1.5420445961232012], "obs_positions": [[37.5558, -2.1638], [37.2862, -0.4712], [37.0168, 1.2213], [36.7473, 2.9139], [36.4779, 4.6065], [36.2084, 6.2992], [35.8405, 8.5837], [35.5801, 10.2477], [35.3569, 11.7119], [35.1181, 13.3136], [34.8717, 15.0043], [34.625, 16.739], [34.3839, 18.4811], [34.1529, 20.2042], [33.9344, 21.8922], [33.7298, 23.538], [33.5388, 25.1412], [33.3604, 26.7058], [33.1931, 28.2369], [33.0348, 29.7388], [32.8345, 31.6979], [32.6428, 33.5998], [32.4567, 35.4234], [32.2743, 37.1386], [32.0949, 38.713], [31.9184, 40.122], [31.7021, 41.6422], [31.491, 42.9341], [31.2467, 44.3074], [31.2075, 44.5272]], "obs_orientations": [1.7287, 1.7286, 1.7287, 1.7286, 1.7287, 1.7304, 1.726, 1.722, 1.7188, 1.7155, 1.712, 1.7082, 1.7041, 1.6994, 1.6945, 1.6893, 1.6842, 1.6796, 1.6757, 1.6726, 1.6712, 1.6725, 1.6767, 1.6842, 1.6954, 1.7121, 1.7327, 1.7468, 1.7473, 1.7473], "objectives": {"extension_time": 0.5, "danger_difference": -66.66543647854303, "parameter_difference": 1.3187125125681085}, "attributes": {"generation_number": 14, "individual_number": 712, "crash": true, "goal_reached": true, "scenario_length": 36}},