{"[[1.2125092020756678], [20.46718979516878, 438.53720500601355, 347.62176412284987], [1.6397927815042475, 167.73598934399928], [2.2537404779208234, 30.299215989851326]]": {"ego_positions": [[31.6645, 58.9167]], "ego_orientations": [4.6359], "obs_positions": [[36.4779, 4.6065]], "obs_orientations": [1.7287], "objectives": {"extension_time": 0.1, "danger_difference": 0, "parameter_difference": 139.30849842327098}, "attributes": {"generation_number": 0, "individual_number": 33, "crash": true, "goal_reached": false, "scenario_length": 1}}, "[[1.4838050765815292], [41.6127118297481, 440.0158335600076, 849.0799391815636], [1.8501510336217766, 183.0133581372853], [0.3947422672178666, 38.89565116859523]]": {"ego_positions": [[31.6645, 58.9167]], "ego_orientations": [4.6359], "obs_positions": [[36.4779, 4.6065]], "obs_orientations": [1.7287], "objectives": {"extension_time": 0.1, "danger_difference": 0, "parameter_difference": 340.04781746692504}, "attributes": {"generation_number": 0, "individual_number": 39, "crash": true, "goal_reached": false, "scenario_length": 1}}, "[[3.3025178840753684], [2.5, 35.09518326801231, 2.4997499570886927], [1.0087052742188778, 62.00648387092014], [0.6370538335822351, 0.3715117000477297]]": {"ego_positions": [[31.6645, 58.9167]], "ego_orientations": [4.6359], "obs_positions": [[36.4779, 4.6065]], "obs_orientations": [1.7287], "objectives": {"extension_time": 0.1, "danger_difference": 0, "parameter_difference": 1.4319749298455464}, "attributes": {"generation_number": 8, "individual_number": 422, "crash": true, "goal_reached": false, "scenario_length": 1}}, "[[3.3210117922810802], [2.5, 64.6249904689961, 2.4683814216391164], [0.1664081385566668, 22.854966269350683], [0.1882865205892622, 1.1661489684885726]]": {"ego_positions": [[31.6645, 58.9167]], "ego_orientations": [4.6359], "obs_positions": [[36.4779, 4.6065]], "obs_orientations": [1.7287], "objectives": {"extension_time": 0.1, "danger_difference": 0, "parameter_difference": 1.444414775992414}, "attributes": {"generation_number": 9, "individual_number": 461, "crash": true, "goal_reached": false, "scenario_length": 1}}, "[[4.184107492452477], [1.3278494790534583, 54.374788850500074, 2.4910561346189994], [0.5110820876799944, 52.33354427249908], [1.7358988172772962, 2.4100615771173004]]": {"ego_positions": [[31.6645, 58.9167]], "ego_orientations": [4.6359], "obs_positions": [[36.4779, 4.6065]], "obs_orientations": [1.7287], "objectives": {"extension_time": 0.1, "danger_difference": 0, "parameter_difference": 1.170627816932079}, "attributes": {"generation_number": 10, "individual_number": 509, "crash": true, "goal_reached": false, "scenario_length": 1}}, "[[3.3210117922810802], [2.5, 47.63249370169865, 2.3216178765042126], [2.184749801874375, 62.7792777033848], [1.8708082981543517, 29.730749213598365]]": {"ego_positions": [[31.6645, 58.9167]], "ego_orientations": [4.6359], "obs_positions": [[36.4779, 4.6065]], "obs_orientations": [1.7287], "objectives": {"extension_time": 0.1, "danger_difference": 0, "parameter_difference": 1.5146799042768528}, "attributes": {"generation_number": 10, "individual_number": 530, "crash": true, "goal_reached": false, "scenario_length": 1}}, "[[3.2969865701856014], [1.6377119979724624, 46.793165857842965, 2.4994429206707567], [1.0533242710790631, 155.29900699262188], [1.756425485475791, 27.747917204788457]]": {"ego_positions": [[31.6645, 58.9167]], "ego_orientations": [4.6359], "obs_positions": [[36.4779, 4.6065]], "obs_orientations": [1.7287], "objectives": {"extension_time": 0.1, "danger_difference": 0, "parameter_difference": 1.3760318126522983}, "attributes": {"generation_number": 10, "individual_number": 534, "crash": true, "goal_reached": false, "scenario_length": 1}}, "[[4.184107492452477], [1.8288744168337554, 53.342613119443286, 2.4995131500571235], [1.0728685765234833, 52.33354427249908], [1.7358988172772962, 4.370226396730853]]": {"ego_positions": [[31.6645, 58.9167]], "ego_orientations": [4.6359], "obs_positions": [[36.4779, 4.6065]], "obs_orientations": [1.7287], "objectives": {"extension_time": 0.1, "danger_difference": 0, "parameter_difference": 1.277777531731285}, "attributes": {"generation_number": 11, "individual_number": 553, "crash": true, "goal_reached": false, "scenario_length": 1}}, "[[3.3356708663894077], [1.6281443525429125, 46.793165857842965, 2.4908581982060674], [1.0533242710790631, 155.48433282535376], [1.7908091498144167, 27.747917204788457]]": {"ego_positions": [[31.6645, 58.9167]], "ego_orientations": [4.6359], "obs_positions": [[36.4779, 4.6065]], "obs_orientations": [1.7287], "objectives": {"extension_time": 0.1, "danger_difference": 0, "parameter_difference": 1.371856934190707}, "attributes": {"generation_number": 11, "individual_number": 569, "crash": true, "goal_reached": false, "scenario_length": 1}}, "[[3.056603965251602], [1.3278494790534583, 54.374788850500074, 2.355257351280004], [0.5110820876799944, 51.92398371061161], [1.7842919126692958, 2.4100615771173004]]": {"ego_positions": [[31.6645, 58.9167]], "ego_orientations": [4.6359], "obs_positions": [[36.4779, 4.6065]], "obs_orientations": [1.7287], "objectives": {"extension_time": 0.1, "danger_difference": 0, "parameter_difference": 1.1232548690145974}, "attributes": {"generation_number": 12, "individual_number": 611, "crash": true, "goal_reached": false, "scenario_length": 1}}, "[[4.184107492452477], [1.3400003188562766, 35.42403967118657, 2.466778625702576], [0.5238424059721914, 52.33354427249908], [1.735876965610873, 2.4100615771173004]]": {"ego_positions": [[31.6645, 58.9167]], "ego_orientations": [4.6359], "obs_positions": [[36.4779, 4.6065]], "obs_orientations": [1.7287], "objectives": {"extension_time": 0.1, "danger_difference": 0, "parameter_difference": 1.1461910965470516}, "attributes": {"generation_number": 12, "individual_number": 635, "crash": true, "goal_reached": false, "scenario_length": 1}}, "[[3.301480274762627], [1.8944595182225898, 54.37124837185729, 2.4911069176933363], [0.5136385042183146, 156.55941306776845], [1.8619389717416954, 21.970563033124257]]": {"ego_positions": [[31.6645, 58.9167]], "ego_orientations": [4.6359], "obs_positions": [[36.4779, 4.6065]], "obs_orientations": [1.7287], "objectives": {"extension_time": 0.1, "danger_difference": 0, "parameter_difference": 1.3920893855948029}, "attributes": {"generation_number": 12, "individual_number": 637, "crash": true, "goal_reached": false, "scenario_length": 1}}, "[[9.125258468994177], [1.841940544355804, 52.63288520548218, 2.466911505470009], [2.197497640425815, 113.83572304840538], [1.927203112159499, 3.8183256758241018]]": {"ego_positions": [[31.6645, 58.9167]], "ego_orientations": [4.6359], "obs_positions": [[36.4779, 4.6065]], "obs_orientations": [1.7287], "objectives": {"extension_time": 0.1, "danger_difference": 0, "parameter_difference": 1.2954782254531372}, "attributes": {"generation_number": 13, "individual_number": 668, "crash": true, "goal_reached": false, "scenario_length": 1}}, "[[4.1589784699567796], [1.2549260551210737, 35.51423654053001, 2.5], [2.29314946313574, 11.114551823299344], [0.2905753409099988, 2.5564576018552305]]": {"ego_positions": [[31.6645, 58.9167]], "ego_orientations": [4.6359], "obs_positions": [[36.4779, 4.6065]], "obs_orientations": [1.7287], "objectives": {"extension_time": 0.1, "danger_difference": 0, "parameter_difference": 1.1373530787254436}, "attributes": {"generation_number": 13, "individual_number": 688, "crash": true, "goal_reached": false, "scenario_length": 1}}, "[[4.1589784699567796], [2.4973658975665294, 35.25609841430466, 2.5], [2.29314946313574, 2.9775408523237252], [0.2905753409099988, 2.5564576018552305]]": {"ego_positions": [[31.6645, 58.9167]], "ego_orientations": [4.6359], "obs_positions": [[36.4779, 4.6065]], "obs_orientations": [1.7287], "objectives": {"extension_time": 0.1, "danger_difference": 0, "parameter_difference": 1.4277871571754066}, "attributes": {"generation_number": 14, "individual_number": 701, "crash": true,