{"[[3.6652911949012545], [15.955214010783225, 78.40247330953099, 482.7403725529312], [0.37604366714249243, 130.2704593768452], [1.3513669505202883, 25.17241521136822]]": {"ego_positions": [[33.154, 78.3597]], "ego_orientations": [4.6359], "obs_positions": [[39.9812, -17.3973]], "obs_orientations": [1.7286], "objectives": {"extension_time": 1.4, "danger_difference": 0, "parameter_difference": 193.20283357986966}, "attributes": {"generation_number": 0, "individual_number": 26, "crash": true, "goal_reached": false, "scenario_length": 1}}, "[[3.6652911949012545], [15.955214010783225, 79.25854270536368, 482.7403725529312], [0.37604366714249243, 131.8004636845393], [1.3724680810596313, 28.768338374966056]]": {"ego_positions": [[33.154, 78.3597]], "ego_orientations": [4.6359], "obs_positions": [[39.9812, -17.3973]], "obs_orientations": [1.7286], "objectives": {"extension_time": 1.4, "danger_difference": 0, "parameter_difference": 193.20304731318592}, "attributes": {"generation_number": 1, "individual_number": 82, "crash": true, "goal_reached": false, "scenario_length": 1}}, "[[35.91921228641405], [2.5, 191.26981744443154, 956.4786131947454], [2.1922484451876185, 185.76925795971803], [0.023982762444575957, 37.04730048157268]]": {"ego_positions": [[33.154, 78.3597]], "ego_orientations": [4.6359], "obs_positions": [[39.9812, -17.3973]], "obs_orientations": [1.7286], "objectives": {"extension_time": 1.4, "danger_difference": 0, "parameter_difference": 382.59551974144455}, "attributes": {"generation_number": 1, "individual_number": 92, "crash": true, "goal_reached": false, "scenario_length": 1}}, "[[24.559131326875082], [2.5, 52.43653267576875, 2.446448723000901], [1.2534802112563628, 156.69665921390884], [0.7493784218249391, 26.473554453740906]]": {"ego_positions": [[33.154, 78.3597]], "ego_orientations": [4.6359], "obs_positions": [[39.9812, -17.3973]], "obs_orientations": [1.7286], "objectives": {"extension_time": 1.4, "danger_difference": 0, "parameter_difference": 1.6267756891759522}, "attributes": {"generation_number": 3, "individual_number": 173, "crash": true, "goal_reached": false, "scenario_length": 1}}, "[[24.559131326875082], [2.5, 52.43653267576875, 2.4970281438353066], [1.04091944369377, 156.69665921390884], [0.7493784218249391, 4.717599588712293]]": {"ego_positions": [[33.154, 78.3597]], "ego_orientations": [4.6359], "obs_positions": [[39.9812, -17.3973]], "obs_orientations": [1.7286], "objectives": {"extension_time": 1.4, "danger_difference": 0, "parameter_difference": 1.5540165478119892}, "attributes": {"generation_number": 5, "individual_number": 289, "crash": true, "goal_reached": false, "scenario_length": 1}}}