{"[[48.33843877728165], [37.18244154555098, 219.39481311634827, 793.7154695424713], [1.576670933644271, 46.533066669744926], [0.37453083721413677, 44.86757665260074]]": {"ego_positions": [[32.6956, 72.3772]], "ego_orientations": [4.6359], "obs_positions": [[38.9032, -10.6269]], "obs_orientations": [1.7286], "objectives": {"extension_time": 1.0, "danger_difference": 0, "parameter_difference": 317.8390108871005}, "attributes": {"generation_number": 0, "individual_number": 9, "crash": true, "goal_reached": false, "scenario_length": 1}}}