{"[[33.66182926495677], [36.45700042056823, 498.75240139921794, 394.45923811341254], [0.9730485004716136, 0.5391690185541087], [1.657251171255896, 16.497032888951153]]": {"ego_positions": [[33.0394, 76.8641]], "ego_orientations": [4.6359], "obs_positions": [[39.7117, -15.7047]], "obs_orientations": [1.7286], "objectives": {"extension_time": 1.3, "danger_difference": 0, "parameter_difference": 158.47755236630792}, "attributes": {"generation_number": 0, "individual_number": 4, "crash": true, "goal_reached": false, "scenario_length": 1}}, "[[48.15378959630434], [36.45700042056823, 47.805979741913745, 2.5], [0.3036906151039065, 104.8519824989466], [1.6601632241671505, 16.497032888951153]]": {"ego_positions": [[33.0394, 76.8641]], "ego_orientations": [4.6359], "obs_positions": [[39.7117, -15.7047]], "obs_orientations": [1.7286], "objectives": {"extension_time": 1.3, "danger_difference": 0, "parameter_difference": 14.655942486224244}, "attributes": {"generation_number": 1, "individual_number": 94, "crash": true, "goal_reached": false, "scenario_length": 1}}, "[[4.20386448723864], [2.5, 38.622726644138595, 2.5], [0.47506719253723584, 70.01238715743773], [0.11764088676324347, 29.312025427693417]]": {"ego_positions": [[33.0394, 76.8641]], "ego_orientations": [4.6359], "obs_positions": [[39.7117, -15.7047]], "obs_orientations": [1.7286], "objectives": {"extension_time": 1.3, "danger_difference": 0, "parameter_difference": 1.5516612061652137}, "attributes": {"generation_number": 5, "individual_number": 253, "crash": true, "goal_reached": false, "scenario_length": 1}}, "[[4.2433635473734865], [2.5, 57.62559528982265, 2.4444968314866284], [0.48826018034626806, 154.69462878236396], [0.11764088676324347, 29.71623455429911]]": {"ego_positions": [[33.0394, 76.8641]], "ego_orientations": [4.6359], "obs_positions": [[39.7117, -15.7047]], "obs_orientations": [1.7286], "objectives": {"extension_time": 1.3, "danger_difference": 0, "parameter_difference": 1.5796391585531928}, "attributes": {"generation_number": 6, "individual_number": 327, "crash": true, "goal_reached": false, "scenario_length": 1}}}