{"[[16.928228563429983], [47.8013673899665, 195.82198449652128, 57.09399983752728], [1.3680882978041242, 110.48420479000482], [0.12220443146206877, 15.4504015394057]]": {"ego_positions": [[33.2686, 79.8553]], "ego_orientations": [4.6359], "obs_positions": [[40.2506, -19.0899]], "obs_orientations": [1.7286], "objectives": {"extension_time": 1.5, "danger_difference": 0, "parameter_difference": 29.805517773447246}, "attributes": {"generation_number": 0, "individual_number": 38, "crash": true, "goal_reached": false, "scenario_length": 1}}, "[[3.7635739670623836], [29.68478939815644, 96.95124153783047, 932.5600288078512], [0.9943866614495933, 192.67032600551096], [1.5972426571045504, 0.32739864568452903]]": {"ego_positions": [[33.2686, 79.8553]], "ego_orientations": [4.6359], "obs_positions": [[40.2506, -19.0899]], "obs_orientations": [1.7286], "objectives": {"extension_time": 1.5, "danger_difference": 0, "parameter_difference": 373.21346874732035}, "attributes": {"generation_number": 0, "individual_number": 49, "crash": true, "goal_reached": false, "scenario_length": 1}}, "[[44.53292416349542], [29.68478939815644, 96.95124153783047, 932.5600288078512], [2.261383155413074, 192.67032600551096], [2.39215224407273, 0.5150335869497762]]": {"ego_positions": [[33.2686, 79.8553]], "ego_orientations": [4.6359], "obs_positions": [[40.2506, -19.0899]], "obs_orientations": [1.7286], "objectives": {"extension_time": 1.5, "danger_difference": 0, "parameter_difference": 373.21452570469654}, "attributes": {"generation_number": 1, "individual_number": 65, "crash": true, "goal_reached": false, "scenario_length": 1}}, "[[31.121216917029514], [2.5, 200.0, 2.5], [1.3680882978041242, 140.61922921983307], [0.26856686338308444, 15.4504015394057]]": {"ego_positions": [[33.2686, 79.8553]], "ego_orientations": [4.6359], "obs_positions": [[40.2506, -19.0899]], "obs_orientations": [1.7286], "objectives": {"extension_time": 1.5, "danger_difference": 0, "parameter_difference": 1.8873324597127616}, "attributes": {"generation_number": 2, "individual_number": 111, "crash": true, "goal_reached": false, "scenario_length": 1}}, "[[18.86782376624098], [2.5, 190.59947052930443, 2.446448723000901], [1.1534069599133285, 156.69665921390884], [0.7571754929657158, 26.363675844132416]]": {"ego_positions": [[33.2686, 79.8553]], "ego_orientations": [4.6359], "obs_positions": [[40.2506, -19.0899]], "obs_orientations": [1.7286], "objectives": {"extension_time": 1.5, "danger_difference": 0, "parameter_difference": 1.8397508174163042}, "attributes": {"generation_number": 4, "individual_number": 205, "crash": true, "goal_reached": false, "scenario_length": 1}}, "[[35.78386752673888], [2.5, 52.574236712958054, 2.5], [2.3391778621110286, 155.62397860298955], [3.6843299261810936, 0.5836057130273655]]": {"ego_positions": [[33.2686, 79.8553]], "ego_orientations": [4.6359], "obs_positions": [[40.2506, -19.0899]], "obs_orientations": [1.7286], "objectives": {"extension_time": 1.5, "danger_difference": 0, "parameter_difference": 1.6382130645579933}, "attributes": {"generation_number": 4, "individual_number": 213, "crash": true, "goal_reached": false, "scenario_length": 1}}, "[[37.2683727347355], [2.5, 38.38561904283911, 2.5], [2.3391778621110286, 131.53091491850472], [0.9894340199946707, 1.1716078293162742]]": {"ego_positions": [[33.2686, 79.8553]], "ego_orientations": [4.6359], "obs_positions": [[40.2506, -19.0899]], "obs_orientations": [1.7286], "objectives": {"extension_time": 1.5, "danger_difference": 0, "parameter_difference": 1.6317342590492918}, "attributes": {"generation_number": 5, "individual_number": 276, "crash": true, "goal_reached": false, "scenario_length": 1}}}