{"[[41.29621444875806], [9.955554535930727, 367.1092100561473, 244.0541998375404], [1.108856804143471, 79.14502411742814], [2.479586379632392, 12.836987333229022]]": {"ego_positions": [[33.3831, 81.3509]], "ego_orientations": [4.6359], "obs_positions": [[40.5201, -20.7825]], "obs_orientations": [1.7286], "objectives": {"extension_time": 1.6, "danger_difference": 0, "parameter_difference": 97.72407735943746}, "attributes": {"generation_number": 0, "individual_number": 2, "crash": true, "goal_reached": false, "scenario_length": 1}}, "[[36.64298638798071], [35.97664696578715, 253.10628396969776, 956.4786131947454], [2.1922484451876185, 181.80203088996439], [0.11852683231633604, 37.04730048157268]]": {"ego_positions": [[33.3831, 81.3509]], "ego_orientations": [4.6359], "obs_positions": [[40.5201, -20.7825]], "obs_orientations": [1.7286], "objectives": {"extension_time": 1.6, "danger_difference": 0, "parameter_difference": 382.8656747902828}, "attributes": {"generation_number": 0, "individual_number": 16, "crash": true, "goal_reached": false, "scenario_length": 1}}, "[[13.835371594875586], [35.97664696578715, 200.0, 2.5], [2.1922484451876185, 179.47660803935625], [0.11852683231633604, 37.04730048157268]]": {"ego_positions": [[33.3831, 81.3509]], "ego_orientations": [4.6359], "obs_positions": [[40.5201, -20.7825]], "obs_orientations": [1.7286], "objectives": {"extension_time": 1.6, "danger_difference": 0, "parameter_difference": 14.486044530268696}, "attributes": {"generation_number": 1, "individual_number": 52, "crash": true, "goal_reached": false, "scenario_length": 1}}, "[[40.555816014058976], [2.5, 200.0, 2.5], [0.5019839581446396, 181.80203088996439], [0.11852683231633604, 36.628576695667725]]": {"ego_positions": [[33.3831, 81.3509]], "ego_orientations": [4.6359], "obs_positions": [[40.5201, -20.7825]], "obs_orientations": [1.7286], "objectives": {"extension_time": 1.6, "danger_difference": 0, "parameter_difference": 2.08009243123987}, "attributes": {"generation_number": 1, "individual_number": 62, "crash": true, "goal_reached": false, "scenario_length": 1}}, "[[36.6360679172987], [2.5, 200.0, 2.5], [2.196081075922578, 181.59053026285756], [0.1442753377308742, 37.04730048157268]]": {"ego_positions": [[33.3831, 81.3509]], "ego_orientations": [4.6359], "obs_positions": [[40.5201, -20.7825]], "obs_orientations": [1.7286], "objectives": {"extension_time": 1.6, "danger_difference": 0, "parameter_difference": 2.053727150770289}, "attributes": {"generation_number": 1, "individual_number": 70, "crash": true, "goal_reached": false, "scenario_length": 1}}, "[[19.55475492448598], [2.5, 221.10188950058802, 263.8805333274674], [0.608399235465939, 130.55003513701948], [1.9454826355105168, 44.24409196179626]]": {"ego_positions": [[33.3831, 81.3509]], "ego_orientations": [4.6359], "obs_positions": [[40.5201, -20.7825]], "obs_orientations": [1.7286], "objectives": {"extension_time": 1.6, "danger_difference": 0, "parameter_difference": 105.56750233396683}, "attributes": {"generation_number": 1, "individual_number": 85, "crash": true, "goal_reached": false, "scenario_length": 1}}, "[[4.20386448723864], [2.5, 52.43653267576875, 2.446448723000901], [0.47506719253723584, 155.40525439492433], [0.11038443328407016, 29.312025427693417]]": {"ego_positions": [[33.3831, 81.3509]], "ego_orientations": [4.6359], "obs_positions": [[40.5201, -20.7825]], "obs_orientations": [1.7286], "objectives": {"extension_time": 1.6, "danger_difference": 0, "parameter_difference": 1.5728041079971382}, "attributes": {"generation_number": 4, "individual_number": 218, "crash": true, "goal_reached": false, "scenario_length": 1}}, "[[4.20386448723864], [2.5, 38.622726644138595, 2.5], [0.47506719253723584, 70.01238715743773], [0.6516525144035563, 29.312025427693417]]": {"ego_positions": [[33.3831, 81.3509]], "ego_orientations": [4.6359], "obs_positions": [[40.5201, -20.7825]], "obs_orientations": [1.7286], "objectives": {"extension_time": 1.6, "danger_difference": 0, "parameter_difference": 1.5517141564626526}, "attributes": {"generation_number": 2, "individual_number": 108, "crash": true, "goal_reached": false, "scenario_length": 1}}, "[[24.07861503563697], [2.5, 52.43653267576875, 2.446448723000901], [0.47506719253723584, 155.40525439492433], [0.14092094664348198, 29.328391367112957]]": {"ego_positions": [[33.3831, 81.3509]], "ego_orientations": [4.6359], "obs_positions": [[40.5201, -20.7825]], "obs_orientations": [1.7286], "objectives": {"extension_time": 1.6, "danger_difference": 0, "parameter_difference": 1.642845885679836}, "attributes": {"generation_number": 2, "individual_number": 116, "crash": true, "goal_reached": false, "scenario_length": 1}}, "[[13.835371594875586], [1.8807648801333627, 200.0, 2.5], [2.1857015461650806, 177.2151126835743], [0.3061423778242236, 39.428718021344785]]": {"ego_positions": [[33.3831, 81.3509]], "ego_orientations": [4.6359], "obs_positions": [[40.5201, -20.7825]], "obs_orientations": [1.7286], "objectives": {"extension_time": 1.6, "danger_difference": 0, "parameter_difference": 1.8412071641974865}, "attributes": {"generation_number": 2, "individual_number": 129, "crash": true, "goal_reached": false, "scenario_length": 1}}, "[[13.911989569603135], [2.5, 200.0, 2.5], [0.5579274248919688, 185.85341970038186], [0.9994470553928947, 36.58127356004155]]": {"ego_positions": [[33.3831, 81.3509]], "ego_orientations": [4.6359], "obs_positions": [[40.5201, -20.7825]], "obs_orientations": [1.7286], "objectives": {"extension_time": 1.6, "danger_difference": 0, "parameter_difference": 1.936816732458357}, "attributes": {"generation_number": 2, "individual_number": 137, "crash": true, "goal_reached": false, "scenario_length": 1}}, "[[19.07296726086737], [2.5, 190.582486527334, 2.5], [2.331413685895767, 183.79477605901806], [0.3316917078226153, 49.227126347372234]]": {"ego_positions": [[33.3831, 81.3509]], "ego_orientations": [4.6359], "obs_positions": [[40.5201, -20.7825]], "obs_orientations": [1.7286], "objectives": {"extension_time": 1.6, "danger_difference": 0, "parameter_difference": 2.0391294333040686}, "attributes": {"generation_number": 3, "individual_number": 162, "crash": true, "goal_reached": false, "scenario_length": 1}}, "[[1.2102281736782796], [2.5, 52.43653267576875, 2.5], [0.47506719253723584, 155.40525439492433], [0.11038443328407016, 28.61485534762183]]": {"ego_positions": [[33.3831, 81.3509]], "ego_orientations": [4.6359], "obs_positions": [[40.5201, -20.7825]], "obs_orientations": [1.7286], "objectives": {"extension_time": 1.6, "danger_difference": 0, "parameter_difference": 1.5790686686929691}, "attributes": {"generation_number": 3, "individual_number": 176, "crash": true, "goal_reached": false, "scenario_length": 1}}, "[[15.855938802455247], [2.5, 52.43653267576875, 2.446448723000901], [2.391296387727693, 62.324164877432544], [3.6471586899685144, 27.058732734366234]]": {"ego_positions": [[33.3831, 81.3509]], "ego_orientations": [4.6359], "obs_positions": [[40.5201, -20.7825]], "obs_orientations": [1.7286], "objectives": {"extension_time": 1.6, "danger_difference": 0, "parameter_difference": 1.562259748464354}, "attributes": {"generation_number": 3, "individual_number": 181, "crash": true, "goal_reached": false, "scenario_length": 1}}, "[[19.07296726086737], [47.23230685119829, 190.582486527334, 2.5], [2.331413685895767, 162.9437116366445], [0.3316917078226153, 49.04938970787407]]": {"ego_positions": [[33.3831, 81.3509]], "ego_orientations": [4.6359], "obs_positions": [[40.5201, -20.7825]], "obs_orientations": [1.7286], "objectives": {"extension_time": 1.6, "danger_difference": 0, "parameter_difference": 18.97537014453807}, "attributes": {"generation_number": 3, "individual_number": 182, "crash": true, "goal_reached": false, "scenario_length": 1}}, "[[5.109474450917456], [2.5, 38.622726644138595, 2.5], [0.47506719253723584, 186.66819241331928], [4.2965834596708445, 47.522566064221635]]": {"ego_positions": [[33.3831, 81.3509]], "ego_orientations": [4.6359],