{"[[40.068213531255644], [11.98862249086673, 241.76869140366802, 989.6353344236712], [1.8517862756530419, 94.8803175288783], [2.2980977110540675, 2.476582763809404]]": {"ego_positions": [[33.8414, 87.3334]], "ego_orientations": [4.6359], "obs_positions": [[41.5981, -27.553]], "obs_orientations": [1.7286], "objectives": {"extension_time": 2.0, "danger_difference": 0, "parameter_difference": 395.8858871178214}, "attributes": {"generation_number": 0, "individual_number": 3, "crash": true, "goal_reached": false, "scenario_length": 1}}, "[[14.364761620328299], [9.499217204623095, 138.69985587066986, 111.18005962108823], [1.634971328484133, 157.75945631022884], [0.2808125551189461, 41.83443972403746]]": {"ego_positions": [[33.8414, 87.3334]], "ego_orientations": [4.6359], "obs_positions": [[41.5981, -27.553]], "obs_orientations": [1.7286], "objectives": {"extension_time": 2.0, "danger_difference": 0, "parameter_difference": 44.6493184708945}, "attributes": {"generation_number": 0, "individual_number": 21, "crash": true, "goal_reached": false, "scenario_length": 1}}, "[[13.67767709714744], [15.789596900893876, 383.35544627889453, 976.9967474332864], [1.0277425166672578, 56.96374883897575], [1.5807695642899298, 36.16338588949921]]": {"ego_positions": [[33.8414, 87.3334]], "ego_orientations": [4.6359], "obs_positions": [[41.5981, -27.553]], "obs_orientations": [1.7286], "objectives": {"extension_time": 2.0, "danger_difference": 0, "parameter_difference": 390.8552147550712}, "attributes": {"generation_number": 0, "individual_number": 30, "crash": true, "goal_reached": false, "scenario_length": 1}}, "[[40.552261444278315], [2.183517742416992, 200.0, 380.21717188854495], [0.7974364606046489, 66.1326586541329], [1.8841613002014999, 44.548131783201974]]": {"ego_positions": [[33.8414, 87.3334]], "ego_orientations": [4.6359], "obs_positions": [[41.5981, -27.553]], "obs_orientations": [1.7286], "objectives": {"extension_time": 2.0, "danger_difference": 0, "parameter_difference": 152.09749837305608}, "attributes": {"generation_number": 1, "individual_number": 89, "crash": true, "goal_reached": false, "scenario_length": 1}}}