{"[[38.791520697516276], [2.5, 200.0, 2.5], [2.355789701141997, 144.69295639506862], [2.3994636270180956, 27.55639911795058]]": {"ego_positions": [[34.2998, 93.3159]], "ego_orientations": [4.6359], "obs_positions": [[42.6761, -34.3234]], "obs_orientations": [1.7286], "objectives": {"extension_time": 2.4, "danger_difference": 0, "parameter_difference": 1.9979258271254463}, "attributes": {"generation_number": 1, "individual_number": 56, "crash": true, "goal_reached": false, "scenario_length": 1}}, "[[38.791520697516276], [2.5, 200.0, 2.5], [0.4260761835758248, 144.69295639506862], [2.3994636270180956, 29.35285669540525]]": {"ego_positions": [[34.2998, 93.3159]], "ego_orientations": [4.6359], "obs_positions": [[42.6761, -34.3234]], "obs_orientations": [1.7286], "objectives": {"extension_time": 2.4, "danger_difference": 0, "parameter_difference": 2.0081325324848405}, "attributes": {"generation_number": 2, "individual_number": 133, "crash": true, "goal_reached": false, "scenario_length": 1}}}