{"[[25.983492635441824], [1.5740489180978368, 242.98316611212235, 617.2997177736804], [1.764608775249189, 172.14683528789232], [1.484533283293835, 23.194318416719952]]": {"ego_positions": [[33.9561, 88.829]], "ego_orientations": [4.6359], "obs_positions": [[41.8676, -29.2456]], "obs_orientations": [1.7286], "objectives": {"extension_time": 2.1, "danger_difference": 0, "parameter_difference": 246.92490308093446}, "attributes": {"generation_number": 0, "individual_number": 42, "crash": true, "goal_reached": false, "scenario_length": 1}}}