{"[[3.5516519617836693], [26.945653701950985, 52.43653267576875, 693.0071117837359], [0.49448401026951583, 155.40525439492433], [0.30257744237523615, 29.312025427693417]]": {"ego_positions": [[34.529, 96.3071]], "ego_orientations": [4.6359], "obs_positions": [[43.215, -37.7086]], "obs_orientations": [1.7286], "objectives": {"extension_time": 2.6, "danger_difference": 0, "parameter_difference": 277.41323353656975}, "attributes": {"generation_number": 0, "individual_number": 12, "crash": true, "goal_reached": false, "scenario_length": 1}}, "[[3.5516519617836693], [2.5, 57.57063176320553, 2.5], [2.184749801874375, 155.40525439492433], [1.65526142362062, 29.730749213598365]]": {"ego_positions": [[34.529, 96.3071]], "ego_orientations": [4.6359], "obs_positions": [[43.215, -37.7086]], "obs_orientations": [1.7286], "objectives": {"extension_time": 2.6, "danger_difference": 0, "parameter_difference": 1.5934792169596332}, "attributes": {"generation_number": 1, "individual_number": 63, "crash": true, "goal_reached": false, "scenario_length": 1}}, "[[31.991172635019765], [2.5, 165.33265804820317, 93.77757690887833], [2.3466269484329385, 183.6238683395036], [1.211375510514077, 11.070301567055656]]": {"ego_positions": [[34.529, 96.3071]], "ego_orientations": [4.6359], "obs_positions": [[43.215, -37.7086]], "obs_orientations": [1.7286], "objectives": {"extension_time": 2.6, "danger_difference": 0, "parameter_difference": 37.54137263340102}, "attributes": {"generation_number": 1, "individual_number": 73, "crash": true, "goal_reached": false, "scenario_length": 1}}, "[[3.5516519617836693], [26.945653701950985, 48.16149899066494, 2.5], [0.49448401026951583, 156.71705499656017], [1.3113405471963488, 33.213261959190426]]": {"ego_positions": [[34.529, 96.3071]], "ego_orientations": [4.6359], "obs_positions": [[43.215, -37.7086]], "obs_orientations": [1.7286], "objectives": {"extension_time": 2.6, "danger_difference": 0, "parameter_difference": 10.852379086162856}, "attributes": {"generation_number": 1, "individual_number": 75, "crash": true, "goal_reached": false, "scenario_length": 1}}, "[[3.5516519617836693], [26.945653701950985, 52.43653267576875, 2.5], [1.8516946779695334, 75.83740860515101], [0.30181577648515484, 33.95652357387127]]": {"ego_positions": [[34.529, 96.3071]], "ego_orientations": [4.6359], "obs_positions": [[43.215, -37.7086]], "obs_orientations": [1.7286], "objectives": {"extension_time": 2.6, "danger_difference": 0, "parameter_difference": 10.850298120469187}, "attributes": {"generation_number": 1, "individual_number": 87, "crash": true, "goal_reached": false, "scenario_length": 1}}, "[[35.99717501668762], [2.312986564189841, 253.10628396969776, 2.3334153874657217], [2.2116682462071515, 181.80203088996439], [0.310719842140325, 37.04730048157268]]": {"ego_positions": [[34.529, 96.3071]], "ego_orientations": [4.6359], "obs_positions": [[43.215, -37.7086]], "obs_orientations": [1.7286], "objectives": {"extension_time": 2.6, "danger_difference": 0, "parameter_difference": 2.1279798650565893}, "attributes": {"generation_number": 1, "individual_number": 90, "crash": true, "goal_reached": false, "scenario_length": 1}}, "[[49.1237081838164], [2.5, 200.0, 120.20582592945861], [0.23161201910628398, 183.224254487558], [0.7886568321602011, 26.636553035927207]]": {"ego_positions": [[34.529, 96.3071]], "ego_orientations": [4.6359], "obs_positions": [[43.215, -37.7086]], "obs_orientations": [1.7286], "objectives": {"extension_time": 2.6, "danger_difference": 0, "parameter_difference": 48.117502898653086}, "attributes": {"generation_number": 2, "individual_number": 143, "crash": true, "goal_reached": false, "scenario_length": 1}}, "[[3.5516519617836693], [2.5, 54.04674793753647, 2.5], [2.184749801874375, 134.53021498048182], [1.65526142362062, 29.730749213598365]]": {"ego_positions": [[34.529, 96.3071]], "ego_orientations": [4.6359], "obs_positions": [[43.215, -37.7086]], "obs_orientations": [1.7286], "objectives": {"extension_time": 2.6, "danger_difference": 0, "parameter_difference": 1.5827612550552548}, "attributes": {"generation_number": 3, "individual_number": 166, "crash": true, "goal_reached": false, "scenario_length": 1}}, "[[3.5728297937244857], [2.5, 44.65787907917404, 2.5], [0.5182702636910864, 146.07489402522623], [0.3028495433955056, 32.31247714749709]]": {"ego_positions": [[34.529, 96.3071]], "ego_orientations": [4.6359], "obs_positions": [[43.215, -37.7086]], "obs_orientations": [1.7286], "objectives": {"extension_time": 2.6, "danger_difference": 0, "parameter_difference": 1.599372103468607}, "attributes": {"generation_number": 3, "individual_number": 187, "crash": true, "goal_reached": false, "scenario_length": 1}}}