{"[[31.92816141052326], [26.476052834855867, 165.33265804820317, 93.77757690887833], [2.3466269484329385, 170.7257817813391], [1.211375510514077, 11.070301567055656]]": {"ego_positions": [[34.4144, 94.8115]], "ego_orientations": [4.6359], "obs_positions": [[42.9455, -36.016]], "obs_orientations": [1.7286], "objectives": {"extension_time": 2.5, "danger_difference": 0, "parameter_difference": 38.99348389423654}, "attributes": {"generation_number": 0, "individual_number": 20, "crash": true, "goal_reached": false, "scenario_length": 1}}, "[[32.36674541134682], [26.476052834855867, 200.0, 93.77757690887833], [2.3466269484329385, 170.7257817813391], [1.211375510514077, 11.070301567055656]]": {"ego_positions": [[34.4144, 94.8115]], "ego_orientations": [4.6359], "obs_positions": [[42.9455, -36.016]], "obs_orientations": [1.7286], "objectives": {"extension_time": 2.5, "danger_difference": 0, "parameter_difference": 38.99768830971445}, "attributes": {"generation_number": 1, "individual_number": 51, "crash": true, "goal_reached": false, "scenario_length": 1}}, "[[49.41926462487609], [2.3201372522002677, 200.0, 1.1821903538196046], [0.23161201910628398, 190.25859446424317], [0.6501340300547254, 26.636553035927207]]": {"ego_positions": [[34.4144, 94.8115]], "ego_orientations": [4.6359], "obs_positions": [[42.9455, -36.016]], "obs_orientations": [1.7286], "objectives": {"extension_time": 2.5, "danger_difference": 0, "parameter_difference": 1.868306203000606}, "attributes": {"generation_number": 3, "individual_number": 170, "crash": true, "goal_reached": false, "scenario_length": 1}}}