{"[[49.85141120908499], [28.355827009738586, 286.52577840735097, 896.9426945160579], [0.04416027461509042, 7.880291394275707], [2.40071917704768, 6.919991185326557]]": {"ego_positions": [[34.6435, 97.8027]], "ego_orientations": [4.6359], "obs_positions": [[43.4845, -39.4013]], "obs_orientations": [1.7286], "objectives": {"extension_time": 2.7, "danger_difference": 0, "parameter_difference": 358.960594253037}, "attributes": {"generation_number": 0, "individual_number": 11, "crash": true, "goal_reached": false, "scenario_length": 1}}, "[[18.418728735358137], [5.261447747256442, 434.2110282239998, 563.6767246683397], [1.5956364693132739, 27.308491526968325], [1.4462342989817216, 25.72474224885035]]": {"ego_positions": [[34.6435, 97.8027]], "ego_orientations": [4.6359], "obs_positions": [[43.4845, -39.4013]], "obs_orientations": [1.7286], "objectives": {"extension_time": 2.7, "danger_difference": 0, "parameter_difference": 225.4918600522707}, "attributes": {"generation_number": 0, "individual_number": 47, "crash": true, "goal_reached": false, "scenario_length": 1}}}