{"[[49.47520987429554], [16.110734936951452, 246.8738711847443, 957.6808065734579], [1.8108943591438713, 74.59571869943828], [0.18138521024480436, 34.028178938327486]]": {"ego_positions": [[34.8727, 100.794]], "ego_orientations": [4.6359], "obs_positions": [[44.0235, -42.7865]], "obs_orientations": [1.7286], "objectives": {"extension_time": 2.9, "danger_difference": 0, "parameter_difference": 383.13042363805647}, "attributes": {"generation_number": 0, "individual_number": 5, "crash": true, "goal_reached": false, "scenario_length": 1}}, "[[36.927204599975006], [1.2355334160982778, 183.90491793017364, 480.861484086055], [1.8638874481687464, 130.2866416466085], [0.6719359310635374, 16.632924959565553]]": {"ego_positions": [[34.8727, 100.794]], "ego_orientations": [4.6359], "obs_positions": [[44.0235, -42.7865]], "obs_orientations": [1.7286], "objectives": {"extension_time": 2.9, "danger_difference": 0, "parameter_difference": 192.34930897789982}, "attributes": {"generation_number": 1, "individual_number": 54, "crash": true, "goal_reached": false, "scenario_length": 1}}, "[[49.47520987429554], [16.110734936951452, 246.8738711847443, 2.5], [0.4536844751983936, 154.16356448948076], [0.182146876134886, 28.921713226991677]]": {"ego_positions": [[34.8727, 100.794]], "ego_orientations": [4.6359], "obs_positions": [[44.0235, -42.7865]], "obs_orientations": [1.7286], "objectives": {"extension_time": 2.9, "danger_difference": 0, "parameter_difference": 6.742505201389215}, "attributes": {"generation_number": 1, "individual_number": 86, "crash": true, "goal_reached": false, "scenario_length": 1}}, "[[20.869627797789896], [2.5, 111.84129891228977, 2.4996799141898634], [0.5496168409709172, 89.90445086350927], [0.7039587123350302, 19.31329605400887]]": {"ego_positions": [[34.8727, 100.794]], "ego_orientations": [4.6359], "obs_positions": [[44.0235, -42.7865]], "obs_orientations": [1.7286], "objectives": {"extension_time": 2.9, "danger_difference": 0, "parameter_difference": 1.6335248774432645}, "attributes": {"generation_number": 3, "individual_number": 174, "crash": true, "goal_reached": false, "scenario_length": 1}}}