{"[[8.937747334412549], [29.670341135738266, 295.2409982941304, 189.1552805927451], [0.5952451342564785, 18.326815561543654], [0.9154104411239719, 38.75733479002663]]": {"ego_positions": [[34.9872, 102.2896]], "ego_orientations": [4.6359], "obs_positions": [[44.293, -44.4791]], "obs_orientations": [1.7286], "objectives": {"extension_time": 3.0, "danger_difference": 0, "parameter_difference": 76.60562353390458}, "attributes": {"generation_number": 0, "individual_number": 45, "crash": true, "goal_reached": false, "scenario_length": 1}}, "[[36.41377794707425], [13.772170974541048, 25.973807684532446, 976.7632038882706], [1.2154930270253157, 132.73852476432367], [1.7951823679469183, 3.939486337829423]]": {"ego_positions": [[34.9872, 102.2896]], "ego_orientations": [4.6359], "obs_positions": [[44.293, -44.4791]], "obs_orientations": [1.7286], "objectives": {"extension_time": 3.0, "danger_difference": 0, "parameter_difference": 390.7449166577092}, "attributes": {"generation_number": 0, "individual_number": 46, "crash": true, "goal_reached": false, "scenario_length": 1}}, "[[8.937747334412549], [29.670341135738266, 295.2409982941304, 189.1552805927451], [0.5952451342564785, 58.95590132388241], [0.9154104411239719, 38.75733479002663]]": {"ego_positions": [[34.9872, 102.2896]], "ego_orientations": [4.6359], "obs_positions": [[44.293, -44.4791]], "obs_orientations": [1.7286], "objectives": {"extension_time": 3.0, "danger_difference": 0, "parameter_difference": 76.60570551024803}, "attributes": {"generation_number": 1, "individual_number": 98, "crash": true, "goal_reached": false, "scenario_length": 1}}, "[[14.694416698102897], [29.670341135738266, 200.0, 189.1552805927451], [0.5952451342564785, 18.326815561543654], [0.9154104411239719, 38.75733479002663]]": {"ego_positions": [[34.9872, 102.2896]], "ego_orientations": [4.6359], "obs_positions": [[44.293, -44.4791]], "obs_orientations": [1.7286], "objectives": {"extension_time": 3.0, "danger_difference": 0, "parameter_difference": 76.59828191848264}, "attributes": {"generation_number": 1, "individual_number": 99, "crash": true, "goal_reached": false, "scenario_length": 1}}, "[[19.25963433560941], [2.5, 111.84129891228977, 2.5], [2.314376085536063, 79.96962735436134], [0.7039587123350302, 22.181786943880702]]": {"ego_positions": [[34.9872, 102.2896]], "ego_orientations": [4.6359], "obs_positions": [[44.293, -44.4791]], "obs_orientations": [1.7286], "objectives": {"extension_time": 3.0, "danger_difference": 0, "parameter_difference": 1.638194775643806}, "attributes": {"generation_number": 2, "individual_number": 106, "crash": true, "goal_reached": false, "scenario_length": 1}}}