{"[[24.75053321245209], [25.13127399843085, 225.47284289381403, 380.21717188854495], [0.7974364606046489, 66.1326586541329], [1.8841613002014999, 44.548131783201974]]": {"ego_positions": [[36.0185, 115.7501]], "ego_orientations": [4.6359], "obs_positions": [[46.7184, -59.7126]], "obs_orientations": [1.7286], "objectives": {"extension_time": 3.9, "danger_difference": 0, "parameter_difference": 152.42636685264375}, "attributes": {"generation_number": 0, "individual_number": 17, "crash": true, "goal_reached": false, "scenario_length": 1}}, "[[24.266485267844565], [2.5, 200.0, 989.6353344236712], [1.8517862756530419, 94.8803175288783], [2.2980977110540675, 2.476582763809404]]": {"ego_positions": [[36.0185, 115.7501]], "ego_orientations": [4.6359], "obs_positions": [[46.7184, -59.7126]], "obs_orientations": [1.7286], "objectives": {"extension_time": 3.9, "danger_difference": 0, "parameter_difference": 395.8570087111165}, "attributes": {"generation_number": 1, "individual_number": 88, "crash": true, "goal_reached": false, "scenario_length": 1}}}