{"[[2.5707530122443245], [2.5, 200.0, 359.1980114332962], [1.7005856530831625, 73.17246631107405], [0.11832770048010416, 46.2420556756359]]": {"ego_positions": [[35.6748, 111.2633]], "ego_orientations": [4.6359], "obs_positions": [[45.9099, -54.6348]], "obs_orientations": [1.7286], "objectives": {"extension_time": 3.6, "danger_difference": 0, "parameter_difference": 143.68922446289088}, "attributes": {"generation_number": 1, "individual_number": 93, "crash": true, "goal_reached": false, "scenario_length": 1}}}