{"[[14.53979055372378], [13.718897297082695, 327.59696493714165, 61.20738694121275], [1.5303988497103074, 155.0512736162035], [0.3383687126859994, 1.2560274076252653]]": {"ego_positions": [[36.133, 117.2458]], "ego_orientations": [4.6359], "obs_positions": [[46.9878, -61.4052]], "obs_orientations": [1.7286], "objectives": {"extension_time": 4.0, "danger_difference": 0, "parameter_difference": 25.147420876422547}, "attributes": {"generation_number": 0, "individual_number": 44, "crash": true, "goal_reached": false, "scenario_length": 1}}}