{"[[46.86729182079512], [34.719554663106344, 103.58462305533978, 986.1629757577324], [2.0427416395342615, 38.92855672977256], [2.1703651807755113, 47.91791839662737]]": {"ego_positions": [[36.4768, 121.7326]], "ego_orientations": [4.6359], "obs_positions": [[47.7964, -66.483]], "obs_orientations": [1.7286], "objectives": {"extension_time": 4.3, "danger_difference": 0, "parameter_difference": 394.71221316225416}, "attributes": {"generation_number": 0, "individual_number": 8, "crash": true, "goal_reached": false, "scenario_length": 1}}, "[[12.014374656466442], [30.373507613736354, 391.1975544800228, 65.90627010201555], [1.35785126057905, 169.93473601927678], [1.405034745235656, 17.768935345351327]]": {"ego_positions": [[36.4768, 121.7326]], "ego_orientations": [4.6359], "obs_positions": [[47.7964, -66.483]], "obs_orientations": [1.7286], "objectives": {"extension_time": 4.3, "danger_difference": 0, "parameter_difference": 29.098385652553628}, "attributes": {"generation_number": 0, "individual_number": 19, "crash": true, "goal_reached": false, "scenario_length": 1}}, "[[48.67005501108132], [2.5, 312.268627781421, 2.5], [2.0447533257525485, 116.4960548156007], [2.111974246396444, 47.34596045829516]]": {"ego_positions": [[36.4768, 121.7326]], "ego_orientations": [4.6359], "obs_positions": [[47.7964, -66.483]], "obs_orientations": [1.7286], "objectives": {"extension_time": 4.3, "danger_difference": 0, "parameter_difference": 2.517544789326673}, "attributes": {"generation_number": 1, "individual_number": 58, "crash": true, "goal_reached": false, "scenario_length": 1}}, "[[46.86729182079512], [34.719554663106344, 101.37584231337922, 986.1629757577324], [2.0427416395342615, 38.92855672977256], [2.1703651807755113, 47.91791839662737]]": {"ego_positions": [[36.4768, 121.7326]], "ego_orientations": [4.6359], "obs_positions": [[47.7964, -66.483]], "obs_orientations": [1.7286], "objectives": {"extension_time": 4.3, "danger_difference": 0, "parameter_difference": 394.71219882545626}, "attributes": {"generation_number": 1, "individual_number": 81, "crash": true, "goal_reached": false, "scenario_length": 1}}}