{"[[13.754170155906692], [10.124906939942473, 327.02642183563904, 19.67674707540845], [0.6178001947123388, 54.00280501777879], [2.24922992648667, 29.831693498309953]]": {"ego_positions": [[36.2476, 118.7414]], "ego_orientations": [4.6359], "obs_positions": [[47.2573, -63.0978]], "obs_orientations": [1.7286], "objectives": {"extension_time": 4.1, "danger_difference": 0, "parameter_difference": 9.026022802843066}, "attributes": {"generation_number": 0, "individual_number": 15, "crash": true, "goal_reached": false, "scenario_length": 1}}, "[[36.56178494222726], [10.124906939942473, 200.0, 2.5], [0.5722820478631727, 56.32823166709148], [2.24922992648667, 29.831693498309953]]": {"ego_positions": [[36.2476, 118.7414]], "ego_orientations": [4.6359], "obs_positions": [[47.2573, -63.0978]], "obs_orientations": [1.7286], "objectives": {"extension_time": 4.1, "danger_difference": 0, "parameter_difference": 4.394040456026474}, "attributes": {"generation_number": 1, "individual_number": 53, "crash": true, "goal_reached": false, "scenario_length": 1}}, "[[13.754170155906692], [10.124906939942473, 200.0, 2.5], [0.0006197571662589496, 54.00280501777879], [2.24922992648667, 31.438236257855092]]": {"ego_positions": [[36.2476, 118.7414]], "ego_orientations": [4.6359], "obs_positions": [[47.2573, -63.0978]], "obs_orientations": [1.7286], "objectives": {"extension_time": 4.1, "danger_difference": 0, "parameter_difference": 4.345906495885133}, "attributes": {"generation_number": 1, "individual_number": 78, "crash": true, "goal_reached": false, "scenario_length": 1}}}