{"[[5], [5, 50, 100], [0.25, 20], [0.25, 5]]": {"ego_positions": [[3.545, -17.3094], [3.3946254093415638, -15.816370942467987], [3.237563036166206, -14.319066746092538], [3.0683495373902065, -12.810228996669288], [2.902484898078889, -11.287905455108314], [2.747326166405862, -9.754981153922731], [2.5850582747615762, -8.217038231298545], [2.3634447231589566, -6.683847452868708], [2.1146186233911446, -5.1540322604391235], [1.8673381721492992, -3.6238844314913354], [1.6200577209074536, -2.0937366025435478], [1.3727772696656082, -0.5635887735957601], [1.1254968184237626, 0.966559055352028], [0.8782163671819172, 2.496706884299816], [0.6309359159400718, 4.026854713247603], [0.3836554646982264, 5.5570025421953915], [-6.766296241493746, 1.0258871758352877], [-8.318057827639283, 0.9143745910068102], [-9.866432941073917, 0.7724019886233805], [-11.4120013815096, 0.6184572073373871], [-12.956091659072465, 0.46323501644330584], [-14.499219433304818, 0.3079428453048114], [-16.041680319736017, 0.15255800997685331]], "ego_orientations": [1.6708, 1.67185628212608, 1.680009968344132, 1.6829760411138865, 1.674198450532289, 1.671396515438398, 1.6930277896578771, 1.7335000937620404, 1.731016713989418, 1.731016713989418, 1.731016713989418, 1.731016713989418, 1.731016713989418, 1.731016713989418, 1.731016713989418, 1.731016713989418, -3.081909573298006, -3.0562315885534286, -3.0450245126256092, -3.0414355254222776, -3.041354392097268, -3.0412403452211425, -3.0411557893799266], "obs_positions": [[-28.6419, -4.3714], [-26.627, -4.2806], [-24.6273, -4.1482], [-22.6283, -3.9729], [-20.6229, -3.753], [-18.6377, -3.491], [-16.6456, -3.1828], [-14.6707, -2.8317], [-12.7073, -2.4368], [-10.7516, -1.9971], [-8.8043, -1.5123], [-6.8644, -0.982], [-4.9389, -0.4078], [-3.0232, 0.2116], [-1.1264, 0.8731], [0.7548, 1.5775], [2.6128, 2.3212], [4.4632, 3.1103], [6.2946, 3.9396], [8.1069, 4.8088], [9.9002, 5.7169], [11.6745, 6.6635], [13.419011788216029, 7.6415994943129855]], "obs_orientations": [6.3282, 6.3492, 6.3706, 0.1092, 0.1312, 0.1534, 0.1759, 0.1984, 0.2211, 0.2439, 0.2668, 0.2898, 0.3127, 0.3355, 0.3581, 0.3807, 0.403, 0.4252, 0.4471, 0.4687, 0.49, 0.511, 0.511], "attributes": {"crash": true, "goal_reached": true, "max_danger": 122.76760254455253, "scenario_length": 23, "lower_bound": -0.4, "upper_bound": 2.4}}}