{"[[16.96597093659359], [2.5, 461.080837438752, 195.58032917253186], [0.9258708932571366, 40.0506606496938], [1.7123873569269583, 2.3780645219820764]]": {"ego_positions": [[3.6947, -18.8019], [3.5444627139913254, -17.30885688274774], [3.391416056365363, -15.812973127480477], [3.232090471319053, -14.31120711492409], [3.0636374144182015, -12.798197234528564], [2.8969743567602038, -11.273213782117203], [2.7366710384826063, -9.739275971264295], [2.58074496969613, -8.20007894756269], [2.3822780134697683, -6.663744714835985], [2.1271606999466, -5.134947711890205], [1.8696080192364453, -3.6064953519329137], [1.6120553385262903, -2.0780429919756225], [1.3545026578161352, -0.5495906320183312], [1.0969499771059803, 0.97886172793896], [0.8393972963958254, 2.507314087896251], [0.5818446156856705, 4.035766447853542], [0.32429193497551556, 5.564218807810833], [-6.8062539224301934, 1.0218022687706032], [-8.357884899991065, 0.9153364685822414], [-9.906696623528497, 0.7664648435781535], [-11.454833860976997, 0.6107410886599163], [-13.00254750862324, 0.4546411893728033], [-14.54967775037479, 0.2987977917789168], [-16.096130314246736, 0.1432688709733002]], "ego_orientations": [1.6707, 1.6717803707819603, 1.6737258258112464, 1.6800796118131864, 1.681653483821428, 1.6772291437975788, 1.6729519780588926, 1.6756876274417583, 1.7272502570604393, 1.7377336369036855, 1.7377336369036855, 1.7377336369036855, 1.7377336369036855, 1.7377336369036855, 1.7377336369036855, 1.7377336369036855, 1.7377336369036855, -3.084400412603051, -3.056070060385578, -3.0418305690622653, -3.041043012288749, -3.0411252617897886, -3.0412815642663364, -3.0414284946684536], "obs_positions": [[-30.6319, -4.5711], [-28.6419, -4.3714], [-26.627, -4.2806], [-24.6273, -4.1482], [-22.6283, -3.9729], [-20.6229, -3.753], [-18.6377, -3.491], [-16.6456, -3.1828], [-14.6707, -2.8317], [-12.7073, -2.4368], [-10.7516, -1.9971], [-8.8043, -1.5123], [-6.8644, -0.982], [-4.9389, -0.4078], [-3.0232, 0.2116], [-1.1264, 0.8731], [0.7548, 1.5775], [2.6128, 2.3212], [4.4632, 3.1103], [6.2946, 3.9396], [8.1069, 4.8088], [9.9002, 5.7169], [11.6745, 6.6635], [13.419011788216029, 7.6415994943129855]], "obs_orientations": [0.1, 6.3282, 6.3492, 6.3706, 0.1092, 0.1312, 0.1534, 0.1759, 0.1984, 0.2211, 0.2439, 0.2668, 0.2898, 0.3127, 0.3355, 0.3581, 0.3807, 0.403, 0.4252, 0.4471, 0.4687, 0.49, 0.511, 0.511], "objectives": {"extension_time": 0.1, "danger_difference": 0.08955539893115372, "parameter_difference": 38.30121494072202}, "attributes": {"generation_number": 7, "individual_number": 369, "crash": true, "goal_reached": true, "scenario_length": 24}}, "[[16.83116183035077], [2.5, 200.0, 164.73175639677874], [2.0489881024809056, 66.51408735471395], [0.05453704692294448, 4.07273658645128]]": {"ego_positions": [[3.6947, -18.8019], [3.5444627139913254, -17.30885688274774], [3.391416056365363, -15.812973127480477], [3.232090471319053, -14.31120711492409], [3.0636374144182015, -12.798197234528564], [2.8969743567602038, -11.273213782117203], [2.7366710384826063, -9.739275971264295], [2.58074496969613, -8.20007894756269], [2.3822780134697683, -6.663744714835985], [2.1271606999466, -5.134947711890205], [1.8696080192364453, -3.6064953519329137], [1.6120553385262903, -2.0780429919756225], [1.3545026578161352, -0.5495906320183312], [1.0969499771059803, 0.97886172793896], [0.8393972963958254, 2.507314087896251], [0.5818446156856705, 4.035766447853542], [0.32429193497551556, 5.564218807810833], [-6.8062539224301934, 1.0218022687706032], [-8.357884899991065, 0.9153364685822414], [-9.906696623528497, 0.7664648435781535], [-11.454833860976997, 0.6107410886599163], [-13.00254750862324, 0.4546411893728033], [-14.54967775037479, 0.2987977917789168], [-16.096130448934336, 0.1432702134171211]], "ego_orientations": [1.6707, 1.6717803707819603, 1.6737258258112464, 1.6800796118131864, 1.681653483821428, 1.6772291437975788, 1.6729519780588926, 1.6756876274417583, 1.7272502570604393, 1.7377336369036855, 1.7377336369036855, 1.7377336369036855, 1.7377336369036855, 1.7377336369036855, 1.7377336369036855, 1.7377336369036855, 1.7377336369036855, -3.084400412603051, -3.056070060385578, -3.0418305690622653, -3.041043012288749, -3.0411252617897886, -3.0412815642663364, -3.0414309426308708], "obs_positions": [[-30.6319, -4.5711], [-28.6419, -4.3714], [-26.627, -4.2806], [-24.6273, -4.1482], [-22.6283, -3.9729], [-20.6229, -3.753], [-18.6377, -3.491], [-16.6456, -3.1828], [-14.6707, -2.8317], [-12.7073, -2.4368], [-10.7516, -1.9971], [-8.8043, -1.5123], [-6.8644, -0.982], [-4.9389, -0.4078], [-3.0232, 0.2116], [-1.1264, 0.8731], [0.7548, 1.5775], [2.6128, 2.3212], [4.4632, 3.1103], [6.2946, 3.9396], [8.1069, 4.8088], [9.9002, 5.7169], [11.6745, 6.6635], [13.419011788216029, 7.6415994943129855]], "obs_orientations": [0.1, 6.3282, 6.3492, 6.3706, 0.1092, 0.1312, 0.1534, 0.1759, 0.1984, 0.2211, 0.2439, 0.2668, 0.2898, 0.3127, 0.3355, 0.3581, 0.3807, 0.403, 0.4252, 0.4471, 0.4687, 0.49, 0.511, 0.511], "objectives": {"extension_time": 0.1, "danger_difference": 0.08955539893115372, "parameter_difference": 25.924111422321438}, "attributes": {"generation_number": 10, "individual_number": 513, "crash": true, "goal_reached": true, "scenario_length": 24}}}