{"[[21.161471470806987], [12.023494401869538, 380.6847934867744, 538.2920246364571], [2.004221901559303, 115.82348855651973], [1.8606550301484368, 22.9809977539285]]": {"ego_positions": [[3.9942, -21.7869], [3.843961139393353, -20.293856868675125], [3.690905154305901, -18.797973693184062], [3.534623649501632, -17.297393029515433], [3.3760365417754383, -15.79116926766279], [3.21491198037332, -14.278262890973282], [3.0506669338167653, -12.756141074897139], [2.8888404295706396, -11.225292263601654], [2.731079768394622, -9.688300792963979], [2.5578107220964106, -8.14640086360171], [2.3261029001500666, -6.593882222763595], [2.0790864818873955, -5.0205444791906855], [1.7594077494843754, -3.44379057207032], [1.3862110321765941, -1.8750712025874616], [1.013014314868813, -0.30635183310460334], [0.6398175975610321, 1.262367536378255], [0.2666208802532508, 2.8310869058611132], [-0.10657583705453044, 4.3998062753439715], [-0.4797725543623117, 5.96852564482683], [-7.417587466673973, 0.9767499428905206], [-9.026874391714058, 0.8506374477971149], [-10.632108790185207, 0.6982120391419089], [-12.231809164627778, 0.5393734704869315], [-13.824596215166984, 0.38000368757375114], [-15.40970981173049, 0.22038038336221732]], "ego_orientations": [1.6707, 1.6717839036097246, 1.6737369053716775, 1.6752767232685684, 1.6759721648626544, 1.6781401993106928, 1.6776303193015025, 1.6744827712752237, 1.6719235625036524, 1.7037128489002222, 1.7253515461326356, 1.7402789697074146, 1.8043537577975328, 1.8043537577975328, 1.8043537577975328, 1.8043537577975328, 1.8043537577975328, 1.8043537577975328, 1.8043537577975328, -3.0707682712605564, -3.0541124230252414, -3.042979761377375, -3.0422424136918744, -3.041516141978813, -3.040983121479901], "obs_positions": [[-34.6119, -4.9704], [-32.6219, -4.7707], [-30.6319, -4.5711], [-28.6419, -4.3714], [-26.627, -4.2806], [-24.6273, -4.1482], [-22.6283, -3.9729], [-20.6229, -3.753], [-18.6377, -3.491], [-16.6456, -3.1828], [-14.6707, -2.8317], [-12.7073, -2.4368], [-10.7516, -1.9971], [-8.8043, -1.5123], [-6.8644, -0.982], [-4.9389, -0.4078], [-3.0232, 0.2116], [-1.1264, 0.8731], [0.7548, 1.5775], [2.6128, 2.3212], [4.4632, 3.1103], [6.2946, 3.9396], [8.1069, 4.8088], [9.9002, 5.7169], [11.664865717220243, 6.658151776342316]], "obs_orientations": [0.0999, 0.0999, 0.1, 6.3282, 6.3492, 6.3706, 0.1092, 0.1312, 0.1534, 0.1759, 0.1984, 0.2211, 0.2439, 0.2668, 0.2898, 0.3127, 0.3355, 0.3581, 0.3807, 0.403, 0.4252, 0.4471, 0.4687, 0.49, 0.49], "objectives": {"extension_time": 0.3, "danger_difference": 1.313368601614755, "parameter_difference": 175.3478882601192}, "attributes": {"generation_number": 0, "individual_number": 44, "crash": true, "goal_reached": true, "scenario_length": 25}}, "[[36.618599232414965], [2.0469081610800055, 199.9634249245054, 2.5], [2.346871833972254, 171.5199028532241], [1.715444261515508, 45.98139384560811]]": {"ego_positions": [[3.9942, -21.7869], [3.843961139393353, -20.293856868675125], [3.690905154305901, -18.797973693184062], [3.534623649501632, -17.297393029515433], [3.3760365417754383, -15.79116926766279], [3.21491198037332, -14.278262890973282], [3.0506669338167653, -12.756141074897139], [2.8888404295706396, -11.225292263601654], [2.731079768394622, -9.688300792963979], [2.5578107220964106, -8.14640086360171], [2.3261029001500666, -6.593882222763595], [2.0790864818873955, -5.0205444791906855], [1.7594077494843754, -3.44379057207032], [1.3862110321765941, -1.8750712025874616], [1.013014314868813, -0.30635183310460334], [0.6398175975610321, 1.262367536378255], [0.2666208802532508, 2.8310869058611132], [-0.10657583705453044, 4.3998062753439715], [-0.4797725543623117, 5.96852564482683], [-7.418200867554679, 0.9767058306621933], [-9.030898675775493, 0.8502784398824235], [-10.643442073087664, 0.6970747836893899], [-12.259416454239277, 0.5366032406425543], [-13.881205920617008, 0.3743238958556093], [-15.509562433505211, 0.21036216198180144]], "ego_orientations": [1.6707, 1.6717839036097246, 1.6737369053716775, 1.6752767232685684, 1.6759721648626544, 1.6781401993106928, 1.6776303193015025, 1.6744827712752237, 1.6719235625036524, 1.7037128489002222, 1.7253515461326356, 1.7402789697074146, 1.8043537577975328, 1.8043537577975328, 1.8043537577975328, 1.8043537577975328, 1.8043537577975328, 1.8043537577975328, 1.8043537577975328, -3.070760824517328, -3.054062752102849, -3.0429702908853664, -3.042233567682325, -3.0415189946148735, -3.041002172818962], "obs_positions": [[-34.6119, -4.9704], [-32.6219, -4.7707], [-30.6319, -4.5711], [-28.6419, -4.3714], [-26.627, -4.2806], [-24.6273, -4.1482], [-22.6283, -3.9729], [-20.6229, -3.753], [-18.6377, -3.491], [-16.6456, -3.1828], [-14.6707, -2.8317], [-12.7073, -2.4368], [-10.7516, -1.9971], [-8.8043, -1.5123], [-6.8644, -0.982], [-4.9389, -0.4078], [-3.0232, 0.2116], [-1.1264, 0.8731], [0.7548, 1.5775], [2.6128, 2.3212], [4.4632, 3.1103], [6.2946, 3.9396], [8.1069, 4.8088], [9.9002, 5.7169], [11.664865717220243, 6.658151776342316]], "obs_orientations": [0.0999, 0.0999, 0.1, 6.3282, 6.3492, 6.3706, 0.1092, 0.1312, 0.1534, 0.1759, 0.1984, 0.2211, 0.2439, 0.2668, 0.2898, 0.3127, 0.3355, 0.3581, 0.3807, 0.403, 0.4252, 0.4471, 0.4687, 0.49, 0.49], "objectives": {"extension_time": 0.3, "danger_difference": 1.313368601614755, "parameter_difference": 39.04000418366883}, "attributes": {"generation_number": 8, "individual_number": 433, "crash": true, "goal_reached": true, "scenario_length": 25}}, "[[24.795292282098856], [2.5, 86.84558499310609, 2.5], [0.022870522552897427, 100.66348155062275], [0.8771907781096688, 35.725866288855684]]": {"ego_positions": [[3.9942, -21.7869], [3.843961139393353, -20.293856868675125], [3.690905154305901, -18.797973693184062], [3.534623649501632, -17.297393029515433], [3.3760365417754383, -15.79116926766279], [3.21491198037332, -14.278262890973282], [3.0506669338167653, -12.756141074897139], [2.8888404295706396, -11.225292263601654], [2.731079768394622, -9.688300792963979], [2.5578107220964106, -8.14640086360171], [2.3261029001500666, -6.593882222763595], [2.0790864818873955, -5.0205444791906855], [1.7594077494843754, -3.44379057207032], [1.3862110321765941, -1.8750712025874616], [1.013014314868813, -0.30635183310460334], [0.6398175975610321, 1.262367536378255], [0.2666208802532508, 2.8310869058611132], [-0.10657583705453044, 4.3998062753439715], [-0.4797725543623117, 5.96852564482683], [-7.417587466673973, 0.9767499428905206], [-9.026874391714058, 0.8506374477971149], [-10.632108790185207, 0.6982120391419089], [-12.231809164627778, 0.5393734704869315], [-13.824596215166984, 0.38000368757375114], [-15.40970981173049, 0.22038038336221732]], "ego_orientations": [1.6707, 1.6717839036097246, 1.6737369053716775, 1.6752767232685684, 1.6759721648626544, 1.6781401993106928, 1.6776303193015025, 1.6744827712752237, 1.6719235625036524, 1.7037128489002222, 1.7253515461326356, 1.7402789697074146, 1.8043537577975328, 1.8043537577975328, 1.8043537577975328, 1.8043537577975328, 1.8043537577975328, 1.8043537577975328, 1.8043537577975328, -3.0707682712605564, -3.0541124230252414, -3.042979761377375, -3.0422424136918744, -3.041516141978813, -3.040983121479901], "obs_positions": [[-34.6119, -4.9704], [-32.6219, -4.7707], [-30.6319, -4.5711], [-28.6419, -4.3714], [-26.627, -4.2806], [-24.6273, -4.1482], [-22.6283, -3.9729], [-20.6229, -3.753], [-18.6377, -3.491], [-16.6456, -3.1828], [-14.6707, -2.8317], [-12.7073, -2.4368], [-10.7516, -1.9971], [-8.8043, -1.5123], [-6.8644, -0.982], [-4.9389, -0.4078], [-3.0232, 0.2116], [-1.1264, 0.8731], [0.7548, 1.5775], [2.6128, 2.3212], [4.4632, 3.1103], [6.2946, 3.9396], [8.1069, 4.8088], [9.9002, 5.7169], [11.664865717220243, 6.658151776342316]], "obs_orientations": [0.0999, 0.0999, 0.1, 6.3282, 6.3492, 6.3706, 0.1092, 0.1312, 0.1534, 0.1759, 0.1984, 0.2211, 0.2439, 0.2668, 0.2898, 0.3127, 0.3355, 0.3581, 0.3807, 0.403, 0.4252, 0.4471, 0.4687, 0.49, 0.49], "objectives": {"extension_time": 0.3, "danger_difference": 1.313368601614755,