{"[[1.4129528516644296], [2.4993652471248873, 175.19119731219138, 2.5], [72.90625474518039, 104.943683990526], [0.7776862761459622, 14.487265667935617]]": {"ego_positions": [[5.4917, -36.7119], [5.3367001564181775, -35.21717236788548], [5.16681777666847, -33.71227672337035], [4.995251839824033, -32.1959613576501], [4.833712111938346, -30.668547187388643], [4.679147110371133, -29.13320209386491], [4.526145315931657, -27.59343622131885], [4.372455176250059, -26.051630267417096], [4.217961637299888, -24.509079051863083], [4.0631248927766785, -22.966377902253623], [3.908261484272907, -21.42375061620577], [3.753462230779265, -19.88124864175618], [3.598710083845387, -18.338855281997382], [3.4439781077402527, -16.796535095274248], [3.2892572205576105, -15.254255481031434], [3.1345475161393836, -13.71199393984559], [2.979809369386238, -12.169741857478506], [2.825051684128346, -10.627492473877647], [2.6539485332191144, -9.087034283010524], [2.435423592958295, -7.552547215044662], [2.2094894472732274, -6.0191032070182455], [1.9835553993778468, -4.485658296921128], [1.7776037256730692, -2.94940355872993], [1.5716522520707472, -1.4131503131624141], [1.3657009785708805, 0.12310143978142118], [1.1597499051734692, 1.659351700101575], [0.9537990318785137, 3.195600467798047], [0.7478483586860136, 4.731847742870838], [0.5418978855959691, 6.268093525319947], [-7.470434305315074, 0.9798134915070329], [-9.015174859853648, 0.8530030869232247], [-10.55754722324888, 0.6994096607328216], [-12.099810844420777, 0.5447277486294008], [-13.642067339251733, 0.3899776258746231], [-15.184324807086195, 0.23524058614600882]], "ego_orientations": [1.6707, 1.679395388983485, 1.685292958597575, 1.6800117328271078, 1.6729187363825613, 1.67003258052092, 1.6698920367489427, 1.6704154720488953, 1.6707670186044221, 1.6708579600860824, 1.6708351409342665, 1.6708023952700704, 1.6707892978650813, 1.6707834682181775, 1.670777377314471, 1.6707821654631827, 1.6708060990678695, 1.6708080721683147, 1.6998799150826989, 1.71708153511433, 1.7170815278174896, 1.7040626366884437, 1.7040626366884437, 1.7040626366884437, 1.7040626366884437, 1.7040626366884437, 1.7040626366884437, 1.7040626366884437, 1.7040626366884437, -3.074110648624116, -3.0427578233246453, -3.0418440228850288, -3.0415847636394404, -3.041591511252342, -3.0415991718328343], "obs_positions": [[-54.512, -6.967], [-52.522, -6.7673], [-50.5319, -6.5676], [-48.5419, -6.368], [-46.5519, -6.1683], [-44.5619, -5.9686], [-42.5719, -5.769], [-40.5819, -5.5693], [-38.5919, -5.3697], [-36.6019, -5.17], [-34.6119, -4.9703], [-32.6219, -4.7707], [-30.6319, -4.571], [-28.6419, -4.3714], [-26.627, -4.2806], [-24.6273, -4.1482], [-22.6283, -3.9729], [-20.6229, -3.753], [-18.6377, -3.491], [-16.6456, -3.1828], [-14.6707, -2.8317], [-12.7073, -2.4368], [-10.7516, -1.9971], [-8.8043, -1.5123], [-6.8644, -0.982], [-4.9389, -0.4078], [-3.0232, 0.2116], [-1.1264, 0.8731], [0.7548, 1.5775], [2.6128, 2.3212], [4.4632, 3.1103], [6.2946, 3.9396], [8.1069, 4.8088], [9.9002, 5.7169], [11.664865717220243, 6.658151776342316]], "obs_orientations": [0.0999, 0.0999, 0.0999, 0.0999, 0.0999, 0.0999, 0.0999, 0.0999, 0.0999, 0.0999, 0.0999, 0.0999, 0.0999, 6.3282, 6.3492, 6.3706, 0.1092, 0.1312, 0.1534, 0.1759, 0.1984, 0.2211, 0.2439, 0.2668, 0.2898, 0.3127, 0.3355, 0.3581, 0.3807, 0.403, 0.4252, 0.4471, 0.4687, 0.49, 0.49], "objectives": {"extension_time": 1.3, "danger_difference": -0.36174324190602647, "parameter_difference": 39.01881252474238}, "attributes": {"generation_number": 13, "individual_number": 685, "crash": true, "goal_reached": true, "scenario_length": 35}}, "[[24.851412039525243], [2.5, 200.0, 2.5], [4.636538391094717, 128.02539839635597], [1.069386203963467, 14.831332248506559]]": {"ego_positions": [[5.4917, -36.7119], [5.342011964851497, -35.219251992686914], [5.191892080597887, -33.725877177558736], [5.041083334479243, -32.23117397478434], [4.889395813246548, -30.734595613470713], [4.736528670545846, -29.235449124378697], [4.582374997122695, -27.733203712323412], [4.427149968636401, -26.22752759132686], [4.271113387808301, -24.718260753958415], [4.114427715843191, -23.205276118085703], [3.957047890541907, -21.68820385903458], [3.799257610786766, -20.166932859636127], [3.641474487044182, -18.641649389762875], [3.484040930196082, -17.112726366392767], [3.3269628609671114, -15.580413430516995], [3.170122479954352, -14.04449458618504], [3.0141172623783663, -12.505611374503255], [2.858909484921497, -10.964811013928356], [2.6957210317646467, -9.423886247995389], [2.4848691216100667, -7.888363110865349], [2.258953814432614, -6.354840227893407], [2.0330204748269085, -4.8213744713927], [1.8070865207230873, -3.2879293799782685], [1.5811525666192663, -1.7544842885638379], [1.355218612515445, -0.22103919714940723], [1.129284658411624, 1.3124058942650239], [0.9033507043078028, 2.845850985679455], [0.6774167502039816, 4.379296077093885], [0.4514827961001604, 5.912741168508315], [-7.132098931210558, 1.0012106638336324], [-8.678276034366151, 0.8849635430415828], [-10.221497127080543, 0.7331270413642466], [-11.764441934526518, 0.5784616905958821], [-13.307322949013571, 0.4235971189037551], [-14.85013765826704, 0.26876297166516905]], "ego_orientations": [1.6707, 1.6708333386887617, 1.6711538475398076, 1.6715559395531392, 1.6720916814981492, 1.672748596664085, 1.6733241411375137, 1.6736970736599979, 1.6739031979013828, 1.6740925699860745, 1.6742013297955836, 1.674051928359556, 1.673664635046793, 1.6731289215743712, 1.6728185189502138, 1.6722130968162225, 1.6714635007482743, 1.670974641498614, 1.6920096380831653, 1.7170507964279518, 1.7170733969517016, 1.7170813431722134, 1.7170813431722134, 1.7170813431722134, 1.7170813431722134, 1.7170813431722134, 1.7170813431722134, 1.7170813431722134, 1.7170813431722134, -3.0810527504474385, -3.049535986474761, -3.042016048166246, -3.041550000075975, -3.0415605819080183, -3.0415791548044235], "obs_positions": [[-54.512, -6.967], [-52.522, -6.7673], [-50.5319, -6.5676], [-48.5419, -6.368], [-46.5519, -6.1683], [-44.5619, -5.9686], [-42.5719, -5.769], [-40.5819, -5.5693], [-38.5919, -5.3697], [-36.6019, -5.17], [-34.6119, -4.9703], [-32.6219, -4.7707], [-30.6319, -4.571], [-28.6419, -4.3714], [-26.627, -4.2806], [-24.6273, -4.1482], [-22.6283, -3.9729], [-20.6229, -3.753], [-18.6377, -3.491], [-16.6456, -3.1828], [-14.6707, -2.8317], [-12.7073, -2.4368], [-10.7516, -1.9971], [-8.8043, -1.5123], [-6.8644, -0.982], [-4.9389, -0.4078], [-3.0232, 0.2116], [-1.1264, 0.8731], [0.7548, 1.5775], [2.6128, 2.3212], [4.4632, 3.1103], [6.2946, 3.9396], [8.1069, 4.8088], [9.9002, 5.7169], [11.664865717220243, 6.658151776342316]], "obs_orientations": [0.0999, 0.0999, 0.0999, 0.0999, 0.0999, 0.0999, 0.0999, 0.0999, 0.0999, 0.0999, 0.0999, 0.0999, 0.0999, 6.3282, 6.3492, 6.3706, 0.1092, 0.1312, 0.1534, 0.1759, 0.1984, 0.2211, 0.2439, 0.2668, 0.2898, 0.3127, 0.3355, 0.3581, 0.3807, 0.403, 0.4252, 0.4471, 0.4687, 0.49, 0.49], "objectives": {"extension_time": 1.3, "danger_difference": -0.18653730573868188, "parameter_difference": 39.023143891894605}, "attributes": {"generation_number": 15, "individual_number": 783, "crash": true, "goal_reached": true, "scenario_length": 35}},