{"[[26.82520675644744], [42.364147013825, 276.9739667415528, 140.0971603729464], [0.025932259608131503, 196.24266072163044], [1.1392063127641736, 2.474011400311099]]": {"ego_positions": [[5.9409, -41.1895], [5.791211670997906, -39.696851964581526], [5.641089790056295, -38.20347719211903], [5.490273079345526, -36.708774476144576], [5.338637479093204, -35.21227239642287], [5.186159007268188, -33.71361377800264], [5.032887457879905, -32.21253910086321], [4.878876294206322, -30.708820240968183], [4.724073785437641, -29.202119025259], [4.568544013069456, -27.692204747141506], [4.412494501221783, -26.178981180743566], [4.2561132797988295, -24.66246901038188], [4.099517881089132, -23.142698276951908], [3.9426875785076887, -21.619519261152536], [3.7857834495321248, -20.09295994992361], [3.6290281214731497, -18.56324914929834], [3.4725906012283847, -17.03073369910074], [3.3164496702857345, -15.495657227862722], [3.1605127896252307, -13.957927658907302], [3.004518842213577, -12.418113700032599], [2.833340771439966, -10.878602787512168], [2.639985096453222, -9.341018479613773], [2.42885533102702, -7.805463499733632], [2.2162798435857543, -6.27005247239038], [2.0033737868762493, -4.7347307785915715], [1.7705645418223028, -3.2023144332671647], [1.5377552967683563, -1.6698980879427578], [1.3049460517144098, -0.137481742618351], [1.0721368066604633, 1.3949346027060558], [0.8393275616065166, 2.9273509480304627], [0.60651831655257, 4.4597672933548695], [0.37370907149862354, 5.992183638679276], [-7.199287438634976, 0.9943590448946464], [-8.744799637263323, 0.871729187681633], [-10.288305431249235, 0.7263618473841663], [-11.830805049405088, 0.571801256576489], [-13.373181941076057, 0.41703684482211967], [-14.915487402065565, 0.26229153081909584]], "ego_orientations": [1.6707, 1.6708341356497394, 1.6711569152431391, 1.6715639867165022, 1.6719904640755952, 1.6723819901599475, 1.6727083846318815, 1.6730183068749698, 1.6733316516409433, 1.6735194921083543, 1.673573670240051, 1.673511411539956, 1.6734434597816978, 1.6733309503014182, 1.6730854991000716, 1.6727274253597828, 1.6723145845034697, 1.6720398305490194, 1.6716389725333507, 1.6750028884638029, 1.689274868025444, 1.7037313082492647, 1.708363539968532, 1.7083768945208555, 1.7215663987214387, 1.7215663987214387, 1.7215663987214387, 1.7215663987214387, 1.7215663987214387, 1.7215663987214387, 1.7215663987214387, 1.7215663987214387, -3.073087077465321, -3.0518250529247313, -3.042835860417836, -3.04158302488385, -3.0415903768812735, -3.041594703311725], "obs_positions": [[-60.482, -7.5659], [-58.492, -7.3662], [-56.502, -7.1666], [-54.512, -6.967], [-52.522, -6.7673], [-50.5319, -6.5676], [-48.5419, -6.368], [-46.5519, -6.1683], [-44.5619, -5.9686], [-42.5719, -5.769], [-40.5819, -5.5694], [-38.5919, -5.3697], [-36.6019, -5.17], [-34.6119, -4.9704], [-32.6219, -4.7707], [-30.6319, -4.571], [-28.6419, -4.3714], [-26.627, -4.2806], [-24.6273, -4.1482], [-22.6283, -3.9729], [-20.6229, -3.753], [-18.6377, -3.491], [-16.6456, -3.1828], [-14.6707, -2.8317], [-12.7073, -2.4368], [-10.7516, -1.9971], [-8.8043, -1.5123], [-6.8644, -0.982], [-4.9389, -0.4078], [-3.0232, 0.2116], [-1.1264, 0.8731], [0.7548, 1.5775], [2.6128, 2.3212], [4.4632, 3.1103], [6.2946, 3.9396], [8.1069, 4.8088], [9.9002, 5.7169], [11.664865717220243, 6.658151776342316]], "obs_orientations": [0.1, 0.0999, 0.0999, 0.1, 0.1, 0.0999, 0.0999, 0.1, 0.0999, 0.0999, 0.1, 0.1, 0.0999, 0.0999, 0.1, 0.1, 6.3282, 6.3492, 6.3706, 0.1092, 0.1312, 0.1534, 0.1759, 0.1984, 0.2211, 0.2439, 0.2668, 0.2898, 0.3127, 0.3355, 0.3581, 0.3807, 0.403, 0.4252, 0.4471, 0.4687, 0.49, 0.49], "objectives": {"extension_time": 1.6, "danger_difference": -0.12639239856032702, "parameter_difference": 21.959586977015633}, "attributes": {"generation_number": 9, "individual_number": 481, "crash": true, "goal_reached": true, "scenario_length": 38}}, "[[2.7661802990838282], [1.1448020141641884, 200.0, 140.0971603729464], [2.06121133869204, 27.31857041589288], [1.1392063127641736, 14.973000220726014]]": {"ego_positions": [[5.9409, -41.1895], [5.791211670997906, -39.696851964581526], [5.641089790056295, -38.20347719211903], [5.490191301591841, -36.708691273458], [5.338082030487492, -35.211649809063225], [5.184613089327185, -33.71168374682182], [5.029897133390621, -32.20836018611367], [4.874023830284217, -30.70129728563091], [4.716781886811967, -29.189811053455145], [4.558532166171622, -27.67356596888434], [4.399958829086313, -26.15262548184493], [4.241028429631009, -24.62693218560845], [4.081483152377372, -23.095626052669], [3.92348521046561, -21.55938415722619], [3.7676236782869386, -20.019793395384667], [3.613139902133082, -18.478344517009823], [3.4585369179256644, -16.93612574813941], [3.3036078584136606, -15.393677598770262], [3.148652587142583, -13.851209161824174], [2.992842442020502, -12.308887051779656], [2.820283995355703, -10.768429828036147], [2.6253345303333386, -9.23069761871261], [2.4136383259222787, -7.695200769066248], [2.201029215094153, -6.159845283492031], [1.9867710696258911, -4.62473466011234], [1.7394549845976035, -3.0945925902095874], [1.4921388995693157, -1.5644505203068348], [1.244822814541028, -0.03430845040408226], [0.9975067295127403, 1.4958336194986703], [0.7501906444844526, 3.025975689401423], [0.502874559456165, 4.5561177593041755], [0.2555584744278774, 6.086259829206929], [-7.310007614423868, 0.986708475300015], [-8.854865786084185, 0.8617234230065846], [-10.397851807072406, 0.7154140739171162], [-11.940020586166533, 0.5607377202387308], [-13.482203476837585, 0.4059933576315795], [-15.024414908661598, 0.2512614217381074]], "ego_orientations": [1.6707, 1.6708341356497394, 1.6711569152431391, 1.6717030883549324, 1.6724137723813048, 1.6730797563431394, 1.6735912040189038, 1.6741649868301063, 1.6746940597769515, 1.6748023703258104, 1.6745014321933527, 1.674815290014944, 1.674093443946332, 1.6724589498217521, 1.6709852954207625, 1.6706010739066817, 1.6708334604289392, 1.670934731687483, 1.670898292186668, 1.6756713717528489, 1.6902106943332513, 1.7047901775175416, 1.7083985644213213, 1.7083919707650375, 1.7310400018396663, 1.7310400018396663, 1.7310400018396663, 1.7310400018396663, 1.7310400018396663, 1.7310400018396663, 1.7310400018396663, 1.7310400018396663, -3.071370457826909, -3.0511774870293102, -3.0415757496660754, -3.0415823400989024, -3.041591862960742, -3.0415980608639037], "obs_positions": [[-60.482, -7.5659], [-58.492, -7.3662], [-56.502, -7.1666], [-54.512, -6.967], [-52.522, -6.7673], [-50.5319, -6.5676], [-48.5419, -6.368], [-46.5519, -6.1683], [-44.5619, -5.9686], [-42.5719, -5.769], [-40.5819, -5.5694], [-38.5919, -5.3697], [-36.6019, -5.17], [-34.6119, -4.9704], [-32.6219, -4.7707], [-30.6319, -4.571], [-28.6419, -4.3714], [-26.627, -4.2806], [-24.6273, -4.1482], [-22.6283, -3.9729], [-20.6229, -3.753], [-18.6377, -3.491], [-16.6456, -3.1828], [-14.6707, -2.8317], [-12.7073, -2.4368], [-10.7516, -1.9971], [-8.8043, -1.5123], [-6.8644, -0.982], [-4.9389, -0.4078], [-3.0232, 0.2116], [-1.1264, 0.8731], [0.7548, 1.5775], [2.6128, 2.3212], [4.4632, 3.1103], [6.2946, 3.9396], [8.1069, 4.8088], [9.9002, 5.7169], [11.664865717220243, 6.658151776342316]], "obs_orientations": [0.1, 0.0999, 0.0999, 0.1, 0.1, 0.0999, 0.0999, 0.1, 0.0999, 0.0999, 0.1, 0.1, 0.0999, 0.0999, 0.1, 0.1, 6.3282, 6.3492, 6.3706, 0.1092, 0.1312, 0.1534, 0.1759, 0.1984, 0.2211, 0.2439, 0.2668, 0.2898, 0.3127, 0.3355, 0.3581, 0.3807, 0.403, 0.4252, 0.4471, 0.4687, 0.49, 0.49], "objectives": {"extension_time": 1.6, "danger_difference": 0.000310894525100025, "parameter_difference": 16.131583478148467}, "attributes": {"generation_number": 10, "individual_number": 511, "crash": true, "goal_reached": true, "scenario_length": 38}},