{"[[47.321397750520866], [46.35796520754777, 130.57197557936072, 721.8261687347543], [0.49614007033658813, 84.01680768796957], [1.031635855923, 48.5032970419405]]": {"ego_positions": [[6.0906, -42.682], [5.940922445206013, -41.18935215996074], [5.790855181055542, -39.69597341549081], [5.640090791951191, -38.20126553125483], [5.488487233045883, -36.70476053427292], [5.336030483788563, -35.20610101363834], [5.182804385150456, -33.70502317294864], [5.028875847972592, -32.201353562901545], [4.874312685074637, -30.694944452922318], [4.719108014692165, -29.18554684608406], [4.563329368017432, -27.673004236746554], [4.407177053489646, -26.15727616816], [4.250816000074083, -24.638420929357565], [4.094337696761244, -23.116503937100443], [3.9377269610140577, -21.59142761950406], [3.7811102882656886, -20.06324981908172], [3.624660619297441, -18.532201920738462], [3.4685068170833055, -16.998614624845988], [3.312621935219311, -15.46272304230102], [3.1569209273523717, -13.924464980712076], [3.0016194378678893, -12.384311177369353], [2.836540385116322, -10.844016693121665], [2.647770502927725, -9.305826843565232], [2.4365401896401098, -7.770291223948642], [2.2201051398742413, -6.235425068095107], [2.003663657166982, -4.700597685768949], [1.7872227610215368, -3.165783976984539], [1.5707818746870224, -1.630970337770858], [1.3543409981634387, -0.09615676812790763], [1.137900131450786, 1.438656731944313], [0.921459274549064, 2.9734701624458033], [0.7050184274582729, 4.508283523376564], [0.4885775901784126, 6.043096814736595], [-7.256902314896519, 0.9935840715699384], [-8.802531822007696, 0.8734289992258252], [-10.345289249354387, 0.7206939701391358], [-11.887753016866736, 0.5660386521564084], [-13.430113495461573, 0.41125386522476803], [-14.972411969333038, 0.2564965139338747]], "ego_orientations": [1.6707, 1.670810847697961, 1.6711158328377413, 1.6715369261793227, 1.6719759341740796, 1.672359137004932, 1.6726756511701333, 1.6729295555020693, 1.6731566509780815, 1.673360546418801, 1.6734627398301778, 1.6734300360480177, 1.6733176876784919, 1.6731965554682815, 1.673044084153772, 1.6727902633686205, 1.672454908809309, 1.672081064245834, 1.6718321279401802, 1.6714829290479876, 1.6705238902228847, 1.6858134629564963, 1.701265850392634, 1.7108793951709023, 1.710890281890837, 1.7108934572996903, 1.7108934572996903, 1.7108934572996903, 1.7108934572996903, 1.7108934572996903, 1.7108934572996903, 1.7108934572996903, 1.7108934572996903, -3.078496999972375, -3.047005959186018, -3.0419485049102764, -3.0415665657742794, -3.041578379368733, -3.041593056206302], "obs_positions": [[-62.472, -7.7656], [-60.482, -7.5659], [-58.492, -7.3663], [-56.502, -7.1666], [-54.512, -6.967], [-52.522, -6.7673], [-50.5319, -6.5676], [-48.5419, -6.368], [-46.5519, -6.1683], [-44.5619, -5.9687], [-42.5719, -5.769], [-40.5819, -5.5693], [-38.5919, -5.3697], [-36.6019, -5.17], [-34.6119, -4.9704], [-32.6219, -4.7707], [-30.6319, -4.571], [-28.6419, -4.3714], [-26.627, -4.2806], [-24.6273, -4.1482], [-22.6283, -3.9729], [-20.6229, -3.753], [-18.6377, -3.491], [-16.6456, -3.1828], [-14.6707, -2.8317], [-12.7073, -2.4368], [-10.7516, -1.9971], [-8.8043, -1.5123], [-6.8644, -0.982], [-4.9389, -0.4078], [-3.0232, 0.2116], [-1.1264, 0.8731], [0.7548, 1.5775], [2.6128, 2.3212], [4.4632, 3.1103], [6.2946, 3.9396], [8.1069, 4.8088], [9.9002, 5.7169], [11.664865717220243, 6.658151776342316]], "obs_orientations": [0.0999, 0.0999, 0.0999, 0.1, 0.1, 0.0999, 0.0999, 0.0999, 0.0999, 0.1, 0.1, 0.0999, 0.0999, 0.0999, 0.0999, 0.1, 0.1, 6.3282, 6.3492, 6.3706, 0.1092, 0.1312, 0.1534, 0.1759, 0.1984, 0.2211, 0.2439, 0.2668, 0.2898, 0.3127, 0.3355, 0.3581, 0.3807, 0.403, 0.4252, 0.4471, 0.4687, 0.49, 0.49], "objectives": {"extension_time": 1.7, "danger_difference": -0.2696874159539675, "parameter_difference": 249.283322453924}, "attributes": {"generation_number": 0, "individual_number": 19, "crash": true, "goal_reached": true, "scenario_length": 39}}, "[[18.76740463371741], [2.5, 175.20931743569403, 109.21306901395], [2.359940050212673, 52.0792077597295], [0.4292172060535786, 15.533123460161892]]": {"ego_positions": [[6.0906, -42.682], [5.940922445206013, -41.18935215996074], [5.790855181055542, -39.69597341549081], [5.640090791951191, -38.20126553125483], [5.488487233045883, -36.70476053427292], [5.336030483788563, -35.20610101363834], [5.182804385150456, -33.70502317294864], [5.028875847972592, -32.201353562901545], [4.874312685074637, -30.694944452922318], [4.719108014692165, -29.18554684608406], [4.563329368017432, -27.673004236746554], [4.407177053489646, -26.15727616816], [4.250816000074083, -24.638420929357565], [4.094337696761244, -23.116503937100443], [3.9377269610140577, -21.59142761950406], [3.7811102882656886, -20.06324981908172], [3.624660619297441, -18.532201920738462], [3.4685068170833055, -16.998614624845988], [3.312621935219311, -15.46272304230102], [3.1569209273523717, -13.924464980712076], [3.0016194378678893, -12.384311177369353], [2.836540385116322, -10.844016693121665], [2.647770502927725, -9.305826843565232], [2.4365401896401098, -7.770291223948642], [2.2201051398742413, -6.235425068095107], [2.003663657166982, -4.700597685768949], [1.7872227610215368, -3.165783976984539], [1.5707818746870224, -1.630970337770858], [1.3543409981634387, -0.09615676812790763], [1.137900131450786, 1.438656731944313], [0.921459274549064, 2.9734701624458033], [0.7050184274582729, 4.508283523376564], [0.4885775901784126, 6.043096814736595], [-7.256902317663037, 0.993584116239758], [-8.802531837007683, 0.8734291595070467], [-10.345298477101775, 0.7206959297167712], [-11.887808857470228, 0.566042621628314], [-13.43024786257696, 0.41125068070637555], [-14.972640818556515, 0.2564806845451316]], "ego_orientations": [1.6707, 1.670810847697961, 1.6711158328377413, 1.6715369261793227, 1.6719759341740796, 1.672359137004932, 1.6726756511701333, 1.6729295555020693, 1.6731566509780815, 1.673360546418801, 1.6734627398301778, 1.6734300360480177, 1.6733176876784919, 1.6731965554682815, 1.673044084153772, 1.6727902633686205, 1.672454908809309, 1.672081064245834, 1.6718321279401802, 1.6714829290479876, 1.6705238902228847, 1.6858134629564963, 1.701265850392634, 1.7108793951709023, 1.710890281890837, 1.7108934572996903, 1.7108934572996903, 1.7108934572996903, 1.7108934572996903, 1.7108934572996903, 1.7108934572996903, 1.7108934572996903, 1.7108934572996903, -3.078497073504644, -3.047006003132742, -3.041952714172889, -3.041569231460645, -3.0415771806498055, -3.0415905047477447], "obs_positions": [[-62.472, -7.7656], [-60.482, -7.5659], [-58.492, -7.3663], [-56.502, -7.1666], [-54.512, -6.967], [-52.522, -6.7673], [-50.5319, -6.5676], [-48.5419, -6.368], [-46.5519, -6.1683], [-44.5619, -5.9687], [-42.5719, -5.769], [-40.5819, -5.5693], [-38.5919, -5.3697], [-36.6019, -5.17], [-34.6119, -4.9704], [-32.6219, -4.7707], [-30.6319, -4.571], [-28.6419, -4.3714], [-26.627, -4.2806], [-24.6273, -4.1482], [-22.6283, -3.9729], [-20.6229, -3.753], [-18.6377, -3.491], [-16.6456, -3.1828], [-14.6707, -2.8317], [-12.7073, -2.4368], [-10.7516, -1.9971], [-8.8043, -1.5123], [-6.8644, -0.982], [-4.9389, -0.4078], [-3.0232, 0.2116], [-1.1264, 0.8731], [0.7548, 1.5775], [2.6128, 2.3212], [4.4632, 3.1103], [6.2946, 3.9396], [8.1069, 4.8088], [9.9002, 5.7169], [11.664865717220243, 6.658151776342316]], "obs_orientations": [0.0999, 0.0999, 0.0999, 0.1, 0.1, 0.0999, 0.0999, 0.0999, 0.0999, 0.1, 0.1, 0.0999, 0.0999, 0.0999, 0.0999, 0.1, 0.1, 6.3282, 6.3492, 6.3706, 0.1092, 0.1312, 0.1534, 0.1759, 0.1984, 0.2211, 0.2439, 0.2668, 0.2898, 0.3127, 0.3355, 0.3581, 0.3807, 0.403, 0.4252, 0.4471, 0.4687, 0.49, 0.49], "objectives": {"extension_time": 1.7, "danger_difference": -0.2696874159539675, "parameter_difference": 3.8855071334342823}, "attributes": {"generation_number": 15, "individual_number": 787, "crash": true, "goal_reached": true, "scenario_length": 39}},