{"[[0], [0, 0, 0], [0, 0], [0, 0]]": {"ego_positions": [[-13.685, 0.2933], [-12.137837630378385, 0.3686128814041412], [-10.59467140229223, 0.41355075860227813], [-9.05473577806741, 0.3774948185805415], [-7.501341678301778, 0.31837955637823556], [-5.92357777130206, 0.25401710607593125], [-4.331220218397259, 0.18830418178732283], [-2.736971308908346, 0.12313826140163626], [-1.1470580069236724, 0.061294025216162666], [0.44284985795801374, 0.003026534917081193], [2.0286545158650635, -0.049712053016790186], [3.586442012758861, -0.09906442516471164], [5.110658151155521, -0.14020314875755757], [6.606373015462666, -0.1549191545975104], [8.084606870133923, -0.1435952698144949], [9.559414870206828, -0.11979688917713098], [11.03422287027973, -0.09599850853976705], [12.509030870352635, -0.07220012790240313], [13.98383887042554, -0.048401747265039194], [15.458646870498445, -0.02460336662767526], [16.93345487057135, -0.000804985990311341], [18.408262870644254, 0.02299339464705258], [19.88307087071716, 0.0467917752844165], [21.357878870790064, 0.07059015592178042], [18.40044641983882, 7.709377101782798], [18.442346054649153, 9.143699949831833], [18.416932148309066, 10.557340438670959], [18.383685203902694, 11.952962886676781], [18.34557232259822, 13.335123890200613], [18.295008710792242, 14.710376147418428], [18.19659723183909, 16.101281348247653], [17.973526245884464, 17.488012282217312], [17.665254473447547, 18.856615352891247]], "ego_orientations": [0.0509, 0.0452453550042283, -0.0006040074929281047, -0.035551019532023, -0.04026541754685553, -0.041107713431142834, -0.04132641906688228, -0.03953404574785324, -0.03827072969034884, -0.03423704932085947, -0.03269933682914328, -0.03023330204466479, -0.01870189931961974, 0.00011548321261260698, 0.01613519545657128, 0.01613519545657128, 0.01613519545657128, 0.01613519545657128, 0.01613519545657128, 0.01613519545657128, 0.01613519545657128, 0.01613519545657128, 0.01613519545657128, 0.01613519545657128, 1.4931276007166536, 1.5899384635681266, 1.5922607966788855, 1.5953713150929543, 1.6022610132632473, 1.6133486249448163, 1.6874605244989842, 1.7684804510519532, 1.81838029498912], "obs_positions": [[48.191, -3.2421], [46.723, -2.9213], [45.255, -2.6014], [43.7871, -2.2827], [42.3192, -1.9661], [40.8514, -1.6518], [39.3835, -1.3407], [37.9075, -1.0314], [36.4312, -0.7263], [34.9548, -0.426], [33.478, -0.131], [32.001, 0.158], [30.5233, 0.4407], [29.0448, 0.7164], [27.565, 0.9846], [26.0834, 1.2448], [24.6002, 1.4964], [23.1168, 1.7385], [21.6329, 1.9706], [20.1482, 2.1921], [18.6581, 2.4031], [17.1712, 2.6017], [15.6816, 2.7881], [14.1906, 2.9615], [12.699, 3.1213], [11.1989, 3.2674], [9.6977, 3.3986], [8.194, 3.5141], [6.6895, 3.6133], [5.1847, 3.6954], [3.6795, 3.7599], [2.1738, 3.8061], [0.6740482226371234, 3.833387475091932]], "obs_orientations": [2.9264, 2.9269, 2.9278, 2.929, 2.9307, 2.9326, 2.935, 2.9378, 2.9409, 2.9444, 2.9483, 2.9525, 2.9572, 2.9622, 2.9677, 2.9735, 2.9798, 2.9864, 2.9934, 3.0009, 3.0088, 3.017, 3.0257, 3.0349, 3.0444, 3.0544, 3.0649, 3.0757, 3.087, 3.0987, 3.1109, 3.1234, 3.1234], "attributes": {"crash": false, "goal_reached": true, "max_danger": 10.027656596921357, "scenario_length": 33, "lower_bound": -1.1, "upper_bound": -1.1}}}