{"[[7.402570782974642], [0.5459668365393244, 12.585019917120082, 1.7145302272250529], [0.17583337921073827, 27.794228388183665], [0.1221058393280827, 13.56394679687115]]": {"ego_positions": [[-5.9422, 0.2423], [-4.392925459545085, 0.17861320112504958], [-2.8405193696879953, 0.11554807243919718], [-1.2814679240143834, 0.05665929788195503], [0.289853619321635, 0.0023164412368210123], [1.8729968843549696, -0.04987202797446541], [3.4644649510253926, -0.10043821234714022], [5.060982108312768, -0.141430320299787], [6.6601697806061955, -0.15381766230908772], [8.26000050548729, -0.13885605563794573], [9.859433356590156, -0.10920931644733697], [11.458682016339303, -0.07956599138756912], [13.057746484734729, -0.04992608045864215], [14.656626761776435, -0.020289583660556082], [16.25532284746442, 0.009343499006689071], [17.85383474179869, 0.03897316754309335], [19.452162444779237, 0.0685994219486567], [21.050305956406064, 0.09822226222337918], [22.648265276679176, 0.12784168836726073], [24.246040405598563, 0.15745770038030138], [18.280816917393746, 10.74857216560114], [18.13310729768922, 12.350351514104203], [17.98442182418463, 13.954635611202175], [17.82984713985155, 15.558595658350713], [17.5863811633708, 17.148391257542407], [17.259265375013612, 18.719987972511806]], "ego_orientations": [6.2421, -0.04108263352534447, -0.03921249577116637, -0.03603993722887733, -0.032952874654043285, -0.03295349675191961, -0.029517211998576265, -0.016939282367527397, 0.0020849184310807486, 0.018533659962575437, 0.018533659962575437, 0.018533659962575437, 0.018533659962575437, 0.018533659962575437, 0.018533659962575437, 0.018533659962575437, 0.018533659962575437, 0.018533659962575437, 0.018533659962575437, 0.018533659962575437, 1.65884890096705, 1.6632415679926096, 1.6631879271458225, 1.6892613398696095, 1.7581288632803327, 1.7969015812753542], "obs_positions": [[40.8514, -1.6518], [39.3835, -1.3407], [37.9075, -1.0314], [36.4312, -0.7263], [34.9548, -0.426], [33.478, -0.131], [32.001, 0.158], [30.5233, 0.4407], [29.0448, 0.7164], [27.565, 0.9846], [26.0834, 1.2448], [24.6002, 1.4964], [23.1168, 1.7385], [21.6329, 1.9706], [20.1482, 2.1921], [18.6581, 2.4031], [17.1712, 2.6017], [15.6816, 2.7881], [14.1906, 2.9615], [12.699, 3.1213], [11.1989, 3.2674], [9.6977, 3.3986], [8.194, 3.5141], [6.6895, 3.6133], [5.1847, 3.6954], [3.6860796232626125, 3.7597192539407116]], "obs_orientations": [2.9326, 2.935, 2.9378, 2.9409, 2.9444, 2.9483, 2.9525, 2.9572, 2.9622, 2.9677, 2.9735, 2.9798, 2.9864, 2.9934, 3.0009, 3.0088, 3.017, 3.0257, 3.0349, 3.0444, 3.0544, 3.0649, 3.0757, 3.087, 3.0987, 3.0987], "objectives": {"extension_time": -0.5, "danger_difference": 2.345989164764779, "parameter_difference": 0.7877804974519212}, "attributes": {"generation_number": 15, "individual_number": 793, "crash": false, "goal_reached": true, "scenario_length": 26}}, "[[0.3572348248420507], [0.5402643502342132, 34.781239126463596, 1.5292897709953082], [34.49781543988399, 49.36619570819266], [2.9638500790659905, 9.551277190962706]]": {"ego_positions": [[-5.9422, 0.2423], [-4.392925459545085, 0.17861320112504958], [-2.8387142977175794, 0.11528431552505214], [-1.2716693045347756, 0.05543652504600685], [0.30863986244653696, 0.00019885373370457531], [1.898521795493372, -0.05253015837000042], [3.4941073178145188, -0.10321358808305528], [5.092735972622145, -0.14386240626741834], [6.692719379090512, -0.15559071349680434], [8.292680677456822, -0.14009592250012814], [9.892358616393674, -0.10848168686778813], [11.49202965818766, -0.07686758754282251], [13.09169380283878, -0.045253624525231295], [14.691351050347032, -0.013639797815014482], [16.29100140071242, 0.017973892587827917], [17.890644853934944, 0.04958744668329593], [19.490281410014603, 0.08120086447138952], [21.089911068951395, 0.1128141459521087], [22.68953383074532, 0.1444272911254535], [24.28914969539638, 0.1760402999914239], [18.279753802250063, 10.780064477223533], [18.13190587359128, 12.378963023138907], [17.983232859711038, 13.979508215639187], [17.82817008789107, 15.579595187239903], [17.58338155376687, 17.166278879027843], [17.25572411105047, 18.73593295551414]], "ego_orientations": [6.2421, -0.04108263352534447, -0.039523145924051484, -0.03648730875072115, -0.03325537722562455, -0.03306309571272692, -0.02943640778434009, -0.016509006519938474, 0.0024214018588149897, 0.01976030296898183, 0.01976030296898183, 0.01976030296898183, 0.01976030296898183, 0.01976030296898183, 0.01976030296898183, 0.01976030296898183, 0.01976030296898183, 0.01976030296898183, 0.01976030296898183, 0.01976030296898183, 1.6595321784549895, 1.6634345437267022, 1.6634010272436117, 1.690464654466376, 1.7587743555696054, 1.797399639508776], "obs_positions": [[40.8514, -1.6518], [39.3835, -1.3407], [37.9075, -1.0314], [36.4312, -0.7263], [34.9548, -0.426], [33.478, -0.131], [32.001, 0.158], [30.5233, 0.4407], [29.0448, 0.7164], [27.565, 0.9846], [26.0834, 1.2448], [24.6002, 1.4964], [23.1168, 1.7385], [21.6329, 1.9706], [20.1482, 2.1921], [18.6581, 2.4031], [17.1712, 2.6017], [15.6816, 2.7881], [14.1906, 2.9615], [12.699, 3.1213], [11.1989, 3.2674], [9.6977, 3.3986], [8.194, 3.5141], [6.6895, 3.6133], [5.1847, 3.6954], [3.6860796232626125, 3.7597192539407116]], "obs_orientations": [2.9326, 2.935, 2.9378, 2.9409, 2.9444, 2.9483, 2.9525, 2.9572, 2.9622, 2.9677, 2.9735, 2.9798, 2.9864, 2.9934, 3.0009, 3.0088, 3.017, 3.0257, 3.0349, 3.0444, 3.0544, 3.0649, 3.0757, 3.087, 3.0987, 3.0987], "objectives": {"extension_time": -0.5, "danger_difference": 2.4586076605350033, "parameter_difference": 0.7086149594447995}, "attributes": {"generation_number": 19, "individual_number": 954, "crash": false, "goal_reached": true, "scenario_length": 26}}, "[[0.8384444973539853], [0.6021434638609681, 9.795791761174542, 1.7206390600164119], [1.0170513893418338, 67.7975627556843], [0.8718690620998726, 4.53257751600448]]": {"ego_positions": [[-5.9422, 0.2423], [-4.392925459545085, 0.17861320112504958], [-2.8405193696879953, 0.11554807243919718], [-1.2814749305014224, 0.05646565141928731], [0.28982488894114744, 0.001446900659301389], [1.8729509021705721, -0.05126688142971691], [3.4644231888044916, -0.1018442680349967], [5.060958083532994, -0.14278502852990546], [6.660171801894052, -0.15519678387349375], [8.260025035265956, -0.1402514512137118], [9.859676483923671, -0.11060066014640697], [11.459281461317323, -0.08095073046033774], [13.058839967446913, -0.05130166215550408], [14.658352002312439, -0.021653455231906024], [16.257817565913903, 0.007993890310456442], [17.857236658251303, 0.03764037447158333], [19.456609279324645, 0.06728599725147463], [21.055935429133918, 0.09693075865013034], [22.655215107679133, 0.12657465866755047], [24.254448314960285, 0.15621769730373497], [18.28194605372753, 10.748670620468543], [18.13372062651632, 12.350408441181877], [17.984508917552624, 13.954643694909814], [17.829603723814873, 15.558567311316077], [17.586143342039996, 17.148346470572776], [17.25915208572392, 18.719962069784216]], "ego_orientations": [6.2421, -0.04108263352534447, -0.03921249577116637, -0.036355171005145515, -0.033418934286195245, -0.03308895634684994, -0.029467231233885727, -0.01693518060867394, 0.002062972222222636, 0.01853365996257544, 0.01853365996257544, 0.01853365996257544, 0.01853365996257544, 0.01853365996257544, 0.01853365996257544, 0.01853365996257544, 0.01853365996257544, 0.01853365996257544, 0.01853365996257544, 0.01853365996257544, 1.6591260678036779, 1.6635853343369118, 1.6634848117468766, 1.689351166534185, 1.758064560377006, 1.796826171257914],