{"[[49.22433349084158], [1.1927971714856835, 162.84677702413748, 0.022759003379377418], [1.1963225802489774, 78.86592662715022], [6.127862036950907, 10.051913391332493]]": {"ego_positions": [[-24.5123, -0.3845], [-22.96824519964363, -0.24734008366376223], [-21.422499304831423, -0.12093265780909697], [-19.872763761094344, -0.031731239206478135], [-18.320742582027787, 0.04986514835567882], [-16.76648156753647, 0.13131891060882311], [-15.20967565358427, 0.21289128404150545], [-13.649876701783652, 0.29460408296199253], [-12.086608550060001, 0.373430098619348], [-10.518180802599977, 0.3970012314971036], [-8.94629060317582, 0.36341590764954723], [-7.371356708429243, 0.2999634050741446], [-5.792452997933527, 0.235038719664245], [-4.209727533366269, 0.1700868901781293], [-2.623112291109205, 0.10811817981314649], [-1.0319936404184886, 0.050534472945046524], [0.562852606908252, -0.0037213441663488758], [2.160052830825448, -0.05784619097001862], [3.7517121888752665, -0.11132579673501983], [5.311257470706675, -0.14391216209777255], [6.826343620018966, -0.1527049175672845], [8.308098891198494, -0.13983494080679235], [9.782576146241938, -0.10056886945312707], [11.257053401285383, -0.06130279809946179], [12.731530656328825, -0.022036726745796514], [14.20600791137227, 0.017229344607868763], [15.680485166415714, 0.05649541596153404], [17.15496242145916, 0.09576148731519932], [18.629439676502603, 0.1350275586688646], [20.103916931546046, 0.17429363002252987], [21.57839418658949, 0.21355970137619515], [18.393797998941174, 7.951358312607945], [18.388160613059057, 9.427160440645691], [18.269562572409153, 10.898891268534493], [18.133077953348447, 12.369367665155364], [17.99659685041898, 13.839806721868378], [17.848537378400188, 15.30888718784056], [17.656827728483396, 16.772378946818268], [17.380702268717684, 18.22169820111785]], "ego_orientations": [0.0886, 0.08859556971758552, 0.06779152642271082, 0.05272036900691525, 0.052363799631181554, 0.052354202078808976, 0.05234423067883633, 0.05233355615685692, 0.03680501449987423, -0.009348590375134691, -0.035461614104618455, -0.0411100787233023, -0.04108570899560782, -0.040354988261712244, -0.03749429294141304, -0.03463206956567788, -0.0338744194286118, -0.033874300802503754, -0.029564208584662133, -0.010247774477845972, -0.0004510329098272252, 0.026624210635409457, 0.026624210635409457, 0.026624210635409457, 0.026624210635409457, 0.026624210635409457, 0.026624210635409457, 0.026624210635409457, 0.026624210635409457, 0.026624210635409457, 0.026624210635409457, 1.5336788937429613, 1.6213852363760817, 1.6633477786858262, 1.663347741605316, 1.6633477120465805, 1.6854017091523752, 1.729552869634241, 1.791522307741355], "obs_positions": [[58.501, -5.2262], [57.0245, -4.9616], [55.548, -4.697], [54.0715, -4.4325], [52.5999, -4.1428], [51.1302, -3.8425], [49.6606, -3.5423], [48.191, -3.2421], [46.723, -2.9213], [45.255, -2.6014], [43.7871, -2.2827], [42.3192, -1.9661], [40.8514, -1.6518], [39.3835, -1.3407], [37.9075, -1.0314], [36.4312, -0.7263], [34.9548, -0.426], [33.478, -0.131], [32.001, 0.158], [30.5233, 0.4407], [29.0448, 0.7164], [27.565, 0.9846], [26.0834, 1.2448], [24.6002, 1.4964], [23.1168, 1.7385], [21.6329, 1.9706], [20.1482, 2.1921], [18.6581, 2.4031], [17.1712, 2.6017], [15.6816, 2.7881], [14.1906, 2.9615], [12.699, 3.1213], [11.1989, 3.2674], [9.6977, 3.3986], [8.194, 3.5141], [6.6895, 3.6133], [5.1847, 3.6954], [3.6795, 3.7599], [2.180206473775188, 3.805931752306101]], "obs_orientations": [2.9642, 2.9642, 2.9643, 2.9472, 2.94, 2.94, 2.94, 2.9264, 2.9269, 2.9278, 2.929, 2.9307, 2.9326, 2.935, 2.9378, 2.9409, 2.9444, 2.9483, 2.9525, 2.9572, 2.9622, 2.9677, 2.9735, 2.9798, 2.9864, 2.9934, 3.0009, 3.0088, 3.017, 3.0257, 3.0349, 3.0444, 3.0544, 3.0649, 3.0757, 3.087, 3.0987, 3.1109, 3.1109], "objectives": {"extension_time": 0.7, "danger_difference": 0.7414272112017724, "parameter_difference": 1.3929226626626006}, "attributes": {"generation_number": 6, "individual_number": 330, "crash": false, "goal_reached": true, "scenario_length": 39}}}