{"[[37.468145620347904], [2.5, 138.63842481885032, 2.5], [0.7369045140032999, 31.799240798686725], [0.14835558905206633, 13.785084686879696]]": {"ego_positions": [[-29.1441, -0.7962], [-27.600045247372535, -0.6590394986648823], [-26.055226245285546, -0.5218206280749412], [-24.509020563051358, -0.38449332100969835], [-22.96092253085819, -0.2472687522096822], [-21.409103383895694, -0.12792830402699537], [-19.85315454128696, -0.03226639988839096], [-18.293837298299543, 0.050829299145873266], [-16.731665746531082, 0.13267416441352187], [-15.166460850813866, 0.2146733434453979], [-13.598073207862294, 0.29683735697113495], [-12.025999198056454, 0.3690953629970009], [-10.44950759129994, 0.4010191362914736], [-8.870186453653249, 0.36123377535883183], [-7.288431573229395, 0.2961688985509656], [-5.7035913074631095, 0.2310125641668709], [-4.1158752663739495, 0.16672423012219068], [-2.5252927809185954, 0.10631110318267134], [-0.931560799049985, 0.049928463507308264], [0.6646736460493395, -0.005081586445357661], [2.262486446026366, -0.06014598000120766], [3.8544403459089494, -0.11114226252914025], [5.4140147067773885, -0.14454630048538558], [6.929046258574628, -0.1572994672368089], [8.41077337193066, -0.14096000447197796], [9.885352148510439, -0.10571186040052986], [11.359930925090218, -0.07046371632908177], [12.834509701669997, -0.03521557225763368], [14.309088478249777, 3.2571813814413764e-05], [15.783667254829556, 0.03528071588526252], [17.258246031409335, 0.07052885995671063], [18.732824807989115, 0.10577700402815873], [20.207403584568894, 0.14102514809960684], [21.681982361148673, 0.17627329217105495], [23.156561137728453, 0.21152143624250305], [24.631139914308232, 0.24676958031395116], [18.261477009, 10.979626668824901], [18.12566670784854, 12.449218033341475], [17.989245592093617, 13.919009938130795], [17.852821814351298, 15.388831225531792], [17.663708507886895, 16.852058510881466], [17.35854642432775, 18.29550325544579]], "ego_orientations": [0.0886, 0.08859654784985094, 0.08858832654174653, 0.08857780838820457, 0.0853120536873079, 0.06670239228173436, 0.056114303005511075, 0.05234548857544343, 0.05234222963211204, 0.05233995347179317, 0.052339936564728386, 0.034029782706870716, -0.003089556728291143, -0.04112460377636129, -0.04109903967624717, -0.041080698400421056, -0.03917890799815105, -0.03654215923732895, -0.03444856901354587, -0.03444878806235696, -0.03444866434660554, -0.026645736343714255, -0.014555708283026547, 0.000148031280131244, 0.02389932188929325, 0.02389932188929325, 0.02389932188929325, 0.02389932188929325, 0.02389932188929325, 0.02389932188929325, 0.02389932188929325, 0.02389932188929325, 0.02389932188929325, 0.02389932188929325, 0.02389932188929325, 0.02389932188929325, 1.6615305969228469, 1.6633477902763922, 1.663347766509631, 1.6578075134027255, 1.7477170146889496, 1.7989083682094142], "obs_positions": [[62.9304, -6.0199], [61.454, -5.7553], [59.9775, -5.4908], [58.501, -5.2262], [57.0245, -4.9616], [55.548, -4.697], [54.0715, -4.4325], [52.5999, -4.1428], [51.1302, -3.8425], [49.6606, -3.5423], [48.191, -3.2421], [46.723, -2.9213], [45.255, -2.6014], [43.7871, -2.2827], [42.3192, -1.9661], [40.8514, -1.6518], [39.3835, -1.3407], [37.9075, -1.0314], [36.4312, -0.7263], [34.9548, -0.426], [33.478, -0.131], [32.001, 0.158], [30.5233, 0.4407], [29.0448, 0.7164], [27.565, 0.9846], [26.0834, 1.2448], [24.6002, 1.4964], [23.1168, 1.7385], [21.6329, 1.9706], [20.1482, 2.1921], [18.6581, 2.4031], [17.1712, 2.6017], [15.6816, 2.7881], [14.1906, 2.9615], [12.699, 3.1213], [11.1989, 3.2674], [9.6977, 3.3986], [8.194, 3.5141], [6.6895, 3.6133], [5.1847, 3.6954], [3.6795, 3.7599], [2.180206473775188, 3.805931752306101]], "obs_orientations": [2.9642, 2.9643, 2.9642, 2.9642, 2.9642, 2.9643, 2.9472, 2.94, 2.94, 2.94, 2.9264, 2.9269, 2.9278, 2.929, 2.9307, 2.9326, 2.935, 2.9378, 2.9409, 2.9444, 2.9483, 2.9525, 2.9572, 2.9622, 2.9677, 2.9735, 2.9798, 2.9864, 2.9934, 3.0009, 3.0088, 3.017, 3.0257, 3.0349, 3.0444, 3.0544, 3.0649, 3.0757, 3.087, 3.0987, 3.1109, 3.1109], "objectives": {"extension_time": 1.0, "danger_difference": 0.8747633340406757, "parameter_difference": 1.7669537721653028}, "attributes": {"generation_number": 1, "individual_number": 61, "crash": false, "goal_reached": true, "scenario_length": 42}}}