{"[[46.87953303310572], [37.377791153502, 24.10079718834912, 423.33769742011], [1.8218225015830796, 1.924890290129877], [2.0878738918999282, 32.22234173789279]]": {"ego_positions": [[-30.688, -0.9334], [-29.1443303629468, -0.7913353033541843], [-27.60038735466961, -0.6424416368693082], [-26.0552476825638, -0.49032041765085393], [-24.508128030769722, -0.3376809240917304], [-22.958135303230055, -0.1867323581078232], [-21.401988856222296, -0.052428506221156856], [-19.84011960322308, 0.04592646985091842], [-18.274718496459936, 0.13378924936927317], [-16.705698635944376, 0.21852084649788464], [-15.133079630299273, 0.301745349797008], [-13.557016817212745, 0.3828876051396808], [-11.975819786700061, 0.45437197799653967], [-10.388822273337288, 0.46929449245437255], [-8.800036527896859, 0.42830947789390456], [-7.211867446956577, 0.3602099898330566], [-5.6214413199481825, 0.2928195721710527], [-4.029233838222244, 0.22372878878965172], [-2.4351432052446755, 0.16031991351115427], [-0.8388442490866762, 0.10415054814116295], [0.7588059128470582, 0.04902639148257208], [2.3570499865285575, -0.012442948417938353], [3.948235132214738, -0.08564727294328277], [5.5072218604739955, -0.1340782037968153], [7.022143691121643, -0.15262544795072827], [8.503809565009567, -0.1356372023813887], [9.978137115991016, -0.09110325558750249], [11.452464666972467, -0.04656930879361626], [12.926792217953917, -0.0020353619997300343], [14.401119768935366, 0.04249858479415619], [15.875447319916818, 0.08703253158804242], [17.349774870898266, 0.13156647838192864], [18.824102421879715, 0.17610042517581487], [20.298429972861165, 0.2206343719697011], [21.772757523842614, 0.2651683187635873], [18.409891912515835, 8.141755766922968], [18.410863461094014, 9.618612906687941], [18.30259217620072, 11.091379977533931], [18.18702206486665, 12.562887747397514], [18.066900214186212, 14.034099956293279], [17.926135033024828, 15.505041928038859], [17.73386676181866, 16.973677830974736], [17.437176203543554, 18.425180262521707]], "ego_orientations": [0.0886, 0.0944146091185423, 0.09747145835200063, 0.09851950146928243, 0.09789325792496444, 0.09616366314348332, 0.07183867987416773, 0.0582211086777255, 0.05453384910760179, 0.05343638866121801, 0.05220841103942112, 0.05065539002065397, 0.028083385159078437, -0.010739827573887695, -0.043449009561890684, -0.04229717452582893, -0.04286738066253193, -0.04249861394644672, -0.03653082800067775, -0.03447159912420705, -0.034656650883017726, -0.04413490570825829, -0.04058623261538763, -0.020373974688060237, -0.0033848196198160707, 0.030197095368595116, 0.030197095368595116, 0.030197095368595116, 0.030197095368595116, 0.030197095368595116, 0.030197095368595116, 0.030197095368595116, 0.030197095368595116, 0.030197095368595116, 0.030197095368595116, 1.5252581710295794, 1.6246876362500955, 1.648177885656484, 1.650416880700045, 1.6555366613121383, 1.6782705300160252, 1.7398360623494376, 1.799968888576144], "obs_positions": [[64.4069, -6.2845], [62.9304, -6.0199], [61.454, -5.7554], [59.9775, -5.4908], [58.501, -5.2262], [57.0245, -4.9616], [55.548, -4.697], [54.0715, -4.4325], [52.5999, -4.1428], [51.1302, -3.8425], [49.6606, -3.5423], [48.191, -3.2421], [46.723, -2.9213], [45.255, -2.6014], [43.7871, -2.2827], [42.3192, -1.9661], [40.8514, -1.6518], [39.3835, -1.3407], [37.9075, -1.0314], [36.4312, -0.7263], [34.9548, -0.426], [33.478, -0.131], [32.001, 0.158], [30.5233, 0.4407], [29.0448, 0.7164], [27.565, 0.9846], [26.0834, 1.2448], [24.6002, 1.4964], [23.1168, 1.7385], [21.6329, 1.9706], [20.1482, 2.1921], [18.6581, 2.4031], [17.1712, 2.6017], [15.6816, 2.7881], [14.1906, 2.9615], [12.699, 3.1213], [11.1989, 3.2674], [9.6977, 3.3986], [8.194, 3.5141], [6.6895, 3.6133], [5.1847, 3.6954], [3.6795, 3.7599], [2.180206473775188, 3.805931752306101]], "obs_orientations": [2.9642, 2.9643, 2.9642, 2.9642, 2.9642, 2.9642, 2.9643, 2.9472, 2.94, 2.94, 2.94, 2.9264, 2.9269, 2.9278, 2.929, 2.9307, 2.9326, 2.935, 2.9378, 2.9409, 2.9444, 2.9483, 2.9525, 2.9572, 2.9622, 2.9677, 2.9735, 2.9798, 2.9864, 2.9934, 3.0009, 3.0088, 3.017, 3.0257, 3.0349, 3.0444, 3.0544, 3.0649, 3.0757, 3.087, 3.0987, 3.1109, 3.1109], "objectives": {"extension_time": 1.1, "danger_difference": 1.2837087688265854, "parameter_difference": 169.99769270070487}, "attributes": {"generation_number": 0, "individual_number": 21, "crash": false, "goal_reached": true, "scenario_length": 43}}, "[[1.3760432242948983], [42.18106020320539, 385.13221811929185, 489.60091393827565], [2.4113703235745394, 196.10182385039775], [2.018643875537202, 48.51155401124015]]": {"ego_positions": [[-30.688, -0.9334], [-29.144330131933128, -0.7913379029583122], [-27.600385918961816, -0.6424577929343696], [-26.05524435331392, -0.4903578818046922], [-24.50821603937296, -0.3375959375351983], [-22.958806588656355, -0.18589132616538093], [-21.403660643192875, -0.05055221570744256], [-19.842278876458757, 0.047695216788884345], [-18.276960449251842, 0.13421692160001694], [-16.707846174930232, 0.21667458386426536], [-15.134999684100022, 0.2964891539564547], [-13.557923338238362, 0.3757084997569382], [-11.972721299721073, 0.4514661435751184], [-10.37868366509297, 0.4654854114771736], [-8.78239353456365, 0.4005043797607321], [-7.186679286215251, 0.3078771869658957], [-5.589066864280445, 0.22793089088124643], [-3.990222926788986, 0.15861746419489525], [-2.3907231599630077, 0.10084331517651982], [-0.7912045236130782, 0.0463668017142718], [0.8081376929743923, -0.0087083775820068], [2.407328291450743, -0.06434662646223632], [3.9996906025878305, -0.11689312399719613], [5.5593934021897065, -0.14557379369945736], [7.074404993334806, -0.15421820696827376], [8.556040546403702, -0.13413907742307307], [10.030315099279065, -0.08788388588580463], [11.504589652154428, -0.041628694348536194], [12.97886420502979, 0.004626497188732259], [14.453138757905151, 0.050881688726000684], [15.927413310780516, 0.09713688026326911], [17.401687863655876, 0.14339207180053753], [18.875962416531237, 0.18964726333780596], [20.350236969406602, 0.23590245487507439], [21.824511522281966, 0.2821576464123428], [18.404609104794705, 8.194200080593772], [18.38700474743525, 9.669904464880439], [18.268306393324405, 11.143258221154216], [18.149225786830247, 12.619699160356218], [18.030480435188778, 14.100756827188729], [17.89339807893903, 15.58760227001944], [17.696564937542455, 17.08498096747889], [17.378553457599626, 18.589234942967686]], "ego_orientations": [0.0886, 0.09440969757878245, 0.09745955483359041, 0.09850438254298409, 0.09816180261374252, 0.09692494792964128, 0.07226600559668926, 0.057720456859037594, 0.05339963240862876, 0.051588751248489835, 0.04985378363787975, 0.051276099964491534, 0.032302891968706345, -0.019724780820744137, -0.0606136940519999, -0.05408227682730882, -0.046442292281682285, -0.039279794404241564, -0.03404369690644238, -0.034190051490055495, -0.03463771383011416, -0.03487445995457872, -0.026074975854986526, -0.010540108577131058, -0.0017301064315260462, 0.0313645940593262, 0.0313645940593262, 0.0313645940593262, 0.0313645940593262, 0.0313645940593262, 0.0313645940593262, 0.0313645940593262, 0.0313645940593262, 0.0313645940593262, 0.0313645940593262, 1.5372982024609114, 1.6364554675234166, 1.6522087856568612, 1.6507139686077126, 1.6530499745466825, 1.6744960265221855, 1.7441724504853657, 1.807584867082439],