{"[[49.517709846356325], [35.20677513968336, 383.51389894064334, 765.8110385291984], [1.0166144428097115, 161.07926546639754], [0.5978523993114151, 27.434902900049142]]": {"ego_positions": [[-38.3843, -1.8352]], "ego_orientations": [0.126], "obs_positions": [[71.7893, -7.6074]], "obs_orientations": [2.9643], "objectives": {"extension_time": 1.6, "danger_difference": 189.97234340307864, "parameter_difference": 306.6562131666497}, "attributes": {"generation_number": 0, "individual_number": 8, "crash": true, "goal_reached": false, "scenario_length": 1}}, "[[49.517709846356325], [35.20677513968336, 383.51389894064334, 2.5], [1.0166144428097115, 161.07926546639754], [0.5978523993114151, 27.434902900049142]]": {"ego_positions": [[-38.3843, -1.8352]], "ego_orientations": [0.126], "obs_positions": [[71.7893, -7.6074]], "obs_orientations": [2.9643], "objectives": {"extension_time": 1.6, "danger_difference": 189.97234340307864, "parameter_difference": 14.296349058504132}, "attributes": {"generation_number": 1, "individual_number": 53, "crash": true, "goal_reached": false, "scenario_length": 1}}, "[[37.39476449110914], [14.391925295034873, 61.946579767608654, 2.5], [1.1806956042287093, 31.74956504173536], [0.14713729698059813, 3.290233017072044]]": {"ego_positions": [[-38.3843, -1.8352]], "ego_orientations": [0.126], "obs_positions": [[71.7893, -7.6074]], "obs_orientations": [2.9643], "objectives": {"extension_time": 1.6, "danger_difference": 189.97234340307864, "parameter_difference": 5.8994962896385434}, "attributes": {"generation_number": 1, "individual_number": 64, "crash": true, "goal_reached": false, "scenario_length": 1}}, "[[49.69985273698724], [2.5, 200.0, 765.8110385291984], [0.3969922838970954, 161.09554140605042], [3.0831287944249017, 27.434902900049142]]": {"ego_positions": [[-38.3843, -1.8352]], "ego_orientations": [0.126], "obs_positions": [[71.7893, -7.6074]], "obs_orientations": [2.9643], "objectives": {"extension_time": 1.6, "danger_difference": 189.97234340307864, "parameter_difference": 306.3299596620211}, "attributes": {"generation_number": 1, "individual_number": 66, "crash": true, "goal_reached": false, "scenario_length": 1}}, "[[6.555793388197363], [0.677560982347557, 64.66423474130312, 2.5], [44.2236151080889, 49.20746843220373], [0.9429236040713684, 14.064288200735989]]": {"ego_positions": [[-38.3843, -1.8352]], "ego_orientations": [0.126], "obs_positions": [[71.7893, -7.6074]], "obs_orientations": [2.9643], "objectives": {"extension_time": 1.6, "danger_difference": 189.97234340307864, "parameter_difference": 1.1341519848116748}, "attributes": {"generation_number": 6, "individual_number": 321, "crash": true, "goal_reached": false, "scenario_length": 1}}, "[[6.555793388197363], [0.677560982347557, 64.66423474130312, 2.5], [42.91438396769032, 47.22691862396483], [0.9664056938947543, 16.738985230392927]]": {"ego_positions": [[-38.3843, -1.8352]], "ego_orientations": [0.126], "obs_positions": [[71.7893, -7.6074]], "obs_orientations": [2.9643], "objectives": {"extension_time": 1.6, "danger_difference": 189.97234340307864, "parameter_difference": 1.1482144277268092}, "attributes": {"generation_number": 7, "individual_number": 363, "crash": true, "goal_reached": false, "scenario_length": 1}}, "[[6.555793388197363], [0.677560982347557, 64.66423474130312, 2.5], [48.87062184753583, 49.573723234397704], [1.8588710008956482, 14.064288200735989]]": {"ego_positions": [[-38.3843, -1.8352]], "ego_orientations": [0.126], "obs_positions": [[71.7893, -7.6074]], "obs_orientations": [2.9643], "objectives": {"extension_time": 1.6, "danger_difference": 189.97234340307864, "parameter_difference": 1.1348588322483102}, "attributes": {"generation_number": 8, "individual_number": 418, "crash": true, "goal_reached": false, "scenario_length": 1}}}