{"[[32.210505860897946], [34.642293528289876, 362.1262638524128, 975.011918465751], [1.2324792967928755, 181.15804420664998], [0.572588288746893, 28.78890128570408]]": {"ego_positions": [[-39.922, -2.0302]], "ego_orientations": [0.126], "obs_positions": [[73.2658, -7.872]], "obs_orientations": [2.9642], "objectives": {"extension_time": 1.7, "danger_difference": 189.97234340307864, "parameter_difference": 390.2561838876874}, "attributes": {"generation_number": 0, "individual_number": 3, "crash": true, "goal_reached": false, "scenario_length": 1}}, "[[4.0710897173650284], [28.803303222606004, 126.49054162050282, 928.1347077970667], [1.3663283483508462, 166.7802332234767], [0.04029601614338518, 1.3565944228122906]]": {"ego_positions": [[-39.922, -2.0302]], "ego_orientations": [0.126], "obs_positions": [[73.2658, -7.872]], "obs_orientations": [2.9642], "objectives": {"extension_time": 1.7, "danger_difference": 189.97234340307864, "parameter_difference": 371.43331191780555}, "attributes": {"generation_number": 0, "individual_number": 24, "crash": true, "goal_reached": false, "scenario_length": 1}}, "[[32.13712473165919], [2.5, 200.0, 2.5], [1.2324792967928755, 181.15804420664998], [0.5713700774755937, 28.78890128570408]]": {"ego_positions": [[-39.922, -2.0302]], "ego_orientations": [0.126], "obs_positions": [[73.2658, -7.872]], "obs_orientations": [2.9642], "objectives": {"extension_time": 1.7, "danger_difference": 189.97234340307864, "parameter_difference": 1.9687669495745297}, "attributes": {"generation_number": 1, "individual_number": 60, "crash": true, "goal_reached": false, "scenario_length": 1}}, "[[32.210505860897946], [2.5, 362.1262638524128, 975.011918465751], [1.2324792967928755, 181.15804420664998], [3.751907615405052, 33.83365934160555]]": {"ego_positions": [[-39.922, -2.0302]], "ego_orientations": [0.126], "obs_positions": [[73.2658, -7.872]], "obs_orientations": [2.9642], "objectives": {"extension_time": 1.7, "danger_difference": 189.97234340307864, "parameter_difference": 390.01154696788745}, "attributes": {"generation_number": 1, "individual_number": 84, "crash": true, "goal_reached": false, "scenario_length": 1}}, "[[32.13712473165919], [2.5, 197.89151477229, 2.5], [1.2324792967928755, 93.66203730475823], [0.5713700774755937, 28.78890128570408]]": {"ego_positions": [[-39.922, -2.0302]], "ego_orientations": [0.126], "obs_positions": [[73.2658, -7.872]], "obs_orientations": [2.9642], "objectives": {"extension_time": 1.7, "danger_difference": 189.97234340307864, "parameter_difference": 1.9387849166975648}, "attributes": {"generation_number": 2, "individual_number": 138, "crash": true, "goal_reached": false, "scenario_length": 1}}, "[[32.30158653296696], [2.4269280371521025, 200.0, 2.5], [1.2324792967928755, 181.15804420664998], [2.2500479431878673, 24.117444416341158]]": {"ego_positions": [[-39.922, -2.0302]], "ego_orientations": [0.126], "obs_positions": [[73.2658, -7.872]], "obs_orientations": [2.9642], "objectives": {"extension_time": 1.7, "danger_difference": 189.97234340307864, "parameter_difference": 1.9302108050464863}, "attributes": {"generation_number": 2, "individual_number": 140, "crash": true, "goal_reached": false, "scenario_length": 1}}, "[[30.916665345465326], [2.5, 200.0, 2.2282510580945694], [1.2324792967928755, 181.15804420664998], [0.5713700774755937, 22.13529677821398]]": {"ego_positions": [[-39.922, -2.0302]], "ego_orientations": [0.126], "obs_positions": [[73.2658, -7.872]], "obs_orientations": [2.9642], "objectives": {"extension_time": 1.7, "danger_difference": 189.97234340307864, "parameter_difference": 1.8719364627881148}, "attributes": {"generation_number": 2, "individual_number": 142, "crash": true, "goal_reached": false, "scenario_length": 1}}, "[[18.964739505059498], [0.6974466325468036, 59.77780600125653, 2.5], [0.7849803447755739, 14.282769852149148], [0.9252302745981543, 19.584830437095206]]": {"ego_positions": [[-39.922, -2.0302]], "ego_orientations": [0.126], "obs_positions": [[73.2658, -7.872]], "obs_orientations": [2.9642], "objectives": {"extension_time": 1.7, "danger_difference": 189.97234340307864, "parameter_difference": 1.210625267732837}, "attributes": {"generation_number": 4, "individual_number": 224, "crash": true, "goal_reached": false, "scenario_length": 1}}, "[[35.56188551353181], [0.7888725856966289, 64.5489380316982, 2.5], [0.2463763293121941, 79.96902738667688], [0.9325399790809168, 17.08921906651412]]": {"ego_positions": [[-39.922, -2.0302]], "ego_orientations": [0.126], "obs_positions": [[73.2658, -7.872]], "obs_orientations": [2.9642], "objectives": {"extension_time": 1.7, "danger_difference": 189.97234340307864, "parameter_difference": 1.3610066371193952}, "attributes": {"generation_number": 4, "individual_number": 246, "crash": true, "goal_reached": false, "scenario_length": 1}}, "[[22.388918112605822], [2.4463759823103617, 200.0, 2.5], [0.2707144653405712, 75.8908293000113], [2.7584654579235943, 22.761099929461327]]": {"ego_positions": [[-39.922, -2.0302]], "ego_orientations": [0.126], "obs_positions": [[73.2658, -7.872]], "obs_orientations": [2.9642], "objectives": {"extension_time": 1.7, "danger_difference": 189.97234340307864, "parameter_difference": 1.8415685702790092}, "attributes": {"generation_number": 5, "individual_number": 266, "crash": true, "goal_reached": false, "scenario_length": 1}}, "[[12.867297305088229], [0.8167247935368911, 57.36409818108366, 2.5], [0.7291430231416499, 37.93221329053374], [0.9427380561926505, 14.064288200735989]]": {"ego_positions": [[-39.922, -2.0302]], "ego_orientations": [0.126], "obs_positions": [[73.2658, -7.872]], "obs_orientations": [2.9642], "objectives": {"extension_time": 1.7, "danger_difference": 189.97234340307864, "parameter_difference": 1.157779062707174}, "attributes": {"generation_number": 6, "individual_number": 343, "crash": true, "goal_reached": false, "scenario_length": 1}}, "[[18.964739505059498], [0.6974466325468036, 50.65509701122389, 2.5], [0.7849803447755739, 14.282769852149148], [0.9252065714502539, 22.760194126177904]]": {"ego_positions": [[-39.922, -2.0302]], "ego_orientations": [0.126], "obs_positions": [[73.2658, -7.872]], "obs_orientations": [2.9642], "objectives": {"extension_time": 1.7, "danger_difference": 189.97234340307864, "parameter_difference": 1.2223795162573943}, "attributes": {"generation_number": 6, "individual_number": 349, "crash": true, "goal_reached": false, "scenario_length": 1}}}