{"[[26.01368027030499], [1.1605986444717706, 29.544635992152756, 2.5], [1.0202308181712971, 60.953241154443845], [2.2135429741721433, 23.631187645152103]]": {"ego_positions": [[-41.4597, -2.2251]], "ego_orientations": [0.1261], "obs_positions": [[74.7423, -8.1366]], "obs_orientations": [2.9642], "objectives": {"extension_time": 1.8, "danger_difference": 189.97234340307864, "parameter_difference": 1.3222028545784281}, "attributes": {"generation_number": 6, "individual_number": 309, "crash": true, "goal_reached": false, "scenario_length": 1}}}