{"[[23.09761326738776], [22.227082050410274, 274.08367504096634, 174.72152631943828], [2.312892941936739, 14.996096927901604], [0.08595035624608449, 39.83973893635609]]": {"ego_positions": [[-35.3089, -1.4454]], "ego_orientations": [0.126], "obs_positions": [[68.8364, -7.0783]], "obs_orientations": [2.9642], "objectives": {"extension_time": 1.4, "danger_difference": 189.97234340307864, "parameter_difference": 70.47121416517025}, "attributes": {"generation_number": 0, "individual_number": 41, "crash": true, "goal_reached": false, "scenario_length": 1}}, "[[45.39612822774907], [46.324847581542144, 154.6065657156329, 552.261967632571], [2.1610621287941596, 173.66110291455152], [1.671233808932864, 35.66316976921986]]": {"ego_positions": [[-35.3089, -1.4454]], "ego_orientations": [0.126], "obs_positions": [[68.8364, -7.0783]], "obs_orientations": [2.9642], "objectives": {"extension_time": 1.4, "danger_difference": 189.97234340307864, "parameter_difference": 221.68521823950877}, "attributes": {"generation_number": 0, "individual_number": 48, "crash": true, "goal_reached": false, "scenario_length": 1}}, "[[27.13921165756335], [0.6794428787223691, 60.99012775856452, 2.5], [0.19030946418058442, 81.09716509339499], [0.8654644311218115, 8.668133113379113]]": {"ego_positions": [[-35.3089, -1.4454]], "ego_orientations": [0.126], "obs_positions": [[68.8364, -7.0783]], "obs_orientations": [2.9642], "objectives": {"extension_time": 1.4, "danger_difference": 189.97234340307864, "parameter_difference": 1.2321256823200943}, "attributes": {"generation_number": 5, "individual_number": 265, "crash": true, "goal_reached": false, "scenario_length": 1}}, "[[26.10008907801613], [0.6616563928420905, 59.77780600125653, 2.5], [0.18852597310851113, 78.87598937092557], [3.2135526819999365, 19.584830437095206]]": {"ego_positions": [[-35.3089, -1.4454]], "ego_orientations": [0.126], "obs_positions": [[68.8364, -7.0783]], "obs_orientations": [2.9642], "objectives": {"extension_time": 1.4, "danger_difference": 189.97234340307864, "parameter_difference": 1.2705548021771325}, "attributes": {"generation_number": 5, "individual_number": 270, "crash": true, "goal_reached": false, "scenario_length": 1}}, "[[36.07325086818661], [0.7943956246929991, 64.325763261166, 2.5], [1.7271857365662804, 22.546110978653644], [0.93429443753392, 13.898090013433968]]": {"ego_positions": [[-35.3089, -1.4454]], "ego_orientations": [0.126], "obs_positions": [[68.8364, -7.0783]], "obs_orientations": [2.9642], "objectives": {"extension_time": 1.4, "danger_difference": 189.97234340307864, "parameter_difference": 1.3433448509677566}, "attributes": {"generation_number": 6, "individual_number": 334, "crash": true, "goal_reached": false, "scenario_length": 1}}, "[[30.833871556661585], [0.7382017528620954, 68.713304759285, 2.5], [1.0113675273217075, 41.424255262663586], [0.8840844610032539, 17.08921906651412]]": {"ego_positions": [[-35.3089, -1.4454]], "ego_orientations": [0.126], "obs_positions": [[68.8364, -7.0783]], "obs_orientations": [2.9642], "objectives": {"extension_time": 1.4, "danger_difference": 189.97234340307864, "parameter_difference": 1.3074837692402792}, "attributes": {"generation_number": 7, "individual_number": 365, "crash": true, "goal_reached": false, "scenario_length": 1}}, "[[8.264019378138967], [0.6974270764905747, 64.66423474130312, 2.5], [0.9753725024196198, 0.7139366420992417], [1.9795762209173957, 13.694701821512425]]": {"ego_positions": [[-35.3089, -1.4454]], "ego_orientations": [0.126], "obs_positions": [[68.8364, -7.0783]], "obs_orientations": [2.9642], "objectives": {"extension_time": 1.4, "danger_difference": 189.97234340307864, "parameter_difference": 1.134137264344519}, "attributes": {"generation_number": 7, "individual_number": 395, "crash": true, "goal_reached": false, "scenario_length": 1}}, "[[0.8629140532711678], [0.6916731463717488, 38.71882794749206, 2.5], [45.059606792568204, 27.311084136562876], [0.8058874082927497, 14.002527227008146]]": {"ego_positions": [[-35.3089, -1.4454]], "ego_orientations": [0.126], "obs_positions": [[68.8364, -7.0783]], "obs_orientations": [2.9642], "objectives": {"extension_time": 1.4, "danger_difference": 189.97234340307864, "parameter_difference": 1.0945430355021433}, "attributes": {"generation_number": 8, "individual_number": 415, "crash": true, "goal_reached": false, "scenario_length": 1}}}