{"[[31.162276915076127], [23.289802037049732, 55.13514185768026, 186.9564439318675], [2.0249367071527216, 12.591987795918524], [2.026838287128185, 39.89990420976598]]": {"ego_positions": [[-56.8366, -4.1742]], "ego_orientations": [0.126], "obs_positions": [[89.5071, -10.7824]], "obs_orientations": [2.9642], "objectives": {"extension_time": 2.8, "danger_difference": 189.97234340307864, "parameter_difference": 75.36792290924816}, "attributes": {"generation_number": 0, "individual_number": 29, "crash": true, "goal_reached": false, "scenario_length": 1}}}