{"[[27.904843012858723], [0.5178280584553829, 34.94320543432438, 3.0119417224888645], [1.4179219519618664, 66.08529011192432], [1.047516687266203, 19.729276952961982]]": {"ego_positions": [[-46.0728, -2.8098]], "ego_orientations": [0.126], "obs_positions": [[79.1717, -8.9304]], "obs_orientations": [2.9642], "objectives": {"extension_time": 2.1, "danger_difference": 189.97234340307864, "parameter_difference": 1.4177431877898374}, "attributes": {"generation_number": 3, "individual_number": 157, "crash": true, "goal_reached": false, "scenario_length": 1}}}