{"[[0.9665270054610495], [2.5, 200.0, 2.5], [0.1422595841092479, 111.51288402485628], [1.4523819766074921, 1.621601582828216]]": {"ego_positions": [[-50.6859, -3.3946]], "ego_orientations": [0.126], "obs_positions": [[83.6012, -9.7241]], "obs_orientations": [2.9642], "objectives": {"extension_time": 2.4, "danger_difference": 189.97234340307864, "parameter_difference": 1.7470002247488776}, "attributes": {"generation_number": 1, "individual_number": 98, "crash": true, "goal_reached": false, "scenario_length": 1}}, "[[49.6165762641746], [2.5, 200.0, 2.5], [0.09034121217879887, 127.47081277975687], [1.4596241778119263, 34.322713581456625]]": {"ego_positions": [[-50.6859, -3.3946]], "ego_orientations": [0.126], "obs_positions": [[83.6012, -9.7241]], "obs_orientations": [2.9642], "objectives": {"extension_time": 2.4, "danger_difference": 189.97234340307864, "parameter_difference": 2.126449803030861}, "attributes": {"generation_number": 2, "individual_number": 144, "crash": true, "goal_reached": false, "scenario_length": 1}}}