{"[[39.06369578294394], [31.214119152481363, 495.6152921104856, 989.3537848445773], [2.1104334808177527, 26.064984908271537], [0.19181349160545785, 13.029508315449062]]": {"ego_positions": [[-61.4497, -4.759]], "ego_orientations": [0.126], "obs_positions": [[93.9365, -11.5761]], "obs_orientations": [2.9642], "objectives": {"extension_time": 3.1, "danger_difference": 189.97234340307864, "parameter_difference": 395.9470408364431}, "attributes": {"generation_number": 0, "individual_number": 14, "crash": true, "goal_reached": false, "scenario_length": 1}}, "[[1.4222341640046599], [9.534550340738923, 24.140127649660613, 287.8772151260558], [1.5912081402725828, 190.9959787085011], [2.0887315194707305, 18.202318347595604]]": {"ego_positions": [[-61.4497, -4.759]], "ego_orientations": [0.126], "obs_positions": [[93.9365, -11.5761]], "obs_orientations": [2.9642], "objectives": {"extension_time": 3.1, "danger_difference": 189.97234340307864, "parameter_difference": 115.21530868438425}, "attributes": {"generation_number": 0, "individual_number": 30, "crash": true, "goal_reached": false, "scenario_length": 1}}, "[[29.932068904993308], [6.495271288201055, 313.2074328715699, 711.6342137750012], [0.998221334750119, 15.122085280730936], [0.22104102914191487, 27.051373356358788]]": {"ego_positions": [[-61.4497, -4.759]], "ego_orientations": [0.126], "obs_positions": [[93.9365, -11.5761]], "obs_orientations": [2.9642], "objectives": {"extension_time": 3.1, "danger_difference": 189.97234340307864, "parameter_difference": 284.6709948908622}, "attributes": {"generation_number": 0, "individual_number": 39, "crash": true, "goal_reached": false, "scenario_length": 1}}, "[[10.622336808054001], [14.006373521824461, 378.7982265080906, 2.5], [0.9346600069181948, 2.678865344151826], [0.34311697515401945, 49.341723816704814]]": {"ego_positions": [[-61.4497, -4.759]], "ego_orientations": [0.126], "obs_positions": [[93.9365, -11.5761]], "obs_orientations": [2.9642], "objectives": {"extension_time": 3.1, "danger_difference": 189.97234340307864, "parameter_difference": 6.082336299265137}, "attributes": {"generation_number": 1, "individual_number": 50, "crash": true, "goal_reached": false, "scenario_length": 1}}, "[[1.4597476961027978], [9.534550340738923, 24.140127649660613, 287.8772151260558], [1.5912081402725828, 190.9959787085011], [2.2189912813323702, 17.754446607854717]]": {"ego_positions": [[-61.4497, -4.759]], "ego_orientations": [0.126], "obs_positions": [[93.9365, -11.5761]], "obs_orientations": [2.9642], "objectives": {"extension_time": 3.1, "danger_difference": 189.97234340307864, "parameter_difference": 115.215281891444}, "attributes": {"generation_number": 1, "individual_number": 56, "crash": true, "goal_reached": false, "scenario_length": 1}}, "[[39.06369578294394], [2.5, 200.0, 989.3537848445773], [2.1104334808177527, 26.157549359495082], [0.15201139844902145, 13.029508315449062]]": {"ego_positions": [[-61.4497, -4.759]], "ego_orientations": [0.126], "obs_positions": [[93.9365, -11.5761]], "obs_orientations": [2.9642], "objectives": {"extension_time": 3.1, "danger_difference": 189.97234340307864, "parameter_difference": 395.74490129443103}, "attributes": {"generation_number": 1, "individual_number": 58, "crash": true, "goal_reached": false, "scenario_length": 1}}}