{"[[35.56291055791468], [0.6985026807013683, 64.5489380316982, 173.8344008280306], [1.0200942822323458, 22.73018902598838], [0.9344323169074733, 3.5694268952082107]]": {"ego_positions": [[-72.2136, -6.1235]], "ego_orientations": [0.126], "obs_positions": [[104.2719, -13.4282]], "obs_orientations": [2.9642], "objectives": {"extension_time": 3.8, "danger_difference": 189.97234340307864, "parameter_difference": 69.53876225826163}, "attributes": {"generation_number": 0, "individual_number": 18, "crash": true, "goal_reached": false, "scenario_length": 1}}, "[[48.76235757950254], [5.179217668899133, 248.90916500274312, 453.6092100043432], [1.4608083100993907, 164.06098730743372], [0.9331765447936685, 33.491107609567514]]": {"ego_positions": [[-72.2136, -6.1235]], "ego_orientations": [0.126], "obs_positions": [[104.2719, -13.4282]], "obs_orientations": [2.9642], "objectives": {"extension_time": 3.8, "danger_difference": 189.97234340307864, "parameter_difference": 181.4639331353549}, "attributes": {"generation_number": 0, "individual_number": 22, "crash": true, "goal_reached": false, "scenario_length": 1}}, "[[48.95319937041901], [5.179217668899133, 248.90916500274312, 453.6092100043432], [1.4608083100993907, 164.06098730743372], [0.9331765447936685, 29.21626704902403]]": {"ego_positions": [[-72.2136, -6.1235]], "ego_orientations": [0.126], "obs_positions": [[104.2719, -13.4282]], "obs_orientations": [2.9642], "objectives": {"extension_time": 3.8, "danger_difference": 189.97234340307864, "parameter_difference": 181.46365824215565}, "attributes": {"generation_number": 1, "individual_number": 52, "crash": true, "goal_reached": false, "scenario_length": 1}}, "[[35.56291055791468], [0.6985026807013683, 121.72963444440381, 2.5], [1.0200942822323458, 22.779864782939747], [0.9344323169074733, 14.064288200735989]]": {"ego_positions": [[-72.2136, -6.1235]], "ego_orientations": [0.126], "obs_positions": [[104.2719, -13.4282]], "obs_orientations": [2.9642], "objectives": {"extension_time": 3.8, "danger_difference": 189.97234340307864, "parameter_difference": 1.4268684157169427}, "attributes": {"generation_number": 1, "individual_number": 65, "crash": true, "goal_reached": false, "scenario_length": 1}}, "[[39.249827956533295], [0.6985026807013683, 200.0, 173.8344008280306], [2.1708937132735233, 22.73018902598838], [7.841426096521166, 3.5694268952082107]]": {"ego_positions": [[-72.2136, -6.1235]], "ego_orientations": [0.126], "obs_positions": [[104.2719, -13.4282]], "obs_orientations": [2.9642], "objectives": {"extension_time": 3.8, "danger_difference": 189.97234340307864, "parameter_difference": 69.54617080201389}, "attributes": {"generation_number": 1, "individual_number": 75, "crash": true, "goal_reached": false, "scenario_length": 1}}, "[[19.331886378531145], [40.37828722457408, 64.19351626243319, 806.3899034290237], [0.24922131683938736, 79.02164232276476], [1.2843352364125724, 1.5572425747144263]]": {"ego_positions": [[-72.2136, -6.1235]], "ego_orientations": [0.126], "obs_positions": [[104.2719, -13.4282]], "obs_orientations": [2.9642], "objectives": {"extension_time": 3.8, "danger_difference": 189.97234340307864, "parameter_difference": 322.9605119910246}, "attributes": {"generation_number": 1, "individual_number": 78, "crash": true, "goal_reached": false, "scenario_length": 1}}, "[[2.383278283060541], [5.179217668899133, 200.0, 453.6092100043432], [53.6883018206203, 164.06098730743372], [0.9331765447936685, 34.54239172143525]]": {"ego_positions": [[-72.2136, -6.1235]], "ego_orientations": [0.126], "obs_positions": [[104.2719, -13.4282]], "obs_orientations": [2.9642], "objectives": {"extension_time": 3.8, "danger_difference": 189.97234340307864, "parameter_difference": 181.4598930589237}, "attributes": {"generation_number": 1, "individual_number": 94, "crash": true, "goal_reached": false, "scenario_length": 1}}, "[[35.56291055791468], [0.6985026807013683, 124.0005241779121, 2.5], [1.0200942822323458, 22.779864782939747], [0.9344323169074733, 14.064288200735989]]": {"ego_positions": [[-72.2136, -6.1235]], "ego_orientations": [0.126], "obs_positions": [[104.2719, -13.4282]], "obs_orientations": [2.9642], "objectives": {"extension_time": 3.8, "danger_difference": 189.97234340307864, "parameter_difference": 1.4317486260273824}, "attributes": {"generation_number": 3, "individual_number": 154, "crash": true, "goal_reached": false, "scenario_length": 1}}}