{"[[10.622336808054001], [14.006373521824461, 378.7982265080906, 763.7443809000819], [1.0092852221432769, 2.678865344151826], [0.34311697515401945, 49.341723816704814]]": {"ego_positions": [[-66.0628, -5.3438]], "ego_orientations": [0.126], "obs_positions": [[98.366, -12.3699]], "obs_orientations": [2.9642], "objectives": {"extension_time": 3.4, "danger_difference": 189.97234340307864, "parameter_difference": 305.5566584318436}, "attributes": {"generation_number": 0, "individual_number": 13, "crash": true, "goal_reached": false, "scenario_length": 1}}, "[[39.06369578294394], [31.214119152481363, 495.6152921104856, 2.5], [12.534218065962861, 26.064984908271537], [0.19181349160545785, 7.661802368901438]]": {"ego_positions": [[-66.0628, -5.3438]], "ego_orientations": [0.126], "obs_positions": [[98.366, -12.3699]], "obs_orientations": [2.9642], "objectives": {"extension_time": 3.4, "danger_difference": 189.97234340307864, "parameter_difference": 12.793319351663175}, "attributes": {"generation_number": 1, "individual_number": 51, "crash": true, "goal_reached": false, "scenario_length": 1}}}