{"[[34.42458675937562], [10.413176662575191, 463.77992160303836, 951.4556390160398], [1.949199454098665, 182.95846181323884], [1.9517733252368488, 20.876918848747213]]": {"ego_positions": [[-67.6005, -5.5387]], "ego_orientations": [0.1261], "obs_positions": [[99.8425, -12.6345]], "obs_orientations": [2.9642], "objectives": {"extension_time": 3.5, "danger_difference": 189.97234340307864, "parameter_difference": 380.61314196898144}, "attributes": {"generation_number": 0, "individual_number": 42, "crash": true, "goal_reached": false, "scenario_length": 1}}, "[[34.289387060883534], [2.5, 358.02981975845523, 915.6366186901263], [0.9686635689187887, 64.42604872123532], [1.946811244258618, 18.51913005282067]]": {"ego_positions": [[-67.6005, -5.5387]], "ego_orientations": [0.1261], "obs_positions": [[99.8425, -12.6345]], "obs_orientations": [2.9642], "objectives": {"extension_time": 3.5, "danger_difference": 189.97234340307864, "parameter_difference": 366.26124151967}, "attributes": {"generation_number": 1, "individual_number": 88, "crash": true, "goal_reached": false, "scenario_length": 1}}}