{"[[14.145064707598266], [22.986043627633535, 159.66380290876992, 909.503892422524], [0.2721450012495513, 198.7041351384057], [2.489849346123352, 41.438193252763774]]": {"ego_positions": [[-64.5251, -5.1489]], "ego_orientations": [0.126], "obs_positions": [[96.8895, -12.1053]], "obs_orientations": [2.9642], "objectives": {"extension_time": 3.3, "danger_difference": 189.97234340307864, "parameter_difference": 363.9198741130007}, "attributes": {"generation_number": 0, "individual_number": 20, "crash": true, "goal_reached": false, "scenario_length": 1}}, "[[13.64010149981883], [2.5, 495.6152921104856, 2.5], [2.1104334808177527, 26.064984908271537], [0.19181349160545785, 13.029508315449062]]": {"ego_positions": [[-64.5251, -5.1489]], "ego_orientations": [0.126], "obs_positions": [[96.8895, -12.1053]], "obs_orientations": [2.9642], "objectives": {"extension_time": 3.3, "danger_difference": 189.97234340307864, "parameter_difference": 2.8785287615967836}, "attributes": {"generation_number": 1, "individual_number": 63, "crash": true, "goal_reached": false, "scenario_length": 1}}, "[[14.145064707598266], [2.5, 159.59082483972514, 2.5], [0.2720676005964202, 198.7041351384057], [1.9368916995532066, 41.438193252763774]]": {"ego_positions": [[-64.5251, -5.1489]], "ego_orientations": [0.126], "obs_positions": [[96.8895, -12.1053]], "obs_orientations": [2.9642], "objectives": {"extension_time": 3.3, "danger_difference": 189.97234340307864, "parameter_difference": 1.887603638920872}, "attributes": {"generation_number": 1, "individual_number": 73, "crash": true, "goal_reached": false, "scenario_length": 1}}, "[[35.882960586720756], [34.947457344730594, 398.0139484442174, 225.95282807412863], [1.3782048250545784, 76.53164246536231], [0.7082222160603086, 45.03065144343778]]": {"ego_positions": [[-64.5251, -5.1489]], "ego_orientations": [0.126], "obs_positions": [[96.8895, -12.1053]], "obs_orientations": [2.9642], "objectives": {"extension_time": 3.3, "danger_difference": 189.97234340307864, "parameter_difference": 91.48481291110751}, "attributes": {"generation_number": 3, "individual_number": 176, "crash": true, "goal_reached": false, "scenario_length": 1}}}