{"[[13.452778386111264], [34.02321859166308, 319.5767281610519, 229.19356325491668], [1.4115504361666897, 22.35476503298248], [0.10443985241724102, 10.533718991093671]]": {"ego_positions": [[-34.9822, 5.6223], [-32.89258029753602, 5.412381928769712], [-30.802235580613065, 5.201967169080673], [-28.71057260023809, 4.990694714450407], [-26.617127672908822, 4.778417307224519], [-24.521538789532073, 4.565153013708663], [-22.42354359980859, 4.350981369231991], [-20.3229656521354, 4.1360122140322995], [-18.219699466577303, 3.920393840056808], [-16.113699153705063, 3.704283094319369], [-14.004969788410053, 3.4878240457271765], [-11.89355882951157, 3.271140526247349], [-9.779542148724468, 3.05438062493833], [-7.664359926519469, 2.8377123333971195], [-5.553119408547104, 2.6279253665004756], [-3.446370500830193, 2.4773807224567976], [-1.3453798739915346, 2.4737311322861038], [0.7394663915203928, 2.580855845342714], [2.7949474440618944, 2.6797664509332026], [4.813874004932383, 2.657108610356306], [6.803985373593536, 2.493657116474524], [8.787779180923414, 2.2946285592530073], [10.771576726053212, 2.0955996270283417], [12.753165414416088, 1.9061940365963457], [14.732364176384953, 1.7140080121175814], [16.712524882581327, 1.4910082178629924], [18.698312313812277, 1.2045728596322798], [20.695291030604583, 0.858703204093354]], "ego_orientations": [6.1831, -0.10019575498275479, -0.10047233965549829, -0.10086370912898612, -0.1012438562586091, -0.10158507675675743, -0.10186824878287482, -0.1020842752243496, -0.10222116917444524, -0.10228521001656521, -0.10228949911547236, -0.10223192887861021, -0.10211357566868262, -0.10207131539215464, -0.09344147189624952, -0.039129732263859296, 0.032259555760369096, 0.06040951363470182, 0.025576482318327542, -0.05097565265794657, -0.09999264188425983, -0.09999264188425983, -0.09999264188425983, -0.09374095315886333, -0.101430368665266, -0.12654753259822193, -0.15911505381006652, -0.18145338299120173], "obs_positions": [[-48.0477, 3.4368], [-45.0627, 3.1373], [-42.0777, 2.8379], [-39.0927, 2.5384], [-36.1077, 2.2389], [-33.1227, 1.9394], [-30.1377, 1.6399], [-27.1977, 1.0412], [-24.2221, 0.5292], [-21.251, 0.1132], [-18.2485, -0.2094], [-15.2371, -0.4333], [-12.2395, -0.556], [-9.2202, -0.5776], [-6.2209, -0.4968], [-3.2075, -0.3121], [-0.2204, -0.026], [2.7729, 0.3645], [5.7337, 0.8536], [8.6937, 1.4457], [11.6154, 2.1315], [14.5299, 2.9166], [17.4015, 3.7894], [20.2607, 4.7566]], "obs_orientations": [6.1831, 6.1832, 6.1831, 6.1832, 6.1831, 6.1831, 6.0823, 6.1127, 6.144, 6.1761, -0.0743, -0.041, -0.0072, 0.0269, 0.061, 0.0955, 0.1296, 0.1636, 0.1973, 0.2305, 0.2631, 0.295, 0.326, 0.3563], "objectives": {"extension_time": 0.6, "danger_difference": 0.3375812422358848, "parameter_difference": 52.982916978436656}, "attributes": {"generation_number": 0, "individual_number": 13, "crash": true, "goal_reached": true, "scenario_length": 28}}, "[[32.8352118485675], [2.5, 78.57740926343158, 2.5], [1.8488626008687428, 30.746171011217307], [1.7126033737297361, 6.804899545970281]]": {"ego_positions": [[-34.9822, 5.6223], [-32.89258029753602, 5.412381928769712], [-30.802235580613065, 5.201967169080673], [-28.71057260023809, 4.990694714450407], [-26.617127672908822, 4.778417307224519], [-24.521538789532073, 4.565153013708663], [-22.42354359980859, 4.350981369231991], [-20.3229656521354, 4.1360122140322995], [-18.219699466577303, 3.920393840056808], [-16.113699153705063, 3.704283094319369], [-14.004969788410053, 3.4878240457271765], [-11.89355882951157, 3.271140526247349], [-9.779542148724468, 3.05438062493833], [-7.664359926519469, 2.8377123333971195], [-5.553119408547104, 2.6279253665004756], [-3.446370500830193, 2.4773807224567976], [-1.3453798739915346, 2.4737311322861038], [0.7394663915203928, 2.580855845342714], [2.7949474440618944, 2.6797664509332026], [4.813874004932383, 2.657108610356306], [6.803985373593536, 2.493657116474524], [8.787779180923414, 2.2946285592530073], [10.771576726053212, 2.0955996270283417], [12.752553502132402, 1.9062554389076334], [14.72773235401407, 1.7144728041004524], [16.697730593760962, 1.5006906116188523], [18.66351719086245, 1.2513336004432756], [20.62599476430272, 0.9467520912386164], [22.58799172128621, 0.5957402662798011]], "ego_orientations": [6.1831, -0.10019575498275479, -0.10047233965549829, -0.10086370912898612, -0.1012438562586091, -0.10158507675675743, -0.10186824878287482, -0.1020842752243496, -0.10222116917444524, -0.10228521001656521, -0.10228949911547236, -0.10223192887861021, -0.10211357566868262, -0.10207131539215464, -0.09344147189624952, -0.039129732263859296, 0.032259555760369096, 0.06040951363470182, 0.025576482318327542, -0.05097565265794657, -0.09999264188425983, -0.09999264188425983, -0.09999264188425983, -0.09373519596615854, -0.10143514614683813, -0.1152791043357082, -0.13959610997505312, -0.16727828951309043, -0.18454920127454244], "obs_positions": [[-48.0477, 3.4368], [-45.0627, 3.1373], [-42.0777, 2.8379], [-39.0927, 2.5384], [-36.1077, 2.2389], [-33.1227, 1.9394], [-30.1377, 1.6399], [-27.1977, 1.0412], [-24.2221, 0.5292], [-21.251, 0.1132], [-18.2485, -0.2094], [-15.2371, -0.4333], [-12.2395, -0.556], [-9.2202, -0.5776], [-6.2209, -0.4968], [-3.2075, -0.3121], [-0.2204, -0.026], [2.7729, 0.3645], [5.7337, 0.8536], [8.6937, 1.4457], [11.6154, 2.1315], [14.5299, 2.9166], [17.4015, 3.7894], [20.2607, 4.7566]], "obs_orientations": [6.1831, 6.1832, 6.1831, 6.1832, 6.1831, 6.1831, 6.0823, 6.1127, 6.144, 6.1761, -0.0743, -0.041, -0.0072, 0.0269, 0.061, 0.0955, 0.1296, 0.1636, 0.1973, 0.2305, 0.2631, 0.295, 0.326, 0.3563], "objectives": {"extension_time": 0.6, "danger_difference": 0.3375812422358848, "parameter_difference": 39.01708548240109}, "attributes": {"generation_number": 4, "individual_number": 207, "crash": true, "goal_reached": true, "scenario_length": 29}}}