{"[[26.900026971924234], [23.36279512797245, 139.82743821685813, 278.7127798975836], [2.0488342364436676, 51.513713264679325], [1.3081899168591749, 35.97807288704508]]": {"ego_positions": [[-32.8927, 5.4126], [-30.8030832639344, 5.2026663356126965], [-28.7127517815459, 4.99217094200346], [-26.621110325962448, 4.7808052478747545], [-24.527686615549396, 4.568463193002483], [-22.43211797886272, 4.355158671125003], [-20.33414485757588, 4.14094270610138], [-18.23358928003509, 3.925941037137276], [-16.13034440605432, 3.7103047183599336], [-14.024364976765963, 3.4941772633570145], [-11.91565691785377, 3.2777021234833352], [-9.804263587708757, 3.061035909474412], [-7.691583120367217, 2.844344286636858], [-5.582635860475147, 2.6343498009568016], [-3.4779006324030464, 2.4834063072669874], [-1.3785405847672425, 2.4791161098936403], [0.7051330990115734, 2.5854849603531203], [2.759910333920235, 2.683744641964715], [4.778539101021519, 2.660728193844437], [6.768602977481786, 2.4972067656008012], [8.752392250337051, 2.2981781804597925], [10.736181523192268, 2.0991495953187886], [12.716614068637648, 1.898857279090217], [14.68907357322354, 1.650708416785672], [16.6554826725938, 1.3371719571939675], [18.61995220449474, 0.9765587199183237], [20.58658176298106, 0.5972929061642632], [22.558399283049678, 0.22465383607595163]], "ego_orientations": [6.1831, -0.10021656161635484, -0.1005251426893734, -0.10089990819561745, -0.10126674981999084, -0.10160611325723323, -0.10188901290692343, -0.10209664632164905, -0.10222766566092822, -0.10229733906615568, -0.10229087349682686, -0.10221834190489965, -0.10223831556144436, -0.09367418856808474, -0.039414024884507626, 0.0319321377764501, 0.060079428712653815, 0.025326076514152085, -0.05107450305184269, -0.09999288285696828, -0.09999288285696828, -0.09999288285696828, -0.10908974224468349, -0.1422558049057665, -0.17212751240633928, -0.18841804971972564, -0.19043418300759107, -0.18171474225596906], "obs_positions": [[-45.0627, 3.1373], [-42.0777, 2.8379], [-39.0927, 2.5384], [-36.1077, 2.2389], [-33.1227, 1.9394], [-30.1377, 1.6399], [-27.1977, 1.0412], [-24.2221, 0.5292], [-21.251, 0.1132], [-18.2485, -0.2094], [-15.2371, -0.4333], [-12.2395, -0.556], [-9.2202, -0.5776], [-6.2209, -0.4968], [-3.2075, -0.3121], [-0.2204, -0.026], [2.7729, 0.3645], [5.7337, 0.8536], [8.6937, 1.4457], [11.6154, 2.1315], [14.5299, 2.9166], [17.4015, 3.7894], [20.2607, 4.7566]], "obs_orientations": [6.1832, 6.1831, 6.1832, 6.1831, 6.1831, 6.0823, 6.1127, 6.144, 6.1761, -0.0743, -0.041, -0.0072, 0.0269, 0.061, 0.0955, 0.1296, 0.1636, 0.1973, 0.2305, 0.2631, 0.295, 0.326, 0.3563], "objectives": {"extension_time": 0.5, "danger_difference": 0.33987639489448895, "parameter_difference": 71.86691756064808}, "attributes": {"generation_number": 1, "individual_number": 70, "crash": true, "goal_reached": true, "scenario_length": 28}}, "[[9.677591512879724], [27.369778104681124, 59.91045862949468, 308.3225237679562], [0.3182158092637852, 127.36556029953134], [0.6824463739887818, 9.85145167775383]]": {"ego_positions": [[-32.8927, 5.4126], [-30.8030832639344, 5.2026663356126965], [-28.7127517815459, 4.99217094200346], [-26.621110325962448, 4.7808052478747545], [-24.527686615549396, 4.568463193002483], [-22.43211797886272, 4.355158671125003], [-20.33414485757588, 4.14094270610138], [-18.23358928003509, 3.925941037137276], [-16.13034440605432, 3.7103047183599336], [-14.024364976765963, 3.4941772633570145], [-11.91565691785377, 3.2777021234833352], [-9.804263587708757, 3.061035909474412], [-7.691583120367217, 2.844344286636858], [-5.582635860475147, 2.6343498009568016], [-3.4779006324030464, 2.4834063072669874], [-1.3785405847672425, 2.4791161098936403], [0.7051330990115734, 2.5854849603531203], [2.759910333920235, 2.683744641964715], [4.778539101021519, 2.660728193844437], [6.768602977481786, 2.4972067656008012], [8.752392250337051, 2.2981781804597925], [10.736181523192268, 2.0991495953187886], [12.718064269725984, 1.8987117640689615], [14.699358692583681, 1.655533244194333], [16.684976605752894, 1.36507961328283], [18.68044221022327, 1.028317083875486], [20.690650323120526, 0.6616189794564928]], "ego_orientations": [6.1831, -0.10021656161635484, -0.1005251426893734, -0.10089990819561745, -0.10126674981999084, -0.10160611325723323, -0.10188901290692343, -0.10209664632164905, -0.10222766566092822, -0.10229733906615568, -0.10229087349682686, -0.10221834190489965, -0.10223831556144436, -0.09367418856808474, -0.039414024884507626, 0.0319321377764501, 0.060079428712653815, 0.025326076514152085, -0.05107450305184269, -0.09999288285696828, -0.09999288285696828, -0.09999288285696828, -0.10907020903428055, -0.13388102527158718, -0.15700418171966213, -0.17570459761786328, -0.18315205033151116], "obs_positions": [[-45.0627, 3.1373], [-42.0777, 2.8379], [-39.0927, 2.5384], [-36.1077, 2.2389], [-33.1227, 1.9394], [-30.1377, 1.6399], [-27.1977, 1.0412], [-24.2221, 0.5292], [-21.251, 0.1132], [-18.2485, -0.2094], [-15.2371, -0.4333], [-12.2395, -0.556], [-9.2202, -0.5776], [-6.2209, -0.4968], [-3.2075, -0.3121], [-0.2204, -0.026], [2.7729, 0.3645], [5.7337, 0.8536], [8.6937, 1.4457], [11.6154, 2.1315], [14.5299, 2.9166], [17.4015, 3.7894], [20.2607, 4.7566]], "obs_orientations": [6.1832, 6.1831, 6.1832, 6.1831, 6.1831, 6.0823, 6.1127, 6.144, 6.1761, -0.0743, -0.041, -0.0072, 0.0269, 0.061, 0.0955, 0.1296, 0.1636, 0.1973, 0.2305, 0.2631, 0.295, 0.326, 0.3563], "objectives": {"extension_time": 0.5, "danger_difference": 0.33987639489448895, "parameter_difference": 83.80844675395997}, "attributes": {"generation_number": 0, "individual_number": 35, "crash": true, "goal_reached": true, "scenario_length": 27}}, "[[26.87732054750307], [1.5295186333190014, 139.82743821685813, 2.5], [0.36982649061379314, 129.2645773302225], [1.4302165200126649, 34.51937758905724]]": {"ego_positions": [[-32.8927, 5.4126], [-30.8030832639344, 5.2026663356126965], [-28.7127517815459, 4.99217094200346], [-26.621110325962448, 4.7808052478747545], [-24.527686615549396, 4.568463193002483], [-22.43211797886272, 4.355158671125003], [-20.33414485757588, 4.14094270610138], [-18.23358928003509, 3.925941037137276], [-16.13034440605432, 3.7103047183599336], [-14.024364976765963, 3.4941772633570145], [-11.91565691785377, 3.2777021234833352], [-9.804263587708757, 3.061035909474412], [-7.691583120367217, 2.844344286636858], [-5.582635860475147, 2.6343498009568016], [-3.4779006324030464, 2.4834063072669874], [-1.3785405847672425, 2.4791161098936403], [0.7051330990115734, 2.5854849603531203], [2.759910333920235, 2.683744641964715], [4.778539101021519, 2.660728193844437], [6.768602977481786, 2.4972067656008012], [8.752392250337051, 2.2981781804597925], [10.736181523192268, 2.0991495953187886], [12.717286743532128, 1.909741386508398], [14.692789170232778, 1.7178237892558141], [16.662782246528895, 1.4957272439200724], [18.627473201985755, 1.2113395554121036], [20.589722777095897, 0.8689337483404909], [22.553359232940284, 0.4940068649607549]], "ego_orientations": [6.1831, -0.10021656161635484, -0.1005251426893734, -0.10089990819561745, -0.10126674981999084, -0.10160611325723323, -0.10188901290692343, -0.10209664632164905, -0.10222766566092822, -0.10229733906615568, -0.10229087349682686, -0.10221834190489965, -0.10223831556144436, -0.09367418856808474, -0.039414024884507626, 0.0319321377764501, 0.060079428712653815, 0.025326076514152085, -0.05107450305184269, -0.09999288285696828, -0.09999288285696828, -0.09999288285696828, -0.09377512361274842, -0.10149418799097454, -0.12679851179259138, -0.15996353393438945, -0.18317189883097118, -0.1917289558404196],