{"[[13.056121863341483], [2.3934483124328847, 49.69984338356264, 2.5], [0.039726443549569654, 29.309589195367582], [1.5408828218293715, 27.1736339832221]]": {"ego_positions": [[-83.0409, 10.4439], [-80.95128359795763, 10.233972504597666], [-78.86094933420667, 10.023522676589417], [-76.76930164018317, 9.812231279798889], [-74.67587100708519, 9.599959446612543], [-72.5802988175523, 9.386695205645532], [-70.48232325496356, 9.17251112235316], [-68.38176615062332, 8.957531164734664], [-66.27852091505456, 8.741904851008405], [-64.17254135514352, 8.525790603787296], [-62.06383124575795, 8.309343406602475], [-59.95243561055514, 8.092704300092958], [-57.83843250886293, 7.875994065353475], [-55.72192603645449, 7.659310856543556], [-53.603038812067666, 7.442740288657669], [-51.481907367627485, 7.226344844772639], [-49.358679281264976, 7.010150547829705], [-47.233507399692726, 6.7941660695404105], [-45.106548943586304, 6.578362314882011], [-42.97795235738756, 6.3627752967601445], [-40.84786611804198, 6.147397981179995], [-38.716431792005686, 5.932238183965398], [-36.58378601704269, 5.717282514605281], [-34.45006955885122, 5.502404815952767], [-32.31539668828769, 5.287660248799323], [-30.179881316358973, 5.073033464863517], [-28.043635255602148, 4.858472086015434], [-25.906760048411062, 4.64395862875221], [-23.76934657379315, 4.42950402082904], [-21.631480804752385, 4.215084807709358], [-19.493240939009905, 4.000680574843674], [-17.35469963864403, 3.78627630296692], [-15.21592358105717, 3.571848492188621], [-13.076971523415432, 3.357367649059754], [-10.937889841973458, 3.1428379042776604], [-8.798717682715413, 2.928269980821843], [-6.659392089330177, 2.714632646368222], [-4.520164242504178, 2.514449653959689], [-2.384480827697044, 2.3616068615996735], [-0.25747442239148666, 2.27081933326798], [1.855333627115008, 2.2341035176721795], [3.948795712115919, 2.228419509980528], [6.018904346751157, 2.2232891895758002], [8.063558114782886, 2.1884086014043818], [10.08332850352113, 2.1012636102140085], [12.08222084226013, 1.954747708336588], [14.068427250672976, 1.7647948389426202], [16.05199693435669, 1.5620576046254473], [18.033992274721367, 1.3333025998634143], [20.01262629909251, 1.0463747585316276], [21.98914667474785, 0.7047093022419177]], "ego_orientations": [6.1831, -0.1002045633824249, -0.10049445181972061, -0.10086257705797586, -0.10124223520988984, -0.10158909629689727, -0.10187603462356964, -0.102089353740352, -0.10222546537205623, -0.10228512870888729, -0.10227648954574509, -0.1022085221229263, -0.10209454580080113, -0.10194403056249435, -0.1017637594444496, -0.1015703743569123, -0.10137707365910664, -0.10119893033475513, -0.10102593334933552, -0.10085091404690782, -0.10069043660774124, -0.10051128524036379, -0.10041753896107508, -0.10031377225737703, -0.10020869687614642, -0.1001293371760239, -0.10007793656635844, -0.1000247218287722, -0.09997712291668304, -0.0999476134351065, -0.09992837372080388, -0.0999207917906082, -0.09993026199314947, -0.09995031386062969, -0.09995949477710475, -0.09998344902584755, -0.09864827230105444, -0.08455890258763255, -0.05721014467909491, -0.02871279511561564, -0.00783600289173858, -4.234016845394706e-05, -0.007460370536991334, -0.02868054301899381, -0.05834597654135543, -0.08677799209140957, -0.10001274012540051, -0.1053269808282371, -0.1282069639042236, -0.15917118453279144, -0.18093988063881472], "obs_positions": [[-116.703, 10.325], [-113.718, 10.0255], [-110.733, 9.7261], [-107.748, 9.4266], [-104.763, 9.1271], [-101.778, 8.8276], [-98.793, 8.5281], [-95.8079, 8.2287], [-92.8229, 7.9292], [-89.8379, 7.6297], [-86.8529, 7.3302], [-83.8679, 7.0307], [-80.8829, 6.7312], [-77.8979, 6.4318], [-74.9128, 6.1323], [-71.9278, 5.8327], [-68.9428, 5.5332], [-65.9578, 5.2337], [-62.9728, 4.9342], [-59.9878, 4.6348], [-57.0028, 4.3353], [-54.0178, 4.0358], [-51.0327, 3.7363], [-48.0477, 3.4368], [-45.0627, 3.1373], [-42.0777, 2.8379], [-39.0927, 2.5384], [-36.1077, 2.2389], [-33.1227, 1.9394], [-30.1377, 1.6399], [-27.1977, 1.0412], [-24.2221, 0.5292], [-21.251, 0.1132], [-18.2485, -0.2094], [-15.2371, -0.4333], [-12.2395, -0.556], [-9.2202, -0.5776], [-6.2209, -0.4968], [-3.2075, -0.3121], [-0.2204, -0.026], [2.7729, 0.3645], [5.7337, 0.8536], [8.6937, 1.4457], [11.6154, 2.1315], [14.5299, 2.9166], [17.4015, 3.7894], [20.2607, 4.7566]], "obs_orientations": [6.1831, 6.1831, 6.1831, 6.1831, 6.1831, 6.1831, 6.1831, 6.1831, 6.1831, 6.1831, 6.1831, 6.1831, 6.1831, 6.1831, 6.1831, 6.1831, 6.1831, 6.1831, 6.1831, 6.1831, 6.1831, 6.1831, 6.1831, 6.1831, 6.1832, 6.1831, 6.1832, 6.1831, 6.1831, 6.0823, 6.1127, 6.144, 6.1761, -0.0743, -0.041, -0.0072, 0.0269, 0.061, 0.0955, 0.1296, 0.1636, 0.1973, 0.2305, 0.2631, 0.295, 0.326, 0.3563], "objectives": {"extension_time": 2.9, "danger_difference": 0.2805579758416741, "parameter_difference": 39.01680025131668}, "attributes": {"generation_number": 10, "individual_number": 527, "crash": true, "goal_reached": true, "scenario_length": 51}}}