{"[[7.0650180295526], [8.235969784043967, 251.71489705508154, 430.0093065817988], [0.7365006911427043, 81.06088208766022], [0.14139505745067033, 46.19935702972356]]": {"ego_positions": [[-66.3248, 8.7669], [-64.23518387938306, 8.556974976787233], [-62.144849104682564, 8.346547348089269], [-60.053197253552504, 8.13531453241491], [-57.959760862578925, 7.923108458459041], [-55.864184543881024, 7.709888206869987], [-53.766208179308606, 7.49571980058266], [-51.665650978926955, 7.280758003865161], [-49.56240318284364, 7.065167865941205], [-47.45642180406125, 6.849074266887611], [-45.34771347750444, 6.632610815543507], [-43.236322147237004, 6.4159366703840695], [-41.12232388366925, 6.199184105814577], [-39.00582066686473, 5.982478351364238], [-36.88693425306294, 5.76590299995195], [-34.76580864112478, 5.549449180528202], [-32.64258866838803, 5.333179366590171], [-30.517421414346824, 5.117153753339717], [-28.390465802894855, 4.901324318383309], [-26.26187279304856, 4.6857039791498325], [-24.13178902902192, 4.470304430689148], [-22.00035729197452, 4.255119838680739], [-19.867717445297206, 4.040107097816596], [-17.733999780345517, 3.825242616785169], [-15.59932656980783, 3.6105023931560276], [-13.463813800933863, 3.3958505619895742], [-11.327570147544199, 3.1812657470936343], [-9.190695130536813, 2.9667508694372295], [-7.056180258719325, 2.7525939229970535], [-4.934499139648067, 2.617908535906595], [-2.839374981345255, 2.6946264122886086], [-0.7900262435498507, 2.8162835307947898], [1.2067848851681136, 2.8643009987273214], [3.15536163432914, 2.8056816701845237], [5.067949835788617, 2.6619156875573795], [6.9616340484938055, 2.4778406336369168], [8.852142119829121, 2.288170941631209], [10.74265019116449, 2.0985012496254964], [12.620017404965328, 1.9902438792997614], [14.474212243028097, 1.8943685669484567], [16.314901404839077, 1.7030939885906051], [18.153966920814447, 1.40492292637321], [20.002102618494323, 1.0309357077509238], [21.867088574213977, 0.6228113286969996]], "ego_orientations": [6.1831, -0.10020005111254626, -0.10047376758931303, -0.1008305218208525, -0.10121479361211527, -0.10157686722616788, -0.10187127026922838, -0.1020732235429751, -0.10220870529901216, -0.10228384654836198, -0.10229318440755364, -0.10222550028825506, -0.1021141405978252, -0.101947232446566, -0.10177446182620731, -0.1016073930343655, -0.10140537094097635, -0.10121241589890229, -0.10104009301212358, -0.10086548878733392, -0.1006937367862264, -0.10054565517397052, -0.10041785928719538, -0.1003075301117855, -0.10021233405823526, -0.10014785101992896, -0.10008157705043175, -0.10002333929195117, -0.09997086150917767, -0.006105465245226149, 0.06145147854622657, 0.04762710516473234, -0.0027285789613635814, -0.05583180037132962, -0.09016501807565014, -0.09999276505475496, -0.09999276505475496, -0.09999276505475496, -0.038861087881502776, -0.0734563042158154, -0.13396643564310295, -0.18402887711245075, -0.2112089707067515, -0.21642145657279865], "obs_positions": [[-92.8229, 7.9292], [-89.8379, 7.6297], [-86.8529, 7.3302], [-83.8679, 7.0307], [-80.8829, 6.7312], [-77.8979, 6.4317], [-74.9129, 6.1322], [-71.9278, 5.8327], [-68.9428, 5.5333], [-65.9578, 5.2338], [-62.9728, 4.9343], [-59.9878, 4.6348], [-57.0028, 4.3353], [-54.0178, 4.0358], [-51.0327, 3.7363], [-48.0477, 3.4368], [-45.0627, 3.1373], [-42.0777, 2.8379], [-39.0927, 2.5384], [-36.1077, 2.2389], [-33.1227, 1.9394], [-30.1377, 1.6399], [-27.1977, 1.0412], [-24.2221, 0.5292], [-21.251, 0.1132], [-18.2485, -0.2094], [-15.2371, -0.4333], [-12.2395, -0.556], [-9.2202, -0.5776], [-6.2209, -0.4968], [-3.2075, -0.3121], [-0.2204, -0.026], [2.7729, 0.3645], [5.7337, 0.8536], [8.6937, 1.4457], [11.6154, 2.1315], [14.5299, 2.9166], [17.4015, 3.7894], [20.2607, 4.7566]], "obs_orientations": [6.1831, 6.1831, 6.1832, 6.1831, 6.1831, 6.1831, 6.1831, 6.1832, 6.1831, 6.1831, 6.1831, 6.1831, 6.1832, 6.1831, 6.1831, 6.1831, 6.1832, 6.1831, 6.1832, 6.1831, 6.1831, 6.0823, 6.1127, 6.144, 6.1761, -0.0743, -0.041, -0.0072, 0.0269, 0.061, 0.0955, 0.1296, 0.1636, 0.1973, 0.2305, 0.2631, 0.295, 0.326, 0.3563], "objectives": {"extension_time": 2.1, "danger_difference": 1.5622598409412092, "parameter_difference": 132.0165558960953}, "attributes": {"generation_number": 0, "individual_number": 3, "crash": true, "goal_reached": true, "scenario_length": 44}}, "[[10.769622932364342], [39.3376246653172, 234.1951685099214, 708.4802339700788], [0.5532117950420643, 19.260019238998694], [0.7988464946095708, 48.6322983708866]]": {"ego_positions": [[-66.3248, 8.7669], [-64.23518387938306, 8.556974976787233], [-62.144849104682564, 8.346547348089269], [-60.053197253552504, 8.13531453241491], [-57.959760862578925, 7.923108458459041], [-55.864184543881024, 7.709888206869987], [-53.766208179308606, 7.49571980058266], [-51.665650978926955, 7.280758003865161], [-49.56240318284364, 7.065167865941205], [-47.45642180406125, 6.849074266887611], [-45.34771347750444, 6.632610815543507], [-43.236322147237004, 6.4159366703840695], [-41.12232388366925, 6.199184105814577], [-39.00582066686473, 5.982478351364238], [-36.88693425306294, 5.76590299995195], [-34.76580864112478, 5.549449180528202], [-32.64258866838803, 5.333179366590171], [-30.517421414346824, 5.117153753339717], [-28.390465802894855, 4.901324318383309], [-26.26187279304856, 4.6857039791498325], [-24.13178902902192, 4.470304430689148], [-22.00035729197452, 4.255119838680739], [-19.867717445297206, 4.040107097816596], [-17.733999780345517, 3.825242616785169], [-15.599326461851808, 3.6105034692026425], [-13.463813159816583, 3.3958569511693146], [-11.327568751406844, 3.1812796604566027], [-9.190692991483067, 2.9667721878418143], [-7.05617755511883, 2.752620870494338], [-4.9344964949005945, 2.6179348972235914], [-2.839373366549537, 2.6946425083399688], [-0.7900256778378512, 2.8162891698194152], [1.20678488535012, 2.864301000541512], [3.15536152568614, 2.805680587311164], [5.067949803867247, 2.6619153693879793], [6.9616340484938055, 2.477840633636914], [8.852142119829121, 2.288170941631205], [10.74265019116449, 2.0985012496254907], [12.627180314081166, 1.9653658283347173], [14.522254337600021, 1.7958609033187882], [16.43704537310448, 1.5561447639131738], [18.374673260074076, 1.2414027296775358], [20.33835282021818, 0.8710758455615057], [22.329875874653073, 0.476299202688511]], "ego_orientations": [6.1831, -0.10020005111254626, -0.10047376758931303, -0.1008305218208525, -0.10121479361211527, -0.10157686722616788, -0.10187127026922838, -0.1020732235429751, -0.10220870529901216, -0.10228384654836198, -0.10229318440755364, -0.10222550028825506, -0.1021141405978252, -0.101947232446566, -0.10177446182620731, -0.1016073930343655, -0.10140537094097635, -0.10121241589890229, -0.10104009301212358, -0.10086548878733392, -0.1006937367862264, -0.10054565517397052, -0.10041785928719538, -0.1003075301117855, -0.10021087898734038, -0.1001446164707458, -0.100077946425019, -0.10002013897436957, -0.09996895935768002, -0.006108596501675834, 0.06144585697681659, 0.04762300816550269, -0.002730110738566438, -0.05583161768053646, -0.09016462404721182, -0.09999276505475585, -0.09999276505475585, -0.09999276505475585, -0.07055876739250788, -0.10654796822906043, -0.1435444069465568, -0.17628321316745055, -0.19364301706661813, -0.19540550216607055],