{"[[27.62789706989225], [1.6890647851766873, 200.0, 2.5], [0.3240727576598019, 80.07135282634033], [1.0509683921512116, 6.91422296286253]]": {"ego_positions": [[-70.5039, 9.1861], [-68.41428357194407, 8.976172800009024], [-66.32394911148876, 8.765724853397918], [-64.23230099230426, 8.55443422517628], [-62.13887114553486, 8.342147398688844], [-60.04330196449155, 8.128851006102618], [-57.94532925699167, 7.914645153158009], [-55.844771962191416, 7.699671279685922], [-53.741524952310606, 7.48406317465413], [-51.63554326610654, 7.2679689563230445], [-49.526831162034135, 7.051541114278399], [-47.415434138714836, 6.834912398025942], [-45.30143221108008, 6.618187096962752], [-43.184927999310275, 6.401482357904785], [-41.06604379955914, 6.1848811566457975], [-38.94491489420693, 5.96846302032923], [-36.82168567766295, 5.752280326957465], [-34.69651650848986, 5.536268180748621], [-32.5695573074975, 5.320473680132216], [-30.440957281949476, 5.104920505895661], [-28.310870514577424, 4.889547862715422], [-26.179439927203244, 4.674350093715616], [-24.046800576796763, 4.459331251965769], [-21.91308164816095, 4.244478183052729], [-19.778407467012144, 4.029746638477831], [-17.642891805775093, 3.815122700902747], [-15.506643348569257, 3.6005850742146914], [-13.36976646239982, 3.3860884903912027], [-11.232354966095382, 3.1716142966011875], [-9.094492071573601, 2.957166387670757], [-6.956149345936866, 2.743760147946337], [-4.817038233383283, 2.543809292701497], [-2.677959442159563, 2.3908502621737027], [-0.5414865391919368, 2.2992889633108087], [1.5886818749357245, 2.260940387759615], [3.708481439668492, 2.252650990736782], [5.814250118404964, 2.243929747854709], [7.903492064950859, 2.2045356621985417], [9.975641509499154, 2.112095796400589], [12.032835587196889, 1.9597074587247612], [14.080635941855087, 1.7635696861614338], [16.12495257001115, 1.5453886778916917], [18.161669073303383, 1.2711211863409426], [20.189175695392773, 0.9361203102545326], [22.209186914239204, 0.5629456532134443]], "ego_orientations": [6.1831, -0.10020411395909523, -0.10049310329568328, -0.10086543436755235, -0.10125524891532489, -0.10160437728415772, -0.10187815913308285, -0.10208234059263521, -0.10221566049403386, -0.1022762625338336, -0.10226742073084871, -0.10220884581025125, -0.1021065972722841, -0.10195460731964179, -0.10177892153837043, -0.10157211407904221, -0.10137910127716054, -0.10120673057364105, -0.10101176835805692, -0.10084164250042793, -0.10069421857343386, -0.10055277730277101, -0.10041337114958804, -0.1003032941970039, -0.1002082544886127, -0.1001257963083777, -0.1000622134664475, -0.10002588465184648, -0.09999149121015005, -0.09995639642336407, -0.09855860372986314, -0.08445775002253608, -0.05723681826047322, -0.02908704572491949, -0.008748303055051032, -0.0015095266046323275, -0.009256863655357606, -0.03037826599333915, -0.0594878392156053, -0.08717617619395757, -0.10001277343791504, -0.11780935435871154, -0.14996718167590473, -0.17550348290842255, -0.1874749155680968], "obs_positions": [[-98.793, 8.5281], [-95.8079, 8.2287], [-92.8229, 7.9292], [-89.8379, 7.6297], [-86.8529, 7.3302], [-83.8679, 7.0307], [-80.8829, 6.7312], [-77.8979, 6.4317], [-74.9128, 6.1323], [-71.9278, 5.8328], [-68.9428, 5.5332], [-65.9578, 5.2338], [-62.9728, 4.9343], [-59.9878, 4.6348], [-57.0028, 4.3353], [-54.0178, 4.0358], [-51.0327, 3.7363], [-48.0477, 3.4368], [-45.0627, 3.1373], [-42.0777, 2.8379], [-39.0927, 2.5384], [-36.1077, 2.2389], [-33.1227, 1.9394], [-30.1377, 1.6399], [-27.1977, 1.0412], [-24.2221, 0.5292], [-21.251, 0.1132], [-18.2485, -0.2094], [-15.2371, -0.4333], [-12.2395, -0.556], [-9.2202, -0.5776], [-6.2209, -0.4968], [-3.2075, -0.3121], [-0.2204, -0.026], [2.7729, 0.3645], [5.7337, 0.8536], [8.6937, 1.4457], [11.6154, 2.1315], [14.5299, 2.9166], [17.4015, 3.7894], [20.2607, 4.7566]], "obs_orientations": [6.1831, 6.1831, 6.1831, 6.1831, 6.1831, 6.1831, 6.1831, 6.1831, 6.1831, 6.1831, 6.1831, 6.1831, 6.1831, 6.1831, 6.1831, 6.1831, 6.1831, 6.1831, 6.1832, 6.1831, 6.1832, 6.1831, 6.1831, 6.0823, 6.1127, 6.144, 6.1761, -0.0743, -0.041, -0.0072, 0.0269, 0.061, 0.0955, 0.1296, 0.1636, 0.1973, 0.2305, 0.2631, 0.295, 0.326, 0.3563], "objectives": {"extension_time": 2.3, "danger_difference": -0.029019950836044472, "parameter_difference": 39.03251762319436}, "attributes": {"generation_number": 3, "individual_number": 183, "crash": true, "goal_reached": true, "scenario_length": 45}}, "[[19.173817168460385], [2.5, 200.0, 19.739159892528168], [31.30297207050346, 118.31083974378313], [1.3054500963831905, 13.841542267747602]]": {"ego_positions": [[-70.5039, 9.1861], [-68.41428357194407, 8.976172800009024], [-66.32394911148876, 8.765724853397918], [-64.23230099230426, 8.55443422517628], [-62.13887114553486, 8.342147398688844], [-60.04330196449155, 8.128851006102618], [-57.94532925699167, 7.914645153158009], [-55.844771962191416, 7.699671279685922], [-53.741524952310606, 7.48406317465413], [-51.63554326610654, 7.2679689563230445], [-49.526831162034135, 7.051541114278399], [-47.415434138714836, 6.834912398025942], [-45.30143221108008, 6.618187096962752], [-43.184927999310275, 6.401482357904785], [-41.06604379955914, 6.1848811566457975], [-38.94491489420693, 5.96846302032923], [-36.82168567766295, 5.752280326957465], [-34.69651650848986, 5.536268180748621], [-32.5695573074975, 5.320473680132216], [-30.440957281949476, 5.104920505895661], [-28.310870514577424, 4.889547862715422], [-26.179439927203244, 4.674350093715616], [-24.046800576796763, 4.459331251965769], [-21.91308164816095, 4.244478183052729], [-19.778407467012144, 4.029746638477831], [-17.642891805775093, 3.815122700902747], [-15.506643348569257, 3.6005850742146914], [-13.36976646239982, 3.3860884903912027], [-11.232354966095382, 3.1716142966011875], [-9.094492071573601, 2.957166387670757], [-6.956149345936866, 2.743760147946337], [-4.817038233383283, 2.543809292701497], [-2.677959442159563, 2.3908502621737027], [-0.5414865391919368, 2.2992889633108087], [1.5886818749357245, 2.260940387759615], [3.708481439668492, 2.252650990736782], [5.814250118404964, 2.243929747854709], [7.903492064950859, 2.2045356621985417], [9.975641509499154, 2.112095796400589], [12.032835587196889, 1.9597074587247612], [14.080635941855087, 1.7635696861614338], [16.12495257001115, 1.5453886778916917], [18.161669073303383, 1.2711211863409426], [20.189175695392773, 0.9361203102545326], [22.209186914239204, 0.5629456532134443]], "ego_orientations": [6.1831, -0.10020411395909523, -0.10049310329568328, -0.10086543436755235, -0.10125524891532489, -0.10160437728415772, -0.10187815913308285, -0.10208234059263521, -0.10221566049403386, -0.1022762625338336, -0.10226742073084871, -0.10220884581025125, -0.1021065972722841, -0.10195460731964179, -0.10177892153837043, -0.10157211407904221, -0.10137910127716054, -0.10120673057364105, -0.10101176835805692, -0.10084164250042793, -0.10069421857343386, -0.10055277730277101, -0.10041337114958804, -0.1003032941970039, -0.1002082544886127, -0.1001257963083777, -0.1000622134664475, -0.10002588465184648, -0.09999149121015005, -0.09995639642336407, -0.09855860372986314, -0.08445775002253608, -0.05723681826047322, -0.02908704572491949, -0.008748303055051032, -0.0015095266046323275, -0.009256863655357606, -0.03037826599333915, -0.0594878392156053, -0.08717617619395757, -0.10001277343791504, -0.11780935435871154, -0.14996718167590473, -0.17550348290842255, -0.1874749155680968],