{"[[33.05229358350722], [5.964320791003636, 323.59967923859676, 575.8491631939388], [0.50635430621939, 56.38711442755684], [0.9176483782928044, 8.464824746573846]]": {"ego_positions": [[-74.6829, 9.6054], [-72.5932835650608, 9.395472335305902], [-70.50294930926897, 9.185016086601173], [-68.41130416531689, 8.973694477296494], [-66.3178768384934, 8.761389643719763], [-64.22230760774822, 8.548103604109103], [-62.12433170630622, 8.333925480673287], [-60.0237736489669, 8.118954975606345], [-57.92052718435242, 7.903341223777497], [-55.81454604637928, 7.687242493549726], [-53.70583426034287, 7.470811609553503], [-51.59443713900315, 7.254186235483147], [-49.480432876626935, 7.037487209454245], [-47.36392578773785, 6.820808295556329], [-45.2450409882403, 6.604210685529033], [-43.123914156411175, 6.3877695115224915], [-41.00069118479002, 6.171525377372368], [-38.8755218905615, 5.955519036536224], [-36.74855651539868, 5.739784614133962], [-34.619958368703536, 5.524211735181372], [-32.48987094744832, 5.308846494708364], [-30.35843657361598, 5.093686218861084], [-28.22579702238118, 4.87866899468989], [-26.092081890626154, 4.663778183260823], [-23.957410065298987, 4.449023225776793], [-21.82189489784242, 4.234394386089775], [-19.685646922632163, 4.019851942074461], [-17.548768058833524, 3.8053749207657166], [-15.411352854364557, 3.5909377043421085], [-13.273488844519282, 3.3765010889448535], [-11.135252319917129, 3.1620635720991133], [-8.996714121914398, 2.947628312943999], [-6.857834169211018, 2.7342045407058957], [-4.718601981888828, 2.5342393407665313], [-2.5811521492795233, 2.38141432862005], [-0.4493466762526174, 2.2902747805911026], [1.6721989430171404, 2.2527352491423063], [3.778875073525481, 2.245707880628839], [5.866846519984575, 2.238723944376376], [7.933815002662478, 2.2015279300446418], [9.979784965688939, 2.111691720665841], [12.007833142164882, 1.9622172335076569], [14.02483720319415, 1.7691689929966299], [16.038422399319952, 1.554071116822149], [18.046340370098505, 1.2826930323359762], [20.04815374029502, 0.9502685532364796], [22.04610687423744, 0.5793086777684111]], "ego_orientations": [6.1831, -0.10020504292493637, -0.1005042498993527, -0.10087850668937914, -0.10125752328816162, -0.10159031198234114, -0.10187209981551693, -0.10208425457226333, -0.1022184844515559, -0.10227747349099214, -0.10226882134405724, -0.1022031258923013, -0.10209000974425475, -0.10194764807519352, -0.10178334802087274, -0.10159363922090936, -0.10139753816294306, -0.101183099622987, -0.10100458209751118, -0.10084823109408614, -0.10067851085212798, -0.10054104175807499, -0.10042745836349454, -0.10032138339696406, -0.10020989225052723, -0.10012866455968084, -0.10006164561744946, -0.10000964579143012, -0.099977542447097, -0.09996137669286576, -0.09994474991793911, -0.09992868132189603, -0.09855246102752346, -0.08446209430150908, -0.057195519546483276, -0.028893427942735528, -0.008307057116551775, -0.0008062449203691813, -0.00839680721268099, -0.029565047067644734, -0.05893996472578067, -0.08698550584302644, -0.10001274012540495, -0.1180741295319363, -0.1506464340377942, -0.17639658110596645, -0.18834502330084213], "obs_positions": [[-104.763, 9.1272], [-101.778, 8.8277], [-98.793, 8.5282], [-95.8079, 8.2287], [-92.8229, 7.9292], [-89.8379, 7.6297], [-86.8529, 7.3302], [-83.8679, 7.0307], [-80.8829, 6.7312], [-77.8979, 6.4317], [-74.9128, 6.1322], [-71.9278, 5.8328], [-68.9428, 5.5333], [-65.9578, 5.2338], [-62.9728, 4.9343], [-59.9878, 4.6348], [-57.0028, 4.3353], [-54.0178, 4.0358], [-51.0327, 3.7363], [-48.0477, 3.4368], [-45.0627, 3.1373], [-42.0777, 2.8379], [-39.0927, 2.5384], [-36.1077, 2.2389], [-33.1227, 1.9394], [-30.1377, 1.6399], [-27.1977, 1.0412], [-24.2221, 0.5292], [-21.251, 0.1132], [-18.2485, -0.2094], [-15.2371, -0.4333], [-12.2395, -0.556], [-9.2202, -0.5776], [-6.2209, -0.4968], [-3.2075, -0.3121], [-0.2204, -0.026], [2.7729, 0.3645], [5.7337, 0.8536], [8.6937, 1.4457], [11.6154, 2.1315], [14.5299, 2.9166], [17.4015, 3.7894], [20.2607, 4.7566]], "obs_orientations": [6.1831, 6.1831, 6.1831, 6.1831, 6.1831, 6.1831, 6.1831, 6.1831, 6.1831, 6.1831, 6.1831, 6.1831, 6.1831, 6.1831, 6.1831, 6.1831, 6.1831, 6.1831, 6.1831, 6.1831, 6.1832, 6.1831, 6.1832, 6.1831, 6.1831, 6.0823, 6.1127, 6.144, 6.1761, -0.0743, -0.041, -0.0072, 0.0269, 0.061, 0.0955, 0.1296, 0.1636, 0.1973, 0.2305, 0.2631, 0.295, 0.326, 0.3563], "objectives": {"extension_time": 2.5, "danger_difference": 0.12452192264001383, "parameter_difference": 190.3458258876609}, "attributes": {"generation_number": 0, "individual_number": 19, "crash": true, "goal_reached": true, "scenario_length": 47}}, "[[31.11012644043673], [2.5, 200.0, 470.3100378283585], [0.5165433385912686, 127.17277331829698], [0.022039314683901245, 8.623214559083182]]": {"ego_positions": [[-74.6829, 9.6054], [-72.5932835650608, 9.395472335305902], [-70.50294930926897, 9.185016086601173], [-68.41130416531689, 8.973694477296494], [-66.3178768384934, 8.761389643719763], [-64.22230760774822, 8.548103604109103], [-62.12433170630622, 8.333925480673287], [-60.0237736489669, 8.118954975606345], [-57.92052718435242, 7.903341223777497], [-55.81454604637928, 7.687242493549726], [-53.70583426034287, 7.470811609553503], [-51.59443713900315, 7.254186235483147], [-49.480432876626935, 7.037487209454245], [-47.36392578773785, 6.820808295556329], [-45.2450409882403, 6.604210685529033], [-43.123914156411175, 6.3877695115224915], [-41.00069118479002, 6.171525377372368], [-38.8755218905615, 5.955519036536224], [-36.74855651539868, 5.739784614133962], [-34.619958368703536, 5.524211735181372], [-32.48987094744832, 5.308846494708364], [-30.35843657361598, 5.093686218861084], [-28.22579702238118, 4.87866899468989], [-26.092081890626154, 4.663778183260823], [-23.957410065298987, 4.449023225776793], [-21.82189489784242, 4.234394386089775], [-19.685646922632163, 4.019851942074461], [-17.548768058833524, 3.8053749207657166], [-15.411352854364557, 3.5909377043421085], [-13.273488844519282, 3.3765010889448535], [-11.135252319917129, 3.1620635720991133], [-8.996714121914398, 2.947628312943999], [-6.857834169211018, 2.7342045407058957], [-4.718601981888828, 2.5342393407665313], [-2.5811521492795233, 2.38141432862005], [-0.4493466762526174, 2.2902747805911026], [1.6721989430171404, 2.2527352491423063], [3.778875073525481, 2.245707880628839], [5.866846519984575, 2.238723944376376], [7.933815002662478, 2.2015279300446418], [9.979784965688939, 2.111691720665841], [12.007833142164882, 1.9622172335076569], [14.02483720319415, 1.7691689929966299], [16.038422399319952, 1.554071116822149], [18.046340370098505, 1.2826930323359762], [20.04815374029502, 0.9502685532364796], [22.04610687423744, 0.5793086777684111]], "ego_orientations": [6.1831, -0.10020504292493637, -0.1005042498993527, -0.10087850668937914, -0.10125752328816162, -0.10159031198234114, -0.10187209981551693, -0.10208425457226333, -0.1022184844515559, -0.10227747349099214, -0.10226882134405724, -0.1022031258923013, -0.10209000974425475, -0.10194764807519352, -0.10178334802087274, -0.10159363922090936, -0.10139753816294306, -0.101183099622987, -0.10100458209751118, -0.10084823109408614, -0.10067851085212798, -0.10054104175807499, -0.10042745836349454, -0.10032138339696406, -0.10020989225052723, -0.10012866455968084, -0.10006164561744946, -0.10000964579143012, -0.099977542447097, -0.09996137669286576, -0.09994474991793911, -0.09992868132189603, -0.09855246102752346, -0.08446209430150908, -0.057195519546483276, -0.028893427942735528, -0.008307057116551775, -0.0008062449203691813, -0.00839680721268099, -0.029565047067644734, -0.05893996472578067, -0.08698550584302644, -0.10001274012540495, -0.1180741295319363, -0.1506464340377942, -0.17639658110596645, -0.18834502330084213],