{"[[5], [5, 50, 100], [0.25, 20], [0.25, 5]]": {"ego_positions": [[33.005, 6.4211], [33.001090260287555, 7.8208977045589165], [32.97608843294585, 9.21954578492829], [32.91745160038367, 10.616089488903345], [32.815701025465515, 12.009620536063023], [32.66143937585305, 13.399504945390841], [32.46450056445471, 14.786969777317257], [32.23718111705346, 16.173007429653286], [31.991826164642433, 17.556053371507623], [31.75268835356635, 18.933468119132616], [31.515509491457493, 20.30674359191085], [31.260854615330516, 21.673530945425938], [30.99131123620783, 23.025656189033512], [30.713879919996792, 24.35418524038255], [30.45181225233764, 25.65468139874692], [30.235882737704603, 26.93026848191049], [30.08564361213032, 28.185298411701016], [30.008442101998064, 29.423716702563656], [30.00170342911918, 30.649062461560984], [30.05521381581047, 31.864468388373], [30.153403489971627, 33.0726607752971], [30.277629690162627, 34.275959507248096], [30.40658651200901, 35.45487230253793], [30.504691689914395, 36.60308992924981], [30.558413020354518, 37.79022228477138], [30.577207080230647, 38.990292883800436], [30.562219500733576, 40.18831026242781], [30.518885064836788, 41.24417471770249], [30.43139792309276, 42.06496413429886], [30.344849759494217, 42.876944218359455], [30.259240574041158, 43.680114969884265], [30.174570366733583, 44.47447638887329], [30.09083913757149, 45.26002847532655], [30.00804688655488, 46.036771229244025]], "ego_orientations": [1.5707, 1.5791336220465617, 1.599617288827468, 1.6267069169654476, 1.6626206541865647, 1.6982777923227899, 1.7236391446368362, 1.7424671979644508, 1.7461263322858986, 1.7397548618125254, 1.7474883490838438, 1.7615073953500902, 1.7735946939026528, 1.7771077993867221, 1.7576620551521898, 1.7162487294143307, 1.662061138194745, 1.6039421581573519, 1.5498051923081242, 1.5058567588880512, 1.4761260624235029, 1.4624285335765164, 1.4738936236724174, 1.5105045324775834, 1.5405497017442285, 1.5698248760149198, 1.5954422622086133, 1.6769844185521139, 1.6769844185521139, 1.6769844185521139, 1.6769844185521139, 1.6769844185521139, 1.6769844185521139, 1.6769844185521139], "obs_positions": [[36.2084, 6.2992], [35.8405, 8.5837], [35.5801, 10.2477], [35.3569, 11.7119], [35.1181, 13.3136], [34.8717, 15.0043], [34.625, 16.739], [34.3839, 18.4811], [34.1529, 20.2042], [33.9344, 21.8922], [33.7298, 23.538], [33.5388, 25.1412], [33.3604, 26.7058], [33.1931, 28.2369], [33.0348, 29.7388], [32.8345, 31.6979], [32.6428, 33.5998], [32.4567, 35.4234], [32.2743, 37.1386], [32.0949, 38.713], [31.9184, 40.122], [31.7021, 41.6422], [31.491, 42.9341], [31.2467, 44.3074], [31.2075, 44.5272]], "obs_orientations": [1.7304, 1.726, 1.722, 1.7188, 1.7155, 1.712, 1.7082, 1.7041, 1.6994, 1.6945, 1.6893, 1.6842, 1.6796, 1.6757, 1.6726, 1.6712, 1.6725, 1.6767, 1.6842, 1.6954, 1.7121, 1.7327, 1.7468, 1.7473, 1.7473], "attributes": {"crash": false, "goal_reached": false, "max_danger": 1.4533967412755642, "scenario_length": 34, "lower_bound": -0.4, "upper_bound": -0.4}}}