{"[[27.206713985868884], [2.4998033158694803, 75.71790399917631, 50.02509791466081], [1.5816274349161912, 35.00027334675178], [2.3970660318507258, 3.4684759041998037]]": {"ego_positions": [[33.005, -3.3788], [33.00513694114997, -1.9786652002309142], [33.00528478063332, -0.5777639963599743], [33.005408225143114, 0.8245282001304117], [33.00549397523315, 2.228692235417433], [33.00555937853692, 3.635086173163394], [33.00560714723642, 5.043963303709948], [33.00563992621371, 6.455488517822648], [33.0016172692418, 7.869415773477893], [32.976499922495734, 9.284196414674302], [32.91775213581352, 10.698224347459064], [32.81590074098202, 12.109974585520153], [32.65914212257549, 13.51832705145711], [32.44855708527358, 14.924767279917335], [32.19562075504762, 16.33041019516743], [31.90912458101512, 17.734715643180124], [31.58690935920066, 19.140106989863458], [31.256023633296692, 20.546665133666405], [30.940699631768467, 21.94817532351352], [30.661738836039156, 23.334530760791385], [30.432794493039133, 24.69878776704724], [30.258853510590463, 26.036582595367943], [30.13778396706781, 27.34559359100734], [30.062298821595718, 28.62554119138618], [30.021919624245946, 29.878187926092142], [30.004940226234787, 31.107338416879887], [30.000390490118097, 32.318839377658605], [29.999373981156086, 33.50785317428547], [29.993522797533917, 34.65980912423939], [29.98767168315983, 35.81175144092738], [29.98182063803383, 36.96368012434945], [29.97596966215591, 38.11559517450561], [29.970118755526077, 39.26749659139583], [29.964267918144326, 40.419384375020144], [29.95841715001066, 41.57125852537853], [29.95256645112508, 42.723119042471], [29.94671582148758, 43.87496592629754], [29.940865261098168, 45.02679917685816], [29.935014769956837, 46.17861879415287]], "ego_orientations": [1.5707, 1.5706933705748918, 1.570693621440308, 1.570724796647871, 1.5707430031709577, 1.5707564051544678, 1.5707681062137508, 1.5707777425748375, 1.5791254810650805, 1.5993536564219486, 1.626073096850998, 1.6614978080536522, 1.7014860721015355, 1.735844141267986, 1.7599390841894555, 1.7859502878616451, 1.8021338381076593, 1.7992823755222576, 1.7826510963133113, 1.7543445175508223, 1.7188740634605266, 1.6811446022555225, 1.6453909270640084, 1.615021324565746, 1.592343086264051, 1.5782567130069902, 1.5719703623966004, 1.5758756297868786, 1.5758756297868786, 1.5758756297868786, 1.5758756297868786, 1.5758756297868786, 1.5758756297868786, 1.5758756297868786, 1.5758756297868786, 1.5758756297868786, 1.5758756297868786, 1.5758756297868786, 1.5758756297868786], "obs_positions": [[36.2084, -5.6983], [36.2084, -3.9843], [36.2084, -2.2704], [36.2084, -0.5565], [36.2084, 1.1574], [36.2084, 2.8713], [36.2084, 4.5852], [36.2084, 6.2992], [35.8405, 8.5837], [35.5801, 10.2477], [35.3569, 11.7119], [35.1181, 13.3136], [34.8717, 15.0043], [34.625, 16.739], [34.3839, 18.4811], [34.1529, 20.2042], [33.9344, 21.8922], [33.7298, 23.538], [33.5388, 25.1412], [33.3604, 26.7058], [33.1931, 28.2369], [33.0348, 29.7388], [32.8345, 31.6979], [32.6428, 33.5998], [32.4567, 35.4234], [32.2743, 37.1386], [32.0949, 38.713], [31.9184, 40.122], [31.7021, 41.6422], [31.491, 42.9341], [31.2467, 44.3074], [31.2075, 44.5272]], "obs_orientations": [1.5707, 1.5707, 1.5707, 1.5707, 1.5707, 1.5707, 1.5707, 1.7304, 1.726, 1.722, 1.7188, 1.7155, 1.712, 1.7082, 1.7041, 1.6994, 1.6945, 1.6893, 1.6842, 1.6796, 1.6757, 1.6726, 1.6712, 1.6725, 1.6767, 1.6842, 1.6954, 1.7121, 1.7327, 1.7468, 1.7473, 1.7473], "objectives": {"extension_time": 0.7, "danger_difference": -0.024714584641948978, "parameter_difference": 20.020393752779167}, "attributes": {"generation_number": 19, "individual_number": 994, "crash": false, "goal_reached": false, "scenario_length": 39}}}