{"[[19.185036951574098], [13.319868081951059, 232.67396319435002, 953.4784634375376], [1.7366299571863788, 8.691651298794634], [1.8349622888727994, 43.593766007638315]]": {"ego_positions": [[33.005, 9.2211]], "ego_orientations": [1.5707], "obs_positions": [[35.5801, 10.2477]], "obs_orientations": [1.722], "objectives": {"extension_time": -0.2, "danger_difference": 198.54660325872445, "parameter_difference": 341.40982013068015}, "attributes": {"generation_number": 0, "individual_number": 24, "crash": true, "goal_reached": false, "scenario_length": 1}}, "[[19.185036951574098], [0.7614973328944643, 49.78654645544758, 2.5], [1.8412695892102575, 9.728897975012536], [1.829583352296602, 43.115408524829085]]": {"ego_positions": [[33.005, 9.2211]], "ego_orientations": [1.5707], "obs_positions": [[35.5801, 10.2477]], "obs_orientations": [1.722], "objectives": {"extension_time": -0.2, "danger_difference": 198.54660325872445, "parameter_difference": 39.04532505077088}, "attributes": {"generation_number": 1, "individual_number": 72, "crash": true, "goal_reached": false, "scenario_length": 1}}, "[[12.132975819778563], [2.5, 160.00805474530182, 2.5], [0.1458488368801224, 190.82997623231853], [0.2322435612421414, 35.7033853792052]]": {"ego_positions": [[33.005, 9.2211]], "ego_orientations": [1.5707], "obs_positions": [[35.5801, 10.2477]], "obs_orientations": [1.722], "objectives": {"extension_time": -0.2, "danger_difference": 198.54660325872445, "parameter_difference": 39.0232841627908}, "attributes": {"generation_number": 2, "individual_number": 111, "crash": true, "goal_reached": false, "scenario_length": 1}}, "[[26.36574717089134], [45.367754925165634, 163.60643916937477, 24.469980031191717], [0.25597672727370346, 182.3655295521971], [0.2977328279520533, 25.887829420160706]]": {"ego_positions": [[33.005, 9.2211]], "ego_orientations": [1.5707], "obs_positions": [[35.5801, 10.2477]], "obs_orientations": [1.722], "objectives": {"extension_time": -0.2, "danger_difference": 198.54660325872445, "parameter_difference": 34.26776267931105}, "attributes": {"generation_number": 3, "individual_number": 151, "crash": true, "goal_reached": false, "scenario_length": 1}}, "[[44.16797227522133], [2.5, 142.463695381624, 2.5], [1.0067700619081803, 73.91001905109702], [0.537891408143242, 7.4648882847722975]]": {"ego_positions": [[33.005, 9.2211]], "ego_orientations": [1.5707], "obs_positions": [[35.5801, 10.2477]], "obs_orientations": [1.722], "objectives": {"extension_time": -0.2, "danger_difference": 198.54660325872445, "parameter_difference": 39.02360157072328}, "attributes": {"generation_number": 3, "individual_number": 158, "crash": true, "goal_reached": false, "scenario_length": 1}}, "[[2.597657758294619], [8.48300495816483, 158.81726586798942, 2.5], [1.4358168358186916, 38.24954304519703], [0.5374165122948136, 5.946139369396798]]": {"ego_positions": [[33.005, 9.2211]], "ego_orientations": [1.5707], "obs_positions": [[35.5801, 10.2477]], "obs_orientations": [1.722], "objectives": {"extension_time": -0.2, "danger_difference": 198.54660325872445, "parameter_difference": 39.028721153835924}, "attributes": {"generation_number": 4, "individual_number": 234, "crash": true, "goal_reached": false, "scenario_length": 1}}, "[[46.41632914267366], [1.0312988923404056, 97.00298042341691, 2.5], [2.4277944195583556, 35.28429808333047], [2.0971989897894603, 26.36844933408124]]": {"ego_positions": [[33.005, 9.2211]], "ego_orientations": [1.5707], "obs_positions": [[35.5801, 10.2477]], "obs_orientations": [1.722], "objectives": {"extension_time": -0.2, "danger_difference": 198.54660325872445, "parameter_difference": 39.04415960652079}, "attributes": {"generation_number": 6, "individual_number": 349, "crash": true, "goal_reached": false, "scenario_length": 1}}, "[[3.448590060194073], [2.0901478748776308, 160.2471860626808, 50.02509791466081], [0.22296023816935828, 141.84889442721808], [0.2009969061530964, 36.04607281841439]]": {"ego_positions": [[33.005, 9.2211]], "ego_orientations": [1.5707], "obs_positions": [[35.5801, 10.2477]], "obs_orientations": [1.722], "objectives": {"extension_time": -0.2, "danger_difference": 198.54660325872445, "parameter_difference": 20.04253100986009}, "attributes": {"generation_number": 7, "individual_number": 392, "crash": true, "goal_reached": false, "scenario_length": 1}}, "[[4.888353423194175], [2.4108324931622525, 199.9179956987149, 0.7947158872770252], [0.2810031644737876, 76.7965875974305], [1.868945754158695, 10.48888999968516]]": {"ego_positions": [[33.005, 9.2211]], "ego_orientations": [1.5707], "obs_positions": [[35.5801, 10.2477]], "obs_orientations": [1.722], "objectives": {"extension_time": -0.2, "danger_difference": 198.54660325872445, "parameter_difference": 39.703030647220054}, "attributes": {"generation_number": 9, "individual_number": 477, "crash": true, "goal_reached": false, "scenario_length": 1}}, "[[3.407231676162617], [2.4072111383125003, 40.32806150306337, 1.1549912304803023], [0.3076110207948053, 143.91250024150855], [0.13843069345475834, 20.850749217624944]]": {"ego_positions": [[33.005, 9.2211]], "ego_orientations": [1.5707], "obs_positions": [[35.5801, 10.2477]], "obs_orientations": [1.722], "objectives": {"extension_time": -0.2, "danger_difference": 198.54660325872445, "parameter_difference": 39.55369267431597}, "attributes": {"generation_number": 11, "individual_number": 590, "crash": true, "goal_reached": false, "scenario_length": 1}}, "[[8.891614604908893], [2.334371372747828, 196.06350134037382, 1.1337917383677336], [0.1846112406131053, 11.714626673135925], [2.4532392414819095, 10.263737031400725]]": {"ego_positions": [[33.005, 9.2211]], "ego_orientations": [1.5707], "obs_positions": [[35.5801, 10.2477]], "obs_orientations": [1.722], "objectives": {"extension_time": -0.2, "danger_difference": 198.54660325872445, "parameter_difference": 39.5678399021001}, "attributes": {"generation_number": 12, "individual_number": 618, "crash": true, "goal_reached": false, "scenario_length": 1}}, "[[24.945669709472938], [2.4710971847404593, 25.169652630966446, 77.76418609339441], [1.8590801167968478, 35.06378122230639], [0.618154621063162, 2.900495663344797]]": {"ego_positions": [[33.005, 9.2211]], "ego_orientations": [1.5707], "obs_positions": [[35.5801, 10.2477]], "obs_orientations": [1.722], "objectives": {"extension_time": -0.2, "danger_difference": 198.54660325872445, "parameter_difference": 8.961559926575978}, "attributes": {"generation_number": 16, "individual_number": 845, "crash": true, "goal_reached": false, "scenario_length": 1}}, "[[5.243775858782864], [2.498465124011167, 26.604550576759166, 2.5], [2.4701455325346515, 11.941403984872993], [2.5024827540975503, 3.473495594988626]]": {"ego_positions": [[33.005, 9.2211]], "ego_orientations": [1.5707], "obs_positions": [[35.5801, 10.2477]], "obs_orientations": [1.722], "objectives": {"extension_time": -0.2, "danger_difference": 198.54660325872445, "parameter_difference": 39.01305117489997}, "attributes": {"generation_number": 19, "individual_number": 991, "crash": true, "goal_reached": false, "scenario_length": 1}}}