{"[[12.09343930547794], [2.5, 198.05021034569035, 2.5], [2.4483491885010915, 186.0549700457397], [1.0318414056490814, 35.854784051727634]]": {"ego_positions": [[33.005, -8.9788], [33.0051260439941, -7.578665147168742], [33.00520587560011, -6.177763878045187], [33.00521220033911, -4.775471773897422], [33.00513401452638, -3.3713077641650955], [33.004971829555856, -1.9649138264191315], [33.00473382043842, -0.5560366958725744], [33.004432790432666, 0.8554885182401186], [33.00408384325698, 2.269752922167708], [33.003702657479735, 3.686786752118305], [33.00330426345762, 5.106570736021855], [33.00290223088784, 6.529046025566171], [32.992712300799965, 7.953534964117086], [32.93417157492806, 9.37723244819362], [32.80576428025714, 10.797470540341234], [32.60470207477318, 12.21218982284854], [32.347283702899134, 13.620645877703776], [32.059029283920324, 15.023591999936986], [31.76876908934142, 16.41954148251985], [31.490321443160312, 17.80828521129357], [31.213228972584503, 19.194860009658786], [30.948152066548637, 20.581102948870754], [30.705502957042352, 21.962538253526258], [30.494822401707832, 23.33235672628737], [30.332820982187027, 24.692870257983333], [30.2561509250963, 26.04357277493364], [30.250111779592057, 27.378942852689935], [30.318869584931132, 28.69484621840611], [30.51645110258465, 29.981636218761917], [30.702511789477466, 31.237691357964803], [30.749999999999996, 32.47303968973237], [30.749999999999993, 33.64279500156383], [30.749999999999993, 34.75446971770993], [30.74999999999999, 35.80806383817065], [30.74999999999999, 36.80357736294601], [30.749999999999986, 37.74101029203599], [30.749999999999986, 38.6203626254406], [30.749999999999986, 39.44163436315984], [30.749999999999982, 40.20482550519371], [30.749999999999982, 40.90993605154222], [30.749999999999982, 41.55696600220534], [30.74999999999998, 42.14591535718311], [30.74999999999998, 42.676784116475496], [30.74999999999998, 43.14957228008251], [30.74999999999998, 43.56427984800416], [30.749999999999975, 43.92090682024044], [30.749999999999975, 44.21945319679135]], "ego_orientations": [1.5707, 1.5707184067454436, 1.5707634356676656, 1.5708214102765683, 1.5708824481616648, 1.5709397842892763, 1.5709891455913394, 1.571028192642543, 1.571056035815039, 1.5710728271427392, 1.5710794248766335, 1.5710771249950675, 1.590918425865659, 1.6350665462051674, 1.6874178960773905, 1.7343815056257035, 1.7657889765414305, 1.7775722769440612, 1.771589567788771, 1.7685394698129506, 1.7653268408988096, 1.753266120256113, 1.7349072898440037, 1.7112047314667105, 1.6601629707094026, 1.5968621540163919, 1.559443023388926, 1.4618609779015015, 1.3961267121660792, 1.4732550347854267, 1.5707963267948983, 1.5707963267948983, 1.5707963267948983, 1.5707963267948983, 1.5707963267948983, 1.5707963267948983, 1.5707963267948983, 1.5707963267948983, 1.5707963267948983, 1.5707963267948983, 1.5707963267948983, 1.5707963267948983, 1.5707963267948983, 1.5707963267948983, 1.5707963267948983, 1.5707963267948983, 1.5707963267948983], "obs_positions": [[36.2084, -12.554], [36.2084, -10.8401], [36.2084, -9.1261], [36.2084, -7.4122], [36.2084, -5.6983], [36.2084, -3.9843], [36.2084, -2.2704], [36.2084, -0.5565], [36.2084, 1.1574], [36.2084, 2.8713], [36.2084, 4.5852], [36.2084, 6.2992], [35.8405, 8.5837], [35.5801, 10.2477], [35.3569, 11.7119], [35.1181, 13.3136], [34.8717, 15.0043], [34.625, 16.739], [34.3839, 18.4811], [34.1529, 20.2042], [33.9344, 21.8922], [33.7298, 23.538], [33.5388, 25.1412], [33.3604, 26.7058], [33.1931, 28.2369], [33.0348, 29.7388], [32.8345, 31.6979], [32.6428, 33.5998], [32.4567, 35.4234], [32.2743, 37.1386], [32.0949, 38.713], [31.9184, 40.122], [31.7021, 41.6422], [31.491, 42.9341], [31.2467, 44.3074], [31.2075, 44.5272]], "obs_orientations": [1.5707, 1.5707, 1.5707, 1.5707, 1.5707, 1.5707, 1.5707, 1.5707, 1.5707, 1.5707, 1.5707, 1.7304, 1.726, 1.722, 1.7188, 1.7155, 1.712, 1.7082, 1.7041, 1.6994, 1.6945, 1.6893, 1.6842, 1.6796, 1.6757, 1.6726, 1.6712, 1.6725, 1.6767, 1.6842, 1.6954, 1.7121, 1.7327, 1.7468, 1.7473, 1.7473], "objectives": {"extension_time": 1.1, "danger_difference": -0.07505617499715367, "parameter_difference": 39.026394296771116}, "attributes": {"generation_number": 3, "individual_number": 150, "crash": false, "goal_reached": false, "scenario_length": 47}}, "[[26.555239316321828], [2.5, 141.26690859680144, 2.5], [0.27299393726032206, 154.12112753838238], [1.8194468719918762, 19.36344064625589]]": {"ego_positions": [[33.005, -8.9788], [33.0051260439941, -7.578665147168742], [33.00520587560011, -6.177763878045187], [33.00521220033911, -4.775471773897422], [33.00513401452638, -3.3713077641650955], [33.004971829555856, -1.9649138264191315], [33.00473382043842, -0.5560366958725744], [33.004432790432666, 0.8554885182401186], [33.00408384325698, 2.269752922167708], [33.003702657479735, 3.686786752118305], [33.00330426345762, 5.106570736021855], [33.00290223088784, 6.529046025566171], [32.992712300799965, 7.953534964117086], [32.93417157492806, 9.37723244819362], [32.80576428025714, 10.797470540341234], [32.60470207477318, 12.21218982284854], [32.347283702899134, 13.620645877703776], [32.059029283920324, 15.023591999936986], [31.76876908934142, 16.41954148251985], [31.490321443160312, 17.80828521129357], [31.213228972584503, 19.194860009658786], [30.948152066548637, 20.581102948870754], [30.705502957042352, 21.962538253526258], [30.494822401707832, 23.33235672628737], [30.320494161053276, 24.693415705047766], [30.184878421828923, 26.046898382745102], [30.091007626355157, 27.385336567657863], [30.044862791214182, 28.70805809476418], [30.05471224330679, 30.03348025336764], [30.08252406161657, 31.373475021472252], [30.091007660069014, 32.72633438437807], [30.090619544946602, 33.99210193065566], [30.09025124369601, 35.19325010378072], [30.089902756317247, 36.32977890375326], [30.089574082810305, 37.401688330573265], [30.08926522317519, 38.40897838424074], [30.088976177411897, 39.35164906475569], [30.08870694552043, 40.22970037211812], [30.088457527500786, 41.04313230632801], [30.088227923352967, 41.791944867385375], [30.08801813307697, 42.476138055290214], [30.087828156672803, 43.09571187004253], [30.087657994140457, 43.65066631164231], [30.087507645479935, 44.14100138008956], [30.08737711069124, 44.56671707538429], [30.087266389774367, 44.92781339752649], [30.087175482729318, 45.22429034651616]], "ego_orientations": [1.5707, 1.5707184067454436, 1.5707634356676656, 1.5708214102765683, 1.5708824481616648, 1.5709397842892763, 1.5709891455913394, 1.571028192642543, 1.571056035815039, 1.5710728271427392, 1.5710794248766335, 1.5710771249950675, 1.590918425865659, 1.6350665462051674, 1.6874178960773905, 1.7343815056257035, 1.7657889765414305, 1.7775722769440612, 1.771589567788771, 1.7685394698129506, 1.7653268408988096, 1.753266120256113, 1.7349072898440037, 1.7112047314667105, 1.684899619912635, 1.6557898029359062, 1.6261202577248715, 1.582229319770139, 1.5502671619791766, 1.5552594674798252, 1.5711029511126016, 1.5711029511126016, 1.5711029511126016, 1.5711029511126016, 1.5711029511126016, 1.5711029511126016, 1.5711029511126016, 1.5711029511126016, 1.5711029511126016, 1.5711029511126016, 1.5711029511126016, 1.5711029511126016, 1.5711029511126016, 1.5711029511126016, 1.5711029511126016, 1.5711029511126016, 1.5711029511126016],