{"[[49.941586439620785], [2.5151959847618253, 466.27576399862977, 658.4156844011231], [2.4602227629516946, 83.92442874829165], [0.6338735210052537, 7.223955067273175]]": {"ego_positions": [[33.005, -13.1789], [33.0051260439941, -11.778765147168743], [33.00520587560011, -10.37786387804518], [33.00521220033911, -8.975571773897425], [33.00513401452638, -7.571407764165098], [33.004971829555856, -6.165013826419138], [33.00473382043842, -4.756136695872581], [33.004432790432666, -3.344611481759888], [33.00408384325698, -1.9303470778322986], [33.003702657479735, -0.5133132478817015], [33.00330426345762, 0.906470736021848], [33.00290223088784, 2.328946025566164], [33.00250818399308, 3.7540228200982533], [33.00213157099337, 5.1815878009427685], [33.00177962435642, 6.611510490373465], [32.99742167426744, 8.04331149592468], [32.97205081393831, 9.475262443915494], [32.91315395741748, 10.905620041358379], [32.81127424649986, 12.332113236575854], [32.65462857501581, 13.750645583198265], [32.44429306808353, 15.160642081435068], [32.1924681488136, 16.564357958204216], [31.90978434648764, 17.963257503650947], [31.589147203898477, 19.360225651772392], [31.25003343227474, 20.752533959689465], [30.923952831937576, 22.13603359472051], [30.63579134818176, 23.503992139043923], [30.395667189672, 24.85461642452922], [30.2102816499155, 26.190705823687036], [30.08890389339102, 27.525366841927376], [30.025714879636766, 28.869712347052975], [30.002976736361195, 30.229396118655224], [29.999648190621137, 31.604612848113362], [29.999999999998632, 32.99009813859295], [29.999999999996334, 34.31301218697822], [29.99999999999415, 35.571340283753415], [29.999999999992077, 36.765082428918525], [29.999999999990116, 37.89423862247355], [29.99999999998827, 38.9588088644185], [29.99999999998653, 39.958793154753366], [29.999999999984908, 40.89419149347815], [29.999999999983395, 41.76500388059286], [29.999999999981995, 42.57123031609748], [29.999999999980705, 43.31287079999201], [29.99999999997953, 43.98992533227647], [29.999999999978467, 44.60239391295085], [29.999999999977515, 45.15027654201515], [29.999999999976676, 45.63357321946936]], "ego_orientations": [1.5707, 1.5707184067454436, 1.5707634356676656, 1.5708214102765683, 1.5708824481616648, 1.5709397842892763, 1.5709891455913394, 1.571028192642543, 1.571056035815039, 1.5710728271427392, 1.5710794248766335, 1.5710771249950675, 1.5710674523943688, 1.5710520038161062, 1.5710323345117592, 1.5792325905878, 1.599161612113234, 1.6255249307028337, 1.6606458395414545, 1.7007250835631051, 1.7355734507112537, 1.7587073527253976, 1.7838908069975195, 1.8063705670033483, 1.809329456215687, 1.7922374561169339, 1.7633832291158869, 1.7293983219188263, 1.6856879312575308, 1.6379790679524968, 1.5999733987359501, 1.5778743187664286, 1.5706083449012247, 1.5707963267966332, 1.5707963267966332, 1.5707963267966332, 1.5707963267966332, 1.5707963267966332, 1.5707963267966332, 1.5707963267966332, 1.5707963267966332, 1.5707963267966332, 1.5707963267966332, 1.5707963267966332, 1.5707963267966332, 1.5707963267966332, 1.5707963267966332, 1.5707963267966332], "obs_positions": [[36.2084, -17.6958], [36.2084, -15.9818], [36.2084, -14.2679], [36.2084, -12.554], [36.2084, -10.8401], [36.2084, -9.1261], [36.2084, -7.4122], [36.2084, -5.6983], [36.2084, -3.9843], [36.2084, -2.2704], [36.2084, -0.5565], [36.2084, 1.1574], [36.2084, 2.8713], [36.2084, 4.5852], [36.2084, 6.2992], [35.8405, 8.5837], [35.5801, 10.2477], [35.3569, 11.7119], [35.1181, 13.3136], [34.8717, 15.0043], [34.625, 16.739], [34.3839, 18.4811], [34.1529, 20.2042], [33.9344, 21.8922], [33.7298, 23.538], [33.5388, 25.1412], [33.3604, 26.7058], [33.1931, 28.2369], [33.0348, 29.7388], [32.8345, 31.6979], [32.6428, 33.5998], [32.4567, 35.4234], [32.2743, 37.1386], [32.0949, 38.713], [31.9184, 40.122], [31.7021, 41.6422], [31.491, 42.9341], [31.2467, 44.3074], [31.2075, 44.5272]], "obs_orientations": [1.5707, 1.5707, 1.5707, 1.5707, 1.5707, 1.5707, 1.5707, 1.5707, 1.5707, 1.5707, 1.5707, 1.5707, 1.5707, 1.5707, 1.7304, 1.726, 1.722, 1.7188, 1.7155, 1.712, 1.7082, 1.7041, 1.6994, 1.6945, 1.6893, 1.6842, 1.6796, 1.6757, 1.6726, 1.6712, 1.6725, 1.6767, 1.6842, 1.6954, 1.7121, 1.7327, 1.7468, 1.7473, 1.7473], "objectives": {"extension_time": 1.4, "danger_difference": 0.030905177568092856, "parameter_difference": 223.38003168950772}, "attributes": {"generation_number": 0, "individual_number": 3, "crash": false, "goal_reached": false, "scenario_length": 48}}, "[[20.882933995407242], [3.4790372391551916, 126.21388820425983, 581.6880257080118], [2.3983166739676918, 21.616000733245812], [1.859660566428774, 18.473765715952645]]": {"ego_positions": [[33.005, -13.1789], [33.00513277030028, -11.778765147168743], [33.00525458328194, -10.37786387804518], [33.00535911797961, -8.975571773897425], [33.00544397523315, -7.571407764165098], [33.00550937853692, -6.165013826419138], [33.005557147236416, -4.756136695872581], [33.00558992621371, -3.344611481759888], [33.005610640122455, -1.9303470778322986], [33.00562213309165, -0.5133132478817015], [33.00562695379681, 0.906470736021848], [33.00562724863594, 2.328946025566164], [33.00562473071659, 3.7540228200982533], [33.00562069821247, 5.1815878009427685], [33.005616081537525, 6.611510490373465], [33.00156816538613, 8.04331149592468], [32.976435401611425, 9.475262443915494], [32.9176799530831, 10.905620041358379], [32.81582686693843, 12.332113236575854], [32.65907109479553, 13.750645583198265], [32.448492097653606, 15.160642081435068], [32.196315765345794, 16.564357958204216], [31.913195886012794, 17.963257503650947], [31.592026780610283, 19.360225651772392], [31.252324840230173, 20.752533959689465], [30.925663128627587, 22.13603359472051], [30.636978669113127, 23.503992139043923], [30.396412674852083, 24.85461642452922], [30.210682190587356, 26.190705823687036], [30.089076126154428, 27.525366841927376], [30.0257664970201, 28.869712347052975], [30.00298366579644, 30.229396118655224], [29.999647745031464, 31.604612848113362], [29.999999999998632, 32.99009813859295], [29.999999999996334, 34.31301218697822], [29.99999999999415, 35.571340283753415], [29.999999999992077, 36.765082428918525], [29.999999999990116, 37.89423862247355], [29.99999999998827, 38.9588088644185], [29.99999999998653, 39.958793154753366], [29.999999999984908, 40.89419149347815], [29.999999999983395, 41.76500388059286], [29.999999999981995, 42.57123031609748], [29.999999999980705, 43.31287079999201], [29.99999999997953, 43.98992533227647], [29.999999999978467, 44.60239391295085], [29.999999999977515, 45.15027654201515], [29.999999999976676, 45.63357321946936]], "ego_orientations": [1.5707, 1.5707043910106262, 1.5707150897387863, 1.5707287362949882, 1.5707430031709577, 1.5707564051544678, 1.5707681062137508, 1.5707777425748375, 1.5707852720346447, 1.5707908530712165, 1.5707947530945583, 1.5707972827266237, 1.5707987518291073, 1.5707994427014953, 1.5707995961211518, 1.5790373755333407, 1.5990270847944814, 1.6254635454623598, 1.660673626234783, 1.7008498935906033, 1.735783264647028, 1.7589777562374598, 1.7842228654161199, 1.806756895367255, 1.8097338982322269, 1.7926232216108453, 1.7637267604619238, 1.7296870342416286, 1.685901008216418, 1.6381059389231436, 1.6000297714702645, 1.577888810272684, 1.5706084231368298, 1.5707963267966332, 1.5707963267966332, 1.5707963267966332, 1.5707963267966332, 1.5707963267966332, 1.5707963267966332, 1.5707963267966332, 1.5707963267966332, 1.5707963267966332, 1.5707963267966332, 1.5707963267966332, 1.5707963267966332, 1.5707963267966332, 1.5707963267966332, 1.5707963267966332],