{"[[35.86120878386429], [2.5, 461.71877189109637, 2.481502289315773], [1.4357352184733485, 194.8085019443019], [1.5814030467391054, 25.93103871744451]]": {"ego_positions": [[33.005, -11.7788], [33.00512590946798, -10.37866514716874], [33.005204905018694, -8.977763878045186], [33.00520929103658, -7.575471773897428], [33.005127919024446, -6.1713077641651015], [33.00496133388971, -4.76491382641914], [33.00471800893185, -3.356036707344033], [33.00443299606699, -1.9445116140273548], [33.004123088008136, -0.5302471853553128], [33.00375829087341, 0.8867867143744104], [33.00336031391435, 2.306570730562015], [33.00295113360506, 3.7290460243512182], [33.00255008023864, 5.154122818883307], [33.00216687032869, 6.581687799727822], [32.99777305436461, 8.011273340886175], [32.97236372207376, 9.441158305955545], [32.91342750578252, 10.869603193921597], [32.81513144991646, 12.294810191536532], [32.679071645813245, 13.714491128688392], [32.510618114009624, 15.127909769762523], [32.31494567598263, 16.53539382609347], [32.092803149708644, 17.938605903977752], [31.850146607561772, 19.336987695586984], [31.597045941050105, 20.72969049655351], [31.348460247208667, 22.11323958298641], [31.125840589980896, 23.477676821609776], [30.929754995622115, 24.825379207581825], [30.757163424762787, 26.157383446366985], [30.605914629875418, 27.473662070271196], [30.505848702702988, 28.772466666446697], [30.522607933575127, 30.0473581730133], [30.585793055115303, 31.29790766002393], [30.605914712982642, 32.53169533802254], [30.605302101958173, 33.68962552692126], [30.604719092735206, 34.79160370348259], [30.60416568531373, 35.83762986770654], [30.603641879693754, 36.8277040195931], [30.603147675875274, 37.76182615914227], [30.60268307385829, 38.63999628635405], [30.602248073642805, 39.46221440122844], [30.601842675228813, 40.22848050376544], [30.60146687861632, 40.938794593965056], [30.601120683805327, 41.59315667182727], [30.600804090795826, 42.19156673735211], [30.600517099587826, 42.734024790539564], [30.60025971018132, 43.22053083138962], [30.600031922576314, 43.65108485990229], [30.5998337367728, 44.02568687607757], [30.599665152770786, 44.34433687991546]], "ego_orientations": [1.5707, 1.5707186870601402, 1.5707643951486174, 1.5708232314923383, 1.5708851596181241, 1.570943311057639, 1.5709897718132348, 1.5710024303958783, 1.5710362483904219, 1.571068679897016, 1.5710837125869725, 1.5710821595915827, 1.571072235003114, 1.5710564518778218, 1.5792714305440023, 1.599228461203029, 1.6256226249196544, 1.6534505491475324, 1.6786197780036836, 1.6993985163390446, 1.718683443753968, 1.7361974120510375, 1.747846046441658, 1.7520029485701782, 1.741818887230516, 1.7235652953257568, 1.7072184000734894, 1.6922446781275124, 1.6782632610687074, 1.6022498200321464, 1.5238459545723606, 1.5311877863756957, 1.5713253837045307, 1.5713253837045307, 1.5713253837045307, 1.5713253837045307, 1.5713253837045307, 1.5713253837045307, 1.5713253837045307, 1.5713253837045307, 1.5713253837045307, 1.5713253837045307, 1.5713253837045307, 1.5713253837045307, 1.5713253837045307, 1.5713253837045307, 1.5713253837045307, 1.5713253837045307, 1.5713253837045307], "obs_positions": [[36.2084, -15.9818], [36.2084, -14.2679], [36.2084, -12.554], [36.2084, -10.8401], [36.2084, -9.1261], [36.2084, -7.4122], [36.2084, -5.6983], [36.2084, -3.9843], [36.2084, -2.2704], [36.2084, -0.5565], [36.2084, 1.1574], [36.2084, 2.8713], [36.2084, 4.5852], [36.2084, 6.2992], [35.8405, 8.5837], [35.5801, 10.2477], [35.3569, 11.7119], [35.1181, 13.3136], [34.8717, 15.0043], [34.625, 16.739], [34.3839, 18.4811], [34.1529, 20.2042], [33.9344, 21.8922], [33.7298, 23.538], [33.5388, 25.1412], [33.3604, 26.7058], [33.1931, 28.2369], [33.0348, 29.7388], [32.8345, 31.6979], [32.6428, 33.5998], [32.4567, 35.4234], [32.2743, 37.1386], [32.0949, 38.713], [31.9184, 40.122], [31.7021, 41.6422], [31.491, 42.9341], [31.2467, 44.3074], [31.2075, 44.5272]], "obs_orientations": [1.5707, 1.5707, 1.5707, 1.5707, 1.5707, 1.5707, 1.5707, 1.5707, 1.5707, 1.5707, 1.5707, 1.5707, 1.5707, 1.7304, 1.726, 1.722, 1.7188, 1.7155, 1.712, 1.7082, 1.7041, 1.6994, 1.6945, 1.6893, 1.6842, 1.6796, 1.6757, 1.6726, 1.6712, 1.6725, 1.6767, 1.6842, 1.6954, 1.7121, 1.7327, 1.7468, 1.7473, 1.7473], "objectives": {"extension_time": 1.3, "danger_difference": 0.04558110380386782, "parameter_difference": 39.08316956878941}, "attributes": {"generation_number": 1, "individual_number": 78, "crash": false, "goal_reached": false, "scenario_length": 49}}, "[[18.362359044605103], [2.5, 199.11939918330057, 24.469980031191717], [2.5018612842740917, 182.32321514182934], [2.6732215083567406, 10.366253415144387]]": {"ego_positions": [[33.005, -11.7788], [33.00512590946798, -10.37866514716874], [33.005204905018694, -8.977763878045186], [33.00520929103658, -7.575471773897428], [33.005127919024446, -6.1713077641651015], [33.00496133388971, -4.76491382641914], [33.00471800893185, -3.356036707344033], [33.00443299606699, -1.9445116140273548], [33.004123088008136, -0.5302471853553128], [33.00375829087341, 0.8867867143744104], [33.00336031391435, 2.306570730562015], [33.00295113360506, 3.7290460243512182], [33.00255008023864, 5.154122818883307], [33.00216687032869, 6.581687799727822], [32.99777305436461, 8.011273340886175], [32.97236372207376, 9.441158305955545], [32.91342750578252, 10.869603193921597], [32.81513144991646, 12.294810191536532], [32.679071645813245, 13.714491128688392], [32.510618114009624, 15.127909769762523], [32.31494567598263, 16.53539382609347], [32.092803149708644, 17.938605903977752], [31.850146607561772, 19.336987695586984], [31.597045941050105, 20.72969049655351], [31.348460247208667, 22.11323958298641], [31.130706835761327, 23.475660636053796], [30.962514651485108, 24.811374003310583], [30.848832831842206, 26.11839132753999], [30.783940995088113, 27.396666539317827], [30.75899065162995, 28.6549317945125], [30.765436573010835, 29.923392786784937], [30.779774097193375, 31.21954906008869], [30.783941087049023, 32.538766524992795], [30.78322118931404, 33.78371404290755], [30.782537745377457, 34.965620570932366], [30.78189075523927, 36.08448610906724], [30.78128021889948, 37.14031065731218], [30.780706136358084, 38.13309421566717], [30.780168507615087, 39.06283678413222], [30.77966733267049, 39.92953836270734], [30.779202611524283, 40.73319895139252], [30.778774344176476, 41.47381855018775], [30.778382530627066, 42.151397159093044], [30.778027170876054, 42.7659347781084], [30.77770826492344, 43.31743140723381], [30.77742581276922, 43.80588704646929], [30.777179814413397, 44.23130169581482], [30.776970269855973, 44.59367535527041], [30.776797179096945, 44.893008024836064], [23.38850303943975, 47.678231912977374], [22.149386880953795, 47.80448132137623]], "ego_orientations": [1.5707, 1.5707186870601402, 1.5707643951486174, 1.5708232314923383, 1.5708851596181241, 1.570943311057639, 1.5709897718132348, 1.5710024303958783, 1.5710362483904219, 1.571068679897016, 1.5710837125869725, 1.5710821595915827, 1.571072235003114, 1.5710564518778218, 1.5792714305440023, 1.599228461203029, 1.6256226249196544, 1.6534505491475324, 1.6786197780036836, 1.6993985163390446, 1.718683443753968, 1.7361974120510375, 1.747846046441658, 1.7520029485701782, 1.741818887230516, 1.7142135095686228, 1.6768926543951115, 1.638504076259687, 1.605791776409689, 1.5757824552135398, 1.5592564228041803, 1.5628493741494924, 1.571374582218826, 1.571374582218826, 1.571374582218826, 1.571374582218826, 1.571374582218826, 1.571374582218826, 1.571374582218826, 1.571374582218826, 1.571374582218826, 1.571374582218826, 1.571374582218826, 1.571374582218826, 1.571374582218826, 1.571374582218826, 1.571374582218826, 1.571374582218826, 1.571374582218826, 3.0474666685864285, 3.0414769307027503],