{"[[11.969818816071642], [22.38505081951045, 230.48946555512424, 462.8300678541439], [1.7710722886172365, 2.503943472811887], [1.4725571995099234, 11.9412055852058]]": {"ego_positions": [[33.005, -18.7788], [33.00513277030028, -17.378665147168743], [33.00525458328194, -15.977763878045184], [33.00535911797961, -14.575471773897428], [33.00544397523315, -13.171307764165103], [33.00550937853692, -11.764913826419141], [33.005557147236416, -10.356036695872584], [33.00558992621371, -8.944511481759891], [33.005610640122455, -7.530247077832302], [33.00562213309165, -6.113213247881705], [33.00562716675866, -4.693429270762787], [33.00563254493425, -3.2709540082433604], [33.005643528162416, -1.8458772561193235], [33.00566148851514, -0.4183122693618803], [33.00566565706557, 1.0116104875985803], [33.005661475268816, 2.443748643263815], [33.005657346752, 3.8779527806566323], [33.00565380730959, 5.314069943931689], [33.00564334858261, 6.751946787817045], [33.001558116320105, 8.19109492006921], [32.976365290193456, 9.629788280274516], [32.91754123729424, 11.06629412121554], [32.81925086229967, 12.498828552903225], [32.683099517933876, 13.925129560881961], [32.51202073678946, 15.344974790731262], [32.304191017343996, 16.76044619904062], [32.05552731758712, 18.173945156562343], [31.7526093907753, 19.587504413751393], [31.42361175820384, 20.997407877985413], [31.094463193355317, 22.39401628520459], [30.795798960202298, 23.77358105198603], [30.558623942357155, 25.13373650834416], [30.39009509399535, 26.47154883814881], [30.337905430720298, 27.780253070121578], [30.365635955124052, 29.056052846354365], [30.36901257317233, 30.300001209346338], [30.346489439761616, 31.518000602003987], [30.3379054307203, 32.72080286764116], [30.3379054307203, 33.872207725733446], [30.3379054307203, 34.97693491358149], [30.3379054307203, 36.03498443118527], [30.3379054307203, 37.046356278544806], [30.3379054307203, 38.0110504556601], [30.3379054307203, 38.92906696253113], [30.3379054307203, 39.800405799157915], [30.3379054307203, 40.625066965540455], [30.3379054307203, 41.40305046167874], [30.3379054307203, 42.13435628757277], [30.3379054307203, 42.81898444322256], [30.3379054307203, 43.456934928628094], [30.3379054307203, 44.048207743789376], [30.3379054307203, 44.592802888706416], [30.3379054307203, 45.0907203633792], [30.3379054307203, 45.54196016780773]], "ego_orientations": [1.5707, 1.5707043910106262, 1.5707150897387863, 1.5707287362949882, 1.5707430031709577, 1.5707564051544678, 1.5707681062137508, 1.5707777425748375, 1.5707852720346447, 1.5707908530712165, 1.5707933479202776, 1.5707911192456498, 1.5707849839010988, 1.570787635244195, 1.57079917176013, 1.5707993062342327, 1.5707990226781594, 1.5707985530675317, 1.5708134979757091, 1.579032774632291, 1.5989467721880104, 1.62528888883415, 1.6530808199250353, 1.6782418912397965, 1.703781293599583, 1.7286409490848271, 1.764816724332019, 1.7941987297839672, 1.803785443995401, 1.797787151290831, 1.7643813134054895, 1.7251082633180848, 1.6569890498303719, 1.5653536242448836, 1.5511348507956144, 1.5841601133115246, 1.587463540056371, 1.5707963267948966, 1.5707963267948966, 1.5707963267948966, 1.5707963267948966, 1.5707963267948966, 1.5707963267948966, 1.5707963267948966, 1.5707963267948966, 1.5707963267948966, 1.5707963267948966, 1.5707963267948966, 1.5707963267948966, 1.5707963267948966, 1.5707963267948966, 1.5707963267948966, 1.5707963267948966, 1.5707963267948966], "obs_positions": [[36.2084, -24.5515], [36.2084, -22.8376], [36.2084, -21.1236], [36.2084, -19.4097], [36.2084, -17.6958], [36.2084, -15.9818], [36.2084, -14.2679], [36.2084, -12.554], [36.2084, -10.84], [36.2084, -9.1261], [36.2084, -7.4122], [36.2084, -5.6983], [36.2084, -3.9843], [36.2084, -2.2704], [36.2084, -0.5565], [36.2084, 1.1574], [36.2084, 2.8713], [36.2084, 4.5852], [36.2084, 6.2992], [35.8405, 8.5837], [35.5801, 10.2477], [35.3569, 11.7119], [35.1181, 13.3136], [34.8717, 15.0043], [34.625, 16.739], [34.3839, 18.4811], [34.1529, 20.2042], [33.9344, 21.8922], [33.7298, 23.538], [33.5388, 25.1412], [33.3604, 26.7058], [33.1931, 28.2369], [33.0348, 29.7388], [32.8345, 31.6979], [32.6428, 33.5998], [32.4567, 35.4234], [32.2743, 37.1386], [32.0949, 38.713], [31.9184, 40.122], [31.7021, 41.6422], [31.491, 42.9341], [31.2467, 44.3074], [31.2075, 44.5272]], "obs_orientations": [1.5707, 1.5707, 1.5707, 1.5707, 1.5707, 1.5707, 1.5707, 1.5707, 1.5707, 1.5707, 1.5707, 1.5707, 1.5707, 1.5707, 1.5707, 1.5707, 1.5707, 1.5707, 1.7304, 1.726, 1.722, 1.7188, 1.7155, 1.712, 1.7082, 1.7041, 1.6994, 1.6945, 1.6893, 1.6842, 1.6796, 1.6757, 1.6726, 1.6712, 1.6725, 1.6767, 1.6842, 1.6954, 1.7121, 1.7327, 1.7468, 1.7473, 1.7473], "objectives": {"extension_time": 1.8, "danger_difference": 0.07066367813287444, "parameter_difference": 145.30147501057775}, "attributes": {"generation_number": 0, "individual_number": 42, "crash": false, "goal_reached": false, "scenario_length": 54}}, "[[46.0747207289475], [28.243511586731106, 318.99646475676604, 412.34889755229057], [0.6871412686144864, 181.15333830660495], [2.4438047407513155, 24.13952221348824]]": {"ego_positions": [[33.005, -18.7788], [33.005125976731044, -17.378665147168743], [33.005205390309406, -15.977763878045184], [33.00521074568784, -14.575471773897428], [33.00513096677541, -13.171307764165103], [33.00496658172278, -11.764913826419141], [33.00472584030108, -10.356036695872584], [33.00442165422796, -8.944511481759891], [33.00406925096263, -7.530247077832302], [33.0036844346428, -6.113213247881705], [33.00328256663502, -4.69342926796075], [33.002881978544806, -3.2709539918681125], [33.00249792956196, -1.8458772139139297], [33.00214001096397, -0.4183122258576966], [33.00179380674184, 1.0116104892997877], [33.00146928243035, 2.443748643743511], [33.001177664121265, 3.8779527806566323], [33.00092079573817, 5.314069943931689], [33.000698791006776, 6.751946787817045], [32.99647481086561, 8.19109492006921], [32.97123683931106, 9.629788280274516], [32.9124677306206, 11.06629412121554], [32.81433003628587, 12.498828552903225], [32.67841663464976, 13.925129560881961], [32.507648145973704, 15.344974790731262], [32.30019721994336, 16.76044619904062], [32.051982388738416, 18.173945156562343], [31.7496020900576, 19.587504413751393], [31.42118156746446, 20.997407877985413], [31.092604773868892, 22.39401628520459], [30.79446577716773, 23.77358105198603], [30.557737649837087, 25.13373650834416], [30.38952877972183, 26.47154883814881], [30.337436937730057, 27.780253070121578], [30.365114343009612, 29.056052846354365], [30.368484701202313, 30.300001209346338], [30.34600458177887, 31.518000602003987], [30.337436937730057, 32.72080286764116], [30.337436937730057, 33.872199173639316], [30.337436937730057, 34.97690959474842], [30.337436937730057, 36.03493413096848], [30.337436937730057, 37.04627278229948], [30.337436937730057, 38.01092554874144], [30.337436937730057, 38.92889243029435], [30.337436937730057, 39.800173426958196], [30.337436937730057, 40.62476853873301], [30.337436937730057, 41.40267776561876], [30.337436937730057, 42.133901107615465], [30.337436937730057, 42.818438564723124], [30.337436937730057, 43.456290136941725], [30.337436937730057, 44.04745582427128], [30.337436937730057, 44.59193562671179], [30.337436937730057, 45.089729544263236], [30.337436937730057, 45.54083757692564]],