{"[[5], [5, 50, 100], [0.25, 20], [0.25, 5]]": {"ego_positions": [[25.705, 2.2621], [23.91339615364871, 2.0869879611140414], [22.118707224727945, 1.9349337655876646], [20.318985125503662, 1.8191111799253217], [18.513277326027357, 1.7442341690286998], [16.701336912232136, 1.7091402739354928], [14.883404415513656, 1.708866691208212], [13.06003504619658, 1.7362526461913006], [11.232158726549665, 1.781130082717967], [9.401424160065659, 1.826754290303395], [7.569231754358206, 1.8593536023860016], [5.736548316932074, 1.8698811030287907], [3.904021327579469, 1.8527899474582088], [2.072095940777737, 1.8047899623985202], [0.2408974150447164, 1.7259301641131144], [-1.5894409596034937, 1.6163077757143716], [-3.417889486628007, 1.4705464179102936], [-5.242566035742429, 1.2836139268496325], [-7.062668136904831, 1.047023236409474], [-8.878604332819236, 0.7615444778493075], [-10.691477018420544, 0.4359144999175648], [-12.50219272430151, 0.07717305173127542], [-14.31079956539701, -0.3174948401213744], [-16.119104022059858, -0.7317869658138337], [-17.929545195367734, -1.1413399443145589], [-19.744041889986807, -1.5258976599998912]], "ego_orientations": [3.2415, -3.04891126593898, -3.0664208027745143, -3.088625381449316, -3.111518913240135, -3.1324299874765824, 3.133428852299808, 3.120493621106613, 3.1153689159994635, 3.1192231726201087, 3.1291920108159577, -3.1402098485938934, -3.123976045705953, -3.1068504869818394, -3.0904653722221105, -3.072355287109442, -3.051525772904655, -3.026353171682793, -2.9984574724900903, -2.9737299038727203, -2.955174940459131, -2.9357952477860083, -2.9194318143823574, -2.9156301926777743, -2.924474585616432, -2.9421000939334876], "obs_positions": [[-5.5904, -0.6036], [-5.5904, -0.6036], [-5.5904, -0.6036], [-5.5904, -0.6036], [-5.5904, -0.6036], [-5.5904, -0.6036], [-5.5904, -0.6036], [-5.5904, -0.6036], [-5.5904, -0.6036], [-5.5904, -0.6036], [-5.5904, -0.6036], [-5.5904, -0.6036], [-5.5904, -0.6036], [-5.5904, -0.6036], [-5.5904, -0.6036], [-5.5904, -0.6036], [-5.5904, -0.6036], [-5.5904, -0.6036], [-5.5904, -0.6036], [-5.5904, -0.6036], [-5.5904, -0.6036], [-5.5904, -0.6036], [-5.5904, -0.6036], [-5.5904, -0.6036], [-5.5904, -0.6036], [-5.5904, -0.6036]], "obs_orientations": [3.2415, 3.2415, 3.2415, 3.2415, 3.2415, 3.2415, 3.2415, 3.2415, 3.2415, 3.2415, 3.2415, 3.2415, 3.2415, 3.2415, 3.2415, 3.2415, 3.2415, 3.2415, 3.2415, 3.2415, 3.2415, 3.2415, 3.2415, 3.2415, 3.2415, 3.2415], "attributes": {"crash": false, "goal_reached": true, "max_danger": 9.560008043111319, "scenario_length": 26, "lower_bound": -1.0, "upper_bound": -1.0}}}