{"[[3.9203943444819362], [0.42252830092603166, 194.9117666847966, 93.60826670531841], [2.522479620336822, 22.25021417006206], [1.212331342990285, 1.645805577252065]]": {"ego_positions": [[23.9139, 2.0823], [22.12231348383909, 1.9070121594906448], [20.327639956170916, 1.7548060787267261], [18.527936090506007, 1.638845155576286], [16.722243284469226, 1.5638409877603243], [14.910312403942603, 1.5286472434651672], [13.092386747124346, 1.5283154730988247], [11.269020926276141, 1.5556828868226562], [9.44114438253636, 1.6005698963810597], [7.610406989445142, 1.6462234970170957], [5.778210089905733, 1.6788684213185607], [3.9455760555416495, 1.6889096190288624], [2.113328638410039, 1.669047650278487], [0.2819214307948882, 1.615660092717294], [-1.54835916571526, 1.5262045961043744], [-3.3771118891333023, 1.400888758863403], [-5.202426415521306, 1.234614510859596], [-7.02327349027612, 1.0170391809204253], [-8.839909770560284, 0.7477764458396614], [-10.653353152821307, 0.43506058929474767], [-12.464455355271866, 0.08569409098096359], [-14.273200096288502, -0.30349725031269625], [-16.08141510833907, -0.715737053071352], [-17.891613251242227, -1.1256861693508906], [-19.705795140271313, -1.512061892758242]], "ego_orientations": [3.2416, -3.048818155487875, -3.066341781326406, -3.0885508610854893, -3.111452474016942, -3.132386287844248, 3.1334483185421673, 3.120495209394533, 3.1153579330784202, 3.119202343888973, 3.129163520092627, -3.1393779668187523, -3.1219073399403925, -3.1026486361997487, -3.0830691654412874, -3.0628998821179767, -3.037288092618934, -3.0080880081343984, -2.981621527818458, -2.9612092453814083, -2.9397570032196536, -2.9213417721799226, -2.915950252888911, -2.923773711387811, -2.94088854468025], "obs_positions": [[-5.5904, -0.6036], [-5.5904, -0.6036], [-5.5904, -0.6036], [-5.5904, -0.6036], [-5.5904, -0.6036], [-5.5904, -0.6036], [-5.5904, -0.6036], [-5.5904, -0.6036], [-5.5904, -0.6036], [-5.5904, -0.6036], [-5.5904, -0.6036], [-5.5904, -0.6036], [-5.5904, -0.6036], [-5.5904, -0.6036], [-5.5904, -0.6036], [-5.5904, -0.6036], [-5.5904, -0.6036], [-5.5904, -0.6036], [-5.5904, -0.6036], [-5.5904, -0.6036], [-5.5904, -0.6036], [-5.5904, -0.6036], [-5.5904, -0.6036], [-5.5904, -0.6036], [-5.5904, -0.6036]], "obs_orientations": [3.2415, 3.2415, 3.2415, 3.2415, 3.2415, 3.2415, 3.2415, 3.2415, 3.2415, 3.2415, 3.2415, 3.2415, 3.2415, 3.2415, 3.2415, 3.2415, 3.2415, 3.2415, 3.2415, 3.2415, 3.2415, 3.2415, 3.2415, 3.2415, 3.2415], "objectives": {"extension_time": -0.1, "danger_difference": 0.19713556636346574, "parameter_difference": 3.227932478813979}, "attributes": {"generation_number": 15, "individual_number": 782, "crash": false, "goal_reached": true, "scenario_length": 25}}}