{"[[26.798724246774007], [2.3977018008600606, 197.79074778318574, 2.5], [2.0078405585879335, 168.53770151566482], [4.113772770700841, 37.55635479823914]]": {"ego_positions": [[41.824, 3.8793], [40.03280813342504, 3.7000016144251715], [38.24061772737964, 3.522895469659486], [36.44670479997848, 3.3491162588524723], [34.65052157091193, 3.1790900426714224], [32.85208054355914, 3.0127021479144305], [31.053082835074022, 2.849604147831915], [29.255475395322627, 2.6933528848802584], [27.457156752353082, 2.5600692991022895], [25.65595624294301, 2.460835323975723], [23.850660920637885, 2.399147164399033], [22.040755156219994, 2.3732861590325083], [20.226208614783353, 2.3782040922986605], [18.40730407726329, 2.4069374923118163], [16.58451589541761, 2.451734162480145], [14.758282977306424, 2.5028212607616305], [12.928822267397377, 2.5444486054005475], [11.097315160976436, 2.56436533846783], [9.264852963366325, 2.555182176970184], [7.432156831490286, 2.5131509218646286], [5.599615449336316, 2.437721078246403], [3.7673936384804936, 2.3304498478459448], [1.9355032141854913, 2.1942415736636947], [0.10405583070672741, 2.0308031066114767], [-1.7262465465282661, 1.8357789077626665], [-3.554639293873339, 1.6073962198930754], [-5.3796407039506144, 1.3454460975065556], [-7.2007979705792895, 1.0460164649942842], [-9.018655144512934, 0.7120942483007253], [-10.834277389747127, 0.35246756593185147], [-12.648484216311843, -0.02627132252928166], [-14.461298673497494, -0.4263175686136098], [-16.274217540377126, -0.8341366562342951], [-18.089254525237248, -1.2299288587597719], [-19.907958830587365, -1.5978054806281359]], "ego_orientations": [3.2416, -3.042293884318548, -3.0439897996320675, -3.0460997897952495, -3.048313188526038, -3.050316154637358, -3.051979880039382, -3.059782030042024, -3.076451014635897, -3.0969548104442923, -3.1177216400031544, -3.136388938901846, 3.131640173957357, 3.1206851634091617, 3.1140760236261413, 3.1148597977049564, 3.1239179886081, 3.1381690742308175, -3.1278015499241905, -3.1094936405987985, -3.0915678528126165, -3.0749320538466978, -3.0601663524258047, -3.044386128481184, -3.026354075359269, -3.008484321208376, -2.988942528867672, -2.968663445159642, -2.952037817848292, -2.941089740518975, -2.929611446079595, -2.9206165366041055, -2.921911977807952, -2.9333383556661983, -2.9514742267996765], "obs_positions": [[-5.5904, -0.6036], [-5.5904, -0.6036], [-5.5904, -0.6036], [-5.5904, -0.6036], [-5.5904, -0.6036], [-5.5904, -0.6036], [-5.5904, -0.6036], [-5.5904, -0.6036], [-5.5904, -0.6036], [-5.5904, -0.6036], [-5.5904, -0.6036], [-5.5904, -0.6036], [-5.5904, -0.6036], [-5.5904, -0.6036], [-5.5904, -0.6036], [-5.5904, -0.6036], [-5.5904, -0.6036], [-5.5904, -0.6036], [-5.5904, -0.6036], [-5.5904, -0.6036], [-5.5904, -0.6036], [-5.5904, -0.6036], [-5.5904, -0.6036], [-5.5904, -0.6036], [-5.5904, -0.6036], [-5.5904, -0.6036], [-5.5904, -0.6036], [-5.5904, -0.6036], [-5.5904, -0.6036], [-5.5904, -0.6036], [-5.5904, -0.6036], [-5.5904, -0.6036], [-5.5904, -0.6036], [-5.5904, -0.6036], [-5.5904, -0.6036]], "obs_orientations": [3.2415, 3.2415, 3.2415, 3.2415, 3.2415, 3.2415, 3.2415, 3.2415, 3.2415, 3.2415, 3.2415, 3.2415, 3.2415, 3.2415, 3.2415, 3.2415, 3.2415, 3.2415, 3.2415, 3.2415, 3.2415, 3.2415, 3.2415, 3.2415, 3.2415, 3.2415, 3.2415, 3.2415, 3.2415, 3.2415, 3.2415, 3.2415, 3.2415, 3.2415, 3.2415], "objectives": {"extension_time": 0.9, "danger_difference": -0.15121048075179822, "parameter_difference": 39.02996072509849}, "attributes": {"generation_number": 5, "individual_number": 257, "crash": false, "goal_reached": true, "scenario_length": 35}}, "[[13.073542328986035], [2.5, 200.0, 2.5], [1.0993404779657416, 184.52555666039103], [11.944177582475199, 45.71129262513973]]": {"ego_positions": [[41.824, 3.8793], [40.03280813342504, 3.7000016144251715], [38.24061772737964, 3.522895469659486], [36.44670479997848, 3.3491162588524723], [34.65052157091193, 3.1790900426714224], [32.85208054355914, 3.0127021479144305], [31.053082835074022, 2.849604147831915], [29.255475395322627, 2.6933528848802584], [27.457156752353082, 2.5600692991022895], [25.65595624294301, 2.460835323975723], [23.850660920637885, 2.399147164399033], [22.040755156219994, 2.3732861590325083], [20.226208614783353, 2.3782040922986605], [18.40730407726329, 2.4069374923118163], [16.58451589541761, 2.451734162480145], [14.758282977306424, 2.5028212607616305], [12.928822267397377, 2.5444486054005475], [11.097315160976436, 2.56436533846783], [9.264852963366325, 2.555182176970184], [7.432156831490286, 2.5131509218646286], [5.599615449336316, 2.437721078246403], [3.7673936384804936, 2.3304498478459448], [1.9355032141854913, 2.1942415736636947], [0.10405583070672741, 2.0308031066114767], [-1.7262465465282661, 1.8357789077626665], [-3.554639293873339, 1.6073962198930754], [-5.3796407039506144, 1.3454460975065556], [-7.2007979705792895, 1.0460164649942842], [-9.018655144512934, 0.7120942483007253], [-10.834277389747127, 0.35246756593185147], [-12.648484216311843, -0.02627132252928166], [-14.461298673497494, -0.4263175686136098], [-16.274217540377126, -0.8341366562342951], [-18.089254525237248, -1.2299288587597719], [-19.907958830587365, -1.5978054806281359]], "ego_orientations": [3.2416, -3.042293884318548, -3.0439897996320675, -3.0460997897952495, -3.048313188526038, -3.050316154637358, -3.051979880039382, -3.059782030042024, -3.076451014635897, -3.0969548104442923, -3.1177216400031544, -3.136388938901846, 3.131640173957357, 3.1206851634091617, 3.1140760236261413, 3.1148597977049564, 3.1239179886081, 3.1381690742308175, -3.1278015499241905, -3.1094936405987985, -3.0915678528126165, -3.0749320538466978, -3.0601663524258047, -3.044386128481184, -3.026354075359269, -3.008484321208376, -2.988942528867672, -2.968663445159642, -2.952037817848292, -2.941089740518975, -2.929611446079595, -2.9206165366041055, -2.921911977807952, -2.9333383556661983, -2.9514742267996765], "obs_positions": [[-5.5904, -0.6036], [-5.5904, -0.6036], [-5.5904, -0.6036], [-5.5904, -0.6036], [-5.5904, -0.6036], [-5.5904, -0.6036], [-5.5904, -0.6036], [-5.5904, -0.6036], [-5.5904, -0.6036], [-5.5904, -0.6036], [-5.5904, -0.6036], [-5.5904, -0.6036], [-5.5904, -0.6036], [-5.5904, -0.6036], [-5.5904, -0.6036], [-5.5904, -0.6036], [-5.5904, -0.6036], [-5.5904, -0.6036], [-5.5904, -0.6036], [-5.5904, -0.6036], [-5.5904, -0.6036], [-5.5904, -0.6036], [-5.5904, -0.6036], [-5.5904, -0.6036], [-5.5904, -0.6036], [-5.5904, -0.6036], [-5.5904, -0.6036], [-5.5904, -0.6036], [-5.5904, -0.6036], [-5.5904, -0.6036], [-5.5904, -0.6036], [-5.5904, -0.6036], [-5.5904, -0.6036], [-5.5904, -0.6036], [-5.5904, -0.6036]], "obs_orientations": [3.2415, 3.2415, 3.2415, 3.2415, 3.2415, 3.2415, 3.2415, 3.2415, 3.2415, 3.2415, 3.2415, 3.2415, 3.2415, 3.2415, 3.2415, 3.2415, 3.2415, 3.2415, 3.2415, 3.2415, 3.2415, 3.2415, 3.2415, 3.2415, 3.2415, 3.2415, 3.2415, 3.2415, 3.2415, 3.2415, 3.2415, 3.2415, 3.2415, 3.2415, 3.2415], "objectives": {"extension_time": 0.9, "danger_difference": -0.15121048075179822, "parameter_difference": 39.030943025316056}, "attributes": {"generation_number": 7, "individual_number": 359, "crash": false, "goal_reached": true, "scenario_length": 35}}}