{"[[4.290330506784478], [0.39215152531291153, 195.48346680063173, 2.5], [1.0591774909427945, 24.79502633090523], [2.1903773654410013, 47.351907985324495]]": {"ego_positions": [[40.033, 3.6996], [38.24181992500488, 3.520294023735681], [36.4496603812577, 3.343095312491399], [34.65576520439166, 3.169223286916193], [32.85994918130002, 2.999130981116603], [31.06378331817725, 2.8328411377392193], [29.27789286661714, 2.695349165915713], [27.531348416941047, 2.6424279990064528], [25.820228837407495, 2.672961263271406], [24.134133979406407, 2.771361169513418], [22.463517504130493, 2.9250673262587332], [20.795799434547835, 3.1384528201060844], [19.124736673025485, 3.3828483584273705], [17.44831324204279, 3.617051867185358], [15.764624547535822, 3.810201767866632], [14.074371801347699, 3.9438523839022492], [12.379667602675651, 4.009247935400409], [10.682158059883058, 4.004654034697967], [8.982864858284994, 3.9332891146272466], [7.282615417998126, 3.799425234836023], [5.582641592346481, 3.6032938484176533], [3.883394063338197, 3.351732309561867], [2.1846157625374056, 3.057074570737403], [0.4856750551696599, 2.733672737964805], [-1.2140480807450973, 2.393527281419328], [-2.9143587520971126, 2.0394986950466523], [-4.615075413579956, 1.6740932411573732], [-6.316078604931618, 1.2997380161474918], [-8.016867815226876, 0.915642445088656], [-9.71740602591242, 0.5250089106037945], [-11.418050372180836, 0.13418397875209664], [-13.1193020612981, -0.24971079343374414], [-14.821420372229813, -0.6222795873697597], [-16.524072049903552, -0.9843528221319984], [-18.227687855308826, -1.3300845686594363], [-19.93298237229084, -1.6517956673533032]], "ego_orientations": [3.2416, -3.0422674119047235, -3.0439275946948907, -3.04605237485397, -3.0482509430484126, -3.050255966951263, -3.0868494071248453, -3.136124044714851, 3.101680952220022, 3.066975421533962, 3.0308483796587042, 3.0012489280978802, 2.9958964418644847, 3.012713953144714, 3.043773894191787, 3.082398764764672, 3.123781599814348, -3.1187307316026827, -3.081204706297468, -3.0445912049487673, -3.0096382503369976, -2.980878585113933, -2.96024856250684, -2.9481324874077957, -2.940056241686897, -2.9328162975812053, -2.9274746375307235, -2.9221694399222695, -2.9171387262627766, -2.9150815999218813, -2.9170185078558677, -2.922914831588033, -2.9288599876058696, -2.9359402246699084, -2.947602269233776, -2.9631567716495115], "obs_positions": [[-5.5904, -0.6036], [-5.5904, -0.6036], [-5.5904, -0.6036], [-5.5904, -0.6036], [-5.5904, -0.6036], [-5.5904, -0.6036], [-5.5904, -0.6036], [-5.5904, -0.6036], [-5.5904, -0.6036], [-5.5904, -0.6036], [-5.5904, -0.6036], [-5.5904, -0.6036], [-5.5904, -0.6036], [-5.5904, -0.6036], [-5.5904, -0.6036], [-5.5904, -0.6036], [-5.5904, -0.6036], [-5.5904, -0.6036], [-5.5904, -0.6036], [-5.5904, -0.6036], [-5.5904, -0.6036], [-5.5904, -0.6036], [-5.5904, -0.6036], [-5.5904, -0.6036], [-5.5904, -0.6036], [-5.5904, -0.6036], [-5.5904, -0.6036], [-5.5904, -0.6036], [-5.5904, -0.6036], [-5.5904, -0.6036], [-5.5904, -0.6036], [-5.5904, -0.6036], [-5.5904, -0.6036], [-5.5904, -0.6036], [-5.5904, -0.6036], [-5.5904, -0.6036]], "obs_orientations": [3.2415, 3.2415, 3.2415, 3.2415, 3.2415, 3.2415, 3.2415, 3.2415, 3.2415, 3.2415, 3.2415, 3.2415, 3.2415, 3.2415, 3.2415, 3.2415, 3.2415, 3.2415, 3.2415, 3.2415, 3.2415, 3.2415, 3.2415, 3.2415, 3.2415, 3.2415, 3.2415, 3.2415, 3.2415, 3.2415, 3.2415, 3.2415, 3.2415, 3.2415, 3.2415, 3.2415], "objectives": {"extension_time": 0.8, "danger_difference": -1.0045297857008695, "parameter_difference": 39.05951321425086}, "attributes": {"generation_number": 8, "individual_number": 430, "crash": false, "goal_reached": true, "scenario_length": 36}}, "[[33.68802584605209], [2.4915211818167586, 199.96162156090645, 2.5], [0.8959737139135764, 1.792048341442612], [2.205402791123056, 17.43481753873256]]": {"ego_positions": [[40.033, 3.6996], [38.241862276563914, 3.519871880806849], [36.44996595635281, 3.3400495851235448], [34.65668110482401, 3.1600935142652307], [32.86186810038904, 2.9800018412033595], [31.065972109200732, 2.8042726944759853], [29.26683098981329, 2.651578244962951], [27.462600242760193, 2.535123736357308], [25.652404443767423, 2.459647715247888], [23.836063979330223, 2.4240142760047587], [22.013874621171237, 2.4232742088479693], [20.186429529564546, 2.4502770230868416], [18.354480702248466, 2.496830699911637], [16.51884759391829, 2.55463295424145], [14.680344693497865, 2.6158900064036064], [12.83974161617555, 2.673725075536649], [10.997700581372811, 2.722379670271112], [9.154785841767433, 2.757301169127021], [7.3114576259726345, 2.775144144690741], [5.468070276472343, 2.7736975048417527], [3.624992066016489, 2.750714504547552], [1.7828197015546756, 2.701655060626853], [-0.058141090325914524, 2.6248644262211602], [-1.8978895895075796, 2.5217123515210016], [-3.736574655110585, 2.395049976294662], [-5.5743864516549575, 2.2479458443132536], [-7.411664990559388, 2.084670441318864], [-9.248752026062634, 1.9098583683017942], [-11.085949889842208, 1.7276317887923158], [-12.923478534399367, 1.541446865494992], [-14.761569289280786, 1.3542890236127159], [-16.6002824641596, 1.1676358685465063], [-18.439559956628123, 0.9818339893630963]], "ego_orientations": [3.2416, -3.0415797778191695, -3.04157343176568, -3.0415825253431614, -3.0415899568673286, -3.048781475833657, -3.066255449398272, -3.088414659814702, -3.1112765453847353, -3.1321753943664645, 3.133678300465009, 3.120732626646123, 3.1124097897970366, 3.108531049071669, 3.1086630358022025, 3.1122191329096798, 3.118561209855228, 3.127031164049212, 3.1369938890021207, -3.135317208609923, -3.122376070494723, -3.1074247366956924, -3.092521717927431, -3.0789375227270313, -3.066931880227231, -3.056914826905685, -3.0494327056082717, -3.044389293229551, -3.041363410070133, -3.040163032951528, -3.0402044098894256, -3.0406721806897634, -3.041138204269648], "obs_positions": [[-5.5904, -0.6036], [-5.5904, -0.6036], [-5.5904, -0.6036], [-5.5904, -0.6036], [-5.5904, -0.6036], [-5.5904, -0.6036], [-5.5904, -0.6036], [-5.5904, -0.6036], [-5.5904, -0.6036], [-5.5904, -0.6036], [-5.5904, -0.6036], [-5.5904, -0.6036], [-5.5904, -0.6036], [-5.5904, -0.6036], [-5.5904, -0.6036], [-5.5904, -0.6036], [-5.5904, -0.6036], [-5.5904, -0.6036], [-5.5904, -0.6036], [-5.5904, -0.6036], [-5.5904, -0.6036], [-5.5904, -0.6036], [-5.5904, -0.6036], [-5.5904, -0.6036], [-5.5904, -0.6036], [-5.5904, -0.6036], [-5.5904, -0.6036], [-5.5904, -0.6036], [-5.5904, -0.6036], [-5.5904, -0.6036], [-5.5904, -0.6036], [-5.5904, -0.6036], [-5.5904, -0.6036]], "obs_orientations": [3.2415, 3.2415, 3.2415, 3.2415, 3.2415, 3.2415, 3.2415, 3.2415, 3.2415, 3.2415, 3.2415, 3.2415, 3.2415, 3.2415, 3.2415, 3.2415, 3.2415, 3.2415, 3.2415, 3.2415, 3.2415, 3.2415, 3.2415, 3.2415, 3.2415, 3.2415, 3.2415, 3.2415, 3.2415, 3.2415, 3.2415, 3.2415, 3.2415], "objectives": {"extension_time": 0.8, "danger_difference": -3.0930906172861192, "parameter_difference": 39.02515744665902}, "attributes": {"generation_number": 15, "individual_number": 754, "crash": false, "goal_reached": true, "scenario_length": 33}},