{"[[36.53404721615364], [2.4899388116020926, 200.0, 37.7502478360896], [83.08363090892917, 115.00593585645686], [0.5891874672772941, 2.7753969028605816]]": {"ego_positions": [[25.705, 2.2621], [23.91339615364871, 2.0869879611140414], [22.118707224727945, 1.9349337655876646], [20.318985125503662, 1.8191111799253217], [18.513277326027357, 1.7442341690286998], [16.701336912232136, 1.7091402739354928], [14.883404415513656, 1.708866691208212], [13.06003504619658, 1.7362526461913006], [11.232158726549665, 1.781130082717967], [9.401424160065659, 1.826754290303395], [7.569231754358206, 1.8593536023860016], [5.736548316932074, 1.8698811030287907], [3.904021327579469, 1.8527899474582088], [2.072180674304184, 1.8037168858312969], [0.24144765006831426, 1.7187650420868992], [-1.587993799699841, 1.5961276867614984], [-3.415876508911055, 1.431640045395807], [-5.241959942850159, 1.2301034371227741], [-7.064223922473353, 0.9982439538067428], [-8.882709343004176, 0.7358303350870874], [-10.694426855384336, 0.4020025799055289], [-12.500401675536237, -0.0007470157747087036], [-14.304288819438936, -0.4400923527619329], [-16.109852691311765, -0.8800421863947808], [-17.919832349306624, -1.2930895574025325], [-19.734768541815804, -1.6743282476113788]], "ego_orientations": [3.2415, -3.04891126593898, -3.0664208027745143, -3.088625381449316, -3.111518913240135, -3.1324299874765824, 3.133428852299808, 3.120493621106613, 3.1153689159994635, 3.1192231726201087, 3.1291920108159577, -3.1402098485938934, -3.123976045705953, -3.1051686186197536, -3.0853982825181356, -3.0631601905887442, -3.0412650000672232, -3.0222827832711125, -3.0095740993502917, -2.9809894950716234, -2.9385428181194633, -2.909046344741426, -2.899692958617979, -2.9079826149403587, -2.9278775867805784, -2.9390819136298685], "obs_positions": [[-5.5904, -0.6036], [-5.5904, -0.6036], [-5.5904, -0.6036], [-5.5904, -0.6036], [-5.5904, -0.6036], [-5.5904, -0.6036], [-5.5904, -0.6036], [-5.5904, -0.6036], [-5.5904, -0.6036], [-5.5904, -0.6036], [-5.5904, -0.6036], [-5.5904, -0.6036], [-5.5904, -0.6036], [-5.5904, -0.6036], [-5.5904, -0.6036], [-5.5904, -0.6036], [-5.5904, -0.6036], [-5.5904, -0.6036], [-5.5904, -0.6036], [-5.5904, -0.6036], [-5.5904, -0.6036], [-5.5904, -0.6036], [-5.5904, -0.6036], [-5.5904, -0.6036], [-5.5904, -0.6036], [-5.5904, -0.6036]], "obs_orientations": [3.2415, 3.2415, 3.2415, 3.2415, 3.2415, 3.2415, 3.2415, 3.2415, 3.2415, 3.2415, 3.2415, 3.2415, 3.2415, 3.2415, 3.2415, 3.2415, 3.2415, 3.2415, 3.2415, 3.2415, 3.2415, 3.2415, 3.2415, 3.2415, 3.2415, 3.2415], "objectives": {"extension_time": -0.0, "danger_difference": 0.28350415286888797, "parameter_difference": 24.94029627330453}, "attributes": {"generation_number": 5, "individual_number": 260, "crash": false, "goal_reached": true, "scenario_length": 26}}, "[[38.94833688527752], [2.5, 101.1967787261424, 2.5], [1.995429554436414, 8.831725367515514], [1.44323442193731, 1.3005337732219633]]": {"ego_positions": [[25.705, 2.2621], [23.91339615364871, 2.0869879611140414], [22.118707224727945, 1.9349337655876646], [20.318985125503662, 1.8191111799253217], [18.513277326027357, 1.7442341690286998], [16.701336912232136, 1.7091402739354928], [14.883404415513656, 1.708866691208212], [13.06003504619658, 1.7362526461913006], [11.232158726549665, 1.781130082717967], [9.401424160065659, 1.826754290303395], [7.569231754358206, 1.8593536023860016], [5.736548316932074, 1.8698811030287907], [3.904021327579469, 1.8527899474582088], [2.072095940777737, 1.8047899623985202], [0.2408974150447164, 1.7259301641131144], [-1.5896424191444274, 1.6183155858609934], [-3.4196266302398386, 1.4843557365441717], [-5.249061235573562, 1.3252135924995527], [-7.078151987452715, 1.1438360590159968], [-8.907197865441539, 0.9446573807420988], [-10.736535463660466, 0.7326007690570606], [-12.566403008827683, 0.5115007674068932], [-14.396868065657824, 0.2828620035772944], [-16.22824211922619, 0.050972961191381394], [-18.060880006345073, -0.17904446270967722], [-19.894999248189936, -0.40327833123538137]], "ego_orientations": [3.2415, -3.04891126593898, -3.0664208027745143, -3.088625381449316, -3.111518913240135, -3.1324299874765824, 3.133428852299808, 3.120493621106613, 3.1153689159994635, 3.1192231726201087, 3.1291920108159577, -3.1402098485938934, -3.123976045705953, -3.1068504869818394, -3.0904653722221105, -3.0755639566929167, -3.0615019439386333, -3.04842898780346, -3.0374961448375095, -3.0292064203819216, -3.02360514839237, -3.019083082003589, -3.016008514456245, -3.015761935652061, -3.018066375758132, -3.0220016772937575], "obs_positions": [[-5.5904, -0.6036], [-5.5904, -0.6036], [-5.5904, -0.6036], [-5.5904, -0.6036], [-5.5904, -0.6036], [-5.5904, -0.6036], [-5.5904, -0.6036], [-5.5904, -0.6036], [-5.5904, -0.6036], [-5.5904, -0.6036], [-5.5904, -0.6036], [-5.5904, -0.6036], [-5.5904, -0.6036], [-5.5904, -0.6036], [-5.5904, -0.6036], [-5.5904, -0.6036], [-5.5904, -0.6036], [-5.5904, -0.6036], [-5.5904, -0.6036], [-5.5904, -0.6036], [-5.5904, -0.6036], [-5.5904, -0.6036], [-5.5904, -0.6036], [-5.5904, -0.6036], [-5.5904, -0.6036], [-5.5904, -0.6036]], "obs_orientations": [3.2415, 3.2415, 3.2415, 3.2415, 3.2415, 3.2415, 3.2415, 3.2415, 3.2415, 3.2415, 3.2415, 3.2415, 3.2415, 3.2415, 3.2415, 3.2415, 3.2415, 3.2415, 3.2415, 3.2415, 3.2415, 3.2415, 3.2415, 3.2415, 3.2415, 3.2415], "objectives": {"extension_time": -0.0, "danger_difference": -0.18082321570404325, "parameter_difference": 39.019649786949216}, "attributes": {"generation_number": 19, "individual_number": 975, "crash": false, "goal_reached": true, "scenario_length": 26}}}