{"[[7.228422616654689], [0.32958406763499326, 386.4803955169017, 2.5], [1.9959001369392284, 186.62779912063402], [0.03286838166144945, 2.1114978456095823]]": {"ego_positions": [[22.1229, 1.9026], [20.331315028947397, 1.727312172461298], [18.536649723410257, 1.5750874045027052], [16.73695495276635, 1.459085760831493], [14.931267687243723, 1.384036071783211], [13.119341690271554, 1.3488093705257564], [11.301420505238466, 1.3484593178727893], [9.478057951954739, 1.375816017465906], [7.6505191482562935, 1.4207296640668998], [5.821689832643125, 1.4665719053222617], [3.9929541081396605, 1.4995654525986986], [2.1649781794781227, 1.510080527587548], [0.3382782465992085, 1.4907840907820717], [-1.4868330551334752, 1.437072549276504], [-3.3093875458544226, 1.3417784560483796], [-5.127184793516082, 1.2018453812730483], [-6.937781255506637, 1.0163174082458646], [-8.741526345799494, 0.780373384627006], [-10.540083283325005, 0.49699630684118046], [-12.335445826379638, 0.17584637283738935], [-14.129304871002915, -0.17544219787887627], [-15.922739001448061, -0.5585657986567023], [-17.718057635784817, -0.9581638883024468], [-19.517749170504736, -1.3518786105054428]], "ego_orientations": [3.2416, -3.0488149531883884, -3.066324368461942, -3.0885230259257703, -3.1114303137538624, -3.132373370475792, 3.1334558237897805, 3.1205000788441835, 3.1152915372158674, 3.1190183798517706, 3.1289076405028564, -3.139658972327002, -3.1221730386453777, -3.1013112471561817, -3.077117845980063, -3.0525278987440663, -3.025660045922413, -2.997735843113543, -2.9738608740211805, -2.9565098937783962, -2.9390587192497497, -2.9248628478117404, -2.922453963375197, -2.931680520154811], "obs_positions": [[-5.5904, -0.6036], [-5.5904, -0.6036], [-5.5904, -0.6036], [-5.5904, -0.6036], [-5.5904, -0.6036], [-5.5904, -0.6036], [-5.5904, -0.6036], [-5.5904, -0.6036], [-5.5904, -0.6036], [-5.5904, -0.6036], [-5.5904, -0.6036], [-5.5904, -0.6036], [-5.5904, -0.6036], [-5.5904, -0.6036], [-5.5904, -0.6036], [-5.5904, -0.6036], [-5.5904, -0.6036], [-5.5904, -0.6036], [-5.5904, -0.6036], [-5.5904, -0.6036], [-5.5904, -0.6036], [-5.5904, -0.6036], [-5.5904, -0.6036], [-5.5904, -0.6036]], "obs_orientations": [3.2415, 3.2415, 3.2415, 3.2415, 3.2415, 3.2415, 3.2415, 3.2415, 3.2415, 3.2415, 3.2415, 3.2415, 3.2415, 3.2415, 3.2415, 3.2415, 3.2415, 3.2415, 3.2415, 3.2415, 3.2415, 3.2415, 3.2415, 3.2415], "objectives": {"extension_time": -0.2, "danger_difference": 0.21304321847954277, "parameter_difference": 39.082437576696655}, "attributes": {"generation_number": 1, "individual_number": 71, "crash": false, "goal_reached": true, "scenario_length": 24}}}