{"[[7.06830812110838], [3.9261234756840513, 434.9026609572126, 5.490190223763625], [0.46840708885580035, 46.74310150755541], [2.0233501045847078, 43.108206159606624]]": {"ego_positions": [[18.5409, 1.5433], [16.74929067507885, 1.368185237734735], [14.954585753059447, 1.2161166708696678], [13.154838354175956, 1.1002608070669193], [11.349094124070627, 1.025348711641564], [9.537110673360877, 0.9902372844055782], [7.719132576799721, 0.9899658409878472], [5.895714744636925, 1.017362211025572], [4.067363830109058, 1.0659789445597723], [2.234180158191148, 1.132743268961165], [0.3971808269566279, 1.2077529216791365], [-1.4421171602864105, 1.2770001068525643], [-3.28074917571334, 1.3156726097687694], [-5.11512772187153, 1.3016249639131248], [-6.942846808023958, 1.210088447726862], [-8.763482892180011, 1.0333443649895828], [-10.577989450129603, 0.7787408359090642], [-12.388027880482873, 0.46173804959162146], [-14.194956963918871, 0.09486109491288564], [-15.999056586075902, -0.32157207349727335], [-17.802575960319, -0.765930826558159], [-19.6084486870134, -1.2079936311394635]], "ego_orientations": [3.2415, -3.048906482420574, -3.0664077813902493, -3.088605078687498, -3.1115033265189136, -3.1324275261280072, 3.133423901746566, 3.1204888890415385, 3.109493452862738, 3.1019872110517746, 3.100481432547794, 3.1101488824776506, 3.1325673394676796, -3.1143942492599224, -3.0680604519190475, -3.0223350848510386, -2.9835505918195184, -2.9546548126111727, -2.9270438564534214, -2.904709127461658, -2.8981816325346106, -2.907135398385078], "obs_positions": [[-5.5904, -0.6036], [-5.5904, -0.6036], [-5.5904, -0.6036], [-5.5904, -0.6036], [-5.5904, -0.6036], [-5.5904, -0.6036], [-5.5904, -0.6036], [-5.5904, -0.6036], [-5.5904, -0.6036], [-5.5904, -0.6036], [-5.5904, -0.6036], [-5.5904, -0.6036], [-5.5904, -0.6036], [-5.5904, -0.6036], [-5.5904, -0.6036], [-5.5904, -0.6036], [-5.5904, -0.6036], [-5.5904, -0.6036], [-5.5904, -0.6036], [-5.5904, -0.6036], [-5.5904, -0.6036], [-5.5904, -0.6036]], "obs_orientations": [3.2415, 3.2415, 3.2415, 3.2415, 3.2415, 3.2415, 3.2415, 3.2415, 3.2415, 3.2415, 3.2415, 3.2415, 3.2415, 3.2415, 3.2415, 3.2415, 3.2415, 3.2415, 3.2415, 3.2415, 3.2415, 3.2415], "objectives": {"extension_time": -0.4, "danger_difference": -0.23052994625089696, "parameter_difference": 37.863064485815244}, "attributes": {"generation_number": 0, "individual_number": 24, "crash": false, "goal_reached": true, "scenario_length": 22}}, "[[16.363768012824885], [3.9261234756840513, 434.9026609572126, 5.490190223763625], [0.46840708885580035, 46.74310150755541], [2.0233501045847078, 43.67682973583898]]": {"ego_positions": [[18.5409, 1.5433], [16.74929067507885, 1.368185237734735], [14.954585753059447, 1.2161166708696678], [13.154838354175956, 1.1002608070669193], [11.349094124070627, 1.025348711641564], [9.537110673360877, 0.9902372844055782], [7.719132576799721, 0.9899658409878472], [5.895714744636925, 1.017362211025572], [4.067363830109058, 1.0659789445597723], [2.234180158191148, 1.132743268961165], [0.3971808269566279, 1.2077529216791365], [-1.4421171602864105, 1.2770001068525643], [-3.28074917571334, 1.3156726097687694], [-5.11512772187153, 1.3016249639131248], [-6.942846808023958, 1.210088447726862], [-8.763482892180011, 1.0333443649895828], [-10.577989450129603, 0.7787408359090642], [-12.388027880482873, 0.46173804959162146], [-14.194956963918871, 0.09486109491288564], [-15.999056586075902, -0.32157207349727335], [-17.802575960319, -0.765930826558159], [-19.6084486870134, -1.2079936311394635]], "ego_orientations": [3.2415, -3.048906482420574, -3.0664077813902493, -3.088605078687498, -3.1115033265189136, -3.1324275261280072, 3.133423901746566, 3.1204888890415385, 3.109493452862738, 3.1019872110517746, 3.100481432547794, 3.1101488824776506, 3.1325673394676796, -3.1143942492599224, -3.0680604519190475, -3.0223350848510386, -2.9835505918195184, -2.9546548126111727, -2.9270438564534214, -2.904709127461658, -2.8981816325346106, -2.907135398385078], "obs_positions": [[-5.5904, -0.6036], [-5.5904, -0.6036], [-5.5904, -0.6036], [-5.5904, -0.6036], [-5.5904, -0.6036], [-5.5904, -0.6036], [-5.5904, -0.6036], [-5.5904, -0.6036], [-5.5904, -0.6036], [-5.5904, -0.6036], [-5.5904, -0.6036], [-5.5904, -0.6036], [-5.5904, -0.6036], [-5.5904, -0.6036], [-5.5904, -0.6036], [-5.5904, -0.6036], [-5.5904, -0.6036], [-5.5904, -0.6036], [-5.5904, -0.6036], [-5.5904, -0.6036], [-5.5904, -0.6036], [-5.5904, -0.6036]], "obs_orientations": [3.2415, 3.2415, 3.2415, 3.2415, 3.2415, 3.2415, 3.2415, 3.2415, 3.2415, 3.2415, 3.2415, 3.2415, 3.2415, 3.2415, 3.2415, 3.2415, 3.2415, 3.2415, 3.2415, 3.2415, 3.2415, 3.2415], "objectives": {"extension_time": -0.4, "danger_difference": -0.23052994625089696, "parameter_difference": 37.863954625734415}, "attributes": {"generation_number": 2, "individual_number": 120, "crash": false, "goal_reached": true, "scenario_length": 22}}, "[[7.06830812110838], [3.9261234756840513, 434.9026609572126, 2.2660672068287724], [0.46840708885580035, 46.74310150755541], [2.2141709203159365, 43.44132869113879]]": {"ego_positions": [[18.5409, 1.5433], [16.74929067507885, 1.368185237734735], [14.954585753059447, 1.2161166708696678], [13.154838354175956, 1.1002608070669193], [11.349094124070627, 1.025348711641564], [9.537110673360877, 0.9902372844055782], [7.719132576799721, 0.9899658409878472], [5.895714744636925, 1.017362211025572], [4.067363830109058, 1.0659789445597723], [2.234180158191148, 1.132743268961165], [0.3971808269566279, 1.2077529216791365], [-1.4421171602864105, 1.2770001068525643], [-3.28074917571334, 1.3156726097687694], [-5.11512772187153, 1.3016249639131248], [-6.942846808023958, 1.210088447726862], [-8.763482892180011, 1.0333443649895828], [-10.577989450129603, 0.7787408359090642], [-12.388027880482873, 0.46173804959162146], [-14.194956963918871, 0.09486109491288564], [-15.999056586075902, -0.32157207349727335], [-17.802575960319, -0.765930826558159], [-19.6084486870134, -1.2079936311394635]], "ego_orientations": [3.2415, -3.048906482420574, -3.0664077813902493, -3.088605078687498, -3.1115033265189136, -3.1324275261280072, 3.133423901746566, 3.1204888890415385, 3.109493452862738, 3.1019872110517746, 3.100481432547794, 3.1101488824776506, 3.1325673394676796, -3.1143942492599224, -3.0680604519190475, -3.0223350848510386, -2.9835505918195184, -2.9546548126111727, -2.9270438564534214, -2.904709127461658, -2.8981816325346106, -2.907135398385078], "obs_positions": [[-5.5904, -0.6036], [-5.5904, -0.6036], [-5.5904, -0.6036], [-5.5904, -0.6036], [-5.5904, -0.6036], [-5.5904, -0.6036], [-5.5904, -0.6036], [-5.5904, -0.6036], [-5.5904, -0.6036], [-5.5904, -0.6036], [-5.5904, -0.6036], [-5.5904, -0.6036], [-5.5904, -0.6036], [-5.5904, -0.6036], [-5.5904, -0.6036], [-5.5904, -0.6036], [-5.5904, -0.6036], [-5.5904, -0.6036], [-5.5904, -0.6036], [-5.5904, -0.6036], [-5.5904, -0.6036], [-5.5904, -0.6036]], "obs_orientations": [3.2415, 3.2415, 3.2415, 3.2415, 3.2415, 3.2415, 3.2415, 3.2415, 3.2415, 3.2415, 3.2415, 3.2415, 3.2415, 3.2415, 3.2415, 3.2415, 3.2415, 3.2415, 3.2415, 3.2415, 3.2415, 3.2415], "objectives": {"extension_time": -0.4, "danger_difference": -0.23052994625089696, "parameter_difference": 39.15089952645301}, "attributes": {"generation_number": 2, "individual_number": 146, "crash": false, "goal_reached": true, "scenario_length": 22}}}