{"[[20.867068287044553], [2.984213389806145, 301.8973623380378, 612.0412363955428], [1.5728982467900061, 74.30857464579519], [1.9096072908244897, 41.17777301610184]]": {"ego_positions": [[56.1521, 5.3168], [54.36089955850276, 5.137672127916757], [52.56871692898882, 4.960656630765424], [50.77480534019995, 4.786941824348958], [48.978640956166764, 4.616929905429156], [47.179878221593434, 4.450478692390978], [45.37831212686505, 4.287094524877159], [43.573846671570315, 4.126082481462625], [41.76646949614104, 3.966658405782914], [39.9562290592295, 3.808030902020569], [38.143216861905955, 3.649468187371826], [36.32755751537424, 3.490336685448695], [34.50939646622287, 3.33008011436638], [32.689221298013486, 3.1683436783451886], [30.869616320332014, 3.0050264925765338], [29.054615715474736, 2.8444066205373515], [27.24225264044755, 2.70327667492071], [25.42993474895277, 2.5934273471449685], [23.616051892981616, 2.519090593938452], [21.79972216735836, 2.4792598192600654], [19.98057489764137, 2.4695306415989373], [18.158592293082766, 2.483495763098056], [16.333980341617885, 2.5138744218012823], [14.50694275611961, 2.551256948236783], [12.67749104799529, 2.5801728064427714], [10.846629075137526, 2.5885532165576626], [9.015293235044075, 2.5691819978779167], [7.184057490414063, 2.5185656262180194], [5.353212566921255, 2.43606073404764], [3.522853300518591, 2.323047135106382], [1.6929277668321057, 2.182257900951172], [-0.13650175786638657, 2.0152376250526407], [-1.9647740677265944, 1.8174796237808666], [-3.791226376668339, 1.5844035317829206], [-5.614881398707284, 1.3080030378135128], [-7.435667569162727, 0.9891949385164591], [-9.254268631853606, 0.6364947298286319], [-11.071713070844204, 0.2617669505034552], [-12.88871574106051, -0.12630864712401135], [-14.705189681309514, -0.5274363114690683], [-16.52229247045126, -0.9288438468765249], [-18.341620762791212, -1.3134149777902318], [-20.164363691759554, -1.6681533590622002]], "ego_orientations": [3.2415, -3.04236908614038, -3.0440258282681993, -3.0461281902514945, -3.0483005985656497, -3.05029075592359, -3.0519438445558134, -3.0531798400905936, -3.0539715919336468, -3.0543357543860004, -3.054320067192604, -3.0539696960629894, -3.0533538837904524, -3.0525460085756353, -3.051603059340419, -3.057077890512003, -3.0717610056839866, -3.0907270971244145, -3.1104278516242836, -3.1284800956054086, 3.1397870753536887, 3.128752668025277, 3.121821290213015, 3.1221051402861475, 3.1305499927239473, -3.13906160072757, -3.1226595827914116, -3.1052113174908977, -3.0880431610926617, -3.0720701087148647, -3.057876608303464, -3.0425820416926546, -3.02495500128538, -3.003322265980287, -2.979189401415094, -2.9581564804046576, -2.9430138283663476, -2.9346365839310606, -2.9271584610137835, -2.922672551141992, -2.9273046841162778, -2.940453421066632, -2.9588820146580455], "obs_positions": [[-5.5904, -0.6036], [-5.5904, -0.6036], [-5.5904, -0.6036], [-5.5904, -0.6036], [-5.5904, -0.6036], [-5.5904, -0.6036], [-5.5904, -0.6036], [-5.5904, -0.6036], [-5.5904, -0.6036], [-5.5904, -0.6036], [-5.5904, -0.6036], [-5.5904, -0.6036], [-5.5904, -0.6036], [-5.5904, -0.6036], [-5.5904, -0.6036], [-5.5904, -0.6036], [-5.5904, -0.6036], [-5.5904, -0.6036], [-5.5904, -0.6036], [-5.5904, -0.6036], [-5.5904, -0.6036], [-5.5904, -0.6036], [-5.5904, -0.6036], [-5.5904, -0.6036], [-5.5904, -0.6036], [-5.5904, -0.6036], [-5.5904, -0.6036], [-5.5904, -0.6036], [-5.5904, -0.6036], [-5.5904, -0.6036], [-5.5904, -0.6036], [-5.5904, -0.6036], [-5.5904, -0.6036], [-5.5904, -0.6036], [-5.5904, -0.6036], [-5.5904, -0.6036], [-5.5904, -0.6036], [-5.5904, -0.6036], [-5.5904, -0.6036], [-5.5904, -0.6036], [-5.5904, -0.6036], [-5.5904, -0.6036], [-5.5904, -0.6036]], "obs_orientations": [3.2415, 3.2415, 3.2415, 3.2415, 3.2415, 3.2415, 3.2415, 3.2415, 3.2415, 3.2415, 3.2415, 3.2415, 3.2415, 3.2415, 3.2415, 3.2415, 3.2415, 3.2415, 3.2415, 3.2415, 3.2415, 3.2415, 3.2415, 3.2415, 3.2415, 3.2415, 3.2415, 3.2415, 3.2415, 3.2415, 3.2415, 3.2415, 3.2415, 3.2415, 3.2415, 3.2415, 3.2415, 3.2415, 3.2415, 3.2415, 3.2415, 3.2415, 3.2415], "objectives": {"extension_time": 1.7, "danger_difference": 0.09838276436815185, "parameter_difference": 204.82350947254702}, "attributes": {"generation_number": 0, "individual_number": 6, "crash": false, "goal_reached": true, "scenario_length": 43}}, "[[0.08818519274946257], [27.89220753932573, 14.018559391893726, 590.0746060603905], [0.2538609332787259, 163.45608782790134], [0.6570870955332547, 20.567007876870207]]": {"ego_positions": [[56.1521, 5.3168], [54.36089955850276, 5.137672127916757], [52.56871692898882, 4.960656630765424], [50.77480534019995, 4.786941824348958], [48.978640956166764, 4.616929905429156], [47.179878221593434, 4.450478692390978], [45.37831212686505, 4.287094524877159], [43.573846671570315, 4.126082481462625], [41.76646949614104, 3.966658405782914], [39.9562290592295, 3.808030902020569], [38.143216861905955, 3.649468187371826], [36.32755751537424, 3.490336685448695], [34.50939646622287, 3.33008011436638], [32.689221298013486, 3.1683436783451886], [30.869616320332014, 3.0050264925765338], [29.054615715474736, 2.8444066205373515], [27.24225264044755, 2.70327667492071], [25.42993474895277, 2.5934273471449685], [23.616051892981616, 2.519090593938452], [21.79972216735836, 2.4792598192600654], [19.98057489764137, 2.4695306415989373], [18.158592293082766, 2.483495763098056], [16.333980341617885, 2.5138744218012823], [14.50694275611961, 2.551256948236783], [12.67749104799529, 2.5801728064427714], [10.846629075137526, 2.5885532165576626], [9.015293235044075, 2.5691819978779167], [7.184057490414063, 2.5185656262180194], [5.3535480313293675, 2.4360943937960062], [3.5250952319746625, 2.3232720860083815], [1.6986294133033, 2.1828299927129895], [-0.12580826507725534, 2.016310588653704], [-1.9466271407017255, 1.8193004500116214], [-3.7633698618507596, 1.5898617064997584], [-5.575217232702766, 1.3275969223126256], [-7.382416819660201, 1.0284202860340765], [-9.186122699929909, 0.6951656846497454], [-10.987852172120133, 0.33648424410281463], [-12.789157096052431, -0.03669289919213625], [-14.59124454203979, -0.41658953449947744], [-16.394767653560763, -0.8027932992926332], [-18.201142368086327, -1.184638885163107], [-20.011827075448423, -1.5481075007471674]], "ego_orientations": [3.2415, -3.04236908614038, -3.0440258282681993, -3.0461281902514945, -3.0483005985656497, -3.05029075592359, -3.0519438445558134, -3.0531798400905936, -3.0539715919336468, -3.0543357543860004, -3.054320067192604, -3.0539696960629894, -3.0533538837904524, -3.0525460085756353, -3.051603059340419, -3.057077890512003, -3.0717610056839866, -3.0907270971244145, -3.1104278516242836, -3.1284800956054086, 3.1397870753536887, 3.128752668025277, 3.121821290213015, 3.1221051402861475, 3.1305499927239473, -3.13906160072757, -3.1226595827914116, -3.1052113174908977, -3.088068565018815, -3.072116040493302, -3.0579133565501713, -3.042585389081074, -3.0248760514578197, -3.007223276496776, -2.98780425360926, -2.9675960789270235, -2.951034349274846, -2.9401690852051066, -2.9354640466756656, -2.931745297432022, -2.9306619320093077, -2.937220737884057, -2.950715684900204],