{"[[35.87201651036713], [41.06736912918029, 343.56606910893873, 732.4456480693931], [1.4933995557008255, 121.79026363069842], [1.1530352406559843, 49.25931593361316]]": {"ego_positions": [[50.7791, 4.7777], [48.987899549074385, 4.598572230740096], [47.19571686025109, 4.421557379730309], [45.401805131286764, 4.247844097986763], [43.60564036418616, 4.077834749276822], [41.80687436094043, 3.9113947337823136], [40.00531753278636, 3.748003822510973], [38.200845107378406, 3.5869752056422617], [36.39347052079654, 3.427572513497086], [34.583228279722775, 3.2689290831670896], [32.77054780304969, 3.1104379991341022], [30.957469692707953, 2.951557768328888], [29.146179829340635, 2.796034242984402], [27.33474521072077, 2.660345707816243], [25.52110699024527, 2.5560624329033423], [23.70412144530902, 2.4872231984540787], [21.883309734281585, 2.4526649100693763], [20.058650412945294, 2.447851348104205], [18.23042180610434, 2.4662985360675047], [16.39907106118916, 2.5006636134663047], [14.565020203512928, 2.54150225630476], [12.728443547317356, 2.573346950100642], [10.890484366857876, 2.5841398717472166], [9.052190857822824, 2.5666829132768227], [7.2142247991963, 2.5174840593002656], [5.376941888414187, 2.4359611975080715], [3.5404789327287243, 2.323567688116592], [1.7048157954250636, 2.183103209016739], [-0.1299672184115069, 2.0161735737446995], [-1.9632002743052013, 1.8183262077078082], [-3.7942137891362853, 1.5850286366930773], [-5.622009893637069, 1.3083107656254782], [-7.446505481795494, 0.9891294410210925], [-9.268393999607463, 0.6360284045760469], [-11.088713106572236, 0.2608977397181258], [-12.908199734389973, -0.12756335096379368], [-14.726755873832628, -0.5290464982951077], [-16.545553250713873, -0.9307664584532849], [-18.366221933950627, -1.315598017191303], [-20.18999883226168, -1.6705405022717732]], "ego_orientations": [3.2415, -3.0423692538060214, -3.0440264115994102, -3.046129319423193, -3.048303076653709, -3.0503018589669844, -3.0519220342439684, -3.053194567679502, -3.053963671823831, -3.0543472084807344, -3.05433637807428, -3.0539942200993613, -3.059885185979466, -3.0748134487701675, -3.093847311060121, -3.113464981689842, -3.1313200110054127, 3.1372135290257965, 3.1264790250716064, 3.1198666700853277, 3.1204415943148676, 3.1291415465348544, -3.140248069769925, -3.1236333584814435, -3.105986668682409, -3.088654501151622, -3.0725439153029646, -3.0582356809214004, -3.0428544576101015, -3.0251677020486394, -3.003499379741637, -2.9793453748201557, -2.9582929939690588, -2.9431259815276793, -2.934724578768642, -2.9272237069870077, -2.9227162145462366, -2.9273263688813485, -2.9404589082258403, -2.9588729731614145], "obs_positions": [[-5.5904, -0.6036], [-5.5904, -0.6036], [-5.5904, -0.6036], [-5.5904, -0.6036], [-5.5904, -0.6036], [-5.5904, -0.6036], [-5.5904, -0.6036], [-5.5904, -0.6036], [-5.5904, -0.6036], [-5.5904, -0.6036], [-5.5904, -0.6036], [-5.5904, -0.6036], [-5.5904, -0.6036], [-5.5904, -0.6036], [-5.5904, -0.6036], [-5.5904, -0.6036], [-5.5904, -0.6036], [-5.5904, -0.6036], [-5.5904, -0.6036], [-5.5904, -0.6036], [-5.5904, -0.6036], [-5.5904, -0.6036], [-5.5904, -0.6036], [-5.5904, -0.6036], [-5.5904, -0.6036], [-5.5904, -0.6036], [-5.5904, -0.6036], [-5.5904, -0.6036], [-5.5904, -0.6036], [-5.5904, -0.6036], [-5.5904, -0.6036], [-5.5904, -0.6036], [-5.5904, -0.6036], [-5.5904, -0.6036], [-5.5904, -0.6036], [-5.5904, -0.6036], [-5.5904, -0.6036], [-5.5904, -0.6036], [-5.5904, -0.6036], [-5.5904, -0.6036]], "obs_orientations": [3.2415, 3.2415, 3.2415, 3.2415, 3.2415, 3.2415, 3.2415, 3.2415, 3.2415, 3.2415, 3.2415, 3.2415, 3.2415, 3.2415, 3.2415, 3.2415, 3.2415, 3.2415, 3.2415, 3.2415, 3.2415, 3.2415, 3.2415, 3.2415, 3.2415, 3.2415, 3.2415, 3.2415, 3.2415, 3.2415, 3.2415, 3.2415, 3.2415, 3.2415, 3.2415, 3.2415, 3.2415, 3.2415, 3.2415, 3.2415], "objectives": {"extension_time": 1.4, "danger_difference": 0.11683148187968939, "parameter_difference": 253.39593040639}, "attributes": {"generation_number": 0, "individual_number": 45, "crash": false, "goal_reached": true, "scenario_length": 40}}}