{"[[23.10657856634506], [43.95782129569011, 249.48688712440608, 964.3061031057688], [1.8216208864434216, 7.761967815400128], [1.384065851933718, 12.598674040818892]]": {"ego_positions": [[43.615, 4.059], [41.82385383828607, 3.8794419075568998], [40.031964384175254, 3.6997043717414453], [38.23867582031566, 3.5198215386957954], [36.443550874123645, 3.3397018275376786], [34.64618070069342, 3.1593512475928067], [32.84644681549665, 2.981241089424458], [31.044179461838553, 2.817671580785505], [29.237688196979185, 2.684350837648677], [27.425723413493838, 2.5898660958890916], [25.607843309833253, 2.5357486972174197], [23.784167258605855, 2.5187773190161074], [21.95518330008764, 2.5327954717894317], [20.121595113494564, 2.570100776358252], [18.2841992443261, 2.6224471187338683], [16.44381381313828, 2.6818025345392282], [14.601433284408168, 2.738862112864236], [12.758619133211504, 2.7788991371718796], [10.91657406285324, 2.790832389887608], [9.075984815140712, 2.7688598383859047], [7.237065363732147, 2.712027326128077], [5.399698791780337, 2.6227405038432274], [3.563584510147146, 2.5052769786535976], [1.7284276490627823, 2.3638471901006017], [-0.1057939715645484, 2.199906939977481], [-1.9391464199090875, 2.015330322041589], [-3.7717142131602954, 1.8121342558764661], [-5.603431839644162, 1.5907658063536907], [-7.434486337898319, 1.3538072647204944], [-9.264991380476665, 1.1034121285068936], [-11.094789031776834, 0.8387501546496796], [-12.924599754812553, 0.5680001880872831], [-14.75507973282405, 0.29852581883842455], [-16.586804976578346, 0.03692128304511444], [-18.419639552876717, -0.21748308862747456], [-20.253046406766792, -0.4697343639422513]], "ego_orientations": [3.2415, -3.0416529589856163, -3.0416086898767527, -3.041616124151006, -3.041568563176542, -3.041607939459189, -3.0455279389502414, -3.058309693508319, -3.0782966897853736, -3.1007900401209803, -3.122531424115095, -3.141437913363827, 3.126841524576118, 3.1164284724168305, 3.1105306527958887, 3.108835411619762, 3.1139905006805098, 3.126739647737421, -3.139153427830091, -3.120083909958558, -3.1015419852589017, -3.084930821580755, -3.070951750728974, -3.058449130870849, -3.0466309808461745, -3.0361363665082397, -3.0261303966378827, -3.016771011562132, -3.009430497237339, -3.001379334192988, -2.9955425164918177, -2.994429888026751, -2.997050602259031, -3.0028429214489023, -3.0033422492402666, -3.0078660408677846], "obs_positions": [[-5.5904, -0.6036], [-5.5904, -0.6036], [-5.5904, -0.6036], [-5.5904, -0.6036], [-5.5904, -0.6036], [-5.5904, -0.6036], [-5.5904, -0.6036], [-5.5904, -0.6036], [-5.5904, -0.6036], [-5.5904, -0.6036], [-5.5904, -0.6036], [-5.5904, -0.6036], [-5.5904, -0.6036], [-5.5904, -0.6036], [-5.5904, -0.6036], [-5.5904, -0.6036], [-5.5904, -0.6036], [-5.5904, -0.6036], [-5.5904, -0.6036], [-5.5904, -0.6036], [-5.5904, -0.6036], [-5.5904, -0.6036], [-5.5904, -0.6036], [-5.5904, -0.6036], [-5.5904, -0.6036], [-5.5904, -0.6036], [-5.5904, -0.6036], [-5.5904, -0.6036], [-5.5904, -0.6036], [-5.5904, -0.6036], [-5.5904, -0.6036], [-5.5904, -0.6036], [-5.5904, -0.6036], [-5.5904, -0.6036], [-5.5904, -0.6036], [-5.5904, -0.6036]], "obs_orientations": [3.2415, 3.2415, 3.2415, 3.2415, 3.2415, 3.2415, 3.2415, 3.2415, 3.2415, 3.2415, 3.2415, 3.2415, 3.2415, 3.2415, 3.2415, 3.2415, 3.2415, 3.2415, 3.2415, 3.2415, 3.2415, 3.2415, 3.2415, 3.2415, 3.2415, 3.2415, 3.2415, 3.2415, 3.2415, 3.2415, 3.2415, 3.2415, 3.2415, 3.2415, 3.2415, 3.2415], "objectives": {"extension_time": 1.0, "danger_difference": -1.1490320947943609, "parameter_difference": 346.0751226245755}, "attributes": {"generation_number": 0, "individual_number": 7, "crash": false, "goal_reached": true, "scenario_length": 36}}, "[[30.146414422303657], [2.5, 200.0, 2.5], [0.7980729977124918, 119.8195990074449], [3.6235523864939223, 17.891021301423443]]": {"ego_positions": [[43.615, 4.059], [41.82381149594915, 3.8798639832528035], [40.03165884835515, 3.7027494081117975], [38.23776032342649, 3.5289482762212394], [36.44163214215559, 3.3588224428410953], [34.6428785794974, 3.192272551730067], [32.84166873612425, 3.02887075815624], [31.0398018818238, 2.8680560055092728], [29.23931083597761, 2.71331659708187], [27.43815405397779, 2.5807713280811075], [25.63420525938156, 2.4815575729826036], [23.82628243026697, 2.4192605797820796], [22.013890124444025, 2.392271315064629], [20.197010455917443, 2.3956536143356195], [18.375931809678004, 2.4225612204514486], [16.551128012462794, 2.4653459191236604], [14.723040485562382, 2.5143303050194357], [12.891876873372443, 2.5538447363279], [11.058815041463864, 2.571703486033258], [9.22493707553683, 2.5605835553705703], [7.390951278458398, 2.5168214241336093], [5.557240764082485, 2.43987307773455], [3.7239645748637122, 2.3312814868792873], [1.8911287163316688, 2.193935881446102], [0.05883828317443909, 2.0295278554635874], [-1.772211354066522, 1.8336863326927906], [-3.6012632041984034, 1.6046235273807998], [-5.426841303547369, 1.3421138031858697], [-7.24849848612457, 1.042233458958655], [-9.066785174988626, 0.7079550416452958], [-10.882770216745548, 0.34805367588393077], [-12.697281666992247, -0.03089065151993653], [-14.510344410590047, -0.4310837832288439], [-16.32346031516709, -0.8390021004550743], [-18.138649006311937, -1.2348568119337833], [-19.957467718157286, -1.602768730102024]], "ego_orientations": [3.2415, -3.0423404871278534, -3.0439621621819137, -3.0460839441090597, -3.0482218144504483, -3.0502642957167696, -3.051916744844161, -3.05317253449397, -3.060529605593644, -3.07675449788314, -3.096849259968951, -3.117265507302593, -3.135650976913797, 3.132586357267157, 3.1217697921509546, 3.1152396186330624, 3.116042985916431, 3.12507675154466, 3.139269204408028, -3.126807696420762, -3.1086314014399257, -3.0908272747912884, -3.074302241471524, -3.0596362614107027, -3.0439462728278635, -3.025995570237162, -3.008196697434043, -2.9887176451614823, -2.968492937785864, -2.9519113340977947, -2.9409997959934104, -2.929550780287914, -2.920579062481716, -2.9218907326591586, -2.9333283910715284, -2.9514699364440373], "obs_positions": [[-5.5904, -0.6036], [-5.5904, -0.6036], [-5.5904, -0.6036], [-5.5904, -0.6036], [-5.5904, -0.6036], [-5.5904, -0.6036], [-5.5904, -0.6036], [-5.5904, -0.6036], [-5.5904, -0.6036], [-5.5904, -0.6036], [-5.5904, -0.6036], [-5.5904, -0.6036], [-5.5904, -0.6036], [-5.5904, -0.6036], [-5.5904, -0.6036], [-5.5904, -0.6036], [-5.5904, -0.6036], [-5.5904, -0.6036], [-5.5904, -0.6036], [-5.5904, -0.6036], [-5.5904, -0.6036], [-5.5904, -0.6036], [-5.5904, -0.6036], [-5.5904, -0.6036], [-5.5904, -0.6036], [-5.5904, -0.6036], [-5.5904, -0.6036], [-5.5904, -0.6036], [-5.5904, -0.6036], [-5.5904, -0.6036], [-5.5904, -0.6036], [-5.5904, -0.6036], [-5.5904, -0.6036], [-5.5904, -0.6036], [-5.5904, -0.6036], [-5.5904, -0.6036]], "obs_orientations": [3.2415, 3.2415, 3.2415, 3.2415, 3.2415, 3.2415, 3.2415, 3.2415, 3.2415, 3.2415, 3.2415, 3.2415, 3.2415, 3.2415, 3.2415, 3.2415, 3.2415, 3.2415, 3.2415, 3.2415, 3.2415, 3.2415, 3.2415, 3.2415, 3.2415, 3.2415, 3.2415, 3.2415, 3.2415, 3.2415, 3.2415, 3.2415, 3.2415, 3.2415, 3.2415, 3.2415], "objectives": {"extension_time": 1.0, "danger_difference": -0.11036253058378165, "parameter_difference": 39.02468855336897}, "attributes": {"generation_number": 8, "individual_number": 442, "crash": false, "goal_reached": true, "scenario_length": 36}},