{"[[19.62974716751045], [11.15725278185709, 290.8747617733921, 547.0623907209877], [0.9404770104396254, 174.9361362941583], [2.0036360129778847, 28.69926187851679]]": {"ego_positions": [[52.5701, 4.9574], [50.77889957578083, 4.778271914446399], [48.986717056978314, 4.601255057420002], [47.19280573724625, 4.427536974679225], [45.39664124539846, 4.257519486287447], [43.59786777855945, 4.0910896403191135], [41.796296804097544, 3.9277545267582243], [39.991839396587864, 3.7667608941771675], [38.18445822567422, 3.607318218619222], [36.37421725825777, 3.4487189419376914], [34.56120687920214, 3.290137250460611], [32.745879559269625, 3.1310592348361435], [30.930796174434395, 2.9711436338300077], [29.119941814577977, 2.814551874356324], [27.311356921656436, 2.677828230903345], [25.50247046349297, 2.5725280273006925], [23.6916947330483, 2.5026939051260784], [21.8781698347877, 2.4671752380416603], [20.061548155287138, 2.461455479131641], [18.241834079677524, 2.479064796061004], [16.419249149459066, 2.5126794200963745], [14.594021392501045, 2.552867215160572], [12.766177295965146, 2.584166068325807], [10.936737511581992, 2.5945230964999526], [9.106655336683536, 2.5767470207804584], [7.27651951200011, 2.5273665920690456], [5.446634757168262, 2.4457829497244314], [3.617106926065006, 2.333425422773249], [1.7878959323232142, 2.1930727780089407], [-0.040925173835612116, 2.026312412721611], [-1.8686849563257661, 1.8286758308235045], [-3.6947108569099028, 1.5956158579438489], [-5.518016184321053, 1.319149849532123], [-7.338516912366503, 1.0002224240061635], [-9.156893129925942, 0.6473699567171614], [-10.974161408762452, 0.2724738176332171], [-12.791031541574812, -0.11577144668874184], [-14.607407519873915, -0.5170632369350863], [-16.424440698733427, -0.9186199730149954], [-18.2437219475696, -1.3033175715327716], [-20.066436044037086, -1.6581549484804694]], "ego_orientations": [3.2415, -3.0423687375958512, -3.0440245914744035, -3.0461257410234355, -3.048299735490913, -3.050318704965393, -3.051970451408586, -3.053165305009556, -3.053983961570059, -3.0543337558479338, -3.0543204936180715, -3.0539836731984664, -3.0534399993493775, -3.059232413706366, -3.074106100550752, -3.0931456812337554, -3.1128178298359956, -3.1307608427377804, 3.1376749249526275, 3.1268454682603224, 3.120145421784565, 3.120667980415888, 3.129351205102141, -3.1400337433540337, -3.1234175642559485, -3.1057748167709285, -3.088442574740938, -3.072333997730968, -3.058031959670952, -3.0426520021031984, -3.0249598178413835, -3.003277972945447, -2.9791100881817396, -2.9580576685176285, -2.942906143160174, -2.9345300941381502, -2.9270569017932546, -2.92257989989923, -2.927225209835538, -2.9403899001607936, -2.9588334132894243], "obs_positions": [[-5.5904, -0.6036], [-5.5904, -0.6036], [-5.5904, -0.6036], [-5.5904, -0.6036], [-5.5904, -0.6036], [-5.5904, -0.6036], [-5.5904, -0.6036], [-5.5904, -0.6036], [-5.5904, -0.6036], [-5.5904, -0.6036], [-5.5904, -0.6036], [-5.5904, -0.6036], [-5.5904, -0.6036], [-5.5904, -0.6036], [-5.5904, -0.6036], [-5.5904, -0.6036], [-5.5904, -0.6036], [-5.5904, -0.6036], [-5.5904, -0.6036], [-5.5904, -0.6036], [-5.5904, -0.6036], [-5.5904, -0.6036], [-5.5904, -0.6036], [-5.5904, -0.6036], [-5.5904, -0.6036], [-5.5904, -0.6036], [-5.5904, -0.6036], [-5.5904, -0.6036], [-5.5904, -0.6036], [-5.5904, -0.6036], [-5.5904, -0.6036], [-5.5904, -0.6036], [-5.5904, -0.6036], [-5.5904, -0.6036], [-5.5904, -0.6036], [-5.5904, -0.6036], [-5.5904, -0.6036], [-5.5904, -0.6036], [-5.5904, -0.6036], [-5.5904, -0.6036], [-5.5904, -0.6036]], "obs_orientations": [3.2415, 3.2415, 3.2415, 3.2415, 3.2415, 3.2415, 3.2415, 3.2415, 3.2415, 3.2415, 3.2415, 3.2415, 3.2415, 3.2415, 3.2415, 3.2415, 3.2415, 3.2415, 3.2415, 3.2415, 3.2415, 3.2415, 3.2415, 3.2415, 3.2415, 3.2415, 3.2415, 3.2415, 3.2415, 3.2415, 3.2415, 3.2415, 3.2415, 3.2415, 3.2415, 3.2415, 3.2415, 3.2415, 3.2415, 3.2415, 3.2415], "objectives": {"extension_time": 1.5, "danger_difference": 0.03482416115640419, "parameter_difference": 178.84711044608224}, "attributes": {"generation_number": 0, "individual_number": 11, "crash": false, "goal_reached": true, "scenario_length": 41}}, "[[0.7785170854893553], [33.270631186836745, 2.770490580028928, 832.9009389098733], [0.12545197171850292, 104.00699620437383], [1.0022866435575546, 44.71754623137442]]": {"ego_positions": [[52.5701, 4.9574], [50.77889957578083, 4.778271914446399], [48.986717056978314, 4.601255057420002], [47.19280573724625, 4.427536974679225], [45.39664124539846, 4.257519486287447], [43.59786777855945, 4.0910896403191135], [41.796296804097544, 3.9277545267582243], [39.991839396587864, 3.7667608941771675], [38.18445822567422, 3.607318218619222], [36.37421725825777, 3.4487189419376914], [34.56120687920214, 3.290137250460611], [32.745879559269625, 3.1310592348361435], [30.930796174434395, 2.9711436338300077], [29.119941814577977, 2.814551874356324], [27.311356921656436, 2.677828230903345], [25.50247046349297, 2.5725280273006925], [23.6916947330483, 2.5026939051260784], [21.8781698347877, 2.4671752380416603], [20.061548155287138, 2.461455479131641], [18.241834079677524, 2.479064796061004], [16.419249149459066, 2.5126794200963745], [14.594021392501045, 2.552867215160572], [12.766177295965146, 2.584166068325807], [10.936737511581992, 2.5945230964999526], [9.106655336683536, 2.5767470207804584], [7.27651951200011, 2.5273665920690456], [5.446970221303622, 2.4458166094209335], [3.6193488581833106, 2.3336503736993204], [1.793597578794352, 2.193644869770753], [-0.030231681046523295, 2.0273853763226706], [-1.8505380293009113, 1.830496657054258], [-3.6668544693554606, 1.6010748253419016], [-5.47835322191173, 1.3387483816359609], [-7.2852688326028385, 1.0394577648012662], [-9.088751567390227, 0.7060562120860798], [-10.89030670920977, 0.34721056823487517], [-12.69115077268957, -0.03058313599767737], [-14.491850688140843, -0.42962263432743186], [-16.294233791564555, -0.8364579328048579], [-18.100415916183934, -1.231350309247651], [-19.9118969348053, -1.5984436928038877]], "ego_orientations": [3.2415, -3.0423687375958512, -3.0440245914744035, -3.0461257410234355, -3.048299735490913, -3.050318704965393, -3.051970451408586, -3.053165305009556, -3.053983961570059, -3.0543337558479338, -3.0543204936180715, -3.0539836731984664, -3.0534399993493775, -3.059232413706366, -3.074106100550752, -3.0931456812337554, -3.1128178298359956, -3.1307608427377804, 3.1376749249526275, 3.1268454682603224, 3.120145421784565, 3.120667980415888, 3.129351205102141, -3.1400337433540337, -3.1234175642559485, -3.1057748167709285, -3.0884682096874507, -3.0723803474535782, -3.058069072294928, -3.0426555865279523, -3.02488087051984, -3.0071807981709764, -2.9877284192279783, -2.967500567714012, -2.9509290947131697, -2.9400639522410534, -2.9286738946892403, -2.919800568990341, -2.9212703608635486, -2.932886804945319, -2.951195435478312], "obs_positions": [[-5.5904, -0.6036], [-5.5904, -0.6036], [-5.5904, -0.6036], [-5.5904, -0.6036], [-5.5904, -0.6036], [-5.5904, -0.6036], [-5.5904, -0.6036], [-5.5904, -0.6036], [-5.5904, -0.6036], [-5.5904, -0.6036], [-5.5904, -0.6036], [-5.5904, -0.6036], [-5.5904, -0.6036], [-5.5904, -0.6036], [-5.5904, -0.6036], [-5.5904, -0.6036], [-5.5904, -0.6036], [-5.5904, -0.6036], [-5.5904, -0.6036], [-5.5904, -0.6036], [-5.5904, -0.6036], [-5.5904, -0.6036], [-5.5904, -0.6036], [-5.5904, -0.6036], [-5.5904, -0.6036], [-5.5904, -0.6036], [-5.5904, -0.6036], [-5.5904, -0.6036], [-5.5904, -0.6036], [-5.5904, -0.6036], [-5.5904, -0.6036], [-5.5904, -0.6036], [-5.5904, -0.6036], [-5.5904, -0.6036], [-5.5904, -0.6036], [-5.5904, -0.6036], [-5.5904, -0.6036], [-5.5904, -0.6036], [-5.5904, -0.6036], [-5.5904, -0.6036], [-5.5904, -0.6036]],