{"[[18.369472967004423], [2.5, 79.59648042445363, 2.5], [0.2616053565560099, 72.68815071725369], [3.85351482069695, 36.73840124857116]]": {"ego_positions": [[75.8532, 7.2934], [74.06199995479624, 7.114272054321365], [72.26981884771875, 6.937256699085434], [70.47591061911746, 6.763537400083821], [68.6797499343495, 6.5935165400158455], [66.88099096941576, 6.427054400484216], [65.07942851999181, 6.263659102800449], [63.27497039836344, 6.102627800227133], [61.467598933413626, 5.943168989653188], [59.65736199176907, 5.784514450101191], [57.844352334006906, 5.625936091309218], [56.02869443121024, 5.466797686559836], [54.21053445029012, 5.306547864323019], [52.390027628072296, 5.144763140306525], [50.567335613049735, 4.981139418776801], [48.7426209929202, 4.81548112367947], [46.91604391513353, 4.647689508960802], [45.087759714786266, 4.477748610298601], [43.25791731928303, 4.30571023632473], [41.42665917007396, 4.131672118048473], [39.59411841002831, 3.955775091534349], [37.760418532448725, 3.778212203532165], [35.925678697816544, 3.599144639066818], [34.090006267513694, 3.4187774149722965], [32.254118181723264, 3.237320163490144], [30.423099034150034, 3.055327776028442], [28.606395975226523, 2.877883684660004], [26.801503606846424, 2.722083035703253], [25.003900650123633, 2.5997992902510494], [23.210313633278496, 2.5152521145684594], [21.418437748190343, 2.4673495225319937], [19.626692171300935, 2.4515363325985824], [17.83404422333223, 2.4612184223059055], [16.03985583211698, 2.488906122363459], [14.243636140733987, 2.52497410082516], [12.444828939521493, 2.5537273140032015], [10.643989836896505, 2.562880302693488], [8.841704276956202, 2.5450070607896054], [7.038282341556085, 2.49640634328568], [5.233820076024716, 2.4162796281681302], [3.428276125673215, 2.305877569139903], [1.6215154061890902, 2.1678218545843735], [-0.18644114852043564, 2.0035638833325877], [-1.994938909568392, 1.8085213134197096], [-3.80331665073283, 1.5780522316881125], [-5.610648348468004, 1.30409841184711], [-7.416880266313244, 0.9875344244533031], [-9.22265203434814, 0.6368488503515324], [-11.028914407170294, 0.2638947819234412], [-12.836308325972823, -0.12265383443880906], [-14.64475518369984, -0.5225049822397116], [-16.455347525836878, -0.9228821316671545], [-18.269541110247044, -1.3066520380267121], [-20.088346580556966, -1.6607935816312576]], "ego_orientations": [3.2415, -3.042369253507772, -3.0440249709512224, -3.0461240313229694, -3.048294732401135, -3.050284356365108, -3.0519377368267544, -3.0531617404760096, -3.0539539851913835, -3.054324257080389, -3.054313739581711, -3.053970345338302, -3.053353292966562, -3.052533416325163, -3.0515727386932134, -3.0505276729657353, -3.049447320304169, -3.048372650754709, -3.0473363474695434, -3.0463532716941284, -3.0454674300304467, -3.044664428537509, -3.0439614291799315, -3.0433521902427225, -3.042797489615355, -3.042253031767722, -3.048283478059008, -3.063832391853206, -3.0839410623803953, -3.104951927112904, -3.124355850175725, -3.140553132894488, 3.1304619904016433, 3.1225778047979933, 3.122161120235432, 3.1301746626562332, -3.1396701606496817, -3.1233516984965384, -3.105893616189983, -3.088674035921478, -3.0726312148202104, -3.0583649442988015, -3.042966209186385, -3.0252020256106675, -3.0033981860298278, -2.9790936996251527, -2.9579393796917697, -2.9427384997290957, -2.9343549738526526, -2.9268849786205284, -2.9224295572822605, -2.927120731505371, -2.940335301280863, -2.958817327332095], "obs_positions": [[-5.5904, -0.6036], [-5.5904, -0.6036], [-5.5904, -0.6036], [-5.5904, -0.6036], [-5.5904, -0.6036], [-5.5904, -0.6036], [-5.5904, -0.6036], [-5.5904, -0.6036], [-5.5904, -0.6036], [-5.5904, -0.6036], [-5.5904, -0.6036], [-5.5904, -0.6036], [-5.5904, -0.6036], [-5.5904, -0.6036], [-5.5904, -0.6036], [-5.5904, -0.6036], [-5.5904, -0.6036], [-5.5904, -0.6036], [-5.5904, -0.6036], [-5.5904, -0.6036], [-5.5904, -0.6036], [-5.5904, -0.6036], [-5.5904, -0.6036], [-5.5904, -0.6036], [-5.5904, -0.6036], [-5.5904, -0.6036], [-5.5904, -0.6036], [-5.5904, -0.6036], [-5.5904, -0.6036], [-5.5904, -0.6036], [-5.5904, -0.6036], [-5.5904, -0.6036], [-5.5904, -0.6036], [-5.5904, -0.6036], [-5.5904, -0.6036], [-5.5904, -0.6036], [-5.5904, -0.6036], [-5.5904, -0.6036], [-5.5904, -0.6036], [-5.5904, -0.6036], [-5.5904, -0.6036], [-5.5904, -0.6036], [-5.5904, -0.6036], [-5.5904, -0.6036], [-5.5904, -0.6036], [-5.5904, -0.6036], [-5.5904, -0.6036], [-5.5904, -0.6036], [-5.5904, -0.6036], [-5.5904, -0.6036], [-5.5904, -0.6036], [-5.5904, -0.6036], [-5.5904, -0.6036], [-5.5904, -0.6036]], "obs_orientations": [3.2415, 3.2415, 3.2415, 3.2415, 3.2415, 3.2415, 3.2415, 3.2415, 3.2415, 3.2415, 3.2415, 3.2415, 3.2415, 3.2415, 3.2415, 3.2415, 3.2415, 3.2415, 3.2415, 3.2415, 3.2415, 3.2415, 3.2415, 3.2415, 3.2415, 3.2415, 3.2415, 3.2415, 3.2415, 3.2415, 3.2415, 3.2415, 3.2415, 3.2415, 3.2415, 3.2415, 3.2415, 3.2415, 3.2415, 3.2415, 3.2415, 3.2415, 3.2415, 3.2415, 3.2415, 3.2415, 3.2415, 3.2415, 3.2415, 3.2415, 3.2415, 3.2415, 3.2415, 3.2415], "objectives": {"extension_time": 2.8, "danger_difference": 0.03657252896263152, "parameter_difference": 39.0193878046862}, "attributes": {"generation_number": 4, "individual_number": 217, "crash": false, "goal_reached": true, "scenario_length": 54}}}