{"[[33.520450078528086], [25.560345975576205, 68.07270601513405, 647.5906633804669], [0.08649376725534369, 191.4703443820849], [2.036592253149547, 32.480783940286194]]": {"ego_positions": [[70.4802, 6.7543], [68.68899842155022, 6.575172345743368], [66.89681058544276, 6.39816314654475], [65.10288783536558, 6.224481997992826], [63.30671650497641, 6.054514201148793], [61.507947777393596, 5.888101453146232], [59.70637660612996, 5.724747899814895], [57.90190680044633, 5.563758613356281], [56.09452929148624, 5.404343287439234], [54.28428925085798, 5.245698658803829], [52.47127694287988, 5.08711532866485], [50.655616720164986, 4.927962322871164], [48.837453766090896, 4.7677043624535465], [47.016945266935274, 4.6059105304398384], [45.194252183287446, 4.442274367644614], [43.369536922475575, 4.276601442200011], [41.54295816033569, 4.108803375789219], [39.71467711862854, 3.9388324405819186], [37.88483549480238, 3.7667569037612085], [36.05357673072068, 3.592718379996789], [34.22103738568849, 3.4167939794406363], [32.38794659363923, 3.239283963061123], [30.55783268930439, 3.0605595644503434], [28.73465040428306, 2.885271696066463], [26.916082911676124, 2.730514472803839], [25.09922935510196, 2.608306536370684], [23.28220826527245, 2.5230129755579647], [21.46389926359126, 2.4736878549465846], [19.643725040106727, 2.4559029257125022], [17.821490355810628, 2.4632010385958716], [15.997241622113652, 2.4882020223655426], [14.171400619771592, 2.5214136470649957], [12.345090268781892, 2.54736048233333], [10.519205772987036, 2.553828242157799], [8.694248905648566, 2.533423674606434], [6.8704214667455465, 2.4824806562048503], [5.047700893849838, 2.400208481390485], [3.225914439479875, 2.2878582410400123], [1.40479064560003, 2.148047524142994], [-0.4157891760549671, 1.982222201421299], [-2.2353103085413157, 1.7857922273999824], [-4.05324174832414, 1.5541094647035025], [-5.868776308351787, 1.2791020719263413], [-7.6819654667079975, 0.9616389890740578], [-9.493577866645326, 0.6101957622596887], [-11.304676276835737, 0.2366112406881784], [-13.116021119815784, -0.15044916171685951], [-14.927613175080356, -0.5507060988354424], [-16.740640421478435, -0.9513949526108346], [-18.556663975966803, -1.3353959115111973]], "ego_orientations": [3.2415, -3.042370505331909, -3.044036068042496, -3.0461538265946158, -3.048324055691196, -3.0503101197480933, -3.0519585837655376, -3.053190645106224, -3.0539671233433254, -3.0543250663336448, -3.0543077209099376, -3.053963854472243, -3.0533495463693243, -3.0525275089210493, -3.051565310871932, -3.0505202660728252, -3.0494479171732323, -3.048336693874205, -3.04734031654084, -3.0463367687503973, -3.04546774879035, -3.0446373053888722, -3.0438719282766713, -3.0496704673574553, -3.06483733630275, -3.0844264788470217, -3.104850217710535, -3.123671686213474, -3.139363521396961, 3.1320425420533393, 3.124429456623149, 3.1240305318699324, 3.1318449459419844, -3.138262901993269, -3.1222295334783365, -3.105042028731893, -3.0880536147494815, -3.0721965398844464, -3.058072409695975, -3.0427984436018125, -3.025147940820913, -3.003452813557289, -2.9792355804040325, -2.9581308567240296, -2.942939200417055, -2.9345415771249552, -2.9270502341580955, -2.9225668260240174, -2.927221503954873, -2.9404025041110695], "obs_positions": [[-5.5904, -0.6036], [-5.5904, -0.6036], [-5.5904, -0.6036], [-5.5904, -0.6036], [-5.5904, -0.6036], [-5.5904, -0.6036], [-5.5904, -0.6036], [-5.5904, -0.6036], [-5.5904, -0.6036], [-5.5904, -0.6036], [-5.5904, -0.6036], [-5.5904, -0.6036], [-5.5904, -0.6036], [-5.5904, -0.6036], [-5.5904, -0.6036], [-5.5904, -0.6036], [-5.5904, -0.6036], [-5.5904, -0.6036], [-5.5904, -0.6036], [-5.5904, -0.6036], [-5.5904, -0.6036], [-5.5904, -0.6036], [-5.5904, -0.6036], [-5.5904, -0.6036], [-5.5904, -0.6036], [-5.5904, -0.6036], [-5.5904, -0.6036], [-5.5904, -0.6036], [-5.5904, -0.6036], [-5.5904, -0.6036], [-5.5904, -0.6036], [-5.5904, -0.6036], [-5.5904, -0.6036], [-5.5904, -0.6036], [-5.5904, -0.6036], [-5.5904, -0.6036], [-5.5904, -0.6036], [-5.5904, -0.6036], [-5.5904, -0.6036], [-5.5904, -0.6036], [-5.5904, -0.6036], [-5.5904, -0.6036], [-5.5904, -0.6036], [-5.5904, -0.6036], [-5.5904, -0.6036], [-5.5904, -0.6036], [-5.5904, -0.6036], [-5.5904, -0.6036], [-5.5904, -0.6036], [-5.5904, -0.6036]], "obs_orientations": [3.2415, 3.2415, 3.2415, 3.2415, 3.2415, 3.2415, 3.2415, 3.2415, 3.2415, 3.2415, 3.2415, 3.2415, 3.2415, 3.2415, 3.2415, 3.2415, 3.2415, 3.2415, 3.2415, 3.2415, 3.2415, 3.2415, 3.2415, 3.2415, 3.2415, 3.2415, 3.2415, 3.2415, 3.2415, 3.2415, 3.2415, 3.2415, 3.2415, 3.2415, 3.2415, 3.2415, 3.2415, 3.2415, 3.2415, 3.2415, 3.2415, 3.2415, 3.2415, 3.2415, 3.2415, 3.2415, 3.2415, 3.2415, 3.2415, 3.2415], "objectives": {"extension_time": 2.5, "danger_difference": 0.09994199105330281, "parameter_difference": 219.192327617081}, "attributes": {"generation_number": 0, "individual_number": 5, "crash": false, "goal_reached": true, "scenario_length": 50}}, "[[33.520450078528086], [25.560345975576205, 68.07270601513405, 647.5906633804669], [0.06296931577202858, 191.4703443820849], [2.036592253149547, 32.480783940286194]]": {"ego_positions": [[70.4802, 6.7543], [68.68899842155022, 6.575172345743368], [66.89681058544276, 6.39816314654475], [65.10288783536558, 6.224481997992826], [63.30671650497641, 6.054514201148793], [61.507947777393596, 5.888101453146232], [59.70637660612996, 5.724747899814895], [57.90190680044633, 5.563758613356281], [56.09452929148624, 5.404343287439234], [54.28428925085798, 5.245698658803829], [52.47127694287988, 5.08711532866485], [50.655616720164986, 4.927962322871164], [48.837453766090896, 4.7677043624535465], [47.016945266935274, 4.6059105304398384], [45.194252183287446, 4.442274367644614], [43.369536922475575, 4.276601442200011], [41.54295816033569, 4.108803375789219], [39.71467711862854, 3.9388324405819186], [37.88483549480238, 3.7667569037612085], [36.05357673072068, 3.592718379996789], [34.22103738568849, 3.4167939794406363], [32.38794659363923, 3.239283963061123], [30.55783268930439, 3.0605595644503434], [28.73465040428306, 2.885271696066463], [26.916082911676124, 2.730514472803839], [25.09922935510196, 2.608306536370684], [23.28220826527245, 2.5230129755579647], [21.46389926359126, 2.4736878549465846], [19.643725040106727, 2.4559029257125022], [17.821490355810628, 2.4632010385958716], [15.997241622113652, 2.4882020223655426], [14.171400619771592, 2.5214136470649957], [12.345090268781892, 2.54736048233333], [10.519205772987036, 2.553828242157799], [8.694248905648566, 2.533423674606434], [6.8704214667455465, 2.4824806562048503], [5.047700893849838, 2.400208481390485], [3.225914439479875, 2.2878582410400123], [1.40479064560003, 2.148047524142994], [-0.4157891760549671, 1.982222201421299], [-2.2353103085413157, 1.7857922273999824], [-4.05324174832414, 1.5541094647035025], [-5.868776308351787, 1.2791020719263413], [-7.6819654667079975, 0.9616389890740578], [-9.493577866645326, 0.6101957622596887], [-11.304676276835737, 0.2366112406881784], [-13.116021119815784, -0.15044916171685951], [-14.927613175080356, -0.5507060988354424], [-16.740640421478435, -0.9513949526108346], [-18.556663975966803, -1.3353959115111973]],