{"[[6.6195170153779905], [11.60023897036181, 308.63089328287015, 0.9575424780301489], [2.11858634328197, 198.59192160523963], [1.9594962807132545, 6.7030758428454735]]": {"ego_positions": [[61.5251, 5.8559], [59.733899271517906, 5.676772212536363], [57.94171579292791, 5.49975818008711], [56.14780329233409, 5.326045614463435], [54.35163803522079, 5.156035761844394], [52.552874532252766, 4.989585834647658], [50.75130781218118, 4.826201832197939], [48.946841892100636, 4.665188691349562], [47.13946372530823, 4.505763811692808], [45.32922192828636, 4.347139724445638], [43.51620962471114, 4.188581278312954], [41.700552754542315, 4.029438296368574], [39.88239428743669, 3.869150230872748], [38.061882029327265, 3.7073758044383522], [36.23919412714646, 3.5437262151412354], [34.41447505628834, 3.3780646887839914], [32.58823205828638, 3.210321700120728], [30.763045325404658, 3.040660984419331], [28.942978614043525, 2.873551055394497], [27.126041393270587, 2.726015502735641], [25.309606296010287, 2.6100434347316153], [23.492029248332596, 2.530011191376863], [21.672394007526712, 2.485008174180481], [19.850301003132742, 2.4706831853579745], [18.025700192768713, 2.480655462825975], [16.198770456595305, 2.507633181882359], [14.370028471841177, 2.5422252159129757], [12.540692724946089, 2.5690397576523], [10.711085188443677, 2.575628098018259], [8.879375729971251, 2.553593644248969], [7.045816679665496, 2.49968315563487], [5.2112116763344565, 2.4126018461133714], [3.3764766920028118, 2.28981101612216], [1.5420749253377248, 2.132720051679843], [-0.29194193208671665, 1.9461671591505245], [-2.125574132845368, 1.734746272951364], [-3.9580090790534346, 1.4972922749712643], [-5.787532214900653, 1.232034264557359], [-7.613459251552481, 0.933844858676792], [-9.436137590763083, 0.6045161967470697], [-11.256464300185868, 0.25169055876255264], [-13.07512925581155, -0.11890557127939805], [-14.892033868676446, -0.5098894531455997], [-16.708557916106802, -0.9085182581767588], [-18.52663935387188, -1.295839605905381]], "ego_orientations": [3.2415, -3.0423694911348838, -3.0440270063251207, -3.046129497070676, -3.0483016079149263, -3.0502912119646455, -3.0519436206413104, -3.053178903972714, -3.0539724705661846, -3.054338856610943, -3.0543185327417293, -3.0539565181444033, -3.0533415973183686, -3.0525395964624895, -3.0515504737239376, -3.0505437965631086, -3.049450764642363, -3.048355544838694, -3.0537594590513493, -3.0684807013664055, -3.087581188671274, -3.1074976584333944, -3.1258158316422806, -3.141040047622845, 3.130792516077059, 3.12354454163977, 3.1234543086485655, 3.131509460865695, -3.1378924852420185, -3.120997149865741, -3.103404890033979, -3.0845513005627416, -3.0651423677082508, -3.047652807238581, -3.0333986913039745, -3.019890796162957, -3.0055961009556853, -2.98887938161644, -2.9707700474076244, -2.955639423106482, -2.945574882075543, -2.934678244774988, -2.9259402343182814, -2.9270023018003113, -2.9377978449593503], "obs_positions": [[-5.5904, -0.6036], [-5.5904, -0.6036], [-5.5904, -0.6036], [-5.5904, -0.6036], [-5.5904, -0.6036], [-5.5904, -0.6036], [-5.5904, -0.6036], [-5.5904, -0.6036], [-5.5904, -0.6036], [-5.5904, -0.6036], [-5.5904, -0.6036], [-5.5904, -0.6036], [-5.5904, -0.6036], [-5.5904, -0.6036], [-5.5904, -0.6036], [-5.5904, -0.6036], [-5.5904, -0.6036], [-5.5904, -0.6036], [-5.5904, -0.6036], [-5.5904, -0.6036], [-5.5904, -0.6036], [-5.5904, -0.6036], [-5.5904, -0.6036], [-5.5904, -0.6036], [-5.5904, -0.6036], [-5.5904, -0.6036], [-5.5904, -0.6036], [-5.5904, -0.6036], [-5.5904, -0.6036], [-5.5904, -0.6036], [-5.5904, -0.6036], [-5.5904, -0.6036], [-5.5904, -0.6036], [-5.5904, -0.6036], [-5.5904, -0.6036], [-5.5904, -0.6036], [-5.5904, -0.6036], [-5.5904, -0.6036], [-5.5904, -0.6036], [-5.5904, -0.6036], [-5.5904, -0.6036], [-5.5904, -0.6036], [-5.5904, -0.6036], [-5.5904, -0.6036], [-5.5904, -0.6036]], "obs_orientations": [3.2415, 3.2415, 3.2415, 3.2415, 3.2415, 3.2415, 3.2415, 3.2415, 3.2415, 3.2415, 3.2415, 3.2415, 3.2415, 3.2415, 3.2415, 3.2415, 3.2415, 3.2415, 3.2415, 3.2415, 3.2415, 3.2415, 3.2415, 3.2415, 3.2415, 3.2415, 3.2415, 3.2415, 3.2415, 3.2415, 3.2415, 3.2415, 3.2415, 3.2415, 3.2415, 3.2415, 3.2415, 3.2415, 3.2415, 3.2415, 3.2415, 3.2415, 3.2415, 3.2415, 3.2415], "objectives": {"extension_time": 2.0, "danger_difference": 0.4566310573875825, "parameter_difference": 39.72755539885}, "attributes": {"generation_number": 0, "individual_number": 15, "crash": false, "goal_reached": true, "scenario_length": 45}}, "[[6.6195170153779905], [11.60023897036181, 308.63089328287015, 0.9575424780301489], [2.11858634328197, 198.59192160523963], [1.3890467836655898, 6.7030758428454735]]": {"ego_positions": [[61.5251, 5.8559], [59.733899271517906, 5.676772212536363], [57.94171579292791, 5.49975818008711], [56.14780329233409, 5.326045614463435], [54.35163803522079, 5.156035761844394], [52.552874532252766, 4.989585834647658], [50.75130781218118, 4.826201832197939], [48.946841892100636, 4.665188691349562], [47.13946372530823, 4.505763811692808], [45.32922192828636, 4.347139724445638], [43.51620962471114, 4.188581278312954], [41.700552754542315, 4.029438296368574], [39.88239428743669, 3.869150230872748], [38.061882029327265, 3.7073758044383522], [36.23919412714646, 3.5437262151412354], [34.41447505628834, 3.3780646887839914], [32.58823205828638, 3.210321700120728], [30.763045325404658, 3.040660984419331], [28.942978614043525, 2.873551055394497], [27.126041393270587, 2.726015502735641], [25.309606296010287, 2.6100434347316153], [23.492029248332596, 2.530011191376863], [21.672394007526712, 2.485008174180481], [19.850301003132742, 2.4706831853579745], [18.025700192768713, 2.480655462825975], [16.198770456595305, 2.507633181882359], [14.370028471841177, 2.5422252159129757], [12.540692724946089, 2.5690397576523], [10.711085188443677, 2.575628098018259], [8.879375729971251, 2.553593644248969], [7.045816679665496, 2.49968315563487], [5.2112116763344565, 2.4126018461133714], [3.3764766920028118, 2.28981101612216], [1.5420749253377248, 2.132720051679843], [-0.29194193208671665, 1.9461671591505245], [-2.125574132845368, 1.734746272951364], [-3.9580090790534346, 1.4972922749712643], [-5.787532214900653, 1.232034264557359], [-7.613459251552481, 0.933844858676792], [-9.436137590763083, 0.6045161967470697], [-11.256464300185868, 0.25169055876255264], [-13.07512925581155, -0.11890557127939805], [-14.892033868676446, -0.5098894531455997], [-16.708557916106802, -0.9085182581767588], [-18.52663935387188, -1.295839605905381]], "ego_orientations": [3.2415, -3.0423694911348838, -3.0440270063251207, -3.046129497070676, -3.0483016079149263, -3.0502912119646455, -3.0519436206413104, -3.053178903972714, -3.0539724705661846, -3.054338856610943, -3.0543185327417293, -3.0539565181444033, -3.0533415973183686, -3.0525395964624895, -3.0515504737239376, -3.0505437965631086, -3.049450764642363, -3.048355544838694, -3.0537594590513493, -3.0684807013664055, -3.087581188671274, -3.1074976584333944, -3.1258158316422806, -3.141040047622845, 3.130792516077059, 3.12354454163977, 3.1234543086485655, 3.131509460865695, -3.1378924852420185, -3.120997149865741, -3.103404890033979, -3.0845513005627416, -3.0651423677082508, -3.047652807238581, -3.0333986913039745, -3.019890796162957, -3.0055961009556853, -2.98887938161644, -2.9707700474076244, -2.955639423106482, -2.945574882075543, -2.934678244774988, -2.9259402343182814, -2.9270023018003113, -2.9377978449593503],