{"[[38.75597510243304], [10.248540538885436, 229.90836431759038, 991.5265026265608], [2.354866143682647, 41.292812402918955], [0.309849221973057, 18.880938726080647]]": {"ego_positions": [[72.2712, 6.934], [70.47999956037174, 6.754872095003356], [68.68781684518065, 6.577856446869741], [66.89390484932754, 6.404142513615123], [65.09774006014965, 6.234132503432136], [63.29897710728136, 6.067683267270394], [61.49741142335631, 5.904299157638985], [59.69294622264976, 5.743284591669969], [57.88556859560219, 5.583858967144581], [56.07532723163823, 5.425234784367273], [54.26231526843905, 5.26667677064084], [52.44665670046622, 5.107538542636801], [50.628495665931176, 4.9472829977811035], [48.807988174610585, 4.785490293473502], [46.98529583363037, 4.621856684113393], [45.16058118654132, 4.456186958628081], [43.33400433407931, 4.288382727415198], [41.5057198306789, 4.118433268225782], [39.67587878813986, 3.9463792862703606], [37.84462061410345, 3.772326741381953], [36.01207790792408, 3.5964477014813863], [34.17837944681192, 3.41886452668059], [32.34424849133918, 3.2398682713693456], [30.511627306823698, 3.063768064556722], [28.678875330754604, 2.9077209541307316], [26.84423872370633, 2.7838531088735], [25.006816616687615, 2.6966191835599975], [23.16631827458604, 2.6451358970618535], [21.322871897206657, 2.6250592553377428], [19.47685363300169, 2.630001239030779], [17.628791704030203, 2.652632526648022], [15.779264468294016, 2.6855017294597685], [13.929072027962333, 2.7195978544721076], [12.079591711388765, 2.7402756813064277], [10.23187822164766, 2.7363513943135347], [8.386520080342187, 2.70155337386039], [6.543749125230367, 2.6333562729040625], [4.703539272386551, 2.5319857746503516], [2.8656867838779947, 2.399591854691068], [1.0300699227016061, 2.2375565665976707], [-0.8028458161030988, 2.0415067626323813], [-2.6328653984754857, 1.809826480136959], [-4.459933000211786, 1.5423930232520948], [-6.283656617092986, 1.2353071649022582], [-8.104344419269403, 0.8919019420451311], [-9.922901972273456, 0.5215461272318491], [-11.740445132361247, 0.13592432058910808], [-13.557771856448133, -0.25662864277113595], [-15.37492450544587, -0.6555324822543382], [-17.193001923288172, -1.0494904047355282], [-19.013432615753587, -1.4237494968302127]], "ego_orientations": [3.2415, -3.0423690322434047, -3.044025957944971, -3.0461290717519693, -3.048301842744938, -3.05029172495265, -3.0519427751554757, -3.0531782710131994, -3.053972226030421, -3.0543389430878056, -3.0543188729891284, -3.053967955242001, -3.053349567244489, -3.0525285416045556, -3.0515669165125177, -3.050521104991874, -3.0494402817999293, -3.048370851746622, -3.0473184614634206, -3.0463652825747416, -3.0454587873118, -3.0446704935014552, -3.043941385067406, -3.0496895439657017, -3.0647029962158365, -3.0840394977610703, -3.1041603366494694, -3.122676279679875, -3.1381285548308973, 3.1334503113626866, 3.1259242409489745, 3.1223570888189784, 3.1255272375115597, 3.1362972832693647, -3.131485864586825, -3.113761584773445, -3.095463216693485, -3.0778592784026753, -3.061812812386178, -3.0446552606536423, -3.025293885527298, -3.0062508913984565, -2.9856084654209147, -2.9643124657270525, -2.9469245713696752, -2.9355289162822036, -2.930579318808944, -2.926670251581398, -2.9255013449278895, -2.9323041695463727, -2.9463614021781037], "obs_positions": [[-5.5904, -0.6036], [-5.5904, -0.6036], [-5.5904, -0.6036], [-5.5904, -0.6036], [-5.5904, -0.6036], [-5.5904, -0.6036], [-5.5904, -0.6036], [-5.5904, -0.6036], [-5.5904, -0.6036], [-5.5904, -0.6036], [-5.5904, -0.6036], [-5.5904, -0.6036], [-5.5904, -0.6036], [-5.5904, -0.6036], [-5.5904, -0.6036], [-5.5904, -0.6036], [-5.5904, -0.6036], [-5.5904, -0.6036], [-5.5904, -0.6036], [-5.5904, -0.6036], [-5.5904, -0.6036], [-5.5904, -0.6036], [-5.5904, -0.6036], [-5.5904, -0.6036], [-5.5904, -0.6036], [-5.5904, -0.6036], [-5.5904, -0.6036], [-5.5904, -0.6036], [-5.5904, -0.6036], [-5.5904, -0.6036], [-5.5904, -0.6036], [-5.5904, -0.6036], [-5.5904, -0.6036], [-5.5904, -0.6036], [-5.5904, -0.6036], [-5.5904, -0.6036], [-5.5904, -0.6036], [-5.5904, -0.6036], [-5.5904, -0.6036], [-5.5904, -0.6036], [-5.5904, -0.6036], [-5.5904, -0.6036], [-5.5904, -0.6036], [-5.5904, -0.6036], [-5.5904, -0.6036], [-5.5904, -0.6036], [-5.5904, -0.6036], [-5.5904, -0.6036], [-5.5904, -0.6036], [-5.5904, -0.6036], [-5.5904, -0.6036]], "obs_orientations": [3.2415, 3.2415, 3.2415, 3.2415, 3.2415, 3.2415, 3.2415, 3.2415, 3.2415, 3.2415, 3.2415, 3.2415, 3.2415, 3.2415, 3.2415, 3.2415, 3.2415, 3.2415, 3.2415, 3.2415, 3.2415, 3.2415, 3.2415, 3.2415, 3.2415, 3.2415, 3.2415, 3.2415, 3.2415, 3.2415, 3.2415, 3.2415, 3.2415, 3.2415, 3.2415, 3.2415, 3.2415, 3.2415, 3.2415, 3.2415, 3.2415, 3.2415, 3.2415, 3.2415, 3.2415, 3.2415, 3.2415, 3.2415, 3.2415, 3.2415, 3.2415], "objectives": {"extension_time": 2.6, "danger_difference": -0.14081675549351758, "parameter_difference": 356.61866493994273}, "attributes": {"generation_number": 0, "individual_number": 29, "crash": false, "goal_reached": true, "scenario_length": 51}}}