{"[[39.991254815315834], [25.940998320575577, 134.310480903106, 404.1280092675796], [0.8393047719813407, 116.57976251534006], [1.7780584651136866, 43.5104666513633]]": {"ego_positions": [[66.8981, 6.395], [65.10689935720875, 6.21587218580564], [63.31471618486337, 6.0388581997024104], [61.52080438661588, 5.865144967548788], [59.724640356893296, 5.695132363595368], [57.9258782645831, 5.528677304467629], [56.124312753604826, 5.365287001094636], [54.3198479769132, 5.204267688905754], [52.512470877570244, 5.044836985244885], [50.70223005911334, 4.886207555029237], [48.8892186394994, 4.727644315945388], [47.073560596030504, 4.568501050233772], [45.25540005283361, 4.408240791129582], [43.43489276518362, 4.246444203274164], [41.6121998414992, 4.082815758214292], [39.78748938691053, 3.9171225411200665], [37.9609094489328, 3.749319458599449], [36.13262746645212, 3.5793705361881147], [34.30278540286457, 3.4073066073609763], [32.47186008836559, 3.2333239394917808], [30.642421909759324, 3.05771509463424], [28.818531858591925, 2.8850717489713325], [26.99817429885421, 2.7324931268276105], [25.178690455314012, 2.6120207323719327], [23.35840651560979, 2.528052396973277], [21.53637740553166, 2.4796798377097655], [19.712176964320367, 2.4625217479054986], [17.88573204158272, 2.470169411960022], [16.057189370679065, 2.4952826329190954], [14.227059380266741, 2.52842011702106], [12.396527220810619, 2.5541429780241094], [10.56654318616539, 2.56027543300179], [8.737648061886903, 2.5394598085052613], [6.910073083869047, 2.4880650846489276], [5.083817735872525, 2.405322206671392], [3.2587218534950746, 2.2924969005352898], [1.434522846435867, 2.152219336914373], [-0.388895748959153, 1.9859452168119438], [-2.2110203934314065, 1.7890919320065777], [-4.031325248355421, 1.5570165963274571], [-5.848991297290792, 1.2816526558341654], [-7.664078837660222, 0.9638726151452666], [-9.477358977778957, 0.6121515674087499], [-11.289905774537047, 0.2383308876757877], [-13.102493173564836, -0.14892846557201067], [-14.91512029261941, -0.5493469019572883], [-16.728985239284, -0.9501621339148125], [-18.54566758263056, -1.334257663751572]], "ego_orientations": [3.2415, -3.0423695294038837, -3.0440269038368437, -3.046128641326834, -3.0482992845157937, -3.0502876949548927, -3.0519401068794, -3.0531755391310424, -3.0539693490417212, -3.0543360320243287, -3.054316026719751, -3.053965256768616, -3.0533470821027193, -3.052528386294214, -3.0515670718235044, -3.050500496705542, -3.0494641639066287, -3.0483437466708705, -3.0473464362474276, -3.0463611464195695, -3.045439752498906, -3.0510466212027225, -3.0659986393361964, -3.085354568437261, -3.10554291735321, -3.124137355280114, -3.139631513933666, 3.1319418684668205, 3.124464834063703, 3.1241565726442357, 3.132023197789423, -3.1380629222460987, -3.122031809375668, -3.1048611512768276, -3.0878943949820026, -3.072059703809129, -3.057957147351648, -3.0427074786695454, -3.0250845234847623, -3.003418647385999, -2.9792324525515697, -2.9581486591963166, -2.9429689260428034, -2.934576083539693, -2.927086017276634, -2.9226007215121586, -2.9272488989985592, -2.9404226730891105], "obs_positions": [[-5.5904, -0.6036], [-5.5904, -0.6036], [-5.5904, -0.6036], [-5.5904, -0.6036], [-5.5904, -0.6036], [-5.5904, -0.6036], [-5.5904, -0.6036], [-5.5904, -0.6036], [-5.5904, -0.6036], [-5.5904, -0.6036], [-5.5904, -0.6036], [-5.5904, -0.6036], [-5.5904, -0.6036], [-5.5904, -0.6036], [-5.5904, -0.6036], [-5.5904, -0.6036], [-5.5904, -0.6036], [-5.5904, -0.6036], [-5.5904, -0.6036], [-5.5904, -0.6036], [-5.5904, -0.6036], [-5.5904, -0.6036], [-5.5904, -0.6036], [-5.5904, -0.6036], [-5.5904, -0.6036], [-5.5904, -0.6036], [-5.5904, -0.6036], [-5.5904, -0.6036], [-5.5904, -0.6036], [-5.5904, -0.6036], [-5.5904, -0.6036], [-5.5904, -0.6036], [-5.5904, -0.6036], [-5.5904, -0.6036], [-5.5904, -0.6036], [-5.5904, -0.6036], [-5.5904, -0.6036], [-5.5904, -0.6036], [-5.5904, -0.6036], [-5.5904, -0.6036], [-5.5904, -0.6036], [-5.5904, -0.6036], [-5.5904, -0.6036], [-5.5904, -0.6036], [-5.5904, -0.6036], [-5.5904, -0.6036], [-5.5904, -0.6036], [-5.5904, -0.6036]], "obs_orientations": [3.2415, 3.2415, 3.2415, 3.2415, 3.2415, 3.2415, 3.2415, 3.2415, 3.2415, 3.2415, 3.2415, 3.2415, 3.2415, 3.2415, 3.2415, 3.2415, 3.2415, 3.2415, 3.2415, 3.2415, 3.2415, 3.2415, 3.2415, 3.2415, 3.2415, 3.2415, 3.2415, 3.2415, 3.2415, 3.2415, 3.2415, 3.2415, 3.2415, 3.2415, 3.2415, 3.2415, 3.2415, 3.2415, 3.2415, 3.2415, 3.2415, 3.2415, 3.2415, 3.2415, 3.2415, 3.2415, 3.2415, 3.2415], "objectives": {"extension_time": 2.3, "danger_difference": 0.11201411302029918, "parameter_difference": 121.94457084274826}, "attributes": {"generation_number": 0, "individual_number": 25, "crash": false, "goal_reached": true, "scenario_length": 48}}}