{"[[14.27248451173949], [45.74569093313984, 200.0, 2.5], [2.126781940276868, 81.23310959119247], [0.6854775338678365, 43.76639298322729]]": {"ego_positions": [[79.4352, 7.6527], [77.64399773189642, 7.473573644170994], [75.85181015206393, 7.296577299778018], [74.05789618710322, 7.122886617332731], [72.26172992751509, 6.95289693333361], [70.46297096370449, 6.786451230830242], [68.66140604423754, 6.623055501730949], [66.85694174929866, 6.462029955813397], [65.04956487179167, 6.302592956299276], [63.239324308088655, 6.143958527629592], [61.42631331951692, 5.98538970774036], [59.61065460446666, 5.82624250060013], [57.792491417717095, 5.665997065724046], [55.97198260528591, 5.504219654530524], [54.149289188915425, 5.340600997284472], [52.32457601342573, 5.1749284686794566], [50.498000540851784, 5.007109528877824], [48.66971814817789, 4.837140674535486], [46.83987614564566, 4.6650850828781785], [45.00861622014621, 4.491055454387535], [43.17607324413845, 4.315177213877782], [41.34237374475739, 4.137608319314127], [39.50763621104993, 3.9585128440708033], [37.67196161269358, 3.778164024304691], [35.83546198124345, 3.5966388284367254], [33.998226361791936, 3.4141705065244192], [32.160962272910986, 3.2309274964214594], [30.32591700015765, 3.051324265961924], [28.49265573019754, 2.8925927491399777], [26.65937565685535, 2.7667974925679646], [24.824790442416102, 2.6782871828840142], [22.98827691212592, 2.6260780407142947], [21.149675636702685, 2.605722592991383], [19.30912255021108, 2.6107497793531294], [17.466935565482117, 2.633743944045369], [15.62353126800758, 2.66718134068009], [13.779556022074999, 2.7019980273417303], [11.936276864228038, 2.7234887642635472], [10.094655500589008, 2.720428809501728], [8.255204620216439, 2.6865103013362712], [6.418102055783605, 2.6191802565019766], [4.583279032682837, 2.518644733821477], [2.7505026612298975, 2.3870376981194124], [0.9199677683344893, 2.225765168157918], [-0.9066346791207731, 2.0305719638413833], [-2.729129418364135, 1.7998380836313252], [-4.547845287065732, 1.5333992594320986], [-6.3628078852033365, 1.22731758599235], [-8.1746853869686, 0.8848860330947033], [-9.984638083540203, 0.5154520337004436], [-11.793981305245335, 0.1306889889117373], [-13.60367906331508, -0.26108476376505174], [-15.414022466165736, -0.6593105411709407], [-17.226251548083273, -1.052700396179667], [-19.041820434117877, -1.4264958940919699]], "ego_orientations": [3.2415, -3.0423745559843565, -3.0440397517823246, -3.046141134938144, -3.048310957799342, -3.0502848737038497, -3.0519368716743305, -3.053171870667776, -3.0539664242199245, -3.0543331625952086, -3.0543127493534072, -3.053968152837364, -3.053357996871393, -3.0525369220389043, -3.051572322718428, -3.0505129964055757, -3.049432204013276, -3.0483572964176187, -3.047335031336535, -3.046364355165741, -3.0454717970445486, -3.044650439678028, -3.0439599735891396, -3.043354093576484, -3.042817014572581, -3.042385487017338, -3.041997023742425, -3.04809368619478, -3.0634413237098435, -3.0831111960125157, -3.1035534325554357, -3.12236682629401, -3.138072834555007, 3.1332969545689284, 3.1256164751307685, 3.1219363302664536, 3.1250532787050713, 3.1358210858808997, -3.131929531148992, -3.114150745965578, -3.095788572150695, -3.0781192312406738, -3.0620116029076536, -3.0447938479418464, -3.0253437336643363, -3.0061908785044666, -2.9854201606580726, -2.9639974514757417, -2.9465127725671483, -2.9350691171919507, -2.930113506103084, -2.9262209222884863, -2.9250963919443036, -2.931975516374927, -2.946119745276163], "obs_positions": [[-5.5904, -0.6036], [-5.5904, -0.6036], [-5.5904, -0.6036], [-5.5904, -0.6036], [-5.5904, -0.6036], [-5.5904, -0.6036], [-5.5904, -0.6036], [-5.5904, -0.6036], [-5.5904, -0.6036], [-5.5904, -0.6036], [-5.5904, -0.6036], [-5.5904, -0.6036], [-5.5904, -0.6036], [-5.5904, -0.6036], [-5.5904, -0.6036], [-5.5904, -0.6036], [-5.5904, -0.6036], [-5.5904, -0.6036], [-5.5904, -0.6036], [-5.5904, -0.6036], [-5.5904, -0.6036], [-5.5904, -0.6036], [-5.5904, -0.6036], [-5.5904, -0.6036], [-5.5904, -0.6036], [-5.5904, -0.6036], [-5.5904, -0.6036], [-5.5904, -0.6036], [-5.5904, -0.6036], [-5.5904, -0.6036], [-5.5904, -0.6036], [-5.5904, -0.6036], [-5.5904, -0.6036], [-5.5904, -0.6036], [-5.5904, -0.6036], [-5.5904, -0.6036], [-5.5904, -0.6036], [-5.5904, -0.6036], [-5.5904, -0.6036], [-5.5904, -0.6036], [-5.5904, -0.6036], [-5.5904, -0.6036], [-5.5904, -0.6036], [-5.5904, -0.6036], [-5.5904, -0.6036], [-5.5904, -0.6036], [-5.5904, -0.6036], [-5.5904, -0.6036], [-5.5904, -0.6036], [-5.5904, -0.6036], [-5.5904, -0.6036], [-5.5904, -0.6036], [-5.5904, -0.6036], [-5.5904, -0.6036], [-5.5904, -0.6036]], "obs_orientations": [3.2415, 3.2415, 3.2415, 3.2415, 3.2415, 3.2415, 3.2415, 3.2415, 3.2415, 3.2415, 3.2415, 3.2415, 3.2415, 3.2415, 3.2415, 3.2415, 3.2415, 3.2415, 3.2415, 3.2415, 3.2415, 3.2415, 3.2415, 3.2415, 3.2415, 3.2415, 3.2415, 3.2415, 3.2415, 3.2415, 3.2415, 3.2415, 3.2415, 3.2415, 3.2415, 3.2415, 3.2415, 3.2415, 3.2415, 3.2415, 3.2415, 3.2415, 3.2415, 3.2415, 3.2415, 3.2415, 3.2415, 3.2415, 3.2415, 3.2415, 3.2415, 3.2415, 3.2415, 3.2415, 3.2415], "objectives": {"extension_time": 3.0, "danger_difference": -0.2894079975599162, "parameter_difference": 42.28293881662008}, "attributes": {"generation_number": 1, "individual_number": 72, "crash": false, "goal_reached": true, "scenario_length": 55}}}