{"[[1.0122021395282], [0.2888656766323104, 42.32512045693696, 2.499875985418894], [1.4947226653756611, 76.61290335827282], [2.0321435478060326, 2.45993127224971]]": {"ego_positions": [[85.6849, 11.933], [84.28476514668414, 11.933217839907073], [82.88386387708343, 11.933894993075395], [81.48190892074436, 11.935293259392601], [80.07966095104844, 11.937506043662214], [78.67674409998753, 11.940509771967466], [77.27254673239482, 11.944204937911683], [75.86659633721808, 11.948448089054809], [74.45853991413827, 11.953076038274066], [73.04812629192267, 11.957923525211836], [71.63519028137311, 11.9628354681163], [70.21963855571941, 11.96767484420237], [68.80144126606615, 11.972761646374625], [67.38062776555074, 11.97991344994207], [65.957247216008, 11.99071577684114], [64.53138815964516, 12.007165366981909], [63.10362797695132, 12.043960782691922], [61.67459949510266, 12.10550756153441], [60.2441325055239, 12.188565255238737], [58.81213021129437, 12.277869365792972], [57.38718563660017, 12.411967524931272], [55.98160305853426, 12.636951712592149], [54.607740569960484, 13.004254567498934], [53.26178761073134, 13.47585322288884], [51.95330926635633, 14.038787519776005], [50.68843500344178, 14.691967008925923], [49.47243698581898, 15.431278439509644], [48.308619114853535, 16.250909493004926], [47.20526716878027, 17.146753530619215], [46.16835626878726, 18.12050448910958], [45.1961599925945, 19.161225223403957], [44.30885053937446, 20.260804120372516], [43.52554069906897, 21.3965154418229], [42.85085192152856, 22.522590988275212], [42.28676395296199, 23.622777511723633]], "ego_orientations": [3.1415, 3.141316412728291, 3.140872019912691, 3.1403080606821705, 3.1397247443900875, 3.1391910433530184, 3.1387489923282024, 3.1384202890994075, 3.138211517197131, 3.138118560550231, 3.138130223932845, 3.1382311131121785, 3.1375093098330624, 3.1354257531904155, 3.1324760008302235, 3.1239128987893694, 3.1065419961232537, 3.089401699316844, 3.0807842195039647, 3.070256890953551, 3.0214903238149904, 2.9267555496275555, 2.8359097240288453, 2.7678157226722537, 2.6970979353101945, 2.627096764417916, 2.5583765047792375, 2.4921030318530293, 2.4200112476413658, 2.351537684358676, 2.2854590619652786, 2.2068224921286865, 2.13875366850667, 2.0746020184492755, 2.0079038672647997], "obs_positions": [[82.3952, 8.3052], [81.0733, 8.4324], [79.7513, 8.5472], [78.4294, 8.6525], [77.1075, 8.7514], [75.7855, 8.8472], [74.4636, 8.9427], [73.1417, 9.0412], [71.8197, 9.1458], [70.4978, 9.2595], [69.1759, 9.3854], [67.8539, 9.5266], [66.532, 9.6863], [65.2101, 9.8675], [63.8881, 10.0733], [62.5662, 10.3068], [61.2443, 10.5711], [59.9223, 10.8692], [58.6004, 11.2044], [57.2785, 11.5797], [55.9565, 11.9982], [54.6346, 12.4629], [53.3126, 12.977], [51.9907, 13.5436], [50.6688, 14.1657], [49.3468, 14.8465], [48.0249, 15.589], [46.703, 16.3964], [45.381, 17.2717], [44.0591, 18.2181]], "obs_orientations": [3.0456, 3.055, 3.0621, 3.0668, 3.0693, 3.0694, 3.0672, 3.0626, 3.0558, 3.0466, 3.0351, 3.0213, 3.0053, 2.9871, 2.9667, 2.9442, 2.9197, 2.8932, 2.8649, 2.835, 2.8035, 2.7706, 2.7366, 2.7017, 2.666, 2.6298, 2.5932, 2.5567, 2.5202, 2.5202], "objectives": {"extension_time": -0.1, "danger_difference": -2.5006180841318297, "parameter_difference": 1.0421130831217549}, "attributes": {"generation_number": 12, "individual_number": 642, "crash": true, "goal_reached": true, "scenario_length": 35}}, "[[47.7748120623969], [0.2898859519301401, 57.573833927062175, 1.2233218923900422], [0.7609195012810742, 48.34784320969743], [3.6642195091373035, 2.4308021327253644]]": {"ego_positions": [[85.6849, 11.933], [84.28476514668414, 11.933217839907073], [82.88386387708343, 11.933894993075395], [81.48190892074436, 11.935204330889313], [80.07966095104844, 11.936953369249409], [78.67674409998753, 11.939228180246634], [77.27254673239482, 11.942098700576636], [75.86659633721808, 11.945539360195937], [74.45853991413827, 11.949463658422074], [73.04812629192267, 11.953750888116977], [71.63519028137311, 11.95826617150789], [70.21963855571941, 11.962874903358951], [68.8014178600331, 11.968289361744311], [67.38044883230927, 11.977945607446173], [65.95667137952049, 11.99449436540827], [64.53014916228118, 12.020122346941367], [63.10168646341986, 12.069027334852596], [61.67193588115622, 12.144571411864206], [60.2403272175605, 12.242083774113127], [58.806956265781416, 12.344754129592113], [57.38347913533544, 12.489721977610783], [55.983428753737506, 12.72155701565247], [54.61456787741807, 13.090287119375635], [53.26995986345457, 13.558068274646738], [51.96031843202833, 14.112168611711223], [50.69115325853323, 14.75320047193841], [49.46811844551152, 15.4791688277096], [48.296239644754486, 16.287041872822932], [47.15887242674118, 17.13575887180195], [46.02511925026606, 17.981779029831195], [44.89498011532911, 18.825102346910672], [44.28034963855233, 20.299365727117443], [43.46289430962701, 21.49502319049155], [42.74437967849433, 22.71744697325945], [42.14377957841528, 23.933724566023756]], "ego_orientations": [3.1415, 3.141316412728291, 3.140872019912691, 3.1404931304733, 3.1401735438408838, 3.139761312619874, 3.1393393491147568, 3.138962517218771, 3.138663623405164, 3.1384586881477916, 3.138351447509676, 3.138337091814104, 3.1366950072374746, 3.1325956973497684, 3.127222463229215, 3.116374540309276, 3.097302795606838, 3.0793433354577675, 3.0710238955642177, 3.0616020730249613, 3.015174671964139, 2.923060081795073, 2.8362812003833366, 2.7719772628835173, 2.7046814557213805, 2.6370586487284315, 2.5689569972016564, 2.5005203141718906, 2.5005203141718906, 2.5005203141718906, 2.5005203141718906, 2.204052667894601, 2.13316988014208, 2.0627283417633477, 1.9884908801397039], "obs_positions": [[82.3952, 8.3052], [81.0733, 8.4324], [79.7513, 8.5472], [78.4294, 8.6525], [77.1075, 8.7514], [75.7855, 8.8472], [74.4636, 8.9427], [73.1417, 9.0412], [71.8197, 9.1458], [70.4978, 9.2595], [69.1759, 9.3854], [67.8539, 9.5266], [66.532, 9.6863], [65.2101, 9.8675], [63.8881, 10.0733], [62.5662, 10.3068], [61.2443, 10.5711], [59.9223, 10.8692], [58.6004, 11.2044], [57.2785, 11.5797], [55.9565, 11.9982], [54.6346, 12.4629], [53.3126, 12.977], [51.9907, 13.5436], [50.6688, 14.1657], [49.3468, 14.8465], [48.0249, 15.589], [46.703, 16.3964], [45.381, 17.2717], [44.0591, 18.2181]], "obs_orientations": [3.0456, 3.055, 3.0621, 3.0668, 3.0693, 3.0694, 3.0672, 3.0626, 3.0558, 3.0466, 3.0351, 3.0213, 3.0053, 2.9871, 2.9667, 2.9442, 2.9197, 2.8932, 2.8649, 2.835, 2.8035, 2.7706, 2.7366, 2.7017, 2.666, 2.6298, 2.5932, 2.5567, 2.5202, 2.5202], "objectives": {"extension_time": -0.1, "danger_difference": -2.5807544269131597, "parameter_difference": 1.1250842336857538}, "attributes": {"generation_number": 14, "individual_number": 749, "crash": true, "goal_reached": true, "scenario_length": 35}},