{"[[8.38824016370997], [1.4282371692577747, 44.872553291825085, 1.2499466050832209], [0.5645021329268147, 16.572200690977773], [0.5922804192187368, 2.342112857277949]]": {"ego_positions": [[89.8849, 11.933], [88.48476514668414, 11.933217839907073], [87.08386387708342, 11.933894993075395], [85.68157177247203, 11.935293259392603], [84.27740776229425, 11.937506043662216], [82.8710138241245, 11.940509771967466], [81.46247384145066, 11.94412490801402], [80.05320181571824, 11.947875551256118], [78.64466768730637, 11.95145554200072], [77.2380438962519, 11.95494478572139], [75.8342447705811, 11.958376897511407], [74.43396232049072, 11.961532659867503], [73.03769857349323, 11.964245430084718], [71.64613176212748, 11.96645087531126], [70.26070969856607, 11.968153231871714], [68.88150860124958, 11.969441440677587], [67.50817702495715, 11.97056794396457], [66.14036063386149, 11.971755684624092], [64.77748557962265, 11.977646853198145], [63.41952413956495, 11.999215664097742], [62.06640807160731, 12.036820683911543], [60.7179906694055, 12.08524748513199], [59.3734034174897, 12.134726570705617], [58.032575077342976, 12.193996453657327], [56.69814063215372, 12.310959148409292], [55.385951678890876, 12.565298573763823], [54.10000806432391, 12.919831215282974], [52.84271357562236, 13.35845659537737], [51.61724984850311, 13.874361902615382], [50.43218650617616, 14.473622295001121], [49.29166214386078, 15.151408750662894], [48.19600416824271, 15.897846557909054], [47.15422657039299, 16.716718748317845], [46.170327123641265, 17.603902881201158], [45.244907221423865, 18.55185375189068], [44.38527310486115, 19.55980304547134], [43.59547496524291, 20.623382436452335], [42.880922020305505, 21.730789164854503], [42.25499939612914, 22.852746761984545]], "ego_orientations": [3.1415, 3.141316412728291, 3.140872019912691, 3.1403089783175204, 3.139728414171165, 3.139198096228039, 3.1389231316650283, 3.138982807101315, 3.13909759863365, 3.1391154897335953, 3.139216159440045, 3.139481363718849, 3.1398258517686455, 3.1401891455176068, 3.140533634827023, 3.140747189768984, 3.140770717532173, 3.140659732408521, 3.131129694037646, 3.119209922573953, 3.10732704046011, 3.105367131049221, 3.1017540758345263, 3.092219650410812, 2.996591696176102, 2.9039153732240974, 2.8347898280978785, 2.7717684776736475, 2.7059143705739133, 2.634184976696923, 2.5716799524586538, 2.5071664852119495, 2.437184610060472, 2.3730623082821998, 2.3079502273956645, 2.2395507686313656, 2.1734320754143246, 2.1082222707750926, 2.04483776427852], "obs_positions": [[87.7171, 8.1623], [85.7171, 8.1623], [83.7171, 8.1623], [82.3952, 8.3052], [81.0733, 8.4324], [79.7513, 8.5472], [78.4294, 8.6525], [77.1075, 8.7514], [75.7855, 8.8472], [74.4636, 8.9427], [73.1417, 9.0412], [71.8197, 9.1458], [70.4978, 9.2595], [69.1759, 9.3854], [67.8539, 9.5266], [66.532, 9.6863], [65.2101, 9.8675], [63.8881, 10.0733], [62.5662, 10.3068], [61.2443, 10.5711], [59.9223, 10.8692], [58.6004, 11.2044], [57.2785, 11.5797], [55.9565, 11.9982], [54.6346, 12.4629], [53.3126, 12.977], [51.9907, 13.5436], [50.6688, 14.1657], [49.3468, 14.8465], [48.0249, 15.589], [46.703, 16.3964], [45.381, 17.2717], [44.0591, 18.2181]], "obs_orientations": [3.1415, 3.1415, 3.0339, 3.0456, 3.055, 3.0621, 3.0668, 3.0693, 3.0694, 3.0672, 3.0626, 3.0558, 3.0466, 3.0351, 3.0213, 3.0053, 2.9871, 2.9667, 2.9442, 2.9197, 2.8932, 2.8649, 2.835, 2.8035, 2.7706, 2.7366, 2.7017, 2.666, 2.6298, 2.5932, 2.5567, 2.5202, 2.5202], "objectives": {"extension_time": 0.2, "danger_difference": -1.333931733467864, "parameter_difference": 0.8113405783284235}, "attributes": {"generation_number": 9, "individual_number": 485, "crash": true, "goal_reached": true, "scenario_length": 39}}, "[[10.66960975461455], [0.17652378373748015, 42.590250315725164, 1.3097030242964944], [0.19618727923184998, 9.519340041300785], [1.020147831222952, 3.6128176624394577]]": {"ego_positions": [[89.8849, 11.933], [88.48476514668414, 11.933217839907073], [87.08386387708342, 11.933894993075395], [85.68157177247203, 11.935293259392603], [84.27740776229425, 11.937506043662216], [82.8710138241245, 11.940509771967466], [81.46247384145066, 11.94412490801402], [80.05320181571824, 11.947875551256118], [78.64466768730637, 11.95145554200072], [77.2380438962519, 11.95494478572139], [75.8342447705811, 11.958376897511407], [74.43396232049072, 11.961532659867503], [73.03769857349323, 11.964245430084718], [71.64613176212748, 11.96645087531126], [70.26070969856607, 11.968153231871714], [68.88150860124958, 11.969441440677587], [67.50817702495715, 11.97056794396457], [66.14036063386149, 11.971755684624092], [64.77748557962265, 11.977646853198145], [63.41952413956495, 11.999215664097742], [62.06640807160731, 12.036820683911543], [60.7179906694055, 12.08524748513199], [59.3734034174897, 12.134726570705617], [58.032575077342976, 12.193996453657327], [56.69814063215372, 12.310959148409292], [55.385951678890876, 12.565298573763823], [54.10000806432391, 12.919831215282974], [52.84271357562236, 13.35845659537737], [51.61724984850311, 13.874361902615382], [50.43218650617616, 14.473622295001121], [49.29166214386078, 15.151408750662894], [48.19600416824271, 15.897846557909054], [47.15422657039299, 16.716718748317845], [46.170327123641265, 17.603902881201158], [45.244907221423865, 18.55185375189068], [44.38527310486115, 19.55980304547134], [43.59547496524291, 20.623382436452335], [42.880922020305505, 21.730789164854503], [42.25499939612914, 22.852746761984545]], "ego_orientations": [3.1415, 3.141316412728291, 3.140872019912691, 3.1403089783175204, 3.139728414171165, 3.139198096228039, 3.1389231316650283, 3.138982807101315, 3.13909759863365, 3.1391154897335953, 3.139216159440045, 3.139481363718849, 3.1398258517686455, 3.1401891455176068, 3.140533634827023, 3.140747189768984, 3.140770717532173, 3.140659732408521, 3.131129694037646, 3.119209922573953, 3.10732704046011, 3.105367131049221, 3.1017540758345263, 3.092219650410812, 2.996591696176102, 2.9039153732240974, 2.8347898280978785, 2.7717684776736475, 2.7059143705739133, 2.634184976696923, 2.5716799524586538, 2.5071664852119495, 2.437184610060472, 2.3730623082821998, 2.3079502273956645, 2.2395507686313656, 2.1734320754143246, 2.1082222707750926, 2.04483776427852], "obs_positions": [[87.7171, 8.1623], [85.7171, 8.1623], [83.7171, 8.1623], [82.3952, 8.3052], [81.0733, 8.4324], [79.7513, 8.5472], [78.4294, 8.6525], [77.1075, 8.7514], [75.7855, 8.8472], [74.4636, 8.9427], [73.1417, 9.0412], [71.8197, 9.1458], [70.4978, 9.2595], [69.1759, 9.3854], [67.8539, 9.5266], [66.532, 9.6863], [65.2101, 9.8675], [63.8881, 10.0733], [62.5662, 10.3068], [61.2443, 10.5711], [59.9223, 10.8692], [58.6004, 11.2044], [57.2785, 11.5797], [55.9565, 11.9982], [54.6346, 12.4629], [53.3126, 12.977], [51.9907, 13.5436], [50.6688, 14.1657], [49.3468, 14.8465], [48.0249, 15.589], [46.703, 16.3964], [45.381, 17.2717], [44.0591, 18.2181]], "obs_orientations": [3.1415, 3.1415, 3.0339, 3.0456, 3.055, 3.0621, 3.0668, 3.0693, 3.0694, 3.0672, 3.0626, 3.0558, 3.0466, 3.0351, 3.0213, 3.0053, 2.9871, 2.9667, 2.9442, 2.9197, 2.8932, 2.8649, 2.835, 2.8035, 2.7706, 2.7366, 2.7017, 2.666, 2.6298, 2.5932, 2.5567, 2.5202, 2.5202], "objectives": {"extension_time": 0.2, "danger_difference": -1.333931733467864, "parameter_difference": 0.6134504550654436}, "attributes": {"generation_number": 13, "individual_number": 675, "crash": true, "goal_reached": true, "scenario_length": 39}},