{"[[23.04008326508062], [0.18627918896381446, 42.35731967152997, 1.2483912351053748], [0.1406311599805186, 13.46742696197137], [0.9938493446147073, 2.415923685961924]]": {"ego_positions": [[109.4849, 11.933], [108.08476514668413, 11.933217839907073], [106.68386387708341, 11.933894993075395], [105.281571772472, 11.935293259392601], [103.87740776229424, 11.937506043662214], [102.4710138241245, 11.940509771967466], [101.0621366931783, 11.944204937911683], [99.6506114786917, 11.948448089054809], [98.23634707441683, 11.953076038274066], [96.81931324414586, 11.957923525211836], [95.39952925994865, 11.9628354681163], [93.97705397013684, 11.96767484420237], [92.55197717536252, 11.972327124194639], [91.12441219429996, 11.976702069936502], [89.69448950467415, 11.980733587744965], [88.26235135067701, 11.984378218381718], [86.8281472137785, 11.987612739932654], [85.39203005036853, 11.990431264488787], [83.95415320636536, 11.992842124483303], [82.51466792573866, 11.994864770401149], [81.073687360185, 12.01381673954114], [79.63121479239096, 12.107844224762893], [78.18793932526653, 12.281012210851035], [76.74684505645065, 12.497142187198131], [75.31131994916942, 12.740955659201255], [73.88516288494155, 13.038564320999226], [72.47009831948492, 13.36024740689557], [71.07327109840661, 13.691449104465214], [69.6960493855289, 14.009170115053792], [68.33544295636328, 14.294782538911562], [66.9954791801057, 14.538540957865942], [65.68486913718947, 14.745287530791735], [64.3857218115145, 14.918474021041767], [63.08950903674441, 15.061391029536598], [61.7824822561369, 15.17145777525481], [60.47503501157542, 15.2521208485617], [59.18123724289183, 15.31146334757334], [57.9435096669426, 15.379915444678208], [56.88609170876135, 15.48137616175843], [55.871615305433046, 15.680982794988338], [54.78669959311306, 15.982991311738992], [53.72337164880039, 16.362098038868986], [52.694136783018934, 16.81371220439057], [51.709320444764806, 17.31630299796175], [50.75354705367186, 17.852920111443243], [49.85426834706905, 18.441374774915364], [49.02408447225929, 19.102719707829518], [48.22022553312759, 19.84096509962488], [47.44065829628319, 20.64498728200986], [46.70962458571291, 21.501791112205574], [46.02093022688855, 22.421153437115596], [45.39387657030448, 23.38280817946258], [44.851481098371025, 24.36738031189582], [44.34946665698334, 25.37192134316338]], "ego_orientations": [3.1415, 3.141316412728291, 3.140872019912691, 3.1403089783175204, 3.139728414171165, 3.139198096228039, 3.1387594269570562, 3.138433607034335, 3.1382269168644648, 3.138135122464573, 3.138147055821106, 3.1382474460379175, 3.1384190912336076, 3.1386444656843384, 3.1389068549820287, 3.139191106200104, 3.139484071890412, 3.1397748173782865, 3.140054651120058, 3.1403170284052755, 3.106760240084171, 3.046274581765111, 3.003177182006657, 2.9858689896019914, 2.9537704285485136, 2.924345478566634, 2.9116018486391546, 2.909108788752019, 2.92296179129921, 2.947871340588649, 2.975572767457634, 2.9993396367634544, 3.022045823644067, 3.0448450847324593, 3.0696276750935314, 3.089369334718695, 3.094953141339305, 3.074986597179251, 2.9909150622193037, 2.8994307878700294, 2.830658925193997, 2.7594672286948003, 2.6904841849028016, 2.6442367161208407, 2.594413755709592, 2.5087430583055426, 2.4277036865887878, 2.367325091701807, 2.306734914829904, 2.240859835968756, 2.1778518388019137, 2.108335959583542, 2.0342399816727563, 2.0342399816727563], "obs_positions": [[115.717, 8.1623], [113.717, 8.1623], [111.717, 8.1623], [109.717, 8.1623], [107.717, 8.1623], [105.717, 8.1623], [103.717, 8.1623], [101.717, 8.1623], [99.717, 8.1623], [97.717, 8.1623], [95.717, 8.1623], [93.717, 8.1623], [91.717, 8.1623], [89.717, 8.1623], [87.717, 8.1623], [85.717, 8.1623], [83.7171, 8.1623], [82.3952, 8.3052], [81.0733, 8.4324], [79.7513, 8.5472], [78.4294, 8.6525], [77.1075, 8.7514], [75.7855, 8.8472], [74.4636, 8.9427], [73.1417, 9.0412], [71.8197, 9.1458], [70.4978, 9.2595], [69.1759, 9.3854], [67.8539, 9.5266], [66.532, 9.6863], [65.2101, 9.8675], [63.8881, 10.0733], [62.5662, 10.3068], [61.2443, 10.5711], [59.9223, 10.8692], [58.6004, 11.2044], [57.2785, 11.5797], [55.9565, 11.9982], [54.6346, 12.4629], [53.3126, 12.977], [51.9907, 13.5436], [50.6688, 14.1657], [49.3468, 14.8465], [48.0249, 15.589], [46.703, 16.3964], [45.381, 17.2717], [44.0591, 18.2181]], "obs_orientations": [3.1415, 3.1415, 3.1415, 3.1415, 3.1415, 3.1415, 3.1415, 3.1415, 3.1415, 3.1415, 3.1415, 3.1415, 3.1415, 3.1415, 3.1415, 3.1415, 3.0339, 3.0456, 3.055, 3.0621, 3.0668, 3.0693, 3.0694, 3.0672, 3.0626, 3.0558, 3.0466, 3.0351, 3.0213, 3.0053, 2.9871, 2.9667, 2.9442, 2.9197, 2.8932, 2.8649, 2.835, 2.8035, 2.7706, 2.7366, 2.7017, 2.666, 2.6298, 2.5932, 2.5567, 2.5202, 2.5202], "objectives": {"extension_time": 1.6, "danger_difference": -106.65843490808795, "parameter_difference": 0.7180222221998247}, "attributes": {"generation_number": 13, "individual_number": 668, "crash": false, "goal_reached": true, "scenario_length": 54}}, "[[22.12762662672214], [0.26609683891747504, 43.797242841381475, 1.2483912351053748], [0.1406311599805186, 13.46742696197137], [3.5646253344508185, 2.415923685961924]]": {"ego_positions": [[109.4849, 11.933], [108.08476514668413, 11.933217839907073], [106.68386387708341, 11.933894993075395], [105.281571772472, 11.935293259392601], [103.87740776229424, 11.937506043662214], [102.4710138241245, 11.940509771967466], [101.0621366931783, 11.944204937911683], [99.6506114786917, 11.948448089054809], [98.23634707441683, 11.953076038274066], [96.81931324414586, 11.957923525211836], [95.39952925994865, 11.9628354681163], [93.97705397013684, 11.96767484420237], [92.55197717536252, 11.972327124194639], [91.12441219429996, 11.976702069936502], [89.69448950467415, 11.980733587744965], [88.26235135067701, 11.984378218381718], [86.8281472137785, 11.987612739932654], [85.39203005036853, 11.990431264488787], [83.95415320636536, 11.992842124483303], [82.51466792573866, 11.994864770401149], [81.073687360185, 12.01381673954114], [79.63121479239096, 12.107844224762893], [78.18793932526653, 12.281012210851035], [76.74684505645065, 12.497142187198131], [75.31131994916942, 12.740955659201255], [73.88516288494155, 13.038564320999226], [72.47009831948492, 13.36024740689557], [71.07327109840661, 13.691449104465214], [69.6960493855289, 14.009170115053792], [68.33544295636328, 14.294782538911562], [66.9954791801057, 14.538540957865942], [65.68486913718947, 14.745287530791735], [64.3857218115145, 14.918474021041767], [63.08950903674441, 15.061391029536598], [61.7824822561369, 15.17145777525481], [60.47503501157542, 15.2521208485617], [59.18123724289183, 15.31146334757334], [57.9435096669426, 15.379915444678208], [56.88609170876135, 15.48137616175843], [55.871615305433046, 15.680982794988338], [54.78669959311306, 15.982991311738992], [53.72337164880039, 16.362098038868986], [52.694136783018934, 16.81371220439057], [51.709320444764806, 17.31630299796175], [50.75354705367186, 17.852920111443243], [49.85426834706905, 18.441374774915364], [49.02408447225929, 19.102719707829518], [48.22022553312759, 19.84096509962488], [47.44065829628319, 20.64498728200986], [46.70962458571291, 21.501791112205574], [46.02093022688855, 22.421153437115596], [45.39387657030448, 23.38280817946258], [44.851481098371025, 24.36738031189582], [44.34946665698334, 25.37192134316338]],