{"[[24.664234268027986], [2.5, 87.05131905890465, 2.5], [1.658466972971595, 179.09310598117966], [0.55531711971195, 34.2849345192334]]": {"ego_positions": [[108.085, 11.933], [106.68486514668413, 11.933217839907073], [105.28396387708341, 11.933894993075395], [103.88167177247202, 11.935293259392601], [102.47750776229425, 11.937506043662214], [101.07111382412452, 11.940509771967465], [99.66223669317836, 11.944204937911683], [98.25071147869176, 11.948448089054809], [96.8364470744169, 11.953076038274066], [95.41941324414594, 11.957923525211836], [93.99962925994876, 11.9628354681163], [92.57715397013695, 11.96767484420237], [91.15207717536266, 11.972327124194639], [89.72451219430013, 11.976702069936502], [88.29458950467432, 11.980733587744965], [86.86245135067719, 11.984378218381718], [85.42824721377869, 11.987612739932654], [83.99213005036874, 11.990431264488787], [82.55424538909719, 11.992838513637286], [81.11532604593313, 11.99481635152039], [79.67892257616941, 11.996298819612836], [78.25054459975843, 11.99730173119561], [76.83582048597506, 12.01522766578708], [75.44054348642177, 12.102078138394834], [74.06120198703552, 12.245450739461722], [72.69591532392602, 12.420480950914666], [71.34374575169866, 12.607566423392571], [70.00368046687807, 12.792189530507745], [68.67470709293599, 12.963916952037758], [67.35590031613161, 13.115373497569527], [66.04636684109974, 13.243899195154139], [64.76947645551962, 13.360818871191452], [63.492755337108264, 13.477058764323269], [62.20753486487374, 13.576181576548418], [60.92661244405431, 13.656272649456433], [59.649676216015585, 13.720691862074764], [58.37509218726076, 13.772788765939083], [57.22859278221617, 13.844435540458768], [56.12496909613765, 14.0240468585527], [54.98466383433429, 14.300224163825726], [53.8518529097316, 14.652152398664308], [52.733250364071765, 15.073151312724036], [51.65512724720861, 15.562353825719645], [50.60045674246863, 16.1341607084401], [49.57116386093849, 16.77824155506367], [48.591329454091756, 17.484753363936758], [47.657433431668764, 18.26633058334217], [46.76772400591621, 19.119199981579868], [45.9248764086326, 20.044715466760877], [45.14859564948915, 21.024308473685647], [44.45677988832304, 22.029527795026173], [43.83560449889399, 23.070683654078948], [43.271396875256535, 24.16393875469883]], "ego_orientations": [3.1415, 3.141316412728291, 3.140872019912691, 3.1403089783175204, 3.139728414171165, 3.139198096228039, 3.1387594269570562, 3.138433607034335, 3.1382269168644643, 3.138135122464573, 3.138147055821106, 3.1382474460379175, 3.1384190912336076, 3.1386444656843384, 3.1389068549820287, 3.139191106200104, 3.139484071890412, 3.1397748173782865, 3.1400618764991863, 3.1403859032572607, 3.140732409560045, 3.1410393579171574, 3.106538075916361, 3.0555365363030966, 3.0234143221948626, 3.0070617432146136, 3.0028986999289105, 3.007731126701525, 3.0195065095826505, 3.035374484214985, 3.051917045065464, 3.049931849381919, 3.0567469557596882, 3.0722607387907472, 3.085579471509294, 3.096358404182624, 3.104728722313671, 3.025904702246102, 2.932289741470641, 2.8676786099014415, 2.8073899844811923, 2.74715129316069, 2.6753181022757784, 2.6094387366478946, 2.548436674601892, 2.4769051348579563, 2.407484712147081, 2.3409989984686495, 2.271843649730637, 2.2037451570283904, 2.1372614821085345, 2.073944188842404, 2.0195101718092086], "obs_positions": [[113.7171, 8.1623], [111.7171, 8.1623], [109.7171, 8.1623], [107.7171, 8.1623], [105.7171, 8.1623], [103.7171, 8.1623], [101.7171, 8.1623], [99.7171, 8.1623], [97.7171, 8.1623], [95.7171, 8.1623], [93.7171, 8.1623], [91.7171, 8.1623], [89.7171, 8.1623], [87.7171, 8.1623], [85.7171, 8.1623], [83.7171, 8.1623], [82.3952, 8.3052], [81.0733, 8.4324], [79.7513, 8.5472], [78.4294, 8.6525], [77.1075, 8.7514], [75.7855, 8.8472], [74.4636, 8.9427], [73.1417, 9.0412], [71.8197, 9.1458], [70.4978, 9.2595], [69.1759, 9.3854], [67.8539, 9.5266], [66.532, 9.6863], [65.2101, 9.8675], [63.8881, 10.0733], [62.5662, 10.3068], [61.2443, 10.5711], [59.9223, 10.8692], [58.6004, 11.2044], [57.2785, 11.5797], [55.9565, 11.9982], [54.6346, 12.4629], [53.3126, 12.977], [51.9907, 13.5436], [50.6688, 14.1657], [49.3468, 14.8465], [48.0249, 15.589], [46.703, 16.3964], [45.381, 17.2717], [44.0591, 18.2181]], "obs_orientations": [3.1415, 3.1415, 3.1415, 3.1415, 3.1415, 3.1415, 3.1415, 3.1415, 3.1415, 3.1415, 3.1415, 3.1415, 3.1415, 3.1415, 3.1415, 3.0339, 3.0456, 3.055, 3.0621, 3.0668, 3.0693, 3.0694, 3.0672, 3.0626, 3.0558, 3.0466, 3.0351, 3.0213, 3.0053, 2.9871, 2.9667, 2.9442, 2.9197, 2.8932, 2.8649, 2.835, 2.8035, 2.7706, 2.7366, 2.7017, 2.666, 2.6298, 2.5932, 2.5567, 2.5202, 2.5202], "objectives": {"extension_time": 1.5, "danger_difference": 0.2749987919751504, "parameter_difference": 1.741087086376761}, "attributes": {"generation_number": 2, "individual_number": 122, "crash": true, "goal_reached": true, "scenario_length": 53}}, "[[45.2557144659733], [2.1316884117633528, 97.19965181009361, 2.5], [1.658466972971595, 179.09310598117966], [2.2196773257897178, 33.90103077903619]]": {"ego_positions": [[108.085, 11.933], [106.68486514668413, 11.933217839907073], [105.28396387708341, 11.933894993075395], [103.88167177247202, 11.935293259392601], [102.47750776229425, 11.937506043662214], [101.07111382412452, 11.940509771967465], [99.66223669317836, 11.944204937911683], [98.25071147869176, 11.948448089054809], [96.8364470744169, 11.953076038274066], [95.41941324414594, 11.957923525211836], [93.99962925994876, 11.9628354681163], [92.57715397013695, 11.96767484420237], [91.15207717536266, 11.972327124194639], [89.72451219430013, 11.976702069936502], [88.29458950467432, 11.980733587744965], [86.86245135067719, 11.984378218381718], [85.42824721377869, 11.987612739932654], [83.99213005036874, 11.990431264488787], [82.55424538909719, 11.992838513637286], [81.11532604593313, 11.99481635152039], [79.67756513408227, 12.013620881085316], [78.24102951844858, 12.101175360848051], [76.80855358294816, 12.249637603074644], [75.38459215068752, 12.445960541826997], [73.97038203033324, 12.6648104122007], [72.56610582108867, 12.895489401727625], [71.17179294285215, 13.134685900858743], [69.79686865901428, 13.348598395275603], [68.46839686404267, 13.486331894877441], [67.1805320509429, 13.616033623130287], [65.92553132086911, 13.778640060884142], [64.72807715490715, 13.962281534589167], [63.53837384141523, 14.150948981666014], [62.34200030539062, 14.319499822677173], [61.15553640011238, 14.461559495552859], [59.97684503126674, 14.57797674548469], [58.804700685052985, 14.671418735524815], [57.73006336596196, 14.748308812186172], [56.82108056235541, 14.877064480059396], [55.864001197143246, 15.089089970214305], [54.88839654582873, 15.362458412462027], [53.90639566213741, 15.69605605881826], [52.94017451715669, 16.083137046451316], [52.0083714156288, 16.52765465366477], [51.0884879721127, 17.043980581285975], [50.18786030446444, 17.619233910339968], [49.3356484395601, 18.237921935943092], [48.52258470605059, 18.911135507786014], [47.747095123886226, 19.63527729389812], [47.021676368524076, 20.397409870447042], [46.34763705953371, 21.19827175398887], [45.724132356674225, 22.037565761530033], [45.15160251411921, 22.91456324572846], [44.62946296188069, 23.82698642740035], [44.11866239209663, 24.78988279339659]],