{"[[7.2922689095852755], [24.899504763107632, 302.91523842654067, 598.2006834510737], [1.6915369860172667, 121.42799355196226], [0.3287584058683715, 22.678050851741727]]": {"ego_positions": [[120.685, 11.933], [119.28486514668413, 11.933217839907035], [117.88396387708339, 11.933894993075285], [116.48167177247194, 11.93529325939241], [115.07750776229412, 11.937506043661939], [113.67111382412432, 11.940509771967113], [112.26223669317807, 11.944204937911271], [110.85071147869138, 11.94844808905435], [109.43644707441644, 11.953076038273581], [108.0194132441454, 11.95792352521134], [106.59962925994814, 11.962835468115808], [105.17715397013627, 11.967674844201895], [103.75207717536192, 11.972327124194189], [102.32451219429932, 11.976702069936085], [100.89458950467345, 11.980733587744584], [99.46245135067623, 11.98437821838138], [98.02824721377768, 11.987612739932358], [96.59213005036766, 11.990431264488533], [95.15425320636444, 11.992842124483088], [93.71476792573772, 11.994864770400973], [92.27382137669022, 11.996526838359769], [90.8315551259174, 11.997856821072098], [89.38810399783793, 11.998876073809274], [87.94359526189638, 11.999627993979034], [86.49814809693692, 12.000158802459953], [85.05187328720092, 12.000510683106738], [83.60487310969094, 12.000722377420662], [82.15724137745829, 12.000829437461237], [80.70906360780808, 12.000862803251206], [79.26041728847781, 12.000847899849168], [77.81170936681463, 12.000803417375321], [76.36424409289566, 12.000740358546414], [74.91805926799837, 12.000670340709643], [73.47284576669446, 12.000602089867073], [72.02833928101902, 12.000540827210012], [70.58431576806247, 12.000489164131075], [69.14058473713227, 12.00044799796713], [67.69697661533331, 12.000417504077141], [66.25334309865912, 12.001209099921184], [64.80972760094446, 12.022176176326624], [63.3661790247824, 12.061163771906669], [61.92226228346759, 12.100455930914867], [60.47789163645272, 12.13976641959537], [59.03300577873092, 12.179095346649813], [57.58891781502789, 12.247204710711408], [56.154210727536, 12.428220210483182], [54.7423245579477, 12.742919013577534], [53.36119948007756, 13.175928819367034], [52.01310971907837, 13.704270115553324], [50.7081848283522, 14.332799660892036], [49.451678695633646, 15.054233742077278], [48.24944691542368, 15.863491591234054], [47.10920468922763, 16.75837958278083], [46.037841352127984, 17.7348684352756], [45.005870227771226, 18.753410131658754]], "ego_orientations": [3.1415, 3.141316412728333, 3.140872019912748, 3.1403089783175813, 3.139728414171222, 3.1391980962280877, 3.138759426957094, 3.13843360703436, 3.138226916864478, 3.1381351224645755, 3.138147055821099, 3.138247446037903, 3.1384190912335868, 3.1386444656843135, 3.1389068549820007, 3.139191106200075, 3.1394840718903825, 3.139774817378258, 3.140054651120031, 3.1403170284052506, 3.140557369787315, 3.140782276672241, 3.1409849279240376, 3.141153897830194, 3.141292061312891, 3.14140216552103, 3.1414863909767115, 3.141547410933862, 3.1415888760873694, -3.14157058440122, -3.1415542609468594, -3.1415454228548185, -3.141544048921813, -3.141547400881953, -3.141553378327407, -3.141560457541653, -3.1415678426776856, -3.1415751838851063, 3.136034382489926, 3.116389140095074, 3.1143895736802665, 3.1143849188876223, 3.1143813151625994, 3.1143788151173166, 3.0540392444627726, 2.9668299892293635, 2.869090355471213, 2.800502853344793, 2.727430903192643, 2.6526454893596614, 2.5820253963784223, 2.5095736046981068, 2.4362472538896744, 2.362743698678939, 2.362743698678939], "obs_positions": [[131.717, 8.1623], [129.717, 8.1623], [127.717, 8.1623], [125.717, 8.1623], [123.717, 8.1623], [121.717, 8.1623], [119.717, 8.1623], [117.717, 8.1623], [115.717, 8.1623], [113.717, 8.1623], [111.717, 8.1623], [109.717, 8.1623], [107.717, 8.1623], [105.717, 8.1623], [103.717, 8.1623], [101.717, 8.1623], [99.717, 8.1623], [97.7171, 8.1623], [95.7171, 8.1623], [93.7171, 8.1623], [91.7171, 8.1623], [89.7171, 8.1623], [87.7171, 8.1623], [85.7171, 8.1623], [83.7171, 8.1623], [82.3952, 8.3052], [81.0733, 8.4324], [79.7513, 8.5472], [78.4294, 8.6525], [77.1075, 8.7514], [75.7855, 8.8472], [74.4636, 8.9427], [73.1417, 9.0412], [71.8197, 9.1458], [70.4978, 9.2595], [69.1759, 9.3854], [67.8539, 9.5266], [66.532, 9.6863], [65.2101, 9.8675], [63.8881, 10.0733], [62.5662, 10.3068], [61.2443, 10.5711], [59.9223, 10.8692], [58.6004, 11.2044], [57.2785, 11.5797], [55.9565, 11.9982], [54.6346, 12.4629], [53.3126, 12.977], [51.9907, 13.5436], [50.6688, 14.1657], [49.3468, 14.8465], [48.0249, 15.589], [46.703, 16.3964], [45.381, 17.2717], [44.0591, 18.2181]], "obs_orientations": [3.1415, 3.1415, 3.1415, 3.1415, 3.1415, 3.1415, 3.1415, 3.1415, 3.1415, 3.1415, 3.1415, 3.1415, 3.1415, 3.1415, 3.1415, 3.1415, 3.1415, 3.1415, 3.1415, 3.1415, 3.1415, 3.1415, 3.1415, 3.1415, 3.0339, 3.0456, 3.055, 3.0621, 3.0668, 3.0693, 3.0694, 3.0672, 3.0626, 3.0558, 3.0466, 3.0351, 3.0213, 3.0053, 2.9871, 2.9667, 2.9442, 2.9197, 2.8932, 2.8649, 2.835, 2.8035, 2.7706, 2.7366, 2.7017, 2.666, 2.6298, 2.5932, 2.5567, 2.5202, 2.5202], "objectives": {"extension_time": 2.4, "danger_difference": -2.4643724859379006, "parameter_difference": 239.49285341663466}, "attributes": {"generation_number": 0, "individual_number": 7, "crash": true, "goal_reached": false, "scenario_length": 55}}, "[[17.24068572393296], [2.5, 326.38684165510267, 773.7076244068095], [0.21840936828706936, 142.62493170461056], [1.6988718575552217, 28.858922634414085]]": {"ego_positions": [[120.685, 11.933], [119.28486514668413, 11.933217839907035], [117.88396387708339, 11.933894993075285], [116.48167177247194, 11.93529325939241], [115.07750776229412, 11.937506043661939], [113.67111382412432, 11.940509771967113], [112.26223669317807, 11.944204937911271], [110.85071147869138, 11.94844808905435], [109.43644707441644, 11.953076038273581], [108.0194132441454, 11.95792352521134], [106.59962925994814, 11.962835468115808], [105.17715397013627, 11.967674844201895], [103.75207717536192, 11.972327124194189], [102.32451219429932, 11.976702069936085], [100.89458950467345, 11.980733587744584], [99.46245135067623, 11.98437821838138], [98.02824721377768, 11.987612739932358], [96.59213005036766, 11.990431264488533], [95.15425320636444, 11.992842124483088], [93.71476792573772, 11.994864770400973], [92.27382137669022, 11.996526838359769], [90.8315551259174, 11.997856821072098], [89.38810399783793, 11.998876073809274], [87.94359526189638, 11.999627993979034], [86.49814809693692, 12.000158802459953], [85.05187328720092, 12.000510683106738], [83.60487310969094, 12.000722377420662], [82.15724137745829, 12.000829437461237], [80.70906360780808, 12.000861687441143], [79.26041728847781, 12.000840963792271], [77.81137221854229, 12.000788458883408], [76.36199090414148, 12.000720920181806], [74.91232899213534, 12.00064996127894], [73.46243572747794, 12.000583030108022], [72.01235442249259, 12.000524365326498], [70.56212292834101, 12.000475862735033], [69.11177440887172, 12.000437919613207], [67.6613389007064, 12.000410349029732], [66.210847648098, 12.001421044659615], [64.76051503560443, 12.023391056232715], [63.31050412848851, 12.062676370662974], [61.86050239424582, 12.102134221421087], [60.41052243449571, 12.141596755983391], [58.960577619359356, 12.181062161727857], [57.51229238810956, 12.253801500486794], [56.074682026625034, 12.442081076499935], [54.66150086026091, 12.76541592472054], [53.27970830961357, 13.204711011560883], [51.93221720117283, 13.739773247573881], [50.628959084148576, 14.374852505316925], [49.374842811588614, 15.102162795547915], [48.17598201062124, 15.917234191936785], [47.03968469836855, 16.81741291966599], [45.97284946795141, 17.798891639061782], [44.94533539152164, 18.82193452903139]],