{"[[26.55325492173146], [17.248252475895352, 164.29652192767884, 489.92788935678976], [2.3519968943754312, 154.35690708056026], [1.3703838457180917, 26.886188449290593]]": {"ego_positions": [[5.1881, 43.2778]], "ego_orientations": [5.0339], "obs_positions": [[7.4196, 36.6895]], "obs_orientations": [-1.2397], "objectives": {"extension_time": -0.4, "danger_difference": 198.3232089380312, "parameter_difference": 196.09598748799402}, "attributes": {"generation_number": 0, "individual_number": 40, "crash": true, "goal_reached": false, "scenario_length": 1}}, "[[26.55325492173146], [17.248252475895352, 106.42870572515872, 2.5], [1.2567380741208014, 24.064030171048884], [1.3703838457180917, 26.886188449290593]]": {"ego_positions": [[5.1881, 43.2778]], "ego_orientations": [5.0339], "obs_positions": [[7.4196, 36.6895]], "obs_orientations": [-1.2397], "objectives": {"extension_time": -0.4, "danger_difference": 198.3232089380312, "parameter_difference": 7.032622338179375}, "attributes": {"generation_number": 2, "individual_number": 103, "crash": true, "goal_reached": false, "scenario_length": 1}}, "[[26.55325492173146], [2.5, 164.29652192767884, 489.92788935678976], [1.3056539643806053, 151.1241525537015], [0.37026928636065526, 9.299285426481084]]": {"ego_positions": [[5.1881, 43.2778]], "ego_orientations": [5.0339], "obs_positions": [[7.4196, 36.6895]], "obs_orientations": [-1.2397], "objectives": {"extension_time": -0.4, "danger_difference": 198.3232089380312, "parameter_difference": 195.9764698840621}, "attributes": {"generation_number": 2, "individual_number": 139, "crash": true, "goal_reached": false, "scenario_length": 1}}, "[[26.42365503763513], [2.2488486113143047, 160.51930072487005, 489.92788935678976], [1.2844106750288926, 137.04158707168602], [0.37026928636065526, 9.299285426481084]]": {"ego_positions": [[5.1881, 43.2778]], "ego_orientations": [5.0339], "obs_positions": [[7.4196, 36.6895]], "obs_orientations": [-1.2397], "objectives": {"extension_time": -0.4, "danger_difference": 198.3232089380312, "parameter_difference": 195.97585633968663}, "attributes": {"generation_number": 3, "individual_number": 152, "crash": true, "goal_reached": false, "scenario_length": 1}}, "[[26.55325492173146], [17.248252475895352, 164.29652192767884, 2.5], [2.4549719795056375, 91.24252217280069], [2.200728314127983, 26.886188449290593]]": {"ego_positions": [[5.1881, 43.2778]], "ego_orientations": [5.0339], "obs_positions": [[7.4196, 36.6895]], "obs_orientations": [-1.2397], "objectives": {"extension_time": -0.4, "danger_difference": 198.3232089380312, "parameter_difference": 7.062691337184791}, "attributes": {"generation_number": 3, "individual_number": 164, "crash": true, "goal_reached": false, "scenario_length": 1}}, "[[44.88444389907917], [2.5, 179.21079371319252, 2.5], [1.3051218738916603, 32.11276000838913], [4.243635123489984, 42.28633829143703]]": {"ego_positions": [[5.1881, 43.2778]], "ego_orientations": [5.0339], "obs_positions": [[7.4196, 36.6895]], "obs_orientations": [-1.2397], "objectives": {"extension_time": -0.4, "danger_difference": 198.3232089380312, "parameter_difference": 2.0821483604831923}, "attributes": {"generation_number": 3, "individual_number": 175, "crash": true, "goal_reached": false, "scenario_length": 1}}, "[[26.55325492173146], [2.300027023366818, 198.49281892738213, 2.242091568309261], [1.2567380741208014, 24.064030171048884], [0.864545527346714, 26.886188449290593]]": {"ego_positions": [[5.1881, 43.2778]], "ego_orientations": [5.0339], "obs_positions": [[7.4196, 36.6895]], "obs_orientations": [-1.2397], "objectives": {"extension_time": -0.4, "danger_difference": 198.3232089380312, "parameter_difference": 1.7915118364793883}, "attributes": {"generation_number": 5, "individual_number": 283, "crash": true, "goal_reached": false, "scenario_length": 1}}, "[[45.851688747379036], [21.74770017325952, 197.26907201126247, 2.5], [15.560185069230714, 45.55977018770682], [0.25679580014535097, 26.663398657083633]]": {"ego_positions": [[5.1881, 43.2778]], "ego_orientations": [5.0339], "obs_positions": [[7.4196, 36.6895]], "obs_orientations": [-1.2397], "objectives": {"extension_time": -0.4, "danger_difference": 198.3232089380312, "parameter_difference": 8.875853095036408}, "attributes": {"generation_number": 4, "individual_number": 210, "crash": true, "goal_reached": false, "scenario_length": 1}}, "[[26.55325492173146], [2.300027023366818, 198.49281892738213, 2.242091568309261], [1.2567380741208014, 24.064030171048884], [0.864545527346714, 23.47813070465847]]": {"ego_positions": [[5.1881, 43.2778]], "ego_orientations": [5.0339], "obs_positions": [[7.4196, 36.6895]], "obs_orientations": [-1.2397], "objectives": {"extension_time": -0.4, "danger_difference": 198.3232089380312, "parameter_difference": 1.7722462743838552}, "attributes": {"generation_number": 4, "individual_number": 213, "crash": true, "goal_reached": false, "scenario_length": 1}}, "[[47.22552929289815], [9.423216019830038, 164.47969885945588, 2.5], [1.30914624372594, 145.17370825826438], [4.148890536837157, 40.100939186794676]]": {"ego_positions": [[5.1881, 43.2778]], "ego_orientations": [5.0339], "obs_positions": [[7.4196, 36.6895]], "obs_orientations": [-1.2397], "objectives": {"extension_time": -0.4, "danger_difference": 198.3232089380312, "parameter_difference": 4.184540875403513}, "attributes": {"generation_number": 4, "individual_number": 222, "crash": true, "goal_reached": false, "scenario_length": 1}}, "[[44.88444389907917], [2.5, 179.21079371319252, 2.5], [1.3051218738916603, 93.63934303745262], [0.3626163443920891, 41.348936532402554]]": {"ego_positions": [[5.1881, 43.2778]], "ego_orientations": [5.0339], "obs_positions": [[7.4196, 36.6895]], "obs_orientations": [-1.2397], "objectives": {"extension_time": -0.4, "danger_difference": 198.3232089380312, "parameter_difference": 2.080331575260358}, "attributes": {"generation_number": 4, "individual_number": 233, "crash": true, "goal_reached": false, "scenario_length": 1}}, "[[26.306371515202116], [2.5, 132.7249828054334, 2.5], [2.4843286176337123, 114.23386036173429], [9.29073780300962, 9.729162304705198]]": {"ego_positions": [[5.1881, 43.2778]], "ego_orientations": [5.0339], "obs_positions": [[7.4196, 36.6895]], "obs_orientations": [-1.2397], "objectives": {"extension_time": -0.4, "danger_difference": 198.3232089380312, "parameter_difference": 1.6857643767642574}, "attributes": {"generation_number": 6, "individual_number": 349, "crash": true, "goal_reached": false, "scenario_length": 1}}, "[[18.095481676895403], [2.300027023366818, 198.49281892738213, 2.242091568309261], [1.2567380741208014, 23.282559786392653], [0.864545527346714, 26.886188449290593]]": {"ego_positions": [[5.1881, 43.2778]], "ego_orientations": [5.0339], "obs_positions": [[7.4196, 36.6895]], "obs_orientations": [-1.2397], "objectives": {"extension_time": -0.4, "danger_difference": 198.3232089380312, "parameter_difference": 1.7488039068135817}, "attributes": {"generation_number": 5, "individual_number": 261, "crash": true, "goal_reached": false, "scenario_length": 1}}, "[[17.72770549520728], [2.300027023366818, 198.49281892738213, 2.242091568309261], [1.2567380741208014, 22.71000707872797], [0.8486202205226419, 2.680576687886667]]": {"ego_positions": [[5.1881, 43.2778]], "ego_orientations": [5.0339], "obs_positions": [[7.4196, 36.6895]], "obs_orientations": [-1.2397], "objectives": {"extension_time": -0.4, "danger_difference": 198.3232089380312, "parameter_difference": 1.6633268583046266}, "attributes": {"generation_number": 5, "individual_number": 264, "crash": true, "goal_reached": false, "scenario_length": 1}}, "[[17.628657888846302], [1.9657657254199028, 106.6529171555361, 2.0189544679695173], [1.1568174482126508, 47.03324997560911], [0.8486202205226419, 20.577173619857355]]": {"ego_positions": [[5.1881, 43.2778]], "ego_orientations": [5.0339], "obs_positions": [[7.4196, 36.6895]], "obs_orientations": [-1.2397], "objectives": {"extension_time": -0.4,