{"[[9.734813728655256], [30.79350157351505, 427.95978810330274, 896.6938105932088], [1.3415636705717517, 73.73219585520192], [0.23480879231232182, 32.32596022925545]]": {"ego_positions": [[-5.1084, 22.5557], [-4.9746131398324565, 21.26279958860783], [-4.8200102301032715, 19.972804089331508], [-4.632570444083869, 18.686274706741774], [-4.404179482667888, 17.403077830858408], [-4.122133915376859, 16.123345248154173], [-3.7863932723408964, 14.846188761859986], [-3.407686084673399, 13.569947845318623], [-3.0015963683434324, 12.29271909823015], [-2.57938723265496, 11.01308520552176], [-2.142413393579125, 9.73039637336707], [-1.7128065572397886, 8.442548780453356], [-1.3129874959034669, 7.148130445886088], [-0.9579612180422599, 5.847319149543012], [-0.6572342363531471, 4.539807565780803], [-0.4211221217037706, 3.226186648845452], [-0.25338197464338474, 1.9076805085530817], [-0.15117875908257394, 0.5854973962429886], [-0.10725846435364073, -0.7402444726488344], [-0.1118459713026767, -2.0694244031243976], [-0.15407671065648332, -3.401738172554115]], "ego_orientations": [4.8124, -1.461738780556244, -1.4397970655139298, -1.4119395966985264, -1.3751634255372016, -1.3328560635692313, -1.2962014743741674, -1.270564182544219, -1.2574434662321536, -1.2456757500071776, -1.2426061876898533, -1.2577754878596812, -1.286450170085975, -1.3232494202575174, -1.3678471713252263, -1.4185802430237633, -1.4696138458481958, -1.516776657433204, -1.55730498037805, -1.5897656218210194, -1.6137910280047558], "obs_positions": [[4.2644, -21.0307], [3.7306, -19.0984], [3.2024, -17.1693], [2.6769, -15.2337], [2.1537, -13.2905], [1.6341, -11.3456], [1.1174, -9.397], [0.6063, -7.4553], [0.0984, -5.5122], [-0.4068, -3.5663], [-0.9084, -1.6223], [-1.4057, 0.3166], [-1.9028, 2.2667], [-2.3989, 4.2236], [-2.8908, 6.1747], [-3.3792, 8.1219], [-3.865, 10.0684], [-4.349, 12.0172]], "obs_orientations": [1.8403, 1.838, 1.8358, 1.8338, 1.8318, 1.8299, 1.8281, 1.8264, 1.8248, 1.8233, 1.8218, 1.8204, 1.819, 1.8177, 1.8165, 1.8153, 1.8142, 1.8131], "objectives": {"extension_time": -0.4, "danger_difference": 1.9004292083900403, "parameter_difference": 358.89600325732266}, "attributes": {"generation_number": 0, "individual_number": 37, "crash": false, "goal_reached": true, "scenario_length": 21}}, "[[9.734813728655256], [30.79350157351505, 200.0, 2.5], [1.3415636705717517, 73.73219585520192], [0.46680205145485665, 32.32596022925545]]": {"ego_positions": [[-5.1084, 22.5557], [-4.9746131398324565, 21.26279958860783], [-4.8200102301032715, 19.972804089331508], [-4.632570444083869, 18.686274706741774], [-4.404179482667888, 17.403077830858408], [-4.122133915376859, 16.123345248154173], [-3.7863932723408964, 14.846188761859986], [-3.407686084673399, 13.569947845318623], [-3.0015963683434324, 12.29271909823015], [-2.57938723265496, 11.01308520552176], [-2.142413393579125, 9.73039637336707], [-1.7128065572397886, 8.442548780453356], [-1.3129874959034669, 7.148130445886088], [-0.9579612180422599, 5.847319149543012], [-0.6572342363531471, 4.539807565780803], [-0.4211221217037706, 3.226186648845452], [-0.25338197464338474, 1.9076805085530817], [-0.15117875908257394, 0.5854973962429886], [-0.10725846435364073, -0.7402444726488344], [-0.1118459713026767, -2.0694244031243976], [-0.15407671065648332, -3.401738172554115]], "ego_orientations": [4.8124, -1.461738780556244, -1.4397970655139298, -1.4119395966985264, -1.3751634255372016, -1.3328560635692313, -1.2962014743741674, -1.270564182544219, -1.2574434662321536, -1.2456757500071776, -1.2426061876898533, -1.2577754878596812, -1.286450170085975, -1.3232494202575174, -1.3678471713252263, -1.4185802430237633, -1.4696138458481958, -1.516776657433204, -1.55730498037805, -1.5897656218210194, -1.6137910280047558], "obs_positions": [[4.2644, -21.0307], [3.7306, -19.0984], [3.2024, -17.1693], [2.6769, -15.2337], [2.1537, -13.2905], [1.6341, -11.3456], [1.1174, -9.397], [0.6063, -7.4553], [0.0984, -5.5122], [-0.4068, -3.5663], [-0.9084, -1.6223], [-1.4057, 0.3166], [-1.9028, 2.2667], [-2.3989, 4.2236], [-2.8908, 6.1747], [-3.3792, 8.1219], [-3.865, 10.0684], [-4.349, 12.0172]], "obs_orientations": [1.8403, 1.838, 1.8358, 1.8338, 1.8318, 1.8299, 1.8281, 1.8264, 1.8248, 1.8233, 1.8218, 1.8204, 1.819, 1.8177, 1.8165, 1.8153, 1.8142, 1.8131], "objectives": {"extension_time": -0.4, "danger_difference": 1.9004292083900403, "parameter_difference": 12.417571690745318}, "attributes": {"generation_number": 1, "individual_number": 59, "crash": false, "goal_reached": true, "scenario_length": 21}}, "[[9.734813728655256], [30.79350157351505, 199.23967616808545, 2.5], [1.3415636705717517, 73.7948692865692], [0.46680205145485665, 32.32596022925545]]": {"ego_positions": [[-5.1084, 22.5557], [-4.9746131398324565, 21.26279958860783], [-4.8200102301032715, 19.972804089331508], [-4.632570444083869, 18.686274706741774], [-4.404179482667888, 17.403077830858408], [-4.122133915376859, 16.123345248154173], [-3.7863932723408964, 14.846188761859986], [-3.407686084673399, 13.569947845318623], [-3.0015963683434324, 12.29271909823015], [-2.57938723265496, 11.01308520552176], [-2.142413393579125, 9.73039637336707], [-1.7128065572397886, 8.442548780453356], [-1.3129874959034669, 7.148130445886088], [-0.9579612180422599, 5.847319149543012], [-0.6572342363531471, 4.539807565780803], [-0.4211221217037706, 3.226186648845452], [-0.25338197464338474, 1.9076805085530817], [-0.15117875908257394, 0.5854973962429886], [-0.10725846435364073, -0.7402444726488344], [-0.1118459713026767, -2.0694244031243976], [-0.15407671065648332, -3.401738172554115]], "ego_orientations": [4.8124, -1.461738780556244, -1.4397970655139298, -1.4119395966985264, -1.3751634255372016, -1.3328560635692313, -1.2962014743741674, -1.270564182544219, -1.2574434662321536, -1.2456757500071776, -1.2426061876898533, -1.2577754878596812, -1.286450170085975, -1.3232494202575174, -1.3678471713252263, -1.4185802430237633, -1.4696138458481958, -1.516776657433204, -1.55730498037805, -1.5897656218210194, -1.6137910280047558], "obs_positions": [[4.2644, -21.0307], [3.7306, -19.0984], [3.2024, -17.1693], [2.6769, -15.2337], [2.1537, -13.2905], [1.6341, -11.3456], [1.1174, -9.397], [0.6063, -7.4553], [0.0984, -5.5122], [-0.4068, -3.5663], [-0.9084, -1.6223], [-1.4057, 0.3166], [-1.9028, 2.2667], [-2.3989, 4.2236], [-2.8908, 6.1747], [-3.3792, 8.1219], [-3.865, 10.0684], [-4.349, 12.0172]], "obs_orientations": [1.8403, 1.838, 1.8358, 1.8338, 1.8318, 1.8299, 1.8281, 1.8264, 1.8248, 1.8233, 1.8218, 1.8204, 1.819, 1.8177, 1.8165, 1.8153, 1.8142, 1.8131], "objectives": {"extension_time": -0.4, "danger_difference": 1.9004292083900403, "parameter_difference": 12.417267609780268}, "attributes": {"generation_number": 2, "individual_number": 149, "crash": false, "goal_reached": true, "scenario_length": 21}}}