{"[[26.478049217577627], [49.210377691616635, 176.65819161400114, 439.77247790950594], [0.9629275786956684, 33.05469955178219], [2.34695021080576, 41.63255933266872]]": {"ego_positions": [[-6.2765, 34.1973], [-6.146686080531238, 32.90366212785226], [-6.016790817709059, 31.609262148372355], [-5.886754615447939, 30.31347848445305], [-5.756530836342216, 29.015832335022395], [-5.62608327590234, 27.715967506592833], [-5.491415047986353, 26.41436933272732], [-5.33573873402279, 25.11380429628959], [-5.14709556703818, 23.815362163906254], [-4.921119190977481, 22.51909206301551], [-4.65877053771608, 21.224609161731244], [-4.364479293566661, 19.93126583288602], [-4.044711218452347, 18.63826923813587], [-3.7068448424136307, 17.3448195728007], [-3.358350157314097, 16.0501471851736], [-3.006270874580261, 14.75354566703071], [-2.656847697984835, 13.454456949681129], [-2.3152973870196396, 12.15243658681625], [-1.985741060825631, 10.847190802198298], [-1.6712114812752539, 9.538461826692508], [-1.3737600011029287, 8.226160500875732], [-1.0933796963651559, 6.910410700057058], [-0.8281081814919116, 5.591310615496381], [-0.5833735294174787, 4.268445365343406], [-0.36768519109220144, 2.9410985411111454], [-0.1856520450520165, 1.6090125653659924], [-0.037789738111084326, 0.2723015911581922], [0.07819943596796186, -1.0686288758835087], [0.1663970334152629, -2.413261522064393]], "ego_orientations": [4.8124, -1.4707807918364608, -1.470778330061692, -1.4707775664205043, -1.4707766391318469, -1.4707769737174248, -1.4617994331368989, -1.4400553458185943, -1.4125014835283016, -1.3841066191061975, -1.358205466112202, -1.3367960224637079, -1.3208729464539495, -1.3106603563684605, -1.3059254233023427, -1.306140533149847, -1.310575028418099, -1.3184346066771724, -1.3289002565805133, -1.341228289588308, -1.3546970817406958, -1.366388766785792, -1.3790675694021628, -1.3979042283757677, -1.4220645324755425, -1.4479492748531442, -1.4729965525039965, -1.4954960593081559, -1.5144508275051756], "obs_positions": [[7.4484, -38.7038], [7.2488, -36.7138], [7.049, -34.7238], [6.8494, -32.7338], [6.6498, -30.7438], [6.4502, -28.7538], [5.8977, -26.8313], [5.3453, -24.8889], [4.803, -22.9626], [4.2644, -21.0307], [3.7306, -19.0984], [3.2024, -17.1693], [2.6769, -15.2337], [2.1537, -13.2905], [1.6341, -11.3456], [1.1174, -9.397], [0.6063, -7.4553], [0.0984, -5.5122], [-0.4068, -3.5663], [-0.9084, -1.6223], [-1.4057, 0.3166], [-1.9028, 2.2667], [-2.3989, 4.2236], [-2.8908, 6.1747], [-3.3792, 8.1219], [-3.865, 10.0684], [-4.349, 12.0172]], "obs_orientations": [1.6707, 1.6708, 1.6707, 1.6707, 1.6707, 1.8506, 1.8478, 1.8452, 1.8427, 1.8403, 1.838, 1.8358, 1.8338, 1.8318, 1.8299, 1.8281, 1.8264, 1.8248, 1.8233, 1.8218, 1.8204, 1.819, 1.8177, 1.8165, 1.8153, 1.8142, 1.8131], "objectives": {"extension_time": 0.5, "danger_difference": 2.5479964490163507, "parameter_difference": 177.01186258631463}, "attributes": {"generation_number": 0, "individual_number": 33, "crash": false, "goal_reached": true, "scenario_length": 29}}, "[[19.4086827802611], [2.5, 200.0, 807.5871196924105], [1.2022591180878153, 99.5961364437582], [0.44197489319395256, 26.63689371017786]]": {"ego_positions": [[-6.2765, 34.1973], [-6.146692036483257, 32.90366153027708], [-6.016833815554484, 31.609257834267666], [-5.886883646458621, 30.31346553820291], [-5.7568015552671525, 29.015805171822574], [-5.626550154602363, 27.715920660033053], [-5.4920864600861625, 26.41396312280857], [-5.336463955265921, 25.11146703164663], [-5.173357391332276, 23.803805571953042], [-5.079891769370338, 22.47090779066653], [-5.0590516820255775, 21.108285467359806], [-5.105445631625147, 19.7174927286303], [-5.190375547477733, 18.305744602791698], [-5.282721887348264, 16.88098914337848], [-5.3596672295231365, 15.447775653583646], [-5.406855943241435, 14.0102610360458], [-5.413071677924777, 12.572168659276432], [-5.37272880476962, 11.136234257984539], [-5.285330767569038, 9.704312159543477], [-5.15395556180901, 8.277601927782177], [-4.983910700717736, 6.856673867852177], [-4.781740194126881, 5.441781534262176], [-4.554485110865638, 4.032905298689448], [-4.309145144305527, 2.6298703352408217], [-4.052266399938806, 1.2323400372799767], [-3.7896776072746623, -0.16007042151866246], [-3.5263434177172877, -1.5477745772099303], [-3.266323239466337, -2.93116798066524]], "ego_orientations": [4.8124, -1.4707942238327023, -1.4708243635182354, -1.4708651016063348, -1.4709072514543662, -1.4709472941761321, -1.4619962193005307, -1.4403018225022466, -1.4690279052701234, -1.5290077886786335, -1.5822635582884823, -1.621559754147043, -1.636376796946256, -1.6319937846259185, -1.615452241938808, -1.5903644158961319, -1.5592386786078283, -1.5261107427901734, -1.4939073125120963, -1.4646418943904767, -1.4394886629008656, -1.4190551573401553, -1.4034874836799203, -1.3926308697769763, -1.3860779220834472, -1.3833023084671332, -1.3837055292438203, -1.3866878050264377], "obs_positions": [[7.4484, -38.7038], [7.2488, -36.7138], [7.049, -34.7238], [6.8494, -32.7338], [6.6498, -30.7438], [6.4502, -28.7538], [5.8977, -26.8313], [5.3453, -24.8889], [4.803, -22.9626], [4.2644, -21.0307], [3.7306, -19.0984], [3.2024, -17.1693], [2.6769, -15.2337], [2.1537, -13.2905], [1.6341, -11.3456], [1.1174, -9.397], [0.6063, -7.4553], [0.0984, -5.5122], [-0.4068, -3.5663], [-0.9084, -1.6223], [-1.4057, 0.3166], [-1.9028, 2.2667], [-2.3989, 4.2236], [-2.8908, 6.1747], [-3.3792, 8.1219], [-3.865, 10.0684], [-4.349, 12.0172], [-4.828879277961532, 13.958775617529001]], "obs_orientations": [1.6707, 1.6708, 1.6707, 1.6707, 1.6707, 1.8506, 1.8478, 1.8452, 1.8427, 1.8403, 1.838, 1.8358, 1.8338, 1.8318, 1.8299, 1.8281, 1.8264, 1.8248, 1.8233, 1.8218, 1.8204, 1.819, 1.8177, 1.8165, 1.8153, 1.8142, 1.8131, 1.8131], "objectives": {"extension_time": 0.5, "danger_difference": 2.309946704744105, "parameter_difference": 323.03867754259187}, "attributes": {"generation_number": 1, "individual_number": 70, "crash": false, "goal_reached": true, "scenario_length": 28}}, "[[26.478049217577627], [2.5, 176.65819161400114, 2.5], [0.9629275786956684, 32.25584058404678], [1.2012961845884171, 42.43424033603102]]": {"ego_positions": [[-6.2765, 34.1973], [-6.146692036483257, 32.90366153027708], [-6.016833815554484, 31.609257834267666], [-5.886883646458621, 30.31346553820291], [-5.7568015552671525, 29.015805171822574], [-5.626550154602363, 27.715920660033053], [-5.4920864600861625, 26.41396312280857], [-5.336463955265921, 25.11146703164663], [-5.147696549753277, 23.809542831901833], [-4.921435742776596, 22.508598009711175], [-4.6586640001403925, 21.208554773081755], [-4.363834394794347, 19.909026171664884], [-4.0434371643444535, 18.60943920759367], [-3.7048735425516632, 17.309177369186724], [-3.355635296379581, 16.007620869800178], [-3.00278677768435, 14.70418652055298], [-2.652585665076873, 13.398414241207268], [-2.309888452974591, 12.089963761797437], [-1.977556276213396, 10.778681443839181], [-1.658682817392004, 9.464314235162169], [-1.3546810228893111, 8.146840726856865], [-1.0641164309289546, 6.826515890447949], [-0.7946276981130307, 5.502724655139081], [-0.5579693089530804, 4.174450657941667], [-0.3678522580161352, 2.8404336857666124], [-0.23114389329970386, 1.5001559878264794], [-0.14784672239832242, 0.15375466795985865], [-0.11334104195991035, -1.198170355554801], [-0.12017296406521893, -2.5547938575457465]], "ego_orientations": [4.8124, -1.4707942238327023, -1.4708243635182354, -1.4708651016063348, -1.4709072514543662, -1.4709472941761321, -1.4619962193005307, -1.4403018225022466, -1.4128402902797186, -1.384565524293535, -1.3587874238131228, -1.3374828350903503, -1.321632070826893, -1.3114536244719295, -1.306716531770486, -1.3068971720066722, -1.3112720307965038, -1.3182720264603356, -1.327291269670817, -1.3386713087622972, -1.34870158355245, -1.3608016403524372, -1.380499520367568, -1.4104726894217015, -1.4488257180970772, -1.4894279565380728, -1.527952878487718, -1.5616143067641435, -1.5888985091550252],