{"[[10.823695748355828], [45.57999324589824, 200.0, 2.5], [1.299440548135318, 69.9326507642086], [2.4955950805297515, 31.96734757754435]]": {"ego_positions": [[-4.7191, 18.6752], [-4.606628168063567, 17.379371512141677], [-4.569110700025948, 16.072900269344082], [-4.611565142829711, 14.753593535011344], [-4.702523727739639, 13.424612521986122], [-4.810975155166343, 12.089760642465844], [-4.907362909815693, 10.75359784343902], [-4.970968391768933, 9.418532200604204], [-4.990188730964191, 8.085757617405886], [-4.9602614208974884, 6.755720039910395], [-4.881341439804819, 5.428449234067926], [-4.757017444359002, 4.1037003469091085], [-4.593018597790529, 2.7809692972866267], [-4.396224699561796, 1.4596694938362236], [-4.173925190620813, 0.1391805802950552], [-3.9332714055643447, -1.1811032623011122], [-3.6808903497982994, -2.5017221017228004], [-3.4226839977886914, -3.8231174856401906]], "ego_orientations": [4.8123, -1.5084284853901808, -1.5755828909610932, -1.625292692723427, -1.649299592441431, -1.650518212719489, -1.6325614437192222, -1.6027943806519858, -1.5670222132692633, -1.5295886023130745, -1.493692882031091, -1.4615075132249364, -1.43427647505235, -1.4125566850573525, -1.3963872275866258, -1.3854495439876082, -1.379214213027467, -1.3770542647106794], "obs_positions": [[2.6769, -15.2337], [2.1537, -13.2905], [1.6341, -11.3456], [1.1174, -9.397], [0.6063, -7.4553], [0.0984, -5.5122], [-0.4068, -3.5663], [-0.9084, -1.6223], [-1.4057, 0.3166], [-1.9028, 2.2667], [-2.3989, 4.2236], [-2.8908, 6.1747], [-3.3792, 8.1219], [-3.865, 10.0684], [-4.349, 12.0172]], "obs_orientations": [1.8338, 1.8318, 1.8299, 1.8281, 1.8264, 1.8248, 1.8233, 1.8218, 1.8204, 1.819, 1.8177, 1.8165, 1.8153, 1.8142, 1.8131], "objectives": {"extension_time": -0.7, "danger_difference": -1.4830014373349893, "parameter_difference": 18.299819839461236}, "attributes": {"generation_number": 2, "individual_number": 148, "crash": false, "goal_reached": true, "scenario_length": 18}}, "[[1.5664820407736535], [2.5, 6.419676350908454, 2.5], [0.9324188940648414, 55.74026607052744], [1.5059015003556433, 25.950408860875598]]": {"ego_positions": [[-4.7191, 18.6752], [-4.606628168063567, 17.379371512141677], [-4.569110700025948, 16.072900269344082], [-4.611565142829711, 14.753593535011344], [-4.701160518589921, 13.424719484079356], [-4.802698835400732, 12.090055542779309], [-4.888169146977932, 10.752761011180176], [-4.935868675057768, 9.41538010048437], [-4.925470824734406, 8.080324395033383], [-4.857594944286746, 6.747833184806901], [-4.739303762782152, 5.417540252526672], [-4.578834334318749, 4.088979022192058], [-4.3847829466120505, 2.761566455213185], [-4.165529941420476, 1.434736930123253], [-3.928220221809089, 0.10802897412448703], [-3.677534045545931, -1.2187817361606443], [-3.4190318409401037, -2.546016752972001], [-3.1588088455145904, -3.874061077868904]], "ego_orientations": [4.8123, -1.5084284853901808, -1.5755828909610932, -1.625292692723427, -1.6463987390742512, -1.6435183135431215, -1.6235064070171505, -1.5859271537079707, -1.5406841094899768, -1.500017361057692, -1.465266574875825, -1.4370339800718988, -1.415314611012854, -1.3997311552922458, -1.3883261861590643, -1.3805006281050503, -1.3771357904022956, -1.3781614835544511], "obs_positions": [[2.6769, -15.2337], [2.1537, -13.2905], [1.6341, -11.3456], [1.1174, -9.397], [0.6063, -7.4553], [0.0984, -5.5122], [-0.4068, -3.5663], [-0.9084, -1.6223], [-1.4057, 0.3166], [-1.9028, 2.2667], [-2.3989, 4.2236], [-2.8908, 6.1747], [-3.3792, 8.1219], [-3.865, 10.0684], [-4.349, 12.0172]], "obs_orientations": [1.8338, 1.8318, 1.8299, 1.8281, 1.8264, 1.8248, 1.8233, 1.8218, 1.8204, 1.819, 1.8177, 1.8165, 1.8153, 1.8142, 1.8131], "objectives": {"extension_time": -0.7, "danger_difference": -0.8391668980565861, "parameter_difference": 1.5115281058275056}, "attributes": {"generation_number": 3, "individual_number": 172, "crash": false, "goal_reached": true, "scenario_length": 18}}, "[[40.532691317768865], [2.5, 28.90839007113971, 233.4450146079292], [2.1485849033939424, 131.8581541392075], [1.9531427155913486, 25.656686415022058]]": {"ego_positions": [[-4.7191, 18.6752], [-4.606628168063567, 17.379371512141677], [-4.569110700025948, 16.072900269344082], [-4.611565142829711, 14.753593535011344], [-4.701160518589921, 13.424719484079356], [-4.802698835400732, 12.090055542779309], [-4.888169146977932, 10.752761011180176], [-4.9393226454127035, 9.415045424070215], [-4.946308553774537, 8.078312319849998], [-4.9055103540723834, 6.743225040254734], [-4.817756235186258, 5.410029596037717], [-4.686949752146978, 4.078685472360907], [-4.518871596030869, 2.748882418757039], [-4.320270243999498, 1.42021083012468], [-4.09818491180679, 0.09220859455238117], [-3.8594483338892847, -1.2355923472248864], [-3.610340556383072, -2.563612289953281], [-3.356417868999829, -3.892198681595772]], "ego_orientations": [4.8123, -1.5084284853901808, -1.5755828909610932, -1.625292692723427, -1.6463987390742512, -1.6435183135431215, -1.6235064070171505, -1.5933152339849412, -1.558278125411939, -1.522329859326251, -1.4883230483456193, -1.4581529637173425, -1.432863581164975, -1.4128824337811245, -1.3981776078092683, -1.3884017363429244, -1.3830291043955691, -1.3814498912628839], "obs_positions": [[2.6769, -15.2337], [2.1537, -13.2905], [1.6341, -11.3456], [1.1174, -9.397], [0.6063, -7.4553], [0.0984, -5.5122], [-0.4068, -3.5663], [-0.9084, -1.6223], [-1.4057, 0.3166], [-1.9028, 2.2667], [-2.3989, 4.2236], [-2.8908, 6.1747], [-3.3792, 8.1219], [-3.865, 10.0684], [-4.349, 12.0172]], "obs_orientations": [1.8338, 1.8318, 1.8299, 1.8281, 1.8264, 1.8248, 1.8233, 1.8218, 1.8204, 1.819, 1.8177, 1.8165, 1.8153, 1.8142, 1.8131], "objectives": {"extension_time": -0.7, "danger_difference": -1.1637700216929279, "parameter_difference": 93.38878096584395}, "attributes": {"generation_number": 5, "individual_number": 286, "crash": false, "goal_reached": true, "scenario_length": 18}}, "[[1.572812388623559], [1.7239399497014567, 1.970697002982269, 0.19608838593280176], [0.22355068155680824, 41.200266770394165], [2.0669125247578983, 25.705213305456752]]": {"ego_positions": [[-4.7191, 18.6752], [-4.606628168063567, 17.379371512141677], [-4.569110700025948, 16.072900269344082], [-4.611565142829711, 14.753593535011344], [-4.701160518589921, 13.424719484079356], [-4.802698835400732, 12.090055542779309], [-4.888169146977932, 10.752761011180176], [-4.9393226454127035, 9.415045424070215], [-4.946308553774537, 8.078312319849998], [-4.9055103540723834, 6.743225040254734], [-4.817756235186258, 5.410029596037717], [-4.686949752146978, 4.078685472360907], [-4.518871596030869, 2.748882418757039], [-4.320270243999498, 1.42021083012468], [-4.09818491180679, 0.09220859455238117], [-3.8594483338892847, -1.2355923472248864], [-3.610340556383072, -2.563612289953281], [-3.356049422634407, -3.89215609759752]], "ego_orientations": [4.8123, -1.5084284853901808, -1.5755828909610932, -1.625292692723427, -1.6463987390742512, -1.6435183135431215, -1.6235064070171505, -1.5933152339849412, -1.558278125411939, -1.522329859326251, -1.4883230483456193, -1.4581529637173425, -1.432863581164975, -1.4128824337811245, -1.3981776078092683, -1.3884017363429244, -1.3830291043955691, -1.3806679357550573], "obs_positions": [[2.6769, -15.2337], [2.1537, -13.2905], [1.6341, -11.3456], [1.1174, -9.397], [0.6063, -7.4553], [0.0984, -5.5122], [-0.4068, -3.5663], [-0.9084, -1.6223], [-1.4057, 0.3166], [-1.9028, 2.2667], [-2.3989, 4.2236], [-2.8908, 6.1747], [-3.3792, 8.1219], [-3.865, 10.0684], [-4.349, 12.0172]], "obs_orientations": [1.8338, 1.8318, 1.8299, 1.8281, 1.8264, 1.8248, 1.8233, 1.8218, 1.8204, 1.819, 1.8177, 1.8165, 1.8153, 1.8142, 1.8131], "objectives": {"extension_time": -0.7, "danger_difference": -1.1637700216929279, "parameter_difference": 0.8692270525145266}, "attributes": {"generation_number": 9, "individual_number": 465, "crash": false, "goal_reached": true, "scenario_length": 18}},