{"[[44.304203952275884], [15.477091838722263, 172.256106933717, 77.07130970734511], [2.420055815146434, 130.49701344748692], [1.9166002168468976, 9.550295313773699]]": {"ego_positions": [[-5.7574, 29.0233], [-5.627596810861075, 27.729661016716797], [-5.493737034795423, 26.43565879164691], [-5.338857004304625, 25.142367610518694], [-5.150935654018049, 23.8505108974441], [-4.925592818109327, 22.560169185501667], [-4.66381703497365, 21.270982760401683], [-4.370053590261344, 19.98234428177194], [-4.05074612172373, 18.693516744537543], [-3.713264848858099, 17.40373083528172], [-3.3650942937933275, 16.11226196772905], [-3.013267173796386, 14.81846111458432], [-2.6640397666947964, 13.521751133431804], [-2.3226568687001703, 12.221775625936681], [-1.9932289948387614, 10.918249623770894], [-1.6788119317380241, 9.610953776911927], [-1.3814446850703042, 8.299874707619752], [-1.1022299892055125, 6.985056872131764], [-0.8414830511643379, 5.666635684181701], [-0.6008793357394473, 4.34457679348179], [-0.3900558650607011, 3.01805431504381], [-0.22226718807049872, 1.6858289418527674], [-0.10421397442417257, 0.34747780871114875], [-0.035910145811916205, -0.996895857265511], [-0.012946338697717774, -2.346778618541298]], "ego_orientations": [4.8124, -1.4708020990704886, -1.4617915849232253, -1.439944076612007, -1.4122570962934402, -1.3837611827400007, -1.3578157749157391, -1.3363873412223484, -1.3204528805364228, -1.3102574170451673, -1.3055506130769459, -1.305791879103892, -1.3102844170353967, -1.3181889599806729, -1.3287046066882828, -1.3410772077149762, -1.3545700670276988, -1.3685533256296747, -1.382490384990418, -1.400328693600387, -1.428000866690927, -1.4638134603640234, -1.5017619299917193, -1.5376840577398205, -1.568934411077211], "obs_positions": [[6.6498, -30.7438], [6.4502, -28.7538], [5.8977, -26.8313], [5.3453, -24.8889], [4.803, -22.9626], [4.2644, -21.0307], [3.7306, -19.0984], [3.2024, -17.1693], [2.6769, -15.2337], [2.1537, -13.2905], [1.6341, -11.3456], [1.1174, -9.397], [0.6063, -7.4553], [0.0984, -5.5122], [-0.4068, -3.5663], [-0.9084, -1.6223], [-1.4057, 0.3166], [-1.9028, 2.2667], [-2.3989, 4.2236], [-2.8908, 6.1747], [-3.3792, 8.1219], [-3.865, 10.0684], [-4.349, 12.0172]], "obs_orientations": [1.6707, 1.8506, 1.8478, 1.8452, 1.8427, 1.8403, 1.838, 1.8358, 1.8338, 1.8318, 1.8299, 1.8281, 1.8264, 1.8248, 1.8233, 1.8218, 1.8204, 1.819, 1.8177, 1.8165, 1.8153, 1.8142, 1.8131], "objectives": {"extension_time": 0.1, "danger_difference": 2.234315051187137, "parameter_difference": 31.469943911269223}, "attributes": {"generation_number": 0, "individual_number": 0, "crash": false, "goal_reached": true, "scenario_length": 25}}, "[[0.24748688700967358], [34.38114621772454, 36.27928011175169, 918.8039870715961], [1.563735681104335, 135.9391911720075], [2.4513889173226, 19.042414171620454]]": {"ego_positions": [[-5.7574, 29.0233], [-5.627596810861075, 27.729661016716797], [-5.493770694393827, 26.435994255506568], [-5.3391155932607415, 25.144945008530364], [-5.151732682141797, 23.858454469224906], [-4.927204336046049, 22.57622887865774], [-4.6664520926937625, 21.297245880770568], [-4.37386472203849, 20.02033129466413], [-4.055837792991295, 18.7442678201555], [-3.7197010764733744, 17.467882785356785], [-3.3729058367260745, 16.190115814397206], [-3.0224575563934555, 14.910046808860908], [-2.6745869857024624, 13.626873319608288], [-2.334524750303539, 12.340059978657079], [-2.006368958765021, 11.049196937721364], [-1.693160423621495, 9.75395685489082], [-1.3969336124803458, 8.454252667128195], [-1.1187867879076117, 7.150083511377555], [-0.8597882894083204, 5.841483430158365], [-0.6260790917243382, 4.5282996136703275], [-0.4329788468175644, 3.2107323392371683], [-0.28998064717936556, 1.8894956724222858], [-0.1990877556453916, 0.5658553673360984], [-0.1570640551348479, -0.7591348368251503], [-0.15729367055130306, -2.085670327676911], [-0.19136111267666767, -3.413907600066107]], "ego_orientations": [4.8124, -1.4708020990704886, -1.4617846450097183, -1.4398547511804916, -1.4119470485732446, -1.3831402604980507, -1.356857897024633, -1.3351234008533206, -1.318951242155384, -1.3086045465310505, -1.3038358615385173, -1.304092828147155, -1.3086681448631952, -1.316706212138845, -1.3273822349290434, -1.3399326482107554, -1.3536064100259688, -1.3677634737424915, -1.38351115634988, -1.4082351123877714, -1.4434719720155273, -1.482737009377999, -1.5213162829994102, -1.5560087062710641, -1.5848353464272726, -1.6068731727299381], "obs_positions": [[6.6498, -30.7438], [6.4502, -28.7538], [5.8977, -26.8313], [5.3453, -24.8889], [4.803, -22.9626], [4.2644, -21.0307], [3.7306, -19.0984], [3.2024, -17.1693], [2.6769, -15.2337], [2.1537, -13.2905], [1.6341, -11.3456], [1.1174, -9.397], [0.6063, -7.4553], [0.0984, -5.5122], [-0.4068, -3.5663], [-0.9084, -1.6223], [-1.4057, 0.3166], [-1.9028, 2.2667], [-2.3989, 4.2236], [-2.8908, 6.1747], [-3.3792, 8.1219], [-3.865, 10.0684], [-4.349, 12.0172]], "obs_orientations": [1.6707, 1.8506, 1.8478, 1.8452, 1.8427, 1.8403, 1.838, 1.8358, 1.8338, 1.8318, 1.8299, 1.8281, 1.8264, 1.8248, 1.8233, 1.8218, 1.8204, 1.819, 1.8177, 1.8165, 1.8153, 1.8142, 1.8131], "objectives": {"extension_time": 0.1, "danger_difference": 1.4161596229157816, "parameter_difference": 367.77915530711795}, "attributes": {"generation_number": 0, "individual_number": 22, "crash": false, "goal_reached": true, "scenario_length": 26}}, "[[44.84016239937743], [15.477091838722263, 172.256106933717, 77.07130970734511], [2.442604855785432, 131.0503033056121], [1.8874555057385558, 9.546676955897862]]": {"ego_positions": [[-5.7574, 29.0233], [-5.627596810861075, 27.729661016716797], [-5.493737034795423, 26.43565879164691], [-5.338857004304625, 25.142367610518694], [-5.150935654018049, 23.8505108974441], [-4.925592818109327, 22.560169185501667], [-4.66381703497365, 21.270982760401683], [-4.370053590261344, 19.98234428177194], [-4.05074612172373, 18.693516744537543], [-3.713264848858099, 17.40373083528172], [-3.3650942937933275, 16.11226196772905], [-3.013267173796386, 14.81846111458432], [-2.6640397666947964, 13.521751133431804], [-2.3226568687001703, 12.221775625936681], [-1.9932289948387614, 10.918249623770894], [-1.6788119317380241, 9.610953776911927], [-1.3814446850703042, 8.299874707619752], [-1.1022299892055125, 6.985056872131764], [-0.8414830511643379, 5.666635684181701], [-0.6008793357394473, 4.34457679348179], [-0.3900558650607011, 3.01805431504381], [-0.22226718807049872, 1.6858289418527674], [-0.10421397442417257, 0.34747780871114875], [-0.035910145811916205, -0.996895857265511], [-0.012946338697717774, -2.346778618541298]], "ego_orientations": [4.8124, -1.4708020990704886, -1.4617915849232253, -1.439944076612007, -1.4122570962934402, -1.3837611827400007, -1.3578157749157391, -1.3363873412223484, -1.3204528805364228, -1.3102574170451673, -1.3055506130769459, -1.305791879103892, -1.3102844170353967, -1.3181889599806729, -1.3287046066882828, -1.3410772077149762, -1.3545700670276988, -1.3685533256296747, -1.382490384990418, -1.400328693600387, -1.428000866690927, -1.4638134603640234, -1.5017619299917193, -1.5376840577398205, -1.568934411077211], "obs_positions": [[6.6498, -30.7438], [6.4502, -28.7538], [5.8977, -26.8313], [5.3453, -24.8889], [4.803, -22.9626], [4.2644, -21.0307], [3.7306, -19.0984], [3.2024, -17.1693], [2.6769, -15.2337], [2.1537, -13.2905], [1.6341, -11.3456], [1.1174, -9.397], [0.6063, -7.4553], [0.0984, -5.5122], [-0.4068, -3.5663], [-0.9084, -1.6223], [-1.4057, 0.3166], [-1.9028, 2.2667], [-2.3989, 4.2236], [-2.8908, 6.1747], [-3.3792, 8.1219], [-3.865, 10.0684], [-4.349, 12.0172]], "obs_orientations": [1.6707, 1.8506, 1.8478, 1.8452, 1.8427, 1.8403, 1.838, 1.8358, 1.8338, 1.8318, 1.8299, 1.8281, 1.8264, 1.8248, 1.8233, 1.8218, 1.8204, 1.819, 1.8177, 1.8165, 1.8153, 1.8142, 1.8131], "objectives": {"extension_time": 0.1, "danger_difference": 2.234315051187137, "parameter_difference": 31.470255604575875}, "attributes": {"generation_number": 1,