{"[[27.053775252001945], [16.007522868168145, 261.252377792109, 797.7399823600286], [2.364906369834852, 137.5968388945248], [0.10580427759189187, 49.040033016003015]]": {"ego_positions": [[-7.7041, 48.4258], [-7.574288549831518, 47.13216189963043], [-7.444412532802851, 45.83775995362269], [-7.314464961923511, 44.54196720664333], [-7.184412101831131, 43.24430377420046], [-7.054196881915764, 41.94441552862085], [-6.923781969994062, 40.64205166734832], [-6.7931425343007055, 39.33704892119989], [-6.662269996879554, 38.02931662286324], [-6.531127089220362, 36.7188281993216], [-6.39969624363318, 35.405604659396715], [-6.267995619597949, 34.08970335260355], [-6.136024211478476, 32.77121466425955], [-6.003783835162241, 31.450252289808237], [-5.871281225606092, 30.126946686255668], [-5.738523073597987, 28.801440144359923], [-5.605524920401085, 27.473881318128182], [-5.4683089161399945, 26.144823036192623], [-5.3099585701645955, 24.816116583182364], [-5.1286618131769695, 23.486853714445463], [-4.974761351308278, 22.14640132500104], [-4.909398073348075, 20.784213614657958], [-4.915233414210732, 19.40232282067064], [-4.96305574807206, 18.00635822210549], [-5.0283790286661825, 16.602099557511547], [-5.09253514878038, 15.194268606210978], [-5.142082917065551, 13.786312790774918], [-5.165800908399742, 12.380521881812037], [-5.153670000866358, 10.978692931680387], [-5.100625151993279, 9.58202400080911], [-5.0062099552844765, 8.191080464949723], [-4.873080027975401, 6.805942684158724], [-4.705906189743042, 5.426432646009471], [-4.510486056491258, 4.052160646509879], [-4.293061203177956, 2.6826154068260046], [-4.059832428362567, 1.3172591622609677], [-3.8166091840729672, -0.044515434199376896], [-3.56813118934054, -1.4032136248105345], [-3.317474571856584, -2.7590325401963818], [-3.0681322111912186, -4.112329211109985]], "ego_orientations": [4.8124, -1.4707851680293231, -1.4708140401088796, -1.4708813864766999, -1.4709334148037065, -1.4709754140501357, -1.4710069625437168, -1.4710390524232455, -1.471060592900571, -1.4710495135707102, -1.4710456843972963, -1.4710420058313547, -1.4710283981328152, -1.471009687441864, -1.4709868311172096, -1.4709575163538018, -1.4709423603021836, -1.4621262089596678, -1.440789935844526, -1.4361254662055396, -1.4878283932233796, -1.5530257397984357, -1.5933146446828355, -1.6137321711384045, -1.6186358660787903, -1.6125335351765768, -1.5981331174882651, -1.5758577954370496, -1.547805045761308, -1.517788264747395, -1.4885541048925486, -1.461951833020679, -1.439140628628512, -1.4206951981894598, -1.4067529171839857, -1.3971713039980624, -1.3915495502361352, -1.3885702690705957, -1.3878400687065184, -1.3897933426587326], "obs_positions": [[9.6448, -60.5939], [9.4451, -58.6039], [9.2454, -56.6139], [9.0457, -54.6239], [8.8461, -52.6339], [8.6464, -50.6438], [8.4467, -48.6538], [8.247, -46.6638], [8.0474, -44.6738], [7.8477, -42.6838], [7.648, -40.6938], [7.4484, -38.7038], [7.2488, -36.7138], [7.049, -34.7238], [6.8494, -32.7338], [6.6498, -30.7438], [6.4502, -28.7538], [5.8977, -26.8313], [5.3453, -24.8889], [4.803, -22.9626], [4.2644, -21.0307], [3.7306, -19.0984], [3.2024, -17.1693], [2.6769, -15.2337], [2.1537, -13.2905], [1.6341, -11.3456], [1.1174, -9.397], [0.6063, -7.4553], [0.0984, -5.5122], [-0.4068, -3.5663], [-0.9084, -1.6223], [-1.4057, 0.3166], [-1.9028, 2.2667], [-2.3989, 4.2236], [-2.8908, 6.1747], [-3.3792, 8.1219], [-3.865, 10.0684], [-4.349, 12.0172]], "obs_orientations": [1.6708, 1.6708, 1.6707, 1.6707, 1.6708, 1.6708, 1.6708, 1.6708, 1.6708, 1.6707, 1.6707, 1.6707, 1.6708, 1.6707, 1.6707, 1.6707, 1.8506, 1.8478, 1.8452, 1.8427, 1.8403, 1.838, 1.8358, 1.8338, 1.8318, 1.8299, 1.8281, 1.8264, 1.8248, 1.8233, 1.8218, 1.8204, 1.819, 1.8177, 1.8165, 1.8153, 1.8142, 1.8131], "objectives": {"extension_time": 1.6, "danger_difference": 2.462533928968382, "parameter_difference": 319.16498560063803}, "attributes": {"generation_number": 0, "individual_number": 47, "crash": false, "goal_reached": true, "scenario_length": 40}}, "[[2.382414140202453], [2.5, 10.634585416678856, 0.03611798925855836], [0.4049502884480223, 43.079396940999466], [0.5804611158046218, 2.1142684503175797]]": {"ego_positions": [[-7.7041, 48.4258], [-7.574288549831518, 47.13216189963043], [-7.444412532802851, 45.83775995362269], [-7.314464961923511, 44.54196720664333], [-7.184412101831131, 43.24430377420046], [-7.054196881915764, 41.94441552862085], [-6.923781969994062, 40.64205166734832], [-6.7931425343007055, 39.33704892119989], [-6.662269996879554, 38.02931662286324], [-6.531127089220362, 36.7188281993216], [-6.39969624363318, 35.405604659396715], [-6.267995619597949, 34.08970335260355], [-6.136024211478476, 32.77121466425955], [-6.003783835162241, 31.450252289808237], [-5.871281225606092, 30.126946686255668], [-5.738523073597987, 28.801440144359923], [-5.605524920401085, 27.473881318128182], [-5.4683089161399945, 26.144823036192623], [-5.3099585701645955, 24.816116583182364], [-5.1286618131769695, 23.486853714445463], [-4.974761351308278, 22.14640132500104], [-4.909398073348075, 20.784213614657958], [-4.915233414210732, 19.40232282067064], [-4.96305574807206, 18.00635822210549], [-5.03027302032315, 16.602325720002213], [-5.1026854008676406, 15.195817942261097], [-5.161179095070202, 13.789969991560511], [-5.189138489027431, 12.385953904734686], [-5.177006609619702, 10.985320906679188], [-5.11865530220175, 9.589649752456099], [-5.005397576736639, 8.200918785420969], [-4.837485726923327, 6.819934439341134], [-4.62293360590391, 5.446486685337341], [-4.373489058698144, 4.07975070772846], [-4.101855000464737, 2.7186224117443514], [-3.819926806683739, 1.361963369994464], [-3.537783352121817, 0.008665062671182888], [-3.2622760871202248, -1.3420486361793376], [-2.9964744772705494, -2.6903435054271516], [-2.745384835587479, -4.0368032596623795]], "ego_orientations": [4.8124, -1.4707851680293231, -1.4708140401088796, -1.4708813864766999, -1.4709334148037065, -1.4709754140501357, -1.4710069625437168, -1.4710390524232455, -1.471060592900571, -1.4710495135707102, -1.4710456843972963, -1.4710420058313547, -1.4710283981328152, -1.471009687441864, -1.4709868311172096, -1.4709575163538018, -1.4709423603021836, -1.4621262089596678, -1.440789935844526, -1.4361254662055396, -1.4878283932233796, -1.5530257397984357, -1.5933146446828355, -1.6137321711384045, -1.6223942478137667, -1.6195832253982942, -1.6031064307121854, -1.5771810648750995, -1.5466404540847831, -1.5098649847126255, -1.4690298803547677, -1.4315646383372158, -1.4015400805680507, -1.3805440386188064, -1.368525976395902, -1.3645008838463868, -1.3669501180413839, -1.3723769031240307, -1.3806303216782725, -1.3928380211172042], "obs_positions": [[9.6448, -60.5939], [9.4451, -58.6039], [9.2454, -56.6139], [9.0457, -54.6239], [8.8461, -52.6339], [8.6464, -50.6438], [8.4467, -48.6538], [8.247, -46.6638], [8.0474, -44.6738], [7.8477, -42.6838], [7.648, -40.6938], [7.4484, -38.7038], [7.2488, -36.7138], [7.049, -34.7238], [6.8494, -32.7338], [6.6498, -30.7438], [6.4502, -28.7538], [5.8977, -26.8313], [5.3453, -24.8889], [4.803, -22.9626], [4.2644, -21.0307], [3.7306, -19.0984], [3.2024, -17.1693], [2.6769, -15.2337], [2.1537, -13.2905], [1.6341, -11.3456], [1.1174, -9.397], [0.6063, -7.4553], [0.0984, -5.5122], [-0.4068, -3.5663], [-0.9084, -1.6223], [-1.4057, 0.3166], [-1.9028, 2.2667], [-2.3989, 4.2236], [-2.8908, 6.1747], [-3.3792, 8.1219], [-3.865, 10.0684], [-4.349, 12.0172]], "obs_orientations": [1.6708, 1.6708, 1.6707, 1.6707, 1.6708, 1.6708, 1.6708, 1.6708, 1.6708, 1.6707, 1.6707, 1.6707, 1.6708, 1.6707, 1.6707, 1.6707, 1.8506, 1.8478, 1.8452, 1.8427, 1.8403, 1.838, 1.8358, 1.8338, 1.8318, 1.8299, 1.8281, 1.8264, 1.8248, 1.8233, 1.8218, 1.8204, 1.819, 1.8177, 1.8165, 1.8153, 1.8142, 1.8131], "objectives": {"extension_time": 1.6, "danger_difference": 3.60123914728757, "parameter_difference": 1.0072997412464713}, "attributes": {"generation_number": 19, "individual_number": 995, "crash": false, "goal_reached": true,