{"[[23.445282237853583], [22.650291774489027, 104.58946746468683, 232.10681041162172], [0.08739016271138655, 16.447446952872923], [0.7219205101903794, 32.2631717724253]]": {"ego_positions": [[-7.0552, 41.9583], [-6.925378033198978, 40.66466299162813], [-6.795460047304339, 39.37026531701789], [-6.6654081356968495, 38.07448317664329], [-6.535173556743317, 36.776838169470665], [-6.404687273201366, 35.476977293635926], [-6.273956142944183, 34.17464516229377], [-6.142979095165169, 32.869676326996924], [-6.011741513158414, 31.56198068833606], [-5.8802374319443285, 30.251528457922273], [-5.748466268352045, 28.938339060852392], [-5.61643161824189, 27.6224712846842], [-5.480127267205216, 26.304417389212087], [-5.32266684965708, 24.98598541813965], [-5.132126419672878, 23.66850204563872], [-4.9041874362378906, 22.352546561536027], [-4.639851933894365, 21.038167180926987], [-4.343600974489198, 19.725066917786492], [-4.02191681580866, 18.412749116363532], [-3.682191437626596, 17.10062312241297], [-3.331926488787052, 15.788083496164681], [-2.9781730857689492, 14.474564790922924], [-2.6271727713668143, 13.159581498247977], [-2.2837773577888894, 11.842777804318578], [-1.950844291942291, 10.524007611344397], [-1.6289969116347196, 9.203245360240144], [-1.315545193834676, 7.880858396035631], [-1.0199263210422291, 6.5560540641527245], [-0.7504938363469722, 5.228056420860506], [-0.5151248958456165, 3.896149562436819], [-0.31764886564545813, 2.5599970559971523], [-0.15788758935189096, 1.2197299275448938], [-0.032917647041666775, -0.12430865509064434], [0.061881327513978235, -1.4716120538646018], [0.13203632890103956, -2.8215730733670332]], "ego_orientations": [4.8124, -1.4707674624394995, -1.4707611843564674, -1.4707726557583056, -1.4707564553036647, -1.4707419016053631, -1.4707571869329348, -1.4707687218701908, -1.4707776806203485, -1.4707841358071079, -1.470788919440059, -1.470791409704792, -1.4619234990538752, -1.4404941132658813, -1.4133669165545255, -1.3854042293436368, -1.3598877198438597, -1.3387651991190435, -1.3229956454390903, -1.3128332923555623, -1.3080559714597522, -1.30814249427109, -1.3123967991530474, -1.319264683874879, -1.3281472912382428, -1.334361232111811, -1.3434217993523632, -1.3599296523168567, -1.3824748752381186, -1.4097741623846511, -1.4383268403879566, -1.4656091674241951, -1.4899657241527713, -1.5104328087431806, -1.5265813125380605], "obs_positions": [[8.6464, -50.6439], [8.4467, -48.6538], [8.247, -46.6638], [8.0474, -44.6738], [7.8477, -42.6838], [7.648, -40.6938], [7.4484, -38.7038], [7.2488, -36.7138], [7.049, -34.7238], [6.8494, -32.7338], [6.6498, -30.7438], [6.4502, -28.7538], [5.8977, -26.8313], [5.3453, -24.8889], [4.803, -22.9626], [4.2644, -21.0307], [3.7306, -19.0984], [3.2024, -17.1693], [2.6769, -15.2337], [2.1537, -13.2905], [1.6341, -11.3456], [1.1174, -9.397], [0.6063, -7.4553], [0.0984, -5.5122], [-0.4068, -3.5663], [-0.9084, -1.6223], [-1.4057, 0.3166], [-1.9028, 2.2667], [-2.3989, 4.2236], [-2.8908, 6.1747], [-3.3792, 8.1219], [-3.865, 10.0684], [-4.349, 12.0172]], "obs_orientations": [1.6708, 1.6707, 1.6708, 1.6708, 1.6707, 1.6707, 1.6707, 1.6708, 1.6707, 1.6707, 1.6707, 1.8506, 1.8478, 1.8452, 1.8427, 1.8403, 1.838, 1.8358, 1.8338, 1.8318, 1.8299, 1.8281, 1.8264, 1.8248, 1.8233, 1.8218, 1.8204, 1.819, 1.8177, 1.8165, 1.8153, 1.8142, 1.8131], "objectives": {"extension_time": 1.1, "danger_difference": 3.8581968405198257, "parameter_difference": 93.28862817610705}, "attributes": {"generation_number": 0, "individual_number": 41, "crash": false, "goal_reached": true, "scenario_length": 35}}, "[[11.242638402797333], [25.383243819132222, 364.7953534791065, 656.1772083656434], [1.2477364635436758, 180.27450006296928], [0.4733482446170889, 26.423905425858997]]": {"ego_positions": [[-7.0552, 41.9583], [-6.925383865181131, 40.66466240656316], [-6.79550218202546, 39.37026109018835], [-6.665534764262839, 38.07447047530032], [-6.535439776200787, 36.7768114617768], [-6.405147538407827, 35.47693110810309], [-6.274659264040334, 34.174574612435904], [-6.143965191925168, 32.86957738761147], [-6.013040464758089, 31.561850361043497], [-5.881868435266581, 30.25136481521066], [-5.750438195743559, 28.93814121175449], [-5.618743922835391, 27.622239281821336], [-5.482798414362152, 26.304488206366607], [-5.325838884794537, 24.988270495006493], [-5.14618622917128, 23.67380910844687], [-4.980325700552724, 22.351252043620065], [-4.864915428650456, 21.010999848126975], [-4.8383945101494215, 19.64629214139949], [-4.877949833568074, 18.261961289292056], [-4.954721348394824, 16.865682849981777], [-5.046776329825242, 15.463838481254605], [-5.129317626396825, 14.059437864035477], [-5.182547756545256, 12.655783568377311], [-5.194889170440745, 11.256769885239011], [-5.158648490749261, 9.865391126090646], [-5.063417259459613, 8.483365893136261], [-4.90865194488999, 7.110821989835404], [-4.702370075801593, 5.7469356057100125], [-4.456849573386216, 4.390379584498991], [-4.185596507902355, 3.039633947427423], [-3.898728468787837, 1.6935143205743062], [-3.5994091605058216, 0.351676228139501], [-3.299122622848911, -0.9871704257044029], [-3.010515979500715, -2.3245787043279518], [-2.7390755336468557, -3.6614434600270087]], "ego_orientations": [4.8124, -1.4707806148405664, -1.470806331335604, -1.4708587343134454, -1.470885364308577, -1.4709107635913456, -1.470960107554113, -1.470998135227103, -1.4710253550719603, -1.4710419031438713, -1.4710491803835577, -1.4710474604548898, -1.4621488434039769, -1.440591347081683, -1.4358359941910424, -1.4592636360005624, -1.5179669793048713, -1.5796185470907034, -1.6153384610635655, -1.6338682031590421, -1.6356950634110143, -1.620931564492821, -1.5951094520236575, -1.563486738068856, -1.5242024698501053, -1.4797161448716407, -1.4382957595680708, -1.4045996441529276, -1.380553405005731, -1.366242562549405, -1.355221311639018, -1.3489958598079594, -1.353106980907917, -1.3639581837713441, -1.3773003957722105], "obs_positions": [[8.6464, -50.6439], [8.4467, -48.6538], [8.247, -46.6638], [8.0474, -44.6738], [7.8477, -42.6838], [7.648, -40.6938], [7.4484, -38.7038], [7.2488, -36.7138], [7.049, -34.7238], [6.8494, -32.7338], [6.6498, -30.7438], [6.4502, -28.7538], [5.8977, -26.8313], [5.3453, -24.8889], [4.803, -22.9626], [4.2644, -21.0307], [3.7306, -19.0984], [3.2024, -17.1693], [2.6769, -15.2337], [2.1537, -13.2905], [1.6341, -11.3456], [1.1174, -9.397], [0.6063, -7.4553], [0.0984, -5.5122], [-0.4068, -3.5663], [-0.9084, -1.6223], [-1.4057, 0.3166], [-1.9028, 2.2667], [-2.3989, 4.2236], [-2.8908, 6.1747], [-3.3792, 8.1219], [-3.865, 10.0684], [-4.349, 12.0172]], "obs_orientations": [1.6708, 1.6707, 1.6708, 1.6708, 1.6707, 1.6707, 1.6707, 1.6708, 1.6707, 1.6707, 1.6707, 1.8506, 1.8478, 1.8452, 1.8427, 1.8403, 1.838, 1.8358, 1.8338, 1.8318, 1.8299, 1.8281, 1.8264, 1.8248, 1.8233, 1.8218, 1.8204, 1.819, 1.8177, 1.8165, 1.8153, 1.8142, 1.8131], "objectives": {"extension_time": 1.1, "danger_difference": 2.846875903487435, "parameter_difference": 262.67440088660703}, "attributes": {"generation_number": 0, "individual_number": 44, "crash": false, "goal_reached": true, "scenario_length": 35}},