{"[[23.751382906799236], [49.445930192976626, 55.182969978851524, 170.34609769996567], [0.12094870559500065, 166.07570038682803], [0.8670719714234887, 8.75702176587249]]": {"ego_positions": [[-6.9253, 40.6648], [-6.795627955564875, 39.37114784201486], [-6.665917079468964, 38.0767293538044], [-6.536096427416768, 36.78092415143937], [-6.406116711534676, 35.483253580346265], [-6.275950208386188, 34.18336062790274], [-6.145559955849598, 32.88099449097339], [-6.014920524655051, 31.575991960608757], [-5.884021591864238, 30.26826252304229], [-5.752842581266852, 28.957777881757654], [-5.621376672670494, 27.644558032018264], [-5.485659977409023, 26.329398682897885], [-5.3289246383397, 25.015659197279497], [-5.139320602019749, 23.705872550812675], [-4.912491059737446, 22.40022953011665], [-4.649382452112249, 21.098108946295312], [-4.3544181595617175, 19.79864215335753], [-4.034051656454575, 18.500848195691933], [-3.695639341416735, 17.203747414647776], [-3.346652832695619, 15.906397167297163], [-2.9941302347952004, 14.60796085294439], [-2.644311672578924, 13.30771295085294], [-2.302427716225446, 12.005124696813219], [-1.972583172086207, 10.699778320241068], [-1.6577560139333323, 9.391289922040002], [-1.3579616002647463, 8.079610823873795], [-1.0703560921521977, 6.764793994433756], [-0.8013586439435718, 5.4462812303420405], [-0.5589578805960072, 4.123809637418013], [-0.35877769285479566, 2.797560896479605], [-0.21041648028921944, 1.4678319451632156], [-0.11571230758328666, 0.13439506236459883], [-0.07116493695357162, -1.2029479306814057], [-0.07001498304175025, -2.544078390318531]], "ego_orientations": [4.8123, -1.470906063544521, -1.4709348723202034, -1.4709528204449294, -1.4709796028554356, -1.4710036629926355, -1.4710164481525148, -1.4710282608337018, -1.4710334864375048, -1.4710227396213629, -1.471019440239405, -1.4621145635245139, -1.4405124246779906, -1.413054475918405, -1.3846954499787625, -1.358765135815502, -1.337280194958585, -1.3212359338029334, -1.3108881034753601, -1.3060276636899024, -1.3061235981800712, -1.3104768456585445, -1.3182680913021043, -1.3286942717764818, -1.3408694348952013, -1.3504377073404124, -1.3616503870107124, -1.3779664920179169, -1.4034979870455446, -1.439666617089081, -1.4799357104508433, -1.5193818252470237, -1.5547167641290578, -1.5840431304704152], "obs_positions": [[8.4467, -48.6538], [8.247, -46.6638], [8.0473, -44.6738], [7.8477, -42.6838], [7.648, -40.6938], [7.4484, -38.7038], [7.2488, -36.7138], [7.049, -34.7238], [6.8494, -32.7338], [6.6498, -30.7438], [6.4502, -28.7538], [5.8977, -26.8313], [5.3453, -24.8889], [4.803, -22.9626], [4.2644, -21.0307], [3.7306, -19.0984], [3.2024, -17.1693], [2.6769, -15.2337], [2.1537, -13.2905], [1.6341, -11.3456], [1.1174, -9.397], [0.6063, -7.4553], [0.0984, -5.5122], [-0.4068, -3.5663], [-0.9084, -1.6223], [-1.4057, 0.3166], [-1.9028, 2.2667], [-2.3989, 4.2236], [-2.8908, 6.1747], [-3.3792, 8.1219], [-3.865, 10.0684], [-4.349, 12.0172]], "obs_orientations": [1.6708, 1.6708, 1.6707, 1.6708, 1.6707, 1.6707, 1.6708, 1.6707, 1.6707, 1.6707, 1.8506, 1.8478, 1.8452, 1.8427, 1.8403, 1.838, 1.8358, 1.8338, 1.8318, 1.8299, 1.8281, 1.8264, 1.8248, 1.8233, 1.8218, 1.8204, 1.819, 1.8177, 1.8165, 1.8153, 1.8142, 1.8131], "objectives": {"extension_time": 1.0, "danger_difference": 3.1148754098153244, "parameter_difference": 70.95402710224735}, "attributes": {"generation_number": 0, "individual_number": 49, "crash": false, "goal_reached": true, "scenario_length": 34}}, "[[18.140104815983626], [2.5, 274.56404825355276, 974.5415593601425], [0.35990649894737076, 101.43961718819475], [2.377825638507999, 37.14010225689715]]": {"ego_positions": [[-6.9253, 40.6648], [-6.795627955564875, 39.37114784201486], [-6.665917079468964, 38.0767293538044], [-6.536096427416768, 36.78092415143937], [-6.406116711534676, 35.483253580346265], [-6.275950208386188, 34.18336062790274], [-6.145559955849598, 32.88099449097339], [-6.014920524655051, 31.575991960608757], [-5.884021591864238, 30.26826252304229], [-5.752842581266852, 28.957777881757654], [-5.621376672670494, 27.644558032018264], [-5.4856263196321615, 26.32906321886921], [-5.32866605076776, 25.013081799505297], [-5.148675469232703, 23.695651362421284], [-4.982207682859269, 22.367487583589323], [-4.866025491886137, 21.01991624009631], [-4.838656072304338, 19.647129933215716], [-4.877302029307452, 18.254010082659768], [-4.951150343555398, 16.84703289678455], [-5.033922774561123, 15.432500191401628], [-5.106174845320891, 14.0153254445465], [-5.1530798448202635, 12.598726442859139], [-5.162676944183909, 11.185120510743126], [-5.12874474262903, 9.776190640504128], [-5.050178685936537, 8.372876853240594], [-4.929369314008965, 6.97553800567502], [-4.771009591884497, 5.584208617409811], [-4.581123116019687, 4.1986391619240635], [-4.366292510676937, 2.818404735502413], [-4.133149158669258, 1.4430526285486494], [-3.887968742357346, 0.07198274585993439], [-3.636310215233989, -1.2953758436811], [-3.382998862200787, -2.6594890742262036], [-3.1320255929685024, -4.02085769033917]], "ego_orientations": [4.8123, -1.470906063544521, -1.4709348723202034, -1.4709528204449294, -1.4709796028554356, -1.4710036629926355, -1.4710164481525148, -1.4710282608337018, -1.4710334864375048, -1.4710227396213629, -1.471019440239405, -1.4621211396140268, -1.4405983162902087, -1.4359169627728523, -1.459291551757076, -1.5176666132449528, -1.5789401373924647, -1.614333331464092, -1.628906455905378, -1.6273943214217867, -1.6144114034289805, -1.591851345498525, -1.5625689400202063, -1.530709178911728, -1.499286344108353, -1.4703646084671247, -1.4452737196197871, -1.4247020063736944, -1.4088549328278166, -1.3976524966520039, -1.3906931573661145, -1.3874528827823696, -1.3874118096989712, -1.3899482067731803], "obs_positions": [[8.4467, -48.6538], [8.247, -46.6638], [8.0473, -44.6738], [7.8477, -42.6838], [7.648, -40.6938], [7.4484, -38.7038], [7.2488, -36.7138], [7.049, -34.7238], [6.8494, -32.7338], [6.6498, -30.7438], [6.4502, -28.7538], [5.8977, -26.8313], [5.3453, -24.8889], [4.803, -22.9626], [4.2644, -21.0307], [3.7306, -19.0984], [3.2024, -17.1693], [2.6769, -15.2337], [2.1537, -13.2905], [1.6341, -11.3456], [1.1174, -9.397], [0.6063, -7.4553], [0.0984, -5.5122], [-0.4068, -3.5663], [-0.9084, -1.6223], [-1.4057, 0.3166], [-1.9028, 2.2667], [-2.3989, 4.2236], [-2.8908, 6.1747], [-3.3792, 8.1219], [-3.865, 10.0684], [-4.349, 12.0172]], "obs_orientations": [1.6708, 1.6708, 1.6707, 1.6708, 1.6707, 1.6707, 1.6708, 1.6707, 1.6707, 1.6707, 1.8506, 1.8478, 1.8452, 1.8427, 1.8403, 1.838, 1.8358, 1.8338, 1.8318, 1.8299, 1.8281, 1.8264, 1.8248, 1.8233, 1.8218, 1.8204, 1.819, 1.8177, 1.8165, 1.8153, 1.8142, 1.8131], "objectives": {"extension_time": 1.0, "danger_difference": 2.0410255626771328, "parameter_difference": 389.8212559425218}, "attributes": {"generation_number": 1, "individual_number": 61, "crash": false, "goal_reached": true, "scenario_length": 34}},