{"[[38.201536894768964], [21.35136396196525, 210.0069937431293, 205.4353007237132], [1.8676132260763296, 90.76154610659432], [1.7256297447904188, 30.19733686447709]]": {"ego_positions": [[-8.353, 54.8934], [-8.223333555620508, 53.599747240883374], [-8.09364047476221, 52.30532693540945], [-7.96385051796634, 51.009518623857296], [-7.833908710223482, 49.71184427919213], [-7.703773003189109, 48.41194830379554], [-7.57339332706649, 47.10958121384846], [-7.442743108814586, 45.8045798426055], [-7.311829104266401, 44.496851976514684], [-7.1806484205233465, 43.1863675304302], [-7.049196056795576, 41.87314640645925], [-6.91745782321721, 40.557249153888385], [-6.785444018957256, 39.23876496784759], [-6.653165107851359, 37.917806706437254], [-6.520621016447323, 36.59450550149036], [-6.387825821696387, 35.26900289112806], [-6.254792735929299, 33.94144778672346], [-6.12152461990291, 32.61199362171828], [-5.988053298411808, 31.280791312163778], [-5.8544050359358915, 29.94799023839584], [-5.720582223463187, 28.613738064961684], [-5.586605764063985, 27.278174970285132], [-5.448483021989048, 25.9418370559328], [-5.28931478037984, 24.606547641364045], [-5.097125204139294, 23.273629320516566], [-4.867601262054106, 21.94362437178745], [-4.601781683871029, 20.616528978561995], [-4.304132826214039, 19.291993751586762], [-3.981132371540238, 17.96945395080532], [-3.6401732137459875, 16.648247972518156], [-3.2875665809737455, 15.327824323366745], [-2.926129862002097, 14.007940713599645], [-2.5615862448687334, 12.68810048526612], [-2.202005446762734, 11.367583757180096], [-1.8512839866185746, 10.04599051279958], [-1.507702188662277, 8.723563606486028], [-1.180633625229166, 7.399411657956735], [-0.8796787391636416, 6.072598953895393], [-0.612597709012467, 4.742351445031409], [-0.39408938189941134, 3.407200916089672], [-0.2327019542176476, 2.0662464454625065], [-0.1293862912277195, 0.7194746155419915], [-0.07985306551882188, -0.6326360333427262], [-0.07657359652693785, -1.9894011840362151], [-0.11029138386778659, -3.349885935789936]], "ego_orientations": [4.8123, -1.4709160363749714, -1.4709538610151736, -1.4709819380311417, -1.4710066117148806, -1.471021194521069, -1.4710138048518422, -1.4710178496850075, -1.4710244694988672, -1.471031463090771, -1.471023746910232, -1.4710086914014662, -1.4709985981477693, -1.4709793961874587, -1.4709555728790145, -1.470933695511036, -1.470904023385894, -1.4708725421612217, -1.470861897702397, -1.4708432641497948, -1.4708227949585853, -1.4708101295246765, -1.4620447573894708, -1.440821135426634, -1.413888451489722, -1.3861131475782642, -1.3607134998156551, -1.3396233276568097, -1.3238231241698202, -1.3135815855365438, -1.30623143537046, -1.3014858269241731, -1.302213177817766, -1.3084397476337317, -1.3134585151249603, -1.3212456743293002, -1.33732066725484, -1.3586973253232442, -1.3889642681220007, -1.4292547964602784, -1.472888291956398, -1.5149955315472097, -1.5523640958429938, -1.5831912042656606, -1.6067078112700175], "obs_positions": [[10.6431, -70.5439], [10.4435, -68.5539], [10.2438, -66.5639], [10.0441, -64.5739], [9.8444, -62.5839], [9.6448, -60.5939], [9.4451, -58.6039], [9.2454, -56.6139], [9.0458, -54.6239], [8.8461, -52.6339], [8.6464, -50.6438], [8.4467, -48.6538], [8.2471, -46.6638], [8.0474, -44.6738], [7.8477, -42.6838], [7.6481, -40.6938], [7.4484, -38.7038], [7.2488, -36.7138], [7.049, -34.7238], [6.8494, -32.7338], [6.6498, -30.7438], [6.4502, -28.7538], [5.8977, -26.8313], [5.3453, -24.8889], [4.803, -22.9626], [4.2644, -21.0307], [3.7306, -19.0984], [3.2024, -17.1693], [2.6769, -15.2337], [2.1537, -13.2905], [1.6341, -11.3456], [1.1174, -9.397], [0.6063, -7.4553], [0.0984, -5.5122], [-0.4068, -3.5663], [-0.9084, -1.6223], [-1.4057, 0.3166], [-1.9028, 2.2667], [-2.3989, 4.2236], [-2.8908, 6.1747], [-3.3792, 8.1219], [-3.865, 10.0684], [-4.349, 12.0172]], "obs_orientations": [1.6707, 1.6707, 1.6707, 1.6707, 1.6707, 1.6707, 1.6707, 1.6707, 1.6707, 1.6707, 1.6707, 1.6707, 1.6707, 1.6707, 1.6707, 1.6707, 1.6707, 1.6708, 1.6707, 1.6707, 1.6707, 1.8506, 1.8478, 1.8452, 1.8427, 1.8403, 1.838, 1.8358, 1.8338, 1.8318, 1.8299, 1.8281, 1.8264, 1.8248, 1.8233, 1.8218, 1.8204, 1.819, 1.8177, 1.8165, 1.8153, 1.8142, 1.8131], "objectives": {"extension_time": 2.1, "danger_difference": 4.517657715355297, "parameter_difference": 82.62936631453888}, "attributes": {"generation_number": 0, "individual_number": 8, "crash": false, "goal_reached": true, "scenario_length": 45}}, "[[24.36293906959265], [2.400327820334569, 45.08819355881327, 558.848427959361], [1.3418818123093672, 42.22833954638872], [0.07782069878040587, 18.036332383979158]]": {"ego_positions": [[-8.353, 54.8934], [-8.223333555620508, 53.599747240883374], [-8.09364047476221, 52.30532693540945], [-7.96385051796634, 51.009518623857296], [-7.833908710223482, 49.71184427919213], [-7.703773003189109, 48.41194830379554], [-7.57339332706649, 47.10958121384846], [-7.442743108814586, 45.8045798426055], [-7.311829104266401, 44.496851976514684], [-7.1806484205233465, 43.1863675304302], [-7.049196056795576, 41.87314640645925], [-6.91745782321721, 40.557249153888385], [-6.785444018957256, 39.23876496784759], [-6.653165107851359, 37.917806706437254], [-6.520621016447323, 36.59450550149036], [-6.387825821696387, 35.26900289112806], [-6.254793648785036, 33.941447695132034], [-6.121530992834606, 32.611992982223704], [-5.98807132790345, 31.28078950317846], [-5.8544403951814115, 29.947986690661622], [-5.720638938364877, 28.613732374230445], [-5.586685818180794, 27.278166937678126], [-5.448586251825257, 25.941826698410477], [-5.2894386690132, 24.606535211759535], [-5.097265645171612, 23.27361522825022], [-4.867753374589594, 21.94360910891172], [-4.601940410164149, 20.616513053899435], [-4.304293350886199, 19.291977646687997], [-3.981290396466977, 17.969438096603348], [-3.640325117688624, 16.64823273184801], [-3.2877093653921863, 15.327809995733473], [-2.926260827355148, 14.007927572804558], [-2.5617033310694737, 12.688088738088558], [-2.202107537688695, 11.367573513130944], [-1.851370477887267, 10.045981834318992], [-1.5071711382432156, 8.7236155360677], [-1.1770512655162815, 7.399762148592762], [-0.8725516071651529, 6.073291418902995], [-0.6063945167252678, 4.742932836283996], [-0.39255363458785686, 3.407292093443064], [-0.23777636388264556, 2.0656500491622474], [-0.14170349847137498, 0.7181257087765451], [-0.0991362790169461, -0.6347108685177145], [-0.10195706570296492, -1.9921154038351827], [-0.14057042931109587, -3.3531183852689606]], "ego_orientations": [4.8123, -1.4709160363749714, -1.4709538610151736, -1.4709819380311417, -1.4710066117148806, -1.471021194521069, -1.4710138048518422, -1.4710178496850075, -1.4710244694988672, -1.471031463090771, -1.471023746910232, -1.4710086914014662, -1.4709985981477693, -1.4709793961874587, -1.4709555728790145, -1.470933695511036, -1.470906028444534, -1.4708789336642694, -1.4708729344428049, -1.4708580127592494, -1.4708397938235818, -1.470827830188651, -1.4620614033345243, -1.4408351669203068, -1.413899009651927, -1.3861199139571916, -1.3607165495781963, -1.3396229953553007, -1.3238198920521702, -1.3135760004127492, -1.3062237976302402, -1.3014764230944937, -1.3022026226980543, -1.308428669838925, -1.313446878567344, -1.3199787787667248, -1.3343164994744, -1.35745761512094, -1.3912899770770188, -1.433637820875643, -1.4781806538237516, -1.5203633982927958, -1.5572481297069114, -1.5872580550970499, -1.6097965214511616],