{"[[5], [5, 50, 100], [0.25, 20], [0.25, 5]]": {"ego_positions": [[3.545, -17.3094], [3.3951694190184556, -15.816766747400248], [3.244938077970242, -14.323403244100254], [3.094013304769967, -12.828710303556573], [2.9422698015603586, -11.332218669659948], [2.789698775915515, -9.833569264230071], [2.6363598551551384, -8.332501641573215], [2.4823633027348233, -6.828839084764823], [2.3278150033975273, -5.322478210749615], [2.172478106447527, -3.8117407625176467], [2.0123971882577316, -2.28081772421087], [1.8023353577575216, -0.6995212765940934], [1.432780300671713, 0.924727990241816], [0.9332618368788598, 2.5884971524584977], [0.43332281024987274, 4.2956893627855495], [0.06122005367144445, 6.047339163561819], [-0.15015212424076807, 7.832948399147928], [-0.24680111604978294, 9.634285221181955], [-0.26795650837491136, 11.430893060642767], [-0.25316915983114135, 13.207534004196242], [-0.2362406960043853, 14.95532589448364]], "ego_orientations": [1.6708, 1.6709186938411174, 1.6712262349075822, 1.671640594851301, 1.6720585231988099, 1.6724357771325513, 1.6727402133238274, 1.672954297220733, 1.6731032883441328, 1.6734907694465515, 1.676997868089681, 1.7443755048798033, 1.8386876249197668, 1.872665384062393, 1.8264668212050754, 1.7309037472724798, 1.6521804710401196, 1.5998621453398274, 1.5690039597149332, 1.5591062375495115, 1.5653394300975414], "obs_positions": [[-28.6419, -4.3714], [-26.627, -4.2806], [-24.6273, -4.1482], [-22.6283, -3.9729], [-20.6229, -3.753], [-18.6377, -3.491], [-16.6456, -3.1828], [-14.6707, -2.8317], [-12.7073, -2.4368], [-10.7516, -1.9971], [-8.8043, -1.5123], [-6.8644, -0.982], [-4.9389, -0.4078], [-3.0232, 0.2116], [-1.1264, 0.8731], [0.7548, 1.5775], [2.6128, 2.3212], [4.4632, 3.1103], [6.2946, 3.9396], [8.1069, 4.8088], [9.891212573650785, 5.712253728484039]], "obs_orientations": [6.3282, 6.3492, 6.3706, 0.1092, 0.1312, 0.1534, 0.1759, 0.1984, 0.2211, 0.2439, 0.2668, 0.2898, 0.3127, 0.3355, 0.3581, 0.3807, 0.403, 0.4252, 0.4471, 0.4687, 0.4687], "attributes": {"crash": true, "goal_reached": true, "max_danger": 125.42844414920981, "scenario_length": 21, "lower_bound": -0.8, "upper_bound": -0.1}}}