{"[[46.57023103048256], [26.56084064050485, 92.14490586782624, 2.5], [0.04178591471122789, 169.76624891964877], [1.2682167090264822, 8.23855206653114]]": {"ego_positions": [[2.946, -11.3393], [2.796167061097275, -9.846666811032136], [2.645921273585679, -8.353305208201869], [2.495018838319628, -6.858612281917675], [2.3433319525264285, -5.362115887510629], [2.1730947525134074, -3.8634535822324207], [1.9115739453441853, -2.3586528361367987], [1.5118712702696986, -0.8319804453496199], [1.0063773505863196, 0.7351482240783735], [0.4789185816361239, 2.3578689856574213], [0.022677050823154854, 4.043762525186812], [-0.3017331202988047, 5.788566987092507], [-0.49018999920912765, 7.57473676997804], [-0.5506350594094286, 9.383489082133407], [-0.5198953591823772, 11.198790363909], [-0.44739421085687237, 13.00817290433577], [-0.3758279851971229, 14.80331517639577]], "ego_orientations": [1.6708, 1.6709250632941675, 1.6712283428413415, 1.6716060240092074, 1.672016993694969, 1.705248538146132, 1.785361010202838, 1.8625546254359626, 1.8934817501482204, 1.867738442540421, 1.7972124948164987, 1.7138920393125736, 1.6378607950178534, 1.5745460799016011, 1.537916732889237, 1.5275390124584791, 1.5370665349608017], "obs_positions": [[-20.6229, -3.753], [-18.6377, -3.491], [-16.6456, -3.1828], [-14.6707, -2.8317], [-12.7073, -2.4368], [-10.7516, -1.9971], [-8.8043, -1.5123], [-6.8644, -0.982], [-4.9389, -0.4078], [-3.0232, 0.2116], [-1.1264, 0.8731], [0.7548, 1.5775], [2.6128, 2.3212], [4.4632, 3.1103], [6.2946, 3.9396], [8.1069, 4.8088], [9.891212573650785, 5.712253728484039]], "obs_orientations": [0.1312, 0.1534, 0.1759, 0.1984, 0.2211, 0.2439, 0.2668, 0.2898, 0.3127, 0.3355, 0.3581, 0.3807, 0.403, 0.4252, 0.4471, 0.4687, 0.4687], "objectives": {"extension_time": -0.4, "danger_difference": -0.5689151832035435, "parameter_difference": 39.952586200207264}, "attributes": {"generation_number": 1, "individual_number": 53, "crash": true, "goal_reached": true, "scenario_length": 17}}, "[[2.972193607385733], [2.5, 200.0, 2.5], [1.6160919099315987, 35.352117262759975], [1.2448101222587347, 22.295714724036994]]": {"ego_positions": [[2.946, -11.3393], [2.796167061097275, -9.846666811032136], [2.645921273585679, -8.353305208201869], [2.495018838319628, -6.858612281917675], [2.3433319525264285, -5.362115887510629], [2.1858044501402065, -3.8550173632559335], [2.01287354263321, -2.3077564546373224], [1.8337395172603832, -0.714832179440221], [1.6558300500959986, 0.9216148884261524], [1.4818746917440189, 2.5981406605299098], [1.3113077386838938, 4.31014084000193], [1.1417654706215679, 6.051999197862828], [0.9708001908554882, 7.816251917710537], [0.7982167142427999, 9.590011007753482], [0.6247293104402856, 11.356068487778634], [0.45136663827203455, 13.10249288127986], [0.2790320873779477, 14.823158168313645]], "ego_orientations": [1.6708, 1.6709250632941675, 1.6712283428413415, 1.6716060240092074, 1.672016993694969, 1.6792309083609822, 1.683494315097451, 1.6813713052387962, 1.6766379018130895, 1.6719054497371022, 1.668615058683655, 1.6673938392300205, 1.6674903201448674, 1.6682003867349016, 1.6692403114677683, 1.670217594600371, 1.6709775656228971], "obs_positions": [[-20.6229, -3.753], [-18.6377, -3.491], [-16.6456, -3.1828], [-14.6707, -2.8317], [-12.7073, -2.4368], [-10.7516, -1.9971], [-8.8043, -1.5123], [-6.8644, -0.982], [-4.9389, -0.4078], [-3.0232, 0.2116], [-1.1264, 0.8731], [0.7548, 1.5775], [2.6128, 2.3212], [4.4632, 3.1103], [6.2946, 3.9396], [8.1069, 4.8088], [9.891212573650785, 5.712253728484039]], "obs_orientations": [0.1312, 0.1534, 0.1759, 0.1984, 0.2211, 0.2439, 0.2668, 0.2898, 0.3127, 0.3355, 0.3581, 0.3807, 0.403, 0.4252, 0.4471, 0.4687, 0.4687], "objectives": {"extension_time": -0.4, "danger_difference": -2.5652912077640906, "parameter_difference": 39.02159840362423}, "attributes": {"generation_number": 1, "individual_number": 66, "crash": true, "goal_reached": true, "scenario_length": 17}}, "[[18.794663084677808], [40.7821559364625, 31.3542309823125, 418.93298032919836], [0.5845701187215432, 129.92704064390904], [0.58897265777449, 33.49889879042212]]": {"ego_positions": [[2.946, -11.3393], [2.796167061097275, -9.846666811032136], [2.645921273585679, -8.353305208201869], [2.495018838319628, -6.858612281917675], [2.3433319525264285, -5.362115887510629], [2.1858044501402065, -3.8550173632559335], [1.9958062871157656, -2.310933729565188], [1.7207910270826554, -0.7371939521287895], [1.3460530605525654, 0.8556434783570886], [0.8974847562425164, 2.462304366242212], [0.42476890545948087, 4.081171775262596], [-0.01531502125863815, 5.712571187020545], [-0.3784656724064932, 7.356499298189311], [-0.637899360168254, 9.01036256249814], [-0.7591410744499041, 10.670533521347627], [-0.7603554508390814, 12.330486348445941], [-0.6896079867282761, 13.983254346520738], [-0.5963938611109767, 15.623484473320211]], "ego_orientations": [1.6708, 1.6709250632941675, 1.6712283428413415, 1.6716060240092074, 1.672016993694969, 1.6792309083609822, 1.7144502234419914, 1.7739284594631466, 1.8265864816177684, 1.8544047236526964, 1.8498440701300023, 1.8140431494911877, 1.7612152754219845, 1.6860572506069529, 1.6035826817995502, 1.544551665611416, 1.5165327839761567, 1.5153814408755624], "obs_positions": [[-20.6229, -3.753], [-18.6377, -3.491], [-16.6456, -3.1828], [-14.6707, -2.8317], [-12.7073, -2.4368], [-10.7516, -1.9971], [-8.8043, -1.5123], [-6.8644, -0.982], [-4.9389, -0.4078], [-3.0232, 0.2116], [-1.1264, 0.8731], [0.7548, 1.5775], [2.6128, 2.3212], [4.4632, 3.1103], [6.2946, 3.9396], [8.1069, 4.8088], [9.9002, 5.7169], [11.664865717220243, 6.658151776342316]], "obs_orientations": [0.1312, 0.1534, 0.1759, 0.1984, 0.2211, 0.2439, 0.2668, 0.2898, 0.3127, 0.3355, 0.3581, 0.3807, 0.403, 0.4252, 0.4471, 0.4687, 0.49, 0.49], "objectives": {"extension_time": -0.4, "danger_difference": -0.2819069375664185, "parameter_difference": 128.37536931013082}, "attributes": {"generation_number": 2, "individual_number": 149, "crash": true, "goal_reached": true, "scenario_length": 18}}, "[[19.180082603884507], [2.19987332810653, 200.0, 2.5], [1.6160919099315987, 35.352117262759975], [1.2448101222587347, 22.295714724036994]]": {"ego_positions": [[2.946, -11.3393], [2.796167061097275, -9.846666811032136], [2.645921273585679, -8.353305208201869], [2.495018838319628, -6.858612281917675], [2.3433319525264285, -5.362115887510629], [2.1730947525134074, -3.8634535822324207], [1.9115739453441853, -2.3586528361367987], [1.5118712702696986, -0.8319804453496199], [1.0063773505863196, 0.7351482240783735], [0.4789185816361239, 2.3578689856574213], [0.022677050823154854, 4.043762525186812], [-0.3017331202988047, 5.788566987092507], [-0.5101394627600164, 7.57262260196244], [-0.6566752452589092, 9.374131394467573], [-0.7197482389013803, 11.189385649284702], [-0.7078939424782379, 13.014699456104998], [-0.6556454235517217, 14.844656418534992]], "ego_orientations": [1.6708, 1.6709250632941675, 1.6712283428413415, 1.6716060240092074, 1.672016993694969, 1.705248538146132, 1.785361010202838, 1.8625546254359626, 1.8934817501482204, 1.867738442540421, 1.7972124948164987, 1.7138920393125736, 1.6690042382188994, 1.6300884283010175, 1.58231950371104, 1.5497535853200677, 1.538190790792525], "obs_positions": [[-20.6229, -3.753], [-18.6377, -3.491], [-16.6456, -3.1828], [-14.6707, -2.8317], [-12.7073, -2.4368], [-10.7516, -1.9971], [-8.8043, -1.5123], [-6.8644, -0.982], [-4.9389, -0.4078], [-3.0232, 0.2116], [-1.1264, 0.8731], [0.7548, 1.5775], [2.6128, 2.3212], [4.4632, 3.1103], [6.2946, 3.9396], [8.1069, 4.8088], [9.891212573650785, 5.712253728484039]], "obs_orientations": [0.1312, 0.1534, 0.1759, 0.1984, 0.2211, 0.2439, 0.2668, 0.2898, 0.3127, 0.3355, 0.3581, 0.3807, 0.403, 0.4252, 0.4471, 0.4687, 0.4687], "objectives": {"extension_time": -0.4, "danger_difference": -0.5689151832035435, "parameter_difference": 39.0258688637661}, "attributes": {"generation_number": 6, "individual_number": 329, "crash": true, "goal_reached": true,