{"[[1.252129196465307], [2.5, 53.721108693070235, 73.29085213963027], [0.4741775147958134, 36.700336676452075], [1.1722113869010402, 36.39030807119079]]": {"ego_positions": [[3.2455, -14.3243], [3.095811501003403, -12.83165203653826], [2.945687672987117, -11.33827791996687], [2.794864730675988, -9.843576427951074], [2.6432255619966956, -8.347075924875272], [2.4907658373027175, -6.848417156303914], [2.3375259255650627, -5.347340133987005], [2.179244409621624, -3.835467871656636], [2.008354597698906, -2.283473211793677], [1.7944675425308148, -0.6873127198179589], [1.4260270026955582, 0.9428632202406398], [0.928853189136093, 2.6077315858358623], [0.4306883657499275, 4.314189775594833], [0.05934544309727641, 6.065091604304125], [-0.14743598043084594, 7.848944802872826], [-0.2248868848716714, 9.641674843622319], [-0.22484110943030355, 11.423600841152036], [-0.19584795758219192, 13.18204890326655], [-0.1736765074239202, 14.910289482574427]], "ego_orientations": [1.6707, 1.670836704040887, 1.6711597159660063, 1.6715686891973862, 1.6719865110102603, 1.6723600389649071, 1.6726886306722988, 1.6786566705157673, 1.6806871784878123, 1.7436926409193816, 1.8370082113750261, 1.871496431506349, 1.8259206728372979, 1.7307599757700407, 1.645471255927603, 1.58748842786619, 1.5585592897661766, 1.5534344560401492, 1.564629313388785], "obs_positions": [[-24.6273, -4.1482], [-22.6283, -3.9729], [-20.6229, -3.753], [-18.6377, -3.491], [-16.6456, -3.1828], [-14.6707, -2.8317], [-12.7073, -2.4368], [-10.7516, -1.9971], [-8.8043, -1.5123], [-6.8644, -0.982], [-4.9389, -0.4078], [-3.0232, 0.2116], [-1.1264, 0.8731], [0.7548, 1.5775], [2.6128, 2.3212], [4.4632, 3.1103], [6.2946, 3.9396], [8.1069, 4.8088], [9.891212573650785, 5.712253728484039]], "obs_orientations": [6.3706, 0.1092, 0.1312, 0.1534, 0.1759, 0.1984, 0.2211, 0.2439, 0.2668, 0.2898, 0.3127, 0.3355, 0.3581, 0.3807, 0.403, 0.4252, 0.4471, 0.4687, 0.4687], "objectives": {"extension_time": -0.2, "danger_difference": -0.015300073273408543, "parameter_difference": 10.749052698256765}, "attributes": {"generation_number": 5, "individual_number": 251, "crash": true, "goal_reached": true, "scenario_length": 19}}, "[[37.827533468943], [2.5, 24.702599663290325, 2.5], [1.61685250657604, 7.074767651713479], [0.9162743470316577, 25.487852279097872]]": {"ego_positions": [[3.2455, -14.3243], [3.0958774677196805, -12.831645417853682], [2.946163779265428, -11.338230145706602], [2.79629274215641, -9.843433130804254], [2.6462196818456083, -8.346775488634972], [2.49592541651646, -6.847899528016917], [2.3453783854729853, -5.34655235185044], [2.1765865375150515, -3.84264813677249], [1.915942853076389, -2.3339454863890468], [1.5164047630513386, -0.8104166206052555], [1.0109449485474256, 0.7418582920192024], [0.4842868399934761, 2.335749965706315], [0.030444380854647513, 3.9789322807011014], [-0.28958800744865454, 5.669563111984363], [-0.4895038934993081, 7.394624969244301], [-0.6367889366395684, 9.14187352579357], [-0.7754690317665799, 10.903628221629297], [-0.9240106678033682, 12.675130052047646], [-1.085932731499485, 14.453484732536106], [-1.2589785041222774, 16.236795265907528]], "ego_orientations": [1.6707, 1.6707077649809183, 1.6707180211224701, 1.6707293801495475, 1.6707353482618759, 1.6707303813803194, 1.6707432155474722, 1.7039540517914409, 1.7848783317921502, 1.864086642335223, 1.8974736411785513, 1.873111604830362, 1.8017135634400614, 1.7156819794961096, 1.6646616167316868, 1.6493340483530012, 1.6510352378734612, 1.6581099285498893, 1.6647519859498472, 1.6700760994406163], "obs_positions": [[-24.6273, -4.1482], [-22.6283, -3.9729], [-20.6229, -3.753], [-18.6377, -3.491], [-16.6456, -3.1828], [-14.6707, -2.8317], [-12.7073, -2.4368], [-10.7516, -1.9971], [-8.8043, -1.5123], [-6.8644, -0.982], [-4.9389, -0.4078], [-3.0232, 0.2116], [-1.1264, 0.8731], [0.7548, 1.5775], [2.6128, 2.3212], [4.4632, 3.1103], [6.2946, 3.9396], [8.1069, 4.8088], [9.9002, 5.7169], [11.664865717220243, 6.658151776342316]], "obs_orientations": [6.3706, 0.1092, 0.1312, 0.1534, 0.1759, 0.1984, 0.2211, 0.2439, 0.2668, 0.2898, 0.3127, 0.3355, 0.3581, 0.3807, 0.403, 0.4252, 0.4471, 0.4687, 0.49, 0.49], "objectives": {"extension_time": -0.2, "danger_difference": -0.7964206631451418, "parameter_difference": 39.0207099661561}, "attributes": {"generation_number": 7, "individual_number": 364, "crash": true, "goal_reached": true, "scenario_length": 20}}, "[[21.086152129989916], [2.4990825798204273, 24.819061269450316, 2.5], [1.6406896322396836, 21.991748547866983], [0.9846231752823018, 32.51464435953863]]": {"ego_positions": [[3.2455, -14.3243], [3.095811501003403, -12.83165203653826], [2.945687672987117, -11.33827791996687], [2.794864730675988, -9.843576427951074], [2.6432255619966956, -8.347075924875272], [2.4907658373027175, -6.848417156303914], [2.3375259255650627, -5.347340133987005], [2.165937969580558, -3.843716506323773], [1.9038078187788803, -2.3351630818686675], [1.505019166074153, -0.8115590059137364], [1.0022564482243865, 0.7409867060019952], [0.4791514645163375, 2.3352347296490787], [0.028409107744849615, 3.9787280682781407], [-0.28991639565616056, 5.6695301647267575], [-0.48919297144094087, 7.394656164058579], [-0.6354022672157306, 9.14201265059245], [-0.7729787106914537, 10.903878101861043], [-0.9207673047046256, 12.675455506834922], [-1.0823066083421315, 14.453848597747601], [-1.2552355648546105, 16.237170824456594]], "ego_orientations": [1.6707, 1.670836704040887, 1.6711597159660063, 1.6715686891973862, 1.6719865110102603, 1.6723600389649071, 1.6726886306722988, 1.705529634508224, 1.7851469024824198, 1.8629440243893238, 1.895498331989698, 1.8710580370913052, 1.8002595927225897, 1.7151555679261181, 1.664210015590808, 1.64865091168388, 1.6504953701973708, 1.6577971436291306, 1.664621419721768, 1.670065589850078], "obs_positions": [[-24.6273, -4.1482], [-22.6283, -3.9729], [-20.6229, -3.753], [-18.6377, -3.491], [-16.6456, -3.1828], [-14.6707, -2.8317], [-12.7073, -2.4368], [-10.7516, -1.9971], [-8.8043, -1.5123], [-6.8644, -0.982], [-4.9389, -0.4078], [-3.0232, 0.2116], [-1.1264, 0.8731], [0.7548, 1.5775], [2.6128, 2.3212], [4.4632, 3.1103], [6.2946, 3.9396], [8.1069, 4.8088], [9.9002, 5.7169], [11.664865717220243, 6.658151776342316]], "obs_orientations": [6.3706, 0.1092, 0.1312, 0.1534, 0.1759, 0.1984, 0.2211, 0.2439, 0.2668, 0.2898, 0.3127, 0.3355, 0.3581, 0.3807, 0.403, 0.4252, 0.4471, 0.4687, 0.49, 0.49], "objectives": {"extension_time": -0.2, "danger_difference": -0.8184259977966377, "parameter_difference": 39.01824121755459}, "attributes": {"generation_number": 19, "individual_number": 966, "crash": true, "goal_reached": true, "scenario_length": 20}}}