{"[[38.305544480223475], [29.261516888457393, 208.20671395137035, 811.7049443069403], [0.6194521093642824, 141.93493831465608], [2.0816038253146028, 10.151401386010878]]": {"ego_positions": [[5.0425, -32.2344], [4.892662492631933, -30.741766644933577], [4.742395157587979, -29.248405572402188], [4.591415243579178, -27.753717274583604], [4.43963202802277, -26.257230620729036], [4.287063089606294, -24.758581046348716], [4.133730690638454, -23.257512011168984], [3.9797235366034407, -21.753849346392933], [3.8251545182489033, -20.247490157328095], [3.670143351048325, -18.738392004437742], [3.514806607703061, -17.22656267542539], [3.3592630450855427, -15.712049454535459], [3.203604968003345, -14.194932996866248], [3.047895838847369, -12.675320669637488], [2.892173024196087, -11.153340362733958], [2.7365157624432386, -9.629127192670742], [2.5809646311680683, -8.10282700633107], [2.4255362587323623, -6.574591826730384], [2.270233173010475, -5.044575569097416], [2.1150554085465103, -3.512930229369254], [1.9427674985935592, -1.9814991651346803], [1.7332398089508485, -0.44176166534171657], [1.5753288319717924, 1.155747472967993], [1.446735244798332, 2.8265742308478696], [1.2878457264508965, 4.546198769277203], [1.1143928033659418, 6.275019272820959], [0.9113912549064511, 8.00079312721673], [0.6880575033953377, 9.721542317918072], [0.47728377033765845, 11.437744303688863], [0.2894642645884341, 13.14906504074916], [0.12308418324003281, 14.854966872756618]], "ego_orientations": [1.6708, 1.6709334878964321, 1.6712584108189052, 1.6716826257975332, 1.672066667479711, 1.6724314610979119, 1.6727401469694578, 1.672969563718368, 1.6731154853884969, 1.6731821847851032, 1.6731730992014688, 1.6730962994676717, 1.6729759046434616, 1.672837846446426, 1.672667027949037, 1.6724638041003381, 1.672254380977441, 1.6720518798643667, 1.6718579643714433, 1.6716808241755596, 1.703150075584763, 1.6922106813290854, 1.6510061115571764, 1.651787585076193, 1.670791908556805, 1.670791908556805, 1.6984648981762343, 1.6982637958054636, 1.6868263098129683, 1.6735873194033704, 1.6631048349234652], "obs_positions": [[-48.5419, -6.368], [-46.5519, -6.1683], [-44.5619, -5.9686], [-42.5719, -5.769], [-40.5819, -5.5694], [-38.5919, -5.3697], [-36.6019, -5.17], [-34.6119, -4.9704], [-32.6219, -4.7707], [-30.6319, -4.571], [-28.6419, -4.3714], [-26.627, -4.2806], [-24.6273, -4.1482], [-22.6283, -3.9729], [-20.6229, -3.753], [-18.6377, -3.491], [-16.6456, -3.1828], [-14.6707, -2.8317], [-12.7073, -2.4368], [-10.7516, -1.9971], [-8.8043, -1.5123], [-6.8644, -0.982], [-4.9389, -0.4078], [-3.0232, 0.2116], [-1.1264, 0.8731], [0.7548, 1.5775], [2.6128, 2.3212], [4.4632, 3.1103], [6.2946, 3.9396], [8.1069, 4.8088], [9.891212573650785, 5.712253728484039]], "obs_orientations": [0.0999, 0.1, 0.0999, 0.0999, 0.1, 0.0999, 0.1, 0.0999, 0.1, 0.1, 6.3282, 6.3492, 6.3706, 0.1092, 0.1312, 0.1534, 0.1759, 0.1984, 0.2211, 0.2439, 0.2668, 0.2898, 0.3127, 0.3355, 0.3581, 0.3807, 0.403, 0.4252, 0.4471, 0.4687, 0.4687], "objectives": {"extension_time": 1.0, "danger_difference": -120.21813287255645, "parameter_difference": 284.84934386371737}, "attributes": {"generation_number": 0, "individual_number": 21, "crash": false, "goal_reached": true, "scenario_length": 31}}, "[[38.305544480223475], [29.261516888457393, 185.76640823508043, 811.7049443069403], [0.6194521093642824, 141.93493831465608], [2.0816038253146028, 10.151401386010878]]": {"ego_positions": [[5.0425, -32.2344], [4.892662492631933, -30.741766644933577], [4.742395157587979, -29.248405572402188], [4.591415243579178, -27.753717274583604], [4.43963202802277, -26.257230620729036], [4.287063089606294, -24.758581046348716], [4.133730690638454, -23.257512011168984], [3.9797235366034407, -21.753849346392933], [3.8251545182489033, -20.247490157328095], [3.670143351048325, -18.738392004437742], [3.514806607703061, -17.22656267542539], [3.3592630450855427, -15.712049454535459], [3.203604968003345, -14.194932996866248], [3.047895838847369, -12.675320669637488], [2.892173024196087, -11.153340362733958], [2.7365157624432386, -9.629127192670742], [2.5809646311680683, -8.10282700633107], [2.4255362587323623, -6.574591826730384], [2.270233173010475, -5.044575569097416], [2.1150554085465103, -3.512930229369254], [1.9427674985935592, -1.9814991651346803], [1.7332398089508485, -0.44176166534171657], [1.5753288319717924, 1.155747472967993], [1.446735244798332, 2.8265742308478696], [1.2878457264508965, 4.546198769277203], [1.1143928033659418, 6.275019272820959], [0.9113912549064511, 8.00079312721673], [0.6880575033953377, 9.721542317918072], [0.47728377033765845, 11.437744303688863], [0.2894642645884341, 13.14906504074916], [0.12308418324003281, 14.854966872756618]], "ego_orientations": [1.6708, 1.6709334878964321, 1.6712584108189052, 1.6716826257975332, 1.672066667479711, 1.6724314610979119, 1.6727401469694578, 1.672969563718368, 1.6731154853884969, 1.6731821847851032, 1.6731730992014688, 1.6730962994676717, 1.6729759046434616, 1.672837846446426, 1.672667027949037, 1.6724638041003381, 1.672254380977441, 1.6720518798643667, 1.6718579643714433, 1.6716808241755596, 1.703150075584763, 1.6922106813290854, 1.6510061115571764, 1.651787585076193, 1.670791908556805, 1.670791908556805, 1.6984648981762343, 1.6982637958054636, 1.6868263098129683, 1.6735873194033704, 1.6631048349234652], "obs_positions": [[-48.5419, -6.368], [-46.5519, -6.1683], [-44.5619, -5.9686], [-42.5719, -5.769], [-40.5819, -5.5694], [-38.5919, -5.3697], [-36.6019, -5.17], [-34.6119, -4.9704], [-32.6219, -4.7707], [-30.6319, -4.571], [-28.6419, -4.3714], [-26.627, -4.2806], [-24.6273, -4.1482], [-22.6283, -3.9729], [-20.6229, -3.753], [-18.6377, -3.491], [-16.6456, -3.1828], [-14.6707, -2.8317], [-12.7073, -2.4368], [-10.7516, -1.9971], [-8.8043, -1.5123], [-6.8644, -0.982], [-4.9389, -0.4078], [-3.0232, 0.2116], [-1.1264, 0.8731], [0.7548, 1.5775], [2.6128, 2.3212], [4.4632, 3.1103], [6.2946, 3.9396], [8.1069, 4.8088], [9.891212573650785, 5.712253728484039]], "obs_orientations": [0.0999, 0.1, 0.0999, 0.0999, 0.1, 0.0999, 0.1, 0.0999, 0.1, 0.1, 6.3282, 6.3492, 6.3706, 0.1092, 0.1312, 0.1534, 0.1759, 0.1984, 0.2211, 0.2439, 0.2668, 0.2898, 0.3127, 0.3355, 0.3581, 0.3807, 0.403, 0.4252, 0.4471, 0.4687, 0.4687], "objectives": {"extension_time": 1.0, "danger_difference": -120.21813287255645, "parameter_difference": 284.8490543751584}, "attributes": {"generation_number": 2, "individual_number": 131, "crash": false, "goal_reached": true, "scenario_length": 31}}, "[[11.382836004122991], [2.5, 192.18333727781587, 2.305823751385816], [1.6215954861815876, 35.516833473167736], [5.009539138228007, 17.7772349182961]]": {"ego_positions": [[5.0425, -32.2344], [4.892662492631933, -30.741766644933577], [4.742395157587979, -29.248405572402188], [4.591415243579178, -27.753717274583604], [4.43963202802277, -26.257230620729036], [4.287063089606294, -24.758581046348716], [4.133730690638454, -23.257512011168984], [3.979778838967135, -21.753843797949276], [3.825549398931418, -20.24745053924739], [3.671305521036249, -18.73827540381556], [3.517189900018663, -17.226323564672526], [3.36327169425301, -15.711647310821165], [3.209550889300631, -14.1943365233915], [3.0559806753551477, -12.674509495130637], [2.902487663887129, -11.152305343656288], [2.7490511154939874, -9.62786942040085], [2.5956287406944196, -8.10135573676001], [2.442174137549796, -6.572922549436019], [2.2886467155097585, -5.042728139575467], [2.135021635520085, -3.51092694043119], [1.9811080891660509, -1.9761867142976668], [1.8254312119501972, -0.4240892741140887], [1.6644391255546918, 1.180735244370918], [1.4967249420637059, 2.851904684912754], [1.3242350556672187, 4.570959973428041], [1.1507821325822656, 6.299780476971796], [0.9769784934996315, 8.032032425834121], [0.8029666451523496, 9.76629281192847], [0.6292697109493997, 11.497343639932504], [0.45618966151327867, 13.222138442234058], [0.28388968125406167, 14.939189888687478]],