{"[[0], [0, 0, 0], [0, 0], [0, 0]]": {"ego_positions": [[5.3348, 15.4211], [6.831130217615626, 15.54341938013799], [8.333583458234477, 15.672199217708078], [9.848072081821162, 15.83635595403355], [11.395077893281405, 16.059096336635996], [12.988838645912779, 16.29932569033002], [14.620852441091074, 16.556168903864997], [16.288059984791126, 16.785394231976596], [17.987927215218928, 16.955472087987186], [19.72174743221985, 17.046269682623347], [21.48062178240395, 17.091560722550646], [23.25205995276603, 17.117216662249447], [25.001692441857173, 17.129013578042375], [26.713040463239096, 17.140705463729795], [28.39008188491102, 17.151633929210565], [30.036956796374046, 17.160758215208258], [31.65988449559497, 17.14704788007447], [33.261930015147044, 17.10911183936097], [34.855914895295356, 17.06629237199482]], "ego_orientations": [0.08, 0.08234360550657863, 0.08964080190913416, 0.13235723225137516, 0.1467515653675416, 0.1550402146556482, 0.14908746620092314, 0.12223160472242703, 0.07164700584350228, 0.035721735885836645, 0.01911098007814359, 0.007924080213790888, 0.006457546906275029, 0.006811568891860937, 0.005952334867709289, 0.002519686703636559, -0.021564011283006224, -0.02278926192698716, -0.03878413579888562], "obs_positions": [[49.0541, 20.4627], [47.0386, 20.6999], [44.9735, 20.9537], [42.9295, 21.1939], [40.8676, 21.4029], [38.794, 21.5567], [36.7855, 21.6306], [34.7459, 21.6084], [32.6662, 21.4627], [30.6341, 21.1784], [28.6588, 20.7472], [26.6699, 20.1387], [24.809, 19.3933], [22.9685, 18.472], [21.2044, 17.4026], [19.5455, 16.2178], [17.9884, 14.9371], [16.5126, 13.5635], [15.125091178297094, 12.123076704681358]], "obs_orientations": [3.0244, 3.0192, 3.0246, 3.0406, 3.0675, 3.1048, 3.1524, 3.2115, 3.2805, 3.3565, 3.4384, 3.5226, 3.6056, 3.6865, 3.7618, 3.8299, 3.891, 3.9457, 3.9457], "attributes": {"crash": true, "goal_reached": true, "max_danger": 136.3440230854547, "scenario_length": 19, "lower_bound": -0.7, "upper_bound": -1000.0}}}