{"[[43.47972702852574], [19.730788085442796, 92.93307326211824, 364.9859766048924], [2.404822818554398, 151.7909633205253], [2.0268785635803535, 6.463681707459784]]": {"ego_positions": [[0.9243, 14.5277], [2.3950507232470346, 14.825436800226365], [3.875618337828292, 15.101801738915327], [5.379745099364707, 15.328519363989212], [6.898141696637173, 15.541937913532006], [8.423778410163507, 15.760535803419462], [9.953229518018654, 15.988734242139776], [11.489913001189358, 16.184064331213825], [13.030725837504754, 16.35550403373419], [14.572756229935674, 16.517908598454895], [16.117859041576633, 16.64697817826486], [17.66388014886445, 16.762489251725107], [19.210861267634517, 16.86186659422977], [20.758518318357165, 16.948030141399574], [22.304076261168788, 17.04680739386404], [23.8409728531583, 17.20029419158399], [25.365917307144528, 17.431793144825587], [26.87075241874086, 17.729928289169493], [28.36071861628308, 18.053093586754546], [29.844665588259133, 18.327087674326943], [31.32525870327455, 18.490364959358562], [32.7864205349409, 18.549056133958178], [34.2528678888263, 18.53680188379438]], "ego_orientations": [0.2011, 0.19726706482691667, 0.1645526027164579, 0.14086092329134922, 0.13904952614403285, 0.146611225169518, 0.1405635014213568, 0.11044249717372989, 0.11112554477309977, 0.09277710329336138, 0.07723331230462634, 0.0702541055593181, 0.05698318096264793, 0.05544203338467318, 0.07620976444203861, 0.12452489910542482, 0.17345639150190992, 0.21234620329289294, 0.20687327024594945, 0.15067696358162586, 0.07048066761329519, 0.01357020876234305, -0.032321820091496534], "obs_positions": [[54.9908, 19.5968], [53.0098, 19.8719], [51.0288, 20.1466], [49.0541, 20.4627], [47.0386, 20.6999], [44.9735, 20.9537], [42.9295, 21.1939], [40.8676, 21.4029], [38.794, 21.5567], [36.7855, 21.6306], [34.7459, 21.6084], [32.6662, 21.4627], [30.6341, 21.1784], [28.6588, 20.7472], [26.6699, 20.1387], [24.809, 19.3933], [22.9685, 18.472], [21.2044, 17.4026], [19.5455, 16.2178], [17.9884, 14.9371], [16.5126, 13.5635]], "obs_orientations": [3.0035, 3.0038, 2.9828, 3.0244, 3.0192, 3.0246, 3.0406, 3.0675, 3.1048, 3.1524, 3.2115, 3.2805, 3.3565, 3.4384, 3.5226, 3.6056, 3.6865, 3.7618, 3.8299, 3.891, 3.9457], "objectives": {"extension_time": 0.3, "danger_difference": -1.4135612961982815, "parameter_difference": 146.21126280138654}, "attributes": {"generation_number": 0, "individual_number": 47, "crash": true, "goal_reached": true, "scenario_length": 23}}, "[[14.157721701138433], [2.45220938329933, 200.0, 2.5], [0.23049227016436447, 24.196965883399216], [0.8921051552812486, 26.923391396731642]]": {"ego_positions": [[0.9243, 14.5277], [2.3950507232470346, 14.825436800226365], [3.875618337828292, 15.101801738915327], [5.379745099364707, 15.328519363989212], [6.898141696637173, 15.541937913532006], [8.423778410163507, 15.760535803419462], [9.953229518018654, 15.988734242139776], [11.489913001189358, 16.184064331213825], [13.030781162233783, 16.35573082322784], [14.573174646165965, 16.518990758273063], [16.119066967957448, 16.648967107267396], [17.666187049926695, 16.76499204584102], [19.214436055986816, 16.864561501301004], [20.763305052696452, 16.950821630567358], [22.309845316987577, 17.04961486250861], [23.847498448509832, 17.202908750133837], [25.372993073803016, 17.434003975077754], [26.878145170560202, 17.731653275731354], [28.36777613628195, 18.052265901299606], [29.854528907536334, 18.326744993317174], [31.363375447829203, 18.509558777637167], [32.88170232163712, 18.5832234032453], [34.4218999141507, 18.5784461948754]], "ego_orientations": [0.2011, 0.19726706482691667, 0.1645526027164579, 0.14086092329134922, 0.13904952614403285, 0.146611225169518, 0.1405635014213568, 0.11044249717372989, 0.11148787541392206, 0.09338457404880948, 0.07765264494399762, 0.07040448734113251, 0.05699150572632735, 0.05546749253187627, 0.07610686278710357, 0.12428482527879889, 0.17315059796408783, 0.21196878047990841, 0.2032811681473914, 0.15835274814832268, 0.08070369742958228, 0.02143531269197929, -0.03038744476683508], "obs_positions": [[54.9908, 19.5968], [53.0098, 19.8719], [51.0288, 20.1466], [49.0541, 20.4627], [47.0386, 20.6999], [44.9735, 20.9537], [42.9295, 21.1939], [40.8676, 21.4029], [38.794, 21.5567], [36.7855, 21.6306], [34.7459, 21.6084], [32.6662, 21.4627], [30.6341, 21.1784], [28.6588, 20.7472], [26.6699, 20.1387], [24.809, 19.3933], [22.9685, 18.472], [21.2044, 17.4026], [19.5455, 16.2178], [17.9884, 14.9371], [16.5126, 13.5635]], "obs_orientations": [3.0035, 3.0038, 2.9828, 3.0244, 3.0192, 3.0246, 3.0406, 3.0675, 3.1048, 3.1524, 3.2115, 3.2805, 3.3565, 3.4384, 3.5226, 3.6056, 3.6865, 3.7618, 3.8299, 3.891, 3.9457], "objectives": {"extension_time": 0.3, "danger_difference": -1.4083489803931002, "parameter_difference": 1.8261756046875035}, "attributes": {"generation_number": 6, "individual_number": 332, "crash": true, "goal_reached": true, "scenario_length": 23}}, "[[13.525543506510523], [32.449336856228875, 354.85249561211737, 2.5], [46.669405393903055, 34.92893058943718], [1.9260313124149364, 24.432634148578828]]": {"ego_positions": [[0.9243, 14.5277], [2.39425131553024, 14.827114452026052], [3.8657675889440957, 15.125146206308145], [5.343462489134566, 15.408388822744826], [6.828157854600135, 15.667453708181403], [8.318234089658585, 15.900555568045055], [9.81257675323573, 16.121653686697943], [11.317612866206197, 16.30533987654019], [12.82441790241042, 16.459076533359113], [14.335700622807378, 16.60787261521591], [15.852949457241408, 16.72563593472476], [17.372552418355593, 16.827940897300138], [18.896063355999132, 16.917363949202734], [20.422200495940046, 16.991763424157735], [21.95075570318707, 17.064368381241284], [23.482854503249268, 17.116861371804664], [25.01742935237134, 17.14516361400107], [26.55376786994906, 17.15700461520363], [28.091884047954558, 17.16709056846648], [29.631796830216675, 17.166887234333007], [31.173167918929803, 17.149665276489056], [32.71583905560385, 17.117001095321307], [34.25372448034441, 17.073915448645504]], "ego_orientations": [0.2011, 0.20063697463484276, 0.19616576656717014, 0.18183881299833288, 0.1622092368864027, 0.15046682986015877, 0.1369360095615953, 0.10128225175005424, 0.1018856263501623, 0.08755562519147646, 0.06965276271371534, 0.06442387141676356, 0.05178302416950151, 0.048137679713269654, 0.042109450271215196, 0.025084521376678787, 0.010536117577069772, 0.007190043687104326, 0.0035569831827718004, -0.005269134235660111, -0.018172072787462135, -0.023662899350848754, -0.038582357563544], "obs_positions": [[54.9908, 19.5968], [53.0098, 19.8719], [51.0288, 20.1466], [49.0541, 20.4627], [47.0386, 20.6999], [44.9735, 20.9537], [42.9295, 21.1939], [40.8676, 21.4029], [38.794, 21.5567], [36.7855, 21.6306], [34.7459, 21.6084], [32.6662, 21.4627], [30.6341, 21.1784], [28.6588, 20.7472], [26.6699, 20.1387], [24.809, 19.3933], [22.9685, 18.472], [21.2044, 17.4026], [19.5455, 16.2178], [17.9884, 14.9371], [16.5126, 13.5635]], "obs_orientations": [3.0035, 3.0038, 2.9828, 3.0244, 3.0192, 3.0246, 3.0406, 3.0675, 3.1048, 3.1524, 3.2115, 3.2805, 3.3565, 3.4384, 3.5226, 3.6056, 3.6865, 3.7618, 3.8299, 3.891, 3.9457], "objectives": {"extension_time": 0.3, "danger_difference": -1.8375711252937776, "parameter_difference": 13.150742218397586}, "attributes": {"generation_number": 8, "individual_number": 437, "crash": true, "goal_reached": true, "scenario_length": 23}}}