{"[[6.8632161119036565], [2.5, 96.5291873092719, 2.5], [0.36534980668706696, 83.37668499034692], [0.28147778846290467, 27.5732557621081]]": {"ego_positions": [[-6.4244, 13.0295], [-4.95442541858921, 13.328776776368397], [-3.4834654346477043, 13.627037533519722], [-2.0106243156414747, 13.923484074728496], [-0.5348918716973995, 14.217240374662206], [0.9440916373705861, 14.508590314132805], [2.426691819680387, 14.797915621734662], [3.9131164309172246, 15.0849531011374], [5.406818621963877, 15.360033754414392], [6.908159954071341, 15.608587102510132], [8.415888662139402, 15.831875717598065], [9.92744968621219, 16.04301149893902], [11.445890690020642, 16.232465996385457], [12.969624187681742, 16.39087096112142], [14.496129146358834, 16.544895537121597], [16.027448525852073, 16.67595600821373], [17.56296840440837, 16.780281002748186], [19.10163050879808, 16.865954000565246], [20.642403805415114, 16.947882170411834], [22.184988913970518, 17.027785029527458], [23.72992040067275, 17.087971990116625], [25.276801418830175, 17.122685230206], [26.824910043621514, 17.14095088834438], [28.3738315482416, 17.14999953015466], [29.92329855378097, 17.152812745192275], [31.472947572169854, 17.13512715023578], [33.02227490145539, 17.091376030131926], [34.571683102880364, 17.048267501078264]], "ego_orientations": [0.201, 0.20055926653499082, 0.1994734413909892, 0.19759916823337362, 0.19545837584933362, 0.1935604156918713, 0.191759144569527, 0.19068156152923763, 0.1722714877391755, 0.15451431522332426, 0.14101617726538124, 0.13607012712050004, 0.1100105438247909, 0.10180975509971729, 0.09414291200723729, 0.07520313211581428, 0.05908765169557832, 0.05397048027199248, 0.05239523782346912, 0.04781513847929883, 0.028401781646401572, 0.016117374747436332, 0.008281568582822833, 0.003426119764507625, -0.0006400536901338683, -0.024097826530717903, -0.02734271676226907, -0.035801828635647404], "obs_positions": [[64.8958, 18.2211], [62.9148, 18.4962], [60.9338, 18.7714], [58.9528, 19.0465], [56.9718, 19.3217], [54.9908, 19.5968], [53.0098, 19.8719], [51.0288, 20.1466], [49.0541, 20.4627], [47.0386, 20.6999], [44.9735, 20.9537], [42.9295, 21.1939], [40.8676, 21.4029], [38.794, 21.5567], [36.7855, 21.6306], [34.7459, 21.6084], [32.6662, 21.4627], [30.6341, 21.1784], [28.6588, 20.7472], [26.6699, 20.1387], [24.809, 19.3933], [22.9685, 18.472], [21.2044, 17.4026], [19.5455, 16.2178], [17.9884, 14.9371], [16.5126, 13.5635]], "obs_orientations": [3.0036, 3.0035, 3.0035, 3.0035, 3.0035, 3.0035, 3.0038, 2.9828, 3.0244, 3.0192, 3.0246, 3.0406, 3.0675, 3.1048, 3.1524, 3.2115, 3.2805, 3.3565, 3.4384, 3.5226, 3.6056, 3.6865, 3.7618, 3.8299, 3.891, 3.9457], "objectives": {"extension_time": 0.8, "danger_difference": -1.7006591195659269, "parameter_difference": 1.6074019034864304}, "attributes": {"generation_number": 2, "individual_number": 143, "crash": true, "goal_reached": true, "scenario_length": 28}}, "[[31.028821850015404], [2.5, 16.319618644853755, 2.5], [1.54525794444245, 53.436042627794635], [2.2602006925396365, 44.356440666947854]]": {"ego_positions": [[-6.4244, 13.0295], [-4.954248647851948, 13.328466091588814], [-3.4823373800788944, 13.625176092229259], [-2.0080024082990597, 13.919472688057269], [-0.5309460176270282, 14.211756622232354], [0.9489863131719825, 14.502525842794357], [2.4318884264348943, 14.792347333337677], [3.9180466907404012, 15.080630131868192], [5.41103919462541, 15.35728011467837], [6.911435907769536, 15.607546282316227], [8.418060542539303, 15.832524796625371], [9.928275080188115, 16.04519400609772], [11.445148158326258, 16.235891740505757], [12.966998402552656, 16.39517772716656], [14.49134865654759, 16.54965521664476], [16.020311402498596, 16.680849408200178], [17.553085172453684, 16.7849761886717], [19.088593648188322, 16.87007690015679], [20.625941903435464, 16.951136033378923], [22.16498281378226, 17.03004633112004], [23.706389343680744, 17.08954119263967], [25.249820080241964, 17.123570396274893], [26.794673686307583, 17.141208395559698], [28.340637801829278, 17.149775383090056], [29.8875335939009, 17.15233759105242], [31.435119617100007, 17.135373850488747], [32.98308306917103, 17.091851971339135], [34.53173961792789, 17.049066238553507]], "ego_orientations": [0.201, 0.1999106576681015, 0.1979396483026691, 0.19615269726790358, 0.1946193226558077, 0.19345923488158664, 0.19237002635589764, 0.1916653841701302, 0.17345345678676866, 0.15573723224383448, 0.14219885968608634, 0.1370952110361701, 0.11084241175997299, 0.1023706012456698, 0.09447394641192691, 0.07529431456452283, 0.0589892413944172, 0.05360320575151657, 0.05187772391239135, 0.0474537581544023, 0.028071682497677247, 0.015742433023212713, 0.007918145869693902, 0.003177572935758379, -0.0002603754456149687, -0.023548844568273886, -0.027428223530630014, -0.035184546429290364], "obs_positions": [[64.8958, 18.2211], [62.9148, 18.4962], [60.9338, 18.7714], [58.9528, 19.0465], [56.9718, 19.3217], [54.9908, 19.5968], [53.0098, 19.8719], [51.0288, 20.1466], [49.0541, 20.4627], [47.0386, 20.6999], [44.9735, 20.9537], [42.9295, 21.1939], [40.8676, 21.4029], [38.794, 21.5567], [36.7855, 21.6306], [34.7459, 21.6084], [32.6662, 21.4627], [30.6341, 21.1784], [28.6588, 20.7472], [26.6699, 20.1387], [24.809, 19.3933], [22.9685, 18.472], [21.2044, 17.4026], [19.5455, 16.2178], [17.9884, 14.9371], [16.5126, 13.5635]], "obs_orientations": [3.0036, 3.0035, 3.0035, 3.0035, 3.0035, 3.0035, 3.0038, 2.9828, 3.0244, 3.0192, 3.0246, 3.0406, 3.0675, 3.1048, 3.1524, 3.2115, 3.2805, 3.3565, 3.4384, 3.5226, 3.6056, 3.6865, 3.7618, 3.8299, 3.891, 3.9457], "objectives": {"extension_time": 0.8, "danger_difference": -1.736058983261728, "parameter_difference": 1.786683611535975}, "attributes": {"generation_number": 3, "individual_number": 159, "crash": true, "goal_reached": true, "scenario_length": 28}}, "[[6.8632161119036565], [2.5, 96.5291873092719, 2.5], [83.57877766565483, 83.37668499034692], [0.28146388432633673, 41.48945439638406]]": {"ego_positions": [[-6.4244, 13.0295], [-4.948263707442333, 13.311567549452153], [-3.450965278099956, 13.551360155410112], [-1.9409638169997536, 13.798250984856825], [-0.4262642635843476, 14.07513726518592], [1.0916185020638862, 14.373017594230104], [2.6121063746769333, 14.682018988108034], [4.1348143562771424, 14.994512978913718], [5.661961004575342, 15.292164738441324], [7.195122567379653, 15.56101838393605], [8.73298033009324, 15.80307322652319], [10.272801943176638, 16.03213912334003], [11.81686710531417, 16.229260980950404], [13.363490706704484, 16.399131097665084], [14.910346272953804, 16.560369297010052], [16.459225343632298, 16.691899952402203], [18.00941013944166, 16.79538425908857], [19.559741550841046, 16.883951935435924], [21.109576714608185, 16.968790893733313], [22.654608004865725, 17.065781768767685], [24.179828375410796, 17.209217973003117], [25.673920325816006, 17.40584615054517], [27.130533963512327, 17.61850042749442], [28.55138748571919, 17.78893516938751], [29.94842977876932, 17.86597901063555], [31.343906870539424, 17.833664626940244], [32.721896178982604, 17.71017707900246], [34.101359503950725, 17.522561133728487]], "ego_orientations": [0.201, 0.1700658835251063, 0.1552740412371472, 0.17152660972788242, 0.18854590513137012, 0.19799565318316592, 0.20203902969979146, 0.20101592240954952, 0.18231990016568292, 0.16344474710243553, 0.15094297844716065, 0.139870501960803, 0.11019052112272981, 0.108240940980751, 0.09406909482616302, 0.07459183816199084, 0.05842163182576599, 0.055498781858567006, 0.053977984695924366, 0.07460410293870862, 0.11319197580973632, 0.14301365657421666, 0.14029682317351005, 0.09081601697899987, 0.017712028635677335, -0.06307606244382669, -0.10685478154117423, -0.17193263023383132],