{"[[33.2380480485503], [25.107475673715772, 200.0, 798.1269160676491], [2.5177761282428586, 94.00301355655495], [2.3442111966412886, 1.6405339222126003]]": {"ego_positions": [[8.2925, 15.9211], [9.77365793554847, 16.160123601087747], [11.263372263496352, 16.378691824211913], [12.759173839476606, 16.55495023856078], [14.259999088167167, 16.70920867962854], [15.771370441200649, 16.830735772624156], [17.288477184646627, 16.916843729406807], [18.809055357330017, 16.977298785188264], [20.332422238245343, 17.030809069433978], [21.85902583262921, 17.08341549790383], [23.390124613399315, 17.125234356840604], [24.924074486378576, 17.14431671841878], [26.46051573829531, 17.150418102891688], [27.999340638059557, 17.1508367922233], [29.540352159934155, 17.148362683377485], [31.083093053624033, 17.135147755727335], [32.626995303749624, 17.093118870812386], [34.17238317192167, 17.051372097667375]], "ego_orientations": [0.161, 0.15742474377264373, 0.12970577192587532, 0.1087788923395376, 0.09276683525261607, 0.06630600219752301, 0.04600543245319951, 0.0363124669242159, 0.03426707555274999, 0.03491798965152956, 0.01818271883871655, 0.007289525902014487, 0.001292699800587405, -0.001182123482111514, -0.002423093158667596, -0.01973367243285029, -0.02882728129467882, -0.02960445011597823], "obs_positions": [[44.9735, 20.9537], [42.9295, 21.1939], [40.8676, 21.4029], [38.794, 21.5567], [36.7855, 21.6306], [34.7459, 21.6084], [32.6662, 21.4627], [30.6341, 21.1784], [28.6588, 20.7472], [26.6699, 20.1387], [24.809, 19.3933], [22.9685, 18.472], [21.2044, 17.4026], [19.5455, 16.2178], [17.9884, 14.9371], [16.5126, 13.5635]], "obs_orientations": [3.0246, 3.0406, 3.0675, 3.1048, 3.1524, 3.2115, 3.2805, 3.3565, 3.4384, 3.5226, 3.6056, 3.6865, 3.7618, 3.8299, 3.891, 3.9457], "objectives": {"extension_time": -0.2, "danger_difference": -1.8724503688029586, "parameter_difference": 319.4110111630933}, "attributes": {"generation_number": 1, "individual_number": 51, "crash": true, "goal_reached": true, "scenario_length": 18}}, "[[4.23121329782051], [2.5, 96.300575216402, 2.5], [0.12074674280862041, 83.34358762306218], [0.28181672157455984, 41.48945439638406]]": {"ego_positions": [[8.2925, 15.9211], [9.77365793554847, 16.160123601087747], [11.263372263496352, 16.378691824211913], [12.759173839476606, 16.55495023856078], [14.260327480406236, 16.708288480675794], [15.773484347987765, 16.82531810264004], [17.29414362404776, 16.90451219038494], [18.819984649847488, 16.958671317882647], [20.350096562781474, 17.008945366986882], [21.88440756686172, 17.062006050877308], [23.423435905237987, 17.10697318720058], [24.965698613240107, 17.13141565963221], [26.510516974999685, 17.14384799931978], [28.057382483992562, 17.150350765792474], [29.60577138406186, 17.15283874982691], [31.155034626143053, 17.141648133334368], [32.70429366360723, 17.100261813968807], [34.25376149919452, 17.058632904193775]], "ego_orientations": [0.161, 0.15742474377264373, 0.12970577192587532, 0.1087788923395376, 0.09101967201582441, 0.062143590627769626, 0.04118922228015175, 0.03289932103553767, 0.03320072829409125, 0.035896653984626714, 0.02090357982350617, 0.011176666958847115, 0.005464611731260215, 0.002515637657249471, 0.0002199970261143869, -0.019261981658220684, -0.02811210750744131, -0.030914047064028338], "obs_positions": [[44.9735, 20.9537], [42.9295, 21.1939], [40.8676, 21.4029], [38.794, 21.5567], [36.7855, 21.6306], [34.7459, 21.6084], [32.6662, 21.4627], [30.6341, 21.1784], [28.6588, 20.7472], [26.6699, 20.1387], [24.809, 19.3933], [22.9685, 18.472], [21.2044, 17.4026], [19.5455, 16.2178], [17.9884, 14.9371], [16.5126, 13.5635]], "obs_orientations": [3.0246, 3.0406, 3.0675, 3.1048, 3.1524, 3.2115, 3.2805, 3.3565, 3.4384, 3.5226, 3.6056, 3.6865, 3.7618, 3.8299, 3.891, 3.9457], "objectives": {"extension_time": -0.2, "danger_difference": -1.7826353958877803, "parameter_difference": 1.7191197205968216}, "attributes": {"generation_number": 4, "individual_number": 205, "crash": true, "goal_reached": true, "scenario_length": 18}}, "[[13.470889059063273], [1.7346734489253244, 200.0, 2.5], [1.7931896394046478, 34.454017768933504], [0.1323957398198471, 24.382918289621315]]": {"ego_positions": [[8.2925, 15.9211], [9.774360810089332, 16.15771122601541], [11.267285888177687, 16.365055392523335], [12.767406552458258, 16.527572020731036], [14.271571864604315, 16.67544124213676], [15.784791992563163, 16.797059863485586], [17.303493925816706, 16.88765136693121], [18.825917667752275, 16.955436361646704], [20.35138835717565, 17.01775625083482], [21.880172227617884, 17.079054976092866], [23.41353381691758, 17.127884658329755], [24.949839290153886, 17.152120864438796], [26.488539215042564, 17.16129474749487], [28.029398011713994, 17.162900416250714], [29.572241397290654, 17.160373250601953], [31.11680648101909, 17.145936089467657], [32.66233103812342, 17.102792321625877], [34.209357072734605, 17.060286730383552]], "ego_orientations": [0.161, 0.15278112697553303, 0.1198049043849844, 0.10145369267908703, 0.09080964443171934, 0.06796476424278407, 0.049953757226088955, 0.04174320338578015, 0.04009911190669625, 0.03997594863579126, 0.022114490650759495, 0.009956482574987829, 0.002648562402804819, -0.0008634848158262532, -0.002755081969879597, -0.02069170227847028, -0.029189439824008012, -0.03058997074163905], "obs_positions": [[44.9735, 20.9537], [42.9295, 21.1939], [40.8676, 21.4029], [38.794, 21.5567], [36.7855, 21.6306], [34.7459, 21.6084], [32.6662, 21.4627], [30.6341, 21.1784], [28.6588, 20.7472], [26.6699, 20.1387], [24.809, 19.3933], [22.9685, 18.472], [21.2044, 17.4026], [19.5455, 16.2178], [17.9884, 14.9371], [16.5126, 13.5635]], "obs_orientations": [3.0246, 3.0406, 3.0675, 3.1048, 3.1524, 3.2115, 3.2805, 3.3565, 3.4384, 3.5226, 3.6056, 3.6865, 3.7618, 3.8299, 3.891, 3.9457], "objectives": {"extension_time": -0.2, "danger_difference": -1.8334527680646318, "parameter_difference": 1.6723067549922033}, "attributes": {"generation_number": 4, "individual_number": 248, "crash": true, "goal_reached": true, "scenario_length": 18}}, "[[1.51533167147565], [2.5, 97.13590469378101, 2.5], [52.98330764314773, 82.95105890446517], [0.3331905773126106, 17.681035375896567]]": {"ego_positions": [[8.2925, 15.9211], [9.779647423575494, 16.136867961981725], [11.292672138987665, 16.273666628381175], [12.820455753291949, 16.376025968297203], [14.35461619767292, 16.505162248201053], [15.894462557098812, 16.638226302382403], [17.439099871891493, 16.753756654151125], [18.987023103196332, 16.85007066650442], [20.535927990603184, 16.937694696907013], [22.084826321950388, 17.020249131954056], [23.634067858380657, 17.083451204290686], [25.183715433168853, 17.12032209203859], [26.733482302896668, 17.14720423283979], [28.28366847569198, 17.148865685552128], [29.833852975334477, 17.151661611040197], [31.38387948821949, 17.136198208141167], [32.933381062452504, 17.093231466581415], [34.48285291909442, 17.05081510536612]], "ego_orientations": [0.161, 0.11698903414690201, 0.06890455179508506, 0.07368629449863938, 0.08867147768132619, 0.08014438835425784, 0.06700436374409763, 0.05886910589638853, 0.05449567245231342, 0.0498256258831743, 0.030163593031406106, 0.01734418621483866, 0.01734418621483866, 0.0031689027915626487, 0.0006888476420736436, -0.02250095538685226, -0.027450423188704498, -0.034358098790841396], "obs_positions": [[44.9735, 20.9537], [42.9295, 21.1939], [40.8676, 21.4029], [38.794, 21.5567], [36.7855, 21.6306], [34.7459, 21.6084], [32.6662, 21.4627], [30.6341, 21.1784], [28.6588, 20.7472], [26.6699, 20.1387], [24.809, 19.3933], [22.9685, 18.472], [21.2044, 17.4026], [19.5455, 16.2178], [17.9884, 14.9371], [16.5126, 13.5635]], "obs_orientations": [3.0246, 3.0406, 3.0675, 3.1048, 3.1524, 3.2115, 3.2805, 3.3565, 3.4384, 3.5226, 3.6056, 3.6865, 3.7618, 3.8299, 3.891, 3.9457], "objectives": {"extension_time": -0.2, "danger_difference": -1.659798269155715, "parameter_difference": 1.5466822059812146}, "attributes": {"generation_number": 5,