{"[[36.88231370074468], [27.198661368295944, 179.63124419082538, 158.5203549398133], [0.20036924724374516, 100.82059049635707], [0.06466450618244968, 33.04598558178886]]": {"ego_positions": [[-15.243, 11.2316]], "ego_orientations": [0.2011], "obs_positions": [[76.7817, 16.5704]], "obs_orientations": [3.0035], "objectives": {"extension_time": 1.4, "danger_difference": 63.655976914545306, "parameter_difference": 64.3489199601836}, "attributes": {"generation_number": 0, "individual_number": 18, "crash": true, "goal_reached": false, "scenario_length": 1}}, "[[45.033432199494904], [2.5, 191.13825786476895, 2.3527396131096734], [2.0850849478012403, 162.64114372288026], [6.6511205528651365, 46.46603915987647]]": {"ego_positions": [[-15.243, 11.2316]], "ego_orientations": [0.2011], "obs_positions": [[76.7817, 16.5704]], "obs_orientations": [3.0035], "objectives": {"extension_time": 1.4, "danger_difference": 63.655976914545306, "parameter_difference": 2.1441446384800864}, "attributes": {"generation_number": 1, "individual_number": 83, "crash": true, "goal_reached": false, "scenario_length": 1}}, "[[16.40582569512059], [2.5, 200.0, 2.3527396131096734], [2.0850849478012403, 164.35270605859185], [0.8022408614119172, 46.46603915987647]]": {"ego_positions": [[-15.243, 11.2316]], "ego_orientations": [0.2011], "obs_positions": [[76.7817, 16.5704]], "obs_orientations": [3.0035], "objectives": {"extension_time": 1.4, "danger_difference": 63.655976914545306, "parameter_difference": 1.9912980656867694}, "attributes": {"generation_number": 2, "individual_number": 130, "crash": true, "goal_reached": false, "scenario_length": 1}}}