{"[[35.656730864470966], [17.16882217686444, 73.43431860787646, 574.1320647353529], [1.4750010965828022, 55.53269227169619], [0.25948249272813667, 3.7354398292491764]]": {"ego_positions": [[-21.122, 10.033]], "ego_orientations": [0.2011], "obs_positions": [[84.7056, 15.4698]], "obs_orientations": [3.0035], "objectives": {"extension_time": 1.8, "danger_difference": 63.655976914545306, "parameter_difference": 229.75692528398}, "attributes": {"generation_number": 0, "individual_number": 28, "crash": true, "goal_reached": false, "scenario_length": 1}}}