{"[[1.9370376430469627], [45.8390895845927, 96.70337565451875, 985.5889392645649], [2.4656586501262785, 190.71679579787912], [1.5899758590082627, 20.79368206157571]]": {"ego_positions": [[-13.7732, 11.5312]], "ego_orientations": [0.2011], "obs_positions": [[74.8007, 16.8455]], "obs_orientations": [3.0035], "objectives": {"extension_time": 1.3, "danger_difference": 63.655976914545306, "parameter_difference": 394.6624373343777}, "attributes": {"generation_number": 0, "individual_number": 0, "crash": true, "goal_reached": false, "scenario_length": 1}}, "[[37.32726177322102], [13.702406735972117, 184.50115786830224, 434.0075573153002], [1.114513768031387, 129.79115379252744], [0.04855492909281611, 25.881136400815308]]": {"ego_positions": [[-13.7732, 11.5312]], "ego_orientations": [0.2011], "obs_positions": [[74.8007, 16.8455]], "obs_orientations": [3.0035], "objectives": {"extension_time": 1.3, "danger_difference": 63.655976914545306, "parameter_difference": 173.6945427649135}, "attributes": {"generation_number": 0, "individual_number": 21, "crash": true, "goal_reached": false, "scenario_length": 1}}, "[[2.042895760837232], [45.8390895845927, 96.70337565451875, 985.5889392645649], [2.4656586501262785, 190.71679579787912], [1.5899758590082627, 20.79368206157571]]": {"ego_positions": [[-13.7732, 11.5312]], "ego_orientations": [0.2011], "obs_positions": [[74.8007, 16.8455]], "obs_orientations": [3.0035], "objectives": {"extension_time": 1.3, "danger_difference": 63.655976914545306, "parameter_difference": 394.6624375478808}, "attributes": {"generation_number": 1, "individual_number": 56, "crash": true, "goal_reached": false, "scenario_length": 1}}, "[[37.32726177322102], [13.702406735972117, 198.36035532770487, 434.0075573153002], [1.114513768031387, 129.79115379252744], [0.04855492909281611, 25.881136400815308]]": {"ego_positions": [[-13.7732, 11.5312]], "ego_orientations": [0.2011], "obs_positions": [[74.8007, 16.8455]], "obs_orientations": [3.0035], "objectives": {"extension_time": 1.3, "danger_difference": 63.655976914545306, "parameter_difference": 173.69492462402332}, "attributes": {"generation_number": 1, "individual_number": 85, "crash": true, "goal_reached": false, "scenario_length": 1}}}