{"[[28.086223927621486], [32.31856568307606, 214.99076300310327, 157.0106670880307], [2.315026822572836, 193.48098290119668], [1.7412170836637277, 39.83069370090182]]": {"ego_positions": [[-19.6523, 10.3326]], "ego_orientations": [0.2011], "obs_positions": [[82.7246, 15.745]], "obs_orientations": [3.0035], "objectives": {"extension_time": 1.7, "danger_difference": 63.655976914545306, "parameter_difference": 64.13852893677834}, "attributes": {"generation_number": 0, "individual_number": 15, "crash": true, "goal_reached": false, "scenario_length": 1}}}