{"[[11.716748521238268], [39.788692481440116, 200.0, 2.5], [2.1563739895683094, 196.39468514889793], [1.439168335048934, 26.829138379913097]]": {"ego_positions": [[-32.8802, 7.6357]], "ego_orientations": [0.2011], "obs_positions": [[100.5535, 13.2688]], "obs_orientations": [3.0035], "objectives": {"extension_time": 2.6, "danger_difference": 63.655976914545306, "parameter_difference": 15.993759985307745}, "attributes": {"generation_number": 1, "individual_number": 88, "crash": true, "goal_reached": false, "scenario_length": 1}}, "[[39.75575346545669], [10.74573944270732, 199.95805312521642, 427.3513604346346], [0.3173285087244343, 39.88067405134429], [1.8983250899925748, 15.398368347261243]]": {"ego_positions": [[-32.8802, 7.6357]], "ego_orientations": [0.2011], "obs_positions": [[100.5535, 13.2688]], "obs_orientations": [3.0035], "objectives": {"extension_time": 2.6, "danger_difference": 63.655976914545306, "parameter_difference": 170.99964744091423}, "attributes": {"generation_number": 1, "individual_number": 92, "crash": true, "goal_reached": false, "scenario_length": 1}}, "[[12.559860815270246], [2.1510960111516138, 1.0068491815962517, 2.5], [0.6151156829326179, 132.24683571292138], [0.16147222796017324, 28.032129043127412]]": {"ego_positions": [[-32.8802, 7.6357]], "ego_orientations": [0.2011], "obs_positions": [[100.5535, 13.2688]], "obs_orientations": [3.0035], "objectives": {"extension_time": 2.6, "danger_difference": 63.655976914545306, "parameter_difference": 1.4791103563839423}, "attributes": {"generation_number": 4, "individual_number": 237, "crash": true, "goal_reached": false, "scenario_length": 1}}, "[[12.559860815270246], [2.3552522407645333, 7.698735471982943, 2.5], [0.6166694734097085, 132.24683571292138], [0.16246038217347808, 28.032129043127412]]": {"ego_positions": [[-32.8802, 7.6357]], "ego_orientations": [0.2011], "obs_positions": [[100.5535, 13.2688]], "obs_orientations": [3.0035], "objectives": {"extension_time": 2.6, "danger_difference": 63.655976914545306, "parameter_difference": 1.528536504905454}, "attributes": {"generation_number": 5, "individual_number": 268, "crash": true, "goal_reached": false, "scenario_length": 1}}, "[[12.559860815270246], [2.1510960111516138, 15.478148111427995, 2.5], [0.34863441271261975, 132.24683571292138], [0.0857146645359772, 26.651645548597575]]": {"ego_positions": [[-32.8802, 7.6357]], "ego_orientations": [0.2011], "obs_positions": [[100.5535, 13.2688]], "obs_orientations": [3.0035], "objectives": {"extension_time": 2.6, "danger_difference": 63.655976914545306, "parameter_difference": 1.470893491326052}, "attributes": {"generation_number": 5, "individual_number": 285, "crash": true, "goal_reached": false, "scenario_length": 1}}}