{"[[3.872481119175075], [19.681056090644056, 132.02081955912203, 106.49660204778566], [0.2963992695625267, 189.44010051575694], [0.5935629742124626, 7.863408334580391]]": {"ego_positions": [[-31.4104, 7.9354]], "ego_orientations": [0.2011], "obs_positions": [[98.5725, 13.544]], "obs_orientations": [3.0036], "objectives": {"extension_time": 2.5, "danger_difference": 63.655976914545306, "parameter_difference": 43.32700537785154}, "attributes": {"generation_number": 0, "individual_number": 5, "crash": true, "goal_reached": false, "scenario_length": 1}}, "[[11.688706103474027], [39.788692481440116, 330.4382378619012, 834.0388857594857], [0.15521773981775316, 27.413800818521516], [1.4551090567025473, 31.19339365479178]]": {"ego_positions": [[-31.4104, 7.9354]], "ego_orientations": [0.2011], "obs_positions": [[98.5725, 13.544]], "obs_orientations": [3.0036], "objectives": {"extension_time": 2.5, "danger_difference": 63.655976914545306, "parameter_difference": 333.9997274423219}, "attributes": {"generation_number": 1, "individual_number": 81, "crash": true, "goal_reached": false, "scenario_length": 1}}, "[[1.3585293096167055], [44.43860459078356, 246.73397670831454, 2.5], [0.15801671836385303, 67.40326550850045], [1.4102213171216709, 28.103631225628178]]": {"ego_positions": [[-31.4104, 7.9354]], "ego_orientations": [0.2011], "obs_positions": [[98.5725, 13.544]], "obs_orientations": [3.0036], "objectives": {"extension_time": 2.5, "danger_difference": 63.655976914545306, "parameter_difference": 17.855640734768915}, "attributes": {"generation_number": 1, "individual_number": 67, "crash": true, "goal_reached": false, "scenario_length": 1}}, "[[4.278848073609584], [19.681056090644056, 132.02081955912203, 2.5], [0.16579779281315654, 182.220763422734], [0.5935629742124626, 7.863408334580391]]": {"ego_positions": [[-31.4104, 7.9354]], "ego_orientations": [0.2011], "obs_positions": [[98.5725, 13.544]], "obs_orientations": [3.0036], "objectives": {"extension_time": 2.5, "danger_difference": 63.655976914545306, "parameter_difference": 7.973442650962532}, "attributes": {"generation_number": 1, "individual_number": 72, "crash": true, "goal_reached": false, "scenario_length": 1}}, "[[4.42954206027882], [19.681056090644056, 37.2227920444668, 2.5], [0.18694337553866258, 182.220763422734], [2.3202504381909783, 7.863408334580391]]": {"ego_positions": [[-31.4104, 7.9354]], "ego_orientations": [0.2011], "obs_positions": [[98.5725, 13.544]], "obs_orientations": [3.0036], "objectives": {"extension_time": 2.5, "danger_difference": 63.655976914545306, "parameter_difference": 7.948410288904174}, "attributes": {"generation_number": 2, "individual_number": 146, "crash": true, "goal_reached": false, "scenario_length": 1}}}