{"[[39.75575346545669], [10.74573944270732, 429.93247956829686, 427.3513604346346], [0.3173285087244343, 108.03491344154452], [1.8862036458673226, 15.398368347261243]]": {"ego_positions": [[-34.3499, 7.336]], "ego_orientations": [0.2011], "obs_positions": [[102.5345, 12.9937]], "obs_orientations": [3.0035], "objectives": {"extension_time": 2.7, "danger_difference": 63.655976914545306, "parameter_difference": 171.01035406873547}, "attributes": {"generation_number": 0, "individual_number": 42, "crash": true, "goal_reached": false, "scenario_length": 1}}, "[[40.65682045313968], [0.48820392736038265, 44.85571165456836, 2.5], [0.6343111992769019, 132.23385855543407], [2.3148050667502864, 19.293786445765747]]": {"ego_positions": [[-34.3499, 7.336]], "ego_orientations": [0.2011], "obs_positions": [[102.5345, 12.9937]], "obs_orientations": [3.0035], "objectives": {"extension_time": 2.7, "danger_difference": 63.655976914545306, "parameter_difference": 1.403785441691206}, "attributes": {"generation_number": 2, "individual_number": 129, "crash": true, "goal_reached": false, "scenario_length": 1}}, "[[40.51115431946276], [0.48820392736038265, 132.1675658917741, 2.5], [1.9465100104356203, 132.23385855543407], [2.383798285171719, 21.174635817308797]]": {"ego_positions": [[-34.3499, 7.336]], "ego_orientations": [0.2011], "obs_positions": [[102.5345, 12.9937]], "obs_orientations": [3.0035], "objectives": {"extension_time": 2.7, "danger_difference": 63.655976914545306, "parameter_difference": 1.5436544364952702}, "attributes": {"generation_number": 2, "individual_number": 147, "crash": true, "goal_reached": false, "scenario_length": 1}}, "[[4.23356518264028], [0.48820392736038265, 44.85571165456836, 2.5], [0.6343111992769019, 129.8242435987244], [2.288281614438154, 28.26891609863332]]": {"ego_positions": [[-34.3499, 7.336]], "ego_orientations": [0.2011], "obs_positions": [[102.5345, 12.9937]], "obs_orientations": [3.0035], "objectives": {"extension_time": 2.7, "danger_difference": 63.655976914545306, "parameter_difference": 1.2185113346307723}, "attributes": {"generation_number": 3, "individual_number": 187, "crash": true, "goal_reached": false, "scenario_length": 1}}, "[[5.051844014295444], [0.48820392736038265, 45.08432374784125, 2.5], [0.6343111992769019, 129.85734096600913], [2.288281614438154, 28.26891609863332]]": {"ego_positions": [[-34.3499, 7.336]], "ego_orientations": [0.2011], "obs_positions": [[102.5345, 12.9937]], "obs_orientations": [3.0035], "objectives": {"extension_time": 2.7, "danger_difference": 63.655976914545306, "parameter_difference": 1.2199825850152513}, "attributes": {"generation_number": 4, "individual_number": 204, "crash": true, "goal_reached": false, "scenario_length": 1}}, "[[4.23356518264028], [0.663800086272422, 44.85571165456836, 2.5], [0.6343111992769019, 131.49424108924802], [0.13340850407564897, 28.26891609863332]]": {"ego_positions": [[-34.3499, 7.336]], "ego_orientations": [0.2011], "obs_positions": [[102.5345, 12.9937]], "obs_orientations": [3.0035], "objectives": {"extension_time": 2.7, "danger_difference": 63.655976914545306, "parameter_difference": 1.231581950292514}, "attributes": {"generation_number": 4, "individual_number": 215, "crash": true, "goal_reached": false, "scenario_length": 1}}, "[[36.07098706997721], [0.6375182470463052, 199.97018648772516, 2.5], [0.6327990178596922, 129.85734096600913], [2.288281614438154, 27.661897088322053]]": {"ego_positions": [[-34.3499, 7.336]], "ego_orientations": [0.2011], "obs_positions": [[102.5345, 12.9937]], "obs_orientations": [3.0035], "objectives": {"extension_time": 2.7, "danger_difference": 63.655976914545306, "parameter_difference": 1.7206963365406744}, "attributes": {"generation_number": 5, "individual_number": 281, "crash": true, "goal_reached": false, "scenario_length": 1}}, "[[4.210751195580658], [0.48820392736038265, 44.85571165456836, 2.5], [78.02934938038825, 129.8242435987244], [0.16707242224053354, 28.257457078942906]]": {"ego_positions": [[-34.3499, 7.336]], "ego_orientations": [0.2011], "obs_positions": [[102.5345, 12.9937]], "obs_orientations": [3.0035], "objectives": {"extension_time": 2.7, "danger_difference": 63.655976914545306, "parameter_difference": 1.220015806322801}, "attributes": {"generation_number": 6, "individual_number": 306, "crash": true, "goal_reached": false, "scenario_length": 1}}, "[[32.650123537551075], [2.0827904030751476, 96.02256538106904, 2.5], [0.005433592060919867, 28.830359878086014], [0.2954222314890377, 3.462899613617447]]": {"ego_positions": [[-34.3499, 7.336]], "ego_orientations": [0.2011], "obs_positions": [[102.5345, 12.9937]], "obs_orientations": [3.0035], "objectives": {"extension_time": 2.7, "danger_difference": 63.655976914545306, "parameter_difference": 1.535955542752639}, "attributes": {"generation_number": 9, "individual_number": 482, "crash": true, "goal_reached": false, "scenario_length": 1}}, "[[9.857899683514182], [0.4825776635312328, 44.89678022756406, 2.5], [1.4191774190467785, 126.14381780210728], [3.381716416581935, 3.646138947722513]]": {"ego_positions": [[-34.3499, 7.336]], "ego_orientations": [0.2011], "obs_positions": [[102.5345, 12.9937]], "obs_orientations": [3.0035], "objectives": {"extension_time": 2.7, "danger_difference": 63.655976914545306, "parameter_difference": 1.0954763748046106}, "attributes": {"generation_number": 12, "individual_number": 638, "crash": true, "goal_reached": false, "scenario_length": 1}}, "[[14.039834223213902], [0.5195015257419688, 44.691920731235065, 2.422961114637104], [14.763122931781723, 19.270921943826302], [0.08519581910742247, 3.030161339183831]]": {"ego_positions": [[-34.3499, 7.336]], "ego_orientations": [0.2011], "obs_positions": [[102.5345, 12.9937]], "obs_orientations": [3.0035], "objectives": {"extension_time": 2.7, "danger_difference": 63.655976914545306, "parameter_difference": 1.0567211714333966}, "attributes": {"generation_number": 13, "individual_number": 653, "crash": true, "goal_reached": false, "scenario_length": 1}}, "[[7.394932595035861], [2.5, 199.26310585729007, 2.227856861889445], [22.879893447980294, 144.86298195290766], [2.513141804060199, 2.9001649216919336]]": {"ego_positions": [[-34.3499, 7.336]], "ego_orientations": [0.2011], "obs_positions": [[102.5345, 12.9937]], "obs_orientations": [3.0035], "objectives": {"extension_time": 2.7, "danger_difference": 63.655976914545306, "parameter_difference": 1.702647760303853}, "attributes": {"generation_number": 18, "individual_number": 932, "crash": true, "goal_reached": false, "scenario_length": 1}}}