{"[[2.460731048119836], [2.375146079974331, 45.13950792724028, 114.61840645087851], [0.2039037468813532, 14.981908328133997], [0.06117185753997223, 30.339632442071228]]": {"ego_positions": [[98.285, 11.933], [96.88486514668413, 11.933217839907124], [95.48396387708345, 11.933894993075569], [94.0816717724721, 11.935293259392932], [92.67750776229441, 11.937506043662705], [91.27111382412475, 11.940509771968104], [89.86223669317864, 11.944204937912446], [88.45071147869213, 11.948448089055661], [87.03644707441735, 11.953076038274979], [85.61941324414647, 11.95792352521278], [84.19929211167702, 11.962835468117243], [82.77523792965579, 11.967624848199211], [81.34893723652694, 11.972016408157634], [79.92174847142931, 11.977999445167335], [78.49316606901884, 11.992060684633538], [77.06542951034496, 12.01163979772338], [75.63866237676027, 12.032963963943706], [74.21231013635023, 12.053528531131793], [72.78591956731672, 12.071847582960922], [71.35912619484134, 12.087200127102589], [69.93164277317646, 12.099398578955855], [68.50358593940582, 12.108600070836198], [67.07640087527597, 12.11514312025847], [65.65263764507667, 12.121513904792648], [64.23454325604504, 12.14929483914376], [62.819533333843694, 12.190376447558853], [61.41054622554719, 12.230007363340652], [60.008500728390324, 12.268467927881618], [58.614038911818426, 12.306024992590851], [57.23799653551177, 12.378282636829363], [55.88665523426832, 12.584262533825699], [54.563504554080176, 12.903784408276016], [53.273648240678135, 13.317891835156283], [52.02017781961416, 13.811023405698682], [50.81218723555391, 14.388804014272992], [49.6521467853325, 15.0466619585409], [48.54094383887752, 15.773740672346198], [47.48582605174985, 16.571897103473926], [46.48958516600861, 17.438179326480387], [45.55321015005051, 18.36650699679484], [44.68010418891093, 19.354099798182748], [43.87103181784083, 20.40314305498041], [43.12268176825573, 21.525191108950626], [42.44848455419974, 22.69654745345594], [41.852905038276255, 23.894111192117705]], "ego_orientations": [3.1415, 3.1413164127282234, 3.140872019912588, 3.140308978317405, 3.1397284141710537, 3.1391980962279415, 3.1387594269569794, 3.13843360703428, 3.1382269168644332, 3.138135122464563, 3.1381494842717803, 3.1383539109517615, 3.138667943468562, 3.1348348553629264, 3.1292907721007124, 3.126903898271796, 3.1266837532734413, 3.1278394238709804, 3.129743018350998, 3.1319420725554816, 3.1341320210286994, 3.1361222947517766, 3.1378517398113352, 3.1306143013172303, 3.1120431308167116, 3.1130567981023574, 3.1138544989386676, 3.1144487841298227, 3.114853540117257, 3.0367167347404873, 2.9404735888595908, 2.8616017620375698, 2.7959942147422, 2.7287936922419616, 2.6552560080903937, 2.5911316011611687, 2.525455183962366, 2.4554981820539132, 2.390075679910342, 2.3245882625526315, 2.2586078315616342, 2.1903158002316006, 2.1225872186626384, 2.056503567767883, 1.9988057237461694], "obs_positions": [[99.7171, 8.1623], [97.7171, 8.1623], [95.7171, 8.1623], [93.7171, 8.1623], [91.7171, 8.1623], [89.7171, 8.1623], [87.7171, 8.1623], [85.7171, 8.1623], [83.7171, 8.1623], [82.3952, 8.3052], [81.0733, 8.4324], [79.7513, 8.5472], [78.4294, 8.6525], [77.1075, 8.7514], [75.7855, 8.8472], [74.4636, 8.9427], [73.1417, 9.0412], [71.8197, 9.1458], [70.4978, 9.2595], [69.1759, 9.3854], [67.8539, 9.5266], [66.532, 9.6863], [65.2101, 9.8675], [63.8881, 10.0733], [62.5662, 10.3068], [61.2443, 10.5711], [59.9223, 10.8692], [58.6004, 11.2044], [57.2785, 11.5797], [55.9565, 11.9982], [54.6346, 12.4629], [53.3126, 12.977], [51.9907, 13.5436], [50.6688, 14.1657], [49.3468, 14.8465], [48.0249, 15.589], [46.703, 16.3964], [45.381, 17.2717], [44.0591, 18.2181]], "obs_orientations": [3.1415, 3.1415, 3.1415, 3.1415, 3.1415, 3.1415, 3.1415, 3.1415, 3.0339, 3.0456, 3.055, 3.0621, 3.0668, 3.0693, 3.0694, 3.0672, 3.0626, 3.0558, 3.0466, 3.0351, 3.0213, 3.0053, 2.9871, 2.9667, 2.9442, 2.9197, 2.8932, 2.8649, 2.835, 2.8035, 2.7706, 2.7366, 2.7017, 2.666, 2.6298, 2.5932, 2.5567, 2.5202, 2.5202], "objectives": {"extension_time": 0.8, "danger_difference": 0.7864289389667078, "parameter_difference": 5.9627300781673025}, "attributes": {"generation_number": 13, "individual_number": 653, "crash": true, "goal_reached": true, "scenario_length": 45}}, "[[2.906026719074756], [2.4991456958297396, 42.78335369405863, 114.61840645087851], [0.205338599941435, 2.620568930394626], [1.8793440285230958, 6.594406169781004]]": {"ego_positions": [[98.285, 11.933], [96.88486514668413, 11.933217839907124], [95.48396387708345, 11.933894993075569], [94.0816717724721, 11.935293259392932], [92.67750776229441, 11.937506043662705], [91.27111382412475, 11.942527663821378], [89.86223669317864, 11.956745767386302], [88.45071147869213, 11.977528905633475], [87.03644707441735, 12.000869029298697], [85.61941324414647, 12.023927157505817], [84.19962925994938, 12.044811861742382], [82.77712204028393, 12.062133607145801], [81.3517344663033, 12.090919330919668], [79.92303485345093, 12.186325931848545], [78.49090708359309, 12.353144800359996], [77.05562742531697, 12.576365272241869], [75.61869468969874, 12.875217331571431], [74.18612263399724, 13.206508628395522], [72.76497355724149, 13.563342559312845], [71.36576559962691, 13.945721057197343], [69.99621990572872, 14.32301075966379], [68.65948099532264, 14.646776067549713], [67.35188054909389, 14.871446040542818], [66.06704855028046, 14.982046467008452], [64.8440816278563, 15.027935657329984], [63.60220465283377, 15.051713193952764], [62.34445848274003, 15.055045098291627], [61.09517074108428, 15.046618224536125], [59.85363154275741, 15.034681973919705], [58.61912341364135, 15.025134891420633], [57.5784075284173, 15.041312492981216], [56.602550707507476, 15.154155712202858], [55.57248999894034, 15.371552205548543], [54.52200638433631, 15.685588375238945], [53.4485640417087, 16.09896790504828], [52.39993431833875, 16.60082497987742], [51.35329075985954, 17.21553968814815], [50.322801959207176, 17.95529496219841], [49.32934602629307, 18.770065483964533], [48.35118523726954, 19.66352543404141], [47.409318647544445, 20.63543479304196], [46.55824567226446, 21.650952588624673], [45.83691979907627, 22.661686246935222], [45.231805054164944, 23.653412977773623], [44.71323347525954, 24.635221844185534], [44.263125010422655, 25.54990412538744]], "ego_orientations": [3.1415, 3.1413164127282234, 3.140872019912588, 3.140308978317405, 3.1397284141710537, 3.135014974287641, 3.1286320291738168, 3.1255810824802053, 3.124933182528673, 3.1259295168062655, 3.127969344047753, 3.1310722665096336, 3.1023261085817415, 3.047445216460117, 3.0086136863631396, 2.9595435070779916, 2.9220825512875663, 2.906171534885568, 2.883866511087189, 2.869075682569016, 2.8822838489911837, 2.93210300249144, 3.015457125687418, 3.088795796709284, 3.1148950749216495, 3.1314508556869884, -3.1382487330285405, -3.1325220028722596, -3.132148752944582, -3.136362443208424, 3.0675031524883947, 2.968408058645998, 2.8874408427001472, 2.8102853478481373, 2.735309120864189, 2.657752452583008, 2.5644395540815195, 2.4887567898195146, 2.4298352712403437, 2.371868681605263, 2.3025782366277237, 2.2256781951015485, 2.148676026576035, 2.0830022279890734, 2.028098101831715, 2.028098101831715], "obs_positions": [[99.7171, 8.1623], [97.7171, 8.1623], [95.7171, 8.1623], [93.7171, 8.1623], [91.7171, 8.1623], [89.7171, 8.1623], [87.7171, 8.1623], [85.7171, 8.1623], [83.7171, 8.1623], [82.3952, 8.3052], [81.0733, 8.4324], [79.7513, 8.5472], [78.4294, 8.6525], [77.1075, 8.7514], [75.7855, 8.8472], [74.4636, 8.9427], [73.1417, 9.0412], [71.8197, 9.1458], [70.4978, 9.2595], [69.1759, 9.3854], [67.8539, 9.5266], [66.532, 9.6863], [65.2101, 9.8675], [63.8881, 10.0733], [62.5662, 10.3068], [61.2443, 10.5711], [59.9223, 10.8692], [58.6004, 11.2044], [57.2785, 11.5797], [55.9565, 11.9982], [54.6346, 12.4629], [53.3126, 12.977], [51.9907, 13.5436], [50.6688, 14.1657], [49.3468, 14.8465], [48.0249, 15.589], [46.703, 16.3964], [45.381, 17.2717], [44.0591, 18.2181]],