{"[[38.57851677375795], [1.9680283305956756, 200.0, 114.61840645087851], [0.7190702725736334, 158.95937425317547], [0.033118476777380695, 48.66407972728035]]": {"ego_positions": [[87.085, 11.933], [85.68486514668413, 11.933217839907073], [84.28396387708342, 11.933894993075395], [82.88167177247202, 11.935293259392601], [81.47784491056657, 11.937418996192399], [80.07336701287869, 11.939968787834289], [78.66796696904132, 11.94295045467505], [77.2611215179082, 11.946386403272792], [75.8524319329432, 11.950228835429312], [74.4416060838673, 11.95438755514039], [73.02844230772547, 11.95875109147515], [71.6128149915613, 11.963202198268972], [70.19466176094511, 11.967628712659183], [68.77397581580821, 11.972364842685453], [67.35080196340125, 11.979233700356852], [65.92520159540882, 11.989822213873797], [64.49727071206064, 12.00629202441784], [63.06759684739393, 12.043497626224823], [61.636830097973736, 12.10560459288108], [60.204769975500206, 12.188981382274324], [58.77152320882432, 12.278738426735801], [57.34548892397907, 12.414892909630149], [55.9397276368148, 12.644098165694837], [54.56571274502722, 13.015521736409514], [53.22010534851169, 13.490460435894695], [51.91238429710607, 14.056709316665538], [50.64862658917733, 14.713115526017985], [49.43409529944932, 15.455592543446278], [48.27187460517274, 16.277911990268674], [47.17074520242646, 17.17661047052338], [46.13592490205375, 18.152873315257537], [45.16609253773839, 19.195625972080375], [44.27374501445286, 20.308321240403735], [43.45757462643131, 21.503083033130547], [42.74018905120266, 22.724745448553307], [42.140517409767476, 23.940815668387266]], "ego_orientations": [3.1415, 3.141316412728291, 3.140872019912691, 3.1403089783175204, 3.1399079713067786, 3.1396319540006306, 3.139308279096631, 3.1389987528634706, 3.138742473069734, 3.138561009406321, 3.13846287424244, 3.1384472743368956, 3.1385071750692544, 3.1377394185367775, 3.1356100360329036, 3.132615507545951, 3.1236769083960993, 3.1062472649563366, 3.089053692716225, 3.0807725640132957, 3.0688706357746485, 3.020036470787671, 2.923483711683827, 2.833703549970793, 2.7654690794750842, 2.694716514769566, 2.624705064515969, 2.5560862100088846, 2.4898177911276713, 2.417520983358258, 2.3493736423138123, 2.2828860076306863, 2.2034950462439835, 2.132822592156344, 2.0621925301482067, 1.9883612531187016], "obs_positions": [[83.7171, 8.1623], [82.3952, 8.3052], [81.0733, 8.4324], [79.7513, 8.5472], [78.4294, 8.6525], [77.1075, 8.7514], [75.7855, 8.8472], [74.4636, 8.9427], [73.1417, 9.0412], [71.8197, 9.1458], [70.4978, 9.2595], [69.1759, 9.3854], [67.8539, 9.5266], [66.532, 9.6863], [65.2101, 9.8675], [63.8881, 10.0733], [62.5662, 10.3068], [61.2443, 10.5711], [59.9223, 10.8692], [58.6004, 11.2044], [57.2785, 11.5797], [55.9565, 11.9982], [54.6346, 12.4629], [53.3126, 12.977], [51.9907, 13.5436], [50.6688, 14.1657], [49.3468, 14.8465], [48.0249, 15.589], [46.703, 16.3964], [45.381, 17.2717], [44.0591, 18.2181]], "obs_orientations": [3.0339, 3.0456, 3.055, 3.0621, 3.0668, 3.0693, 3.0694, 3.0672, 3.0626, 3.0558, 3.0466, 3.0351, 3.0213, 3.0053, 2.9871, 2.9667, 2.9442, 2.9197, 2.8932, 2.8649, 2.835, 2.8035, 2.7706, 2.7366, 2.7017, 2.666, 2.6298, 2.5932, 2.5567, 2.5202, 2.5202], "objectives": {"extension_time": -0.0, "danger_difference": 0.03627713972925051, "parameter_difference": 6.125021699834519}, "attributes": {"generation_number": 6, "individual_number": 319, "crash": true, "goal_reached": true, "scenario_length": 36}}, "[[49.76883575936017], [2.4331867572544006, 199.94978567612685, 114.61840645087851], [0.7446648336986748, 41.44860853859544], [0.0586320705276672, 48.82043406253102]]": {"ego_positions": [[87.085, 11.933], [85.68486514668413, 11.933217839907073], [84.28396387708342, 11.933894993075395], [82.88167177247202, 11.935293259392601], [81.47784491056657, 11.937418996192399], [80.07336701287869, 11.939968787834289], [78.66796696904132, 11.94295045467505], [77.2611215179082, 11.946386403272792], [75.8524319329432, 11.950228835429312], [74.4416060838673, 11.95438755514039], [73.02844230772547, 11.95875109147515], [71.6128149915613, 11.963202198268972], [70.19466176094511, 11.967628712659183], [68.77396763843102, 11.972521765527864], [67.35073924607113, 11.980352828518368], [65.92499904261484, 11.993165850288833], [64.49684637938863, 12.013255131649633], [63.066967039848926, 12.05534495277248], [61.63600826604703, 12.12325720382467], [60.20359020444724, 12.212856507944089], [58.7699604634535, 12.308676338642499], [57.34484589255033, 12.450158285280802], [55.942041047044384, 12.683244866370345], [54.570949572157446, 13.056509987276982], [53.226851638478635, 13.531089840930061], [51.91975541235816, 14.09477621709958], [50.65517265608312, 14.746641913519573], [49.43824623828173, 15.483327413651622], [48.272227889046086, 16.299383640386164], [47.16681819405554, 17.192471891022098], [46.128355083385834, 18.165046266754253], [45.12516225424973, 19.176953620078514], [44.26479994844041, 20.320408886600777], [43.44888629796089, 21.51715039820735], [42.731934096002476, 22.74035028803589], [42.13304966504973, 23.95748635633459]], "ego_orientations": [3.1415, 3.141316412728291, 3.140872019912691, 3.1403089783175204, 3.1399079713067786, 3.1396319540006306, 3.139308279096631, 3.1389987528634706, 3.138742473069734, 3.138561009406321, 3.13846287424244, 3.1384472743368956, 3.1385071750692544, 3.1374207419136915, 3.1345249161112987, 3.130568250395135, 3.1206764797866504, 3.1024741216418055, 3.084810170037293, 3.076463536562528, 3.064810536433243, 3.01671603995703, 2.921074164544131, 2.8328323083371685, 2.7661679648383237, 2.697023542784653, 2.628448443936841, 2.560882628832701, 2.4954886366027242, 2.4219416631900623, 2.351869906264697, 2.351869906264697, 2.2025957961850415, 2.1319431992652613, 2.0613190450633643, 1.9884635430399957], "obs_positions": [[83.7171, 8.1623], [82.3952, 8.3052], [81.0733, 8.4324], [79.7513, 8.5472], [78.4294, 8.6525], [77.1075, 8.7514], [75.7855, 8.8472], [74.4636, 8.9427], [73.1417, 9.0412], [71.8197, 9.1458], [70.4978, 9.2595], [69.1759, 9.3854], [67.8539, 9.5266], [66.532, 9.6863], [65.2101, 9.8675], [63.8881, 10.0733], [62.5662, 10.3068], [61.2443, 10.5711], [59.9223, 10.8692], [58.6004, 11.2044], [57.2785, 11.5797], [55.9565, 11.9982], [54.6346, 12.4629], [53.3126, 12.977], [51.9907, 13.5436], [50.6688, 14.1657], [49.3468, 14.8465], [48.0249, 15.589], [46.703, 16.3964], [45.381, 17.2717], [44.0591, 18.2181]], "obs_orientations": [3.0339, 3.0456, 3.055, 3.0621, 3.0668, 3.0693, 3.0694, 3.0672, 3.0626, 3.0558, 3.0466, 3.0351, 3.0213, 3.0053, 2.9871, 2.9667, 2.9442, 2.9197, 2.8932, 2.8649, 2.835, 2.8035, 2.7706, 2.7366, 2.7017, 2.666, 2.6298, 2.5932, 2.5567, 2.5202, 2.5202], "objectives": {"extension_time": -0.0, "danger_difference": 0.0, "parameter_difference": 6.113884537728376}, "attributes": {"generation_number": 7, "individual_number": 381, "crash": true, "goal_reached": true, "scenario_length": 36}},