{"[[3.3071155706288824], [2.499245263540585, 43.3838663222208, 114.61840645087851], [0.03835027549493075, 81.79741415520309], [1.9295707264438233, 10.579927801565539]]": {"ego_positions": [[109.4849, 11.933], [108.08476514668413, 11.933217839907073], [106.68386387708341, 11.933894993075395], [105.281571772472, 11.935293259392601], [103.87740776229424, 11.937506043662214], [102.4710138241245, 11.940509771967466], [101.0621366931783, 11.944204937911683], [99.6506114786917, 11.948448089054809], [98.23634707441683, 11.953076038274066], [96.81931324414586, 11.957923525211836], [95.39952925994865, 11.9628354681163], [93.97705397013684, 11.96767484420237], [92.55197717536252, 11.972327124194639], [91.12441219429996, 11.976702069936502], [89.69448950467415, 11.980733587744965], [88.26235135067701, 11.984378218381718], [86.8281472137785, 11.987612739932654], [85.39203005036853, 11.990431264488787], [83.95415320636536, 11.992842124483303], [82.51466792573866, 11.994864770401149], [81.0743321174372, 11.996523066650935], [79.63618809661824, 11.997834048331748], [78.20349009380678, 11.998820768132763], [76.77850759875022, 11.999522492631323], [75.36197170634733, 11.999988040842215], [73.95499433672492, 12.00026789450101], [72.55732736241286, 12.00040883503075], [71.16830483800804, 12.000450163085667], [69.78725415249384, 12.000423632127728], [68.41350792149382, 12.000354333253508], [67.04641581969257, 12.000695337602075], [65.68539367493972, 12.010391491130473], [64.32995771838732, 12.032870070043257], [62.97964553706456, 12.067401849682842], [61.633746072119045, 12.104825613294357], [60.291678898714004, 12.142162124767971], [58.95303534067848, 12.181575944543125], [57.618570622336414, 12.251031130651377], [56.29318727580974, 12.395554548386286], [54.99187325725869, 12.676014958061753], [53.71674980306393, 13.053047772172775], [52.470607367181984, 13.51286127514729], [51.25805135151477, 14.052258421342518], [50.0860934908545, 14.673029349114014], [48.958927323126666, 15.370701928672432], [47.87847946731851, 16.1379708681616], [46.85341984202728, 16.977324285405537], [45.887192648760035, 17.88368649942609], [44.97968222195338, 18.8487999852916], [44.140687842963914, 19.873968489398553], [43.37353140978462, 20.954010731249717], [42.67673498857324, 22.08072845485096], [42.056514879606134, 23.25131333617492]], "ego_orientations": [3.1415, 3.141316412728291, 3.140872019912691, 3.1403089783175204, 3.139728414171165, 3.139198096228039, 3.1387594269570562, 3.138433607034335, 3.1382269168644648, 3.138135122464573, 3.138147055821106, 3.1382474460379175, 3.1384190912336076, 3.1386444656843384, 3.1389068549820287, 3.139191106200104, 3.139484071890412, 3.1397748173782865, 3.140054651120058, 3.1403170284052755, 3.1405635787298785, 3.140796201579499, 3.1410072389867287, 3.1411878651391016, 3.141334513501823, 3.1414477540879515, 3.1415314704570942, 3.1415907094157225, -3.141555198570793, -3.1415314969212598, 3.13876630252303, 3.1292907208946694, 3.1198452882893473, 3.1138006814737564, 3.1137870688887426, 3.1137721985790194, 3.102705009288475, 3.073764931046239, 2.9752737044280972, 2.884291072011661, 2.8176360157453013, 2.7526088097374033, 2.685991930737183, 2.616467298741697, 2.552858551908825, 2.487313653787806, 2.4171529142083124, 2.353979438171569, 2.288758686187965, 2.21792833636896, 2.1535481788932285, 2.0887369994960117, 2.0209025397016385], "obs_positions": [[115.717, 8.1623], [113.717, 8.1623], [111.717, 8.1623], [109.717, 8.1623], [107.717, 8.1623], [105.717, 8.1623], [103.717, 8.1623], [101.717, 8.1623], [99.717, 8.1623], [97.717, 8.1623], [95.717, 8.1623], [93.717, 8.1623], [91.717, 8.1623], [89.717, 8.1623], [87.717, 8.1623], [85.717, 8.1623], [83.7171, 8.1623], [82.3952, 8.3052], [81.0733, 8.4324], [79.7513, 8.5472], [78.4294, 8.6525], [77.1075, 8.7514], [75.7855, 8.8472], [74.4636, 8.9427], [73.1417, 9.0412], [71.8197, 9.1458], [70.4978, 9.2595], [69.1759, 9.3854], [67.8539, 9.5266], [66.532, 9.6863], [65.2101, 9.8675], [63.8881, 10.0733], [62.5662, 10.3068], [61.2443, 10.5711], [59.9223, 10.8692], [58.6004, 11.2044], [57.2785, 11.5797], [55.9565, 11.9982], [54.6346, 12.4629], [53.3126, 12.977], [51.9907, 13.5436], [50.6688, 14.1657], [49.3468, 14.8465], [48.0249, 15.589], [46.703, 16.3964], [45.381, 17.2717], [44.0591, 18.2181]], "obs_orientations": [3.1415, 3.1415, 3.1415, 3.1415, 3.1415, 3.1415, 3.1415, 3.1415, 3.1415, 3.1415, 3.1415, 3.1415, 3.1415, 3.1415, 3.1415, 3.1415, 3.0339, 3.0456, 3.055, 3.0621, 3.0668, 3.0693, 3.0694, 3.0672, 3.0626, 3.0558, 3.0466, 3.0351, 3.0213, 3.0053, 2.9871, 2.9667, 2.9442, 2.9197, 2.8932, 2.8649, 2.835, 2.8035, 2.7706, 2.7366, 2.7017, 2.666, 2.6298, 2.5932, 2.5567, 2.5202, 2.5202], "objectives": {"extension_time": 1.6, "danger_difference": 1.0979716159503567, "parameter_difference": 5.934926456774192}, "attributes": {"generation_number": 15, "individual_number": 762, "crash": true, "goal_reached": true, "scenario_length": 53}}}