{"[[30.202096423295085], [2.5, 122.13726741259285, 2.5], [0.40710220617744536, 128.27963848353482], [1.0568140240827024, 23.32798994721827]]": {"ego_positions": [[2.5705, 15.9788]], "ego_orientations": [4.7123], "obs_positions": [[2.8, 8.8969]], "obs_orientations": [4.7123], "objectives": {"extension_time": -0.9, "danger_difference": 197.94751299211023, "parameter_difference": 39.0200676230868}, "attributes": {"generation_number": 5, "individual_number": 296, "crash": true, "goal_reached": false, "scenario_length": 1}}, "[[36.993954426525065], [2.499998003583363, 122.40846245084865, 93.82648775073432], [1.1383205390039755, 147.36889198586738], [1.0693793162253347, 35.37675641076197]]": {"ego_positions": [[2.5705, 15.9788]], "ego_orientations": [4.7123], "obs_positions": [[2.8, 8.8969]], "obs_orientations": [4.7123], "objectives": {"extension_time": -0.9, "danger_difference": 197.94751299211023, "parameter_difference": 2.8412570549539486}, "attributes": {"generation_number": 9, "individual_number": 465, "crash": true, "goal_reached": false, "scenario_length": 1}}, "[[42.4255359620774], [2.27524023394842, 108.26462105124999, 0.9486064382423507], [0.18265891684479119, 0.46761775240688164], [0.4925791844978705, 3.618324128021844]]": {"ego_positions": [[2.5705, 15.9788]], "ego_orientations": [4.7123], "obs_positions": [[2.8, 8.8969]], "obs_orientations": [4.7123], "objectives": {"extension_time": -0.9, "danger_difference": 197.94751299211023, "parameter_difference": 39.64371213480656}, "attributes": {"generation_number": 16, "individual_number": 807, "crash": true, "goal_reached": false, "scenario_length": 1}}}