{"[[22.07957612153449], [3.7947611442269213, 338.71238621816934, 724.4221815402018], [0.6343524543702153, 158.67029316240925], [2.449463680467647, 36.604732771306]]": {"ego_positions": [[2.5705, 17.5788]], "ego_orientations": [4.7123], "obs_positions": [[2.8, 10.2057]], "obs_orientations": [4.7123], "objectives": {"extension_time": -0.8, "danger_difference": 197.94751299211023, "parameter_difference": 249.7747006734171}, "attributes": {"generation_number": 0, "individual_number": 3, "crash": true, "goal_reached": false, "scenario_length": 1}}, "[[21.46555924472552], [17.22597734625615, 26.21542866086396, 734.4465241490212], [2.1086781123697125, 157.03903848112145], [1.389737333768538, 7.4978400473901194]]": {"ego_positions": [[2.5705, 17.5788]], "ego_orientations": [4.7123], "obs_positions": [[2.8, 10.2057]], "obs_orientations": [4.7123], "objectives": {"extension_time": -0.8, "danger_difference": 197.94751299211023, "parameter_difference": 253.82612034683714}, "attributes": {"generation_number": 0, "individual_number": 15, "crash": true, "goal_reached": false, "scenario_length": 1}}, "[[5.957708082419705], [40.41077766954079, 424.6116051537574, 954.6575484067866], [0.24781891915439058, 79.93624774965411], [1.2245951555895456, 19.28231979096095]]": {"ego_positions": [[2.5705, 17.5788]], "ego_orientations": [4.7123], "obs_positions": [[2.8, 10.2057]], "obs_orientations": [4.7123], "objectives": {"extension_time": -0.8, "danger_difference": 197.94751299211023, "parameter_difference": 342.16159453141495}, "attributes": {"generation_number": 0, "individual_number": 16, "crash": true, "goal_reached": false, "scenario_length": 1}}, "[[30.27182269177678], [12.121323113912213, 51.825080884155746, 335.81103387563394], [0.39906304948225624, 129.28397838334197], [1.0097804040190383, 43.19100655283702]]": {"ego_positions": [[2.5705, 17.5788]], "ego_orientations": [4.7123], "obs_positions": [[2.8, 10.2057]], "obs_orientations": [4.7123], "objectives": {"extension_time": -0.8, "danger_difference": 197.94751299211023, "parameter_difference": 94.37211496950266}, "attributes": {"generation_number": 1, "individual_number": 71, "crash": true, "goal_reached": false, "scenario_length": 1}}, "[[26.256576455083234], [2.4813416935316823, 129.09346694197924, 776.602405231083], [3.983416180646529, 22.335745591277885], [4.8390500079960965, 14.732766610093153]]": {"ego_positions": [[2.5705, 17.5788]], "ego_orientations": [4.7123], "obs_positions": [[2.8, 10.2057]], "obs_orientations": [4.7123], "objectives": {"extension_time": -0.8, "danger_difference": 197.94751299211023, "parameter_difference": 270.64354569452723}, "attributes": {"generation_number": 5, "individual_number": 264, "crash": true, "goal_reached": false, "scenario_length": 1}}, "[[44.61794970992147], [2.5, 27.29944717738031, 0.06787724833208131], [0.7995960156026203, 16.397838638346762], [1.0735422989695969, 14.080458673363612]]": {"ego_positions": [[2.5705, 17.5788]], "ego_orientations": [4.7123], "obs_positions": [[2.8, 10.2057]], "obs_orientations": [4.7123], "objectives": {"extension_time": -0.8, "danger_difference": 197.94751299211023, "parameter_difference": 39.99378309516159}, "attributes": {"generation_number": 6, "individual_number": 312, "crash": true, "goal_reached": false, "scenario_length": 1}}, "[[21.451741947478318], [2.24816172347162, 119.75335280476699, 2.5], [1.6452819648395707, 77.52978067244752], [0.4131691002422781, 6.106081708443112]]": {"ego_positions": [[2.5705, 17.5788]], "ego_orientations": [4.7123], "obs_positions": [[2.8, 10.2057]], "obs_orientations": [4.7123], "objectives": {"extension_time": -0.8, "danger_difference": 197.94751299211023, "parameter_difference": 39.01865273264553}, "attributes": {"generation_number": 6, "individual_number": 315, "crash": true, "goal_reached": false, "scenario_length": 1}}, "[[37.0111094088186], [2.5, 113.97369639240029, 2.5], [1.587196360029087, 154.09146282973575], [1.0864921296558863, 23.3939726761914]]": {"ego_positions": [[2.5705, 17.5788]], "ego_orientations": [4.7123], "obs_positions": [[2.8, 10.2057]], "obs_orientations": [4.7123], "objectives": {"extension_time": -0.8, "danger_difference": 197.94751299211023, "parameter_difference": 39.02204171164873}, "attributes": {"generation_number": 6, "individual_number": 322, "crash": true, "goal_reached": false, "scenario_length": 1}}, "[[28.33651847311933], [47.25540236778127, 28.078137582569052, 776.602405231083], [2.038791511595155, 43.37524866958449], [0.27362851860397575, 37.265976129522]]": {"ego_positions": [[2.5705, 17.5788]], "ego_orientations": [4.7123], "obs_positions": [[2.8, 10.2057]], "obs_orientations": [4.7123], "objectives": {"extension_time": -0.8, "danger_difference": 197.94751299211023, "parameter_difference": 271.1694339057361}, "attributes": {"generation_number": 6, "individual_number": 340, "crash": true, "goal_reached": false, "scenario_length": 1}}, "[[44.70365458550494], [2.5, 121.04429787089946, 70.5646495506519], [2.062374352807701, 162.43830986394903], [0.8959439827899173, 10.802593217537124]]": {"ego_positions": [[2.5705, 17.5788]], "ego_orientations": [4.7123], "obs_positions": [[2.8, 10.2057]], "obs_orientations": [4.7123], "objectives": {"extension_time": -0.8, "danger_difference": 197.94751299211023, "parameter_difference": 11.852506243806268}, "attributes": {"generation_number": 7, "individual_number": 355, "crash": true, "goal_reached": false, "scenario_length": 1}}, "[[29.92398348201288], [2.4372301683379227, 65.34626298965914, 1.357130276027732], [47.21830415248983, 111.0734709605489], [0.43258716134808783, 33.49204507671478]]": {"ego_positions": [[2.5705, 17.5788]], "ego_orientations": [4.7123], "obs_positions": [[2.8, 10.2057]], "obs_orientations": [4.7123], "objectives": {"extension_time": -0.8, "danger_difference": 197.94751299211023, "parameter_difference": 39.47824528836834}, "attributes": {"generation_number": 7, "individual_number": 366, "crash": true, "goal_reached": false, "scenario_length": 1}}, "[[44.451479612328264], [2.5, 117.30769285208513, 364.87521057970173], [0.5802019546645054, 24.74646701663002], [1.0633248704676603, 5.569408481748649]]": {"ego_positions": [[2.5705, 17.5788]], "ego_orientations": [4.7123], "obs_positions": [[2.8, 10.2057]], "obs_orientations": [4.7123], "objectives": {"extension_time": -0.8, "danger_difference": 197.94751299211023, "parameter_difference": 105.95827791679213}, "attributes": {"generation_number": 7, "individual_number": 386, "crash": true, "goal_reached": false, "scenario_length": 1}}, "[[30.960229169844602], [2.5, 200.0, 2.5], [1.5360804947319866, 128.27963848353482], [0.785240415706417, 7.496924484235958]]": {"ego_positions": [[2.5705, 17.5788]], "ego_orientations": [4.7123], "obs_positions": [[2.8, 10.2057]], "obs_orientations": [4.7123], "objectives": {"extension_time": -0.8, "danger_difference": 197.94751299211023, "parameter_difference": 39.02411538292107}, "attributes": {"generation_number": 8, "individual_number": 429, "crash": true, "goal_reached": false, "scenario_length": 1}}, "[[44.726130556370315], [2.5, 19.761567126009155, 70.5646495506519], [2.062374352807701, 176.2043731359439], [0.896365258336812, 10.79727666128874]]": {"ego_positions": [[2.5705, 17.5788]], "ego_orientations": [4.7123], "obs_positions": [[2.8, 10.2057]], "obs_orientations": [4.7123], "objectives": {"extension_time": -0.8, "danger_difference": 197.94751299211023, "parameter_difference": 11.848869786340446}, "attributes": {"generation_number": 9, "individual_number": 464, "crash": true, "goal_reached": false, "scenario_length": 1}}, "[[30.36294342975436], [47.25540236778127, 106.7104010202752, 2.5], [1.5330711725085187, 53.095297830966075], [1.0354385076818984, 7.942105616828225]]": {"ego_positions": [[2.5705, 17.5788]], "ego_orientations": [4.7123], "obs_positions": [[2.8, 10.2057]], "obs_orientations": [4.7123], "objectives": {"extension_time": -0.8, "danger_difference": 197.94751299211023,