{"[[21.87336129881779], [26.740384701551466, 108.65796440095812, 364.87521057970173], [0.5783326397063465, 47.64544003073101], [0.18194954491996945, 4.846334213313817]]": {"ego_positions": [[2.5705, 39.9789], [2.5702649939305457, 38.379102295280326], [2.569547165955495, 36.78045421475267], [2.5680713555086707, 35.18389238631412], [2.565739442434831, 33.59013841565053], [2.5625762828662895, 31.999729336290386], [2.558628254172596, 30.413141687885783], [2.5491453113591644, 28.83353174383133], [2.5255532746704246, 27.269574253974547], [2.493925110544057, 25.722334599602057], [2.460090151893308, 24.190881000494848], [2.4279048280276085, 22.674214206096742], [2.3998195871569727, 21.171296358837182], [2.3772252239569, 19.681074852268992], [2.3607101052365214, 18.202501781589113], [2.3502774573229264, 16.73454953732952], [2.345525252776299, 15.276223046645796], [2.34579187847061, 13.826569121341052], [2.346235382373279, 12.384346179775505], [2.3289831132269416, 10.947124417206723], [2.2811471071664973, 9.512548391279921], [2.19758350016351, 8.078679069805645], [2.075544738551674, 6.643752115528997], [1.9077165822293607, 5.205667000705461], [1.6966411918581592, 3.7627610249678014], [1.453132556614346, 2.313935672695759], [1.1852526604572475, 0.858215513564931], [0.8892081142554318, -0.6060374282333844], [0.5834918318684466, -2.079483858947989], [0.29633947747432154, -3.5613892266461322], [0.04845768023375019, -5.050771830022825], [-0.14856559979066697, -6.546732361212805], [-0.2901695851695214, -8.048452665544445], [-0.37688235672032144, -9.555181278786108], [-0.41272982027824057, -11.066232015040569], [-0.40394816160817015, -12.580984050578053], [-0.3579707827382439, -14.09921614047802], [-0.3207386054260142, -15.628213922768097], [-0.3835450840907004, -17.189535319353098], [-0.518174305514032, -18.78521497759091], [-0.6390204791523839, -20.41017231751087], [-0.6269734390099626, -22.05231078157233], [-0.5614304974594901, -23.702127226801668], [-0.5144893299316582, -25.354425375049974], [-0.4973143914959022, -27.0068534183077], [-0.4923412972056864, -28.658659899609063], [-0.47153090061124336, -30.309863685808324], [-0.41955245873481806, -31.960585138783784], [-0.3336325637297155, -33.61031248859106], [-0.21249274690251285, -35.25704384044866], [-0.04655824275521869, -36.901547584394486], [0.1506966584160665, -38.54502337480649], [0.3546070347416381, -40.18828799086663]], "ego_orientations": [4.7123, -1.5710543409978728, -1.5714645641446117, -1.5719869323202786, -1.5725295480825325, -1.5730301672258333, -1.5735557254418149, -1.581623892704953, -1.5892927540376558, -1.5925704399764111, -1.5927898608986872, -1.5909617442794568, -1.5878335913658717, -1.583999461565936, -1.5799165805271764, -1.5759225326242507, -1.5722526300952095, -1.5690569823931684, -1.5746019913428384, -1.592474689994602, -1.6163476704165198, -1.6415826385597363, -1.670969380759355, -1.702473414366417, -1.7282277542079552, -1.7446997054798175, -1.7623217812833545, -1.7758496213770556, -1.7715435394392296, -1.750649593671354, -1.7195597721227065, -1.6834564895280568, -1.646255216779302, -1.6107935031862723, -1.5789688256970944, -1.5518888565083504, -1.5300643223620964, -1.5783532149626707, -1.637778137269831, -1.66784692951867, -1.6024201057849483, -1.53673158797588, -1.533160596844671, -1.5523212313767507, -1.5667982694485092, -1.565361650508203, -1.5495513434322685, -1.5288664131950993, -1.5091459179880307, -1.4836465413785032, -1.4584983492730634, -1.4468309391277598, -1.4501424613609082], "obs_positions": [[2.8, 28.529], [2.8, 27.2202], [2.8, 25.9114], [2.8, 24.6026], [2.8, 23.2938], [2.8, 21.985], [2.8, 20.6762], [2.8, 19.3673], [2.8, 18.0585], [2.8, 16.7497], [2.8, 15.4409], [2.8, 14.1321], [2.8, 12.8233], [2.8, 11.5145], [2.8, 10.2057], [2.8, 8.8969], [2.8, 7.588], [2.8, 6.2792], [2.8, 4.9704], [2.8, 3.6616], [2.8, 2.3528], [2.8, 1.044], [2.8, -0.2647], [2.8, -1.5735], [2.8, -2.8823], [2.8, -4.1911], [2.8, -5.5], [2.8729, -6.8075], [2.9455, -8.1147], [3.0181, -9.4223], [3.0907, -10.7299], [3.1632, -12.0374], [3.2375, -13.3297], [3.3055, -14.4476], [3.3258, -15.4851], [3.3018, -16.4293], [3.2379, -17.4645], [3.1355, -18.5792], [2.9977, -19.8676], [2.8618, -21.1799], [2.7559, -22.4744], [2.6801, -23.7107], [2.6335, -24.9108], [2.6173, -26.053], [2.6306, -27.1768], [2.6361, -28.3107], [2.6417, -29.4447], [2.6473, -30.5784], [2.6529, -31.7124], [2.6584, -32.8461], [2.6637, -33.9801], [2.6693, -35.1138], [2.6693, -36.25832]], "obs_orientations": [4.7123, 4.7123, 4.7123, 4.7123, 4.7123, 4.7123, 4.7123, 4.7123, 4.7123, 4.7123, 4.7123, 4.7123, 4.7123, 4.7123, 4.7123, 4.7123, 4.7123, 4.7123, 4.7123, 4.7123, 4.7123, 4.7123, 4.7123, 4.7123, 4.7123, 4.7123, -1.5153, -1.5153, -1.5153, -1.5153, -1.5153, -1.5134, -1.5101, -1.5512, -1.5963, -1.6325, -1.6623, -1.6774, -1.674, -1.6524, -1.632, -1.6096, -1.5849, -1.559, -1.5659, -1.5659, -1.5659, -1.5659, -1.5659, -1.5661, -1.5659, -1.5659, 4.71238898038469], "objectives": {"extension_time": 0.6, "danger_difference": -0.40216107386739885, "parameter_difference": 106.30732059737554}, "attributes": {"generation_number": 2, "individual_number": 146, "crash": false, "goal_reached": true, "scenario_length": 53}}, "[[21.87336129881779], [26.740384701551466, 108.53142102733088, 364.87521057970173], [0.5783326397063465, 47.64544003073101], [0.18194954491996945, 4.838368315126218]]": {"ego_positions": [[2.5705, 39.9789], [2.5702649939305457, 38.379102295280326], [2.569547165955495, 36.78045421475267], [2.5680713555086707, 35.18389238631412], [2.565739442434831, 33.59013841565053], [2.5625762828662895, 31.999729336290386], [2.558628254172596, 30.413141687885783], [2.5491453113591644, 28.83353174383133], [2.5255532746704246, 27.269574253974547], [2.493925110544057, 25.722334599602057], [2.460090151893308, 24.190881000494848], [2.4279048280276085, 22.674214206096742], [2.3998195871569727, 21.171296358837182], [2.3772252239569, 19.681074852268992], [2.3607101052365214, 18.202501781589113], [2.3502774573229264, 16.73454953732952], [2.345525252776299, 15.276223046645796], [2.34579187847061, 13.826569121341052], [2.346235382373279, 12.384346179775505], [2.3289831132269416, 10.947124417206723], [2.2811471071664973, 9.512548391279921], [2.19758350016351, 8.078679069805645], [2.075544738551674, 6.643752115528997], [1.9077165822293607, 5.205667000705461], [1.6966411918581592, 3.7627610249678014], [1.453132556614346, 2.313935672695759], [1.1852526604572475, 0.858215513564931], [0.8892081142554318, -0.6060374282333844], [0.5834918318684466, -2.079483858947989], [0.29633947747432154, -3.5613892266461322], [0.04845768023375019, -5.050771830022825], [-0.14856559979066697, -6.546732361212805], [-0.2901695851695214, -8.048452665544445], [-0.37688235672032144, -9.555181278786108], [-0.41272982027824057, -11.066232015040569], [-0.40394816160817015, -12.580984050578053], [-0.3579707827382439, -14.09921614047802], [-0.3207386054260142, -15.628213922768097], [-0.3835450840907004, -17.189535319353098], [-0.518174305514032, -18.78521497759091], [-0.6390204791523839, -20.41017231751087], [-0.6269734390099626, -22.05231078157233], [-0.5614304974594901, -23.702127226801668], [-0.5144893299316582, -25.354425375049974], [-0.4973143914959022, -27.0068534183077], [-0.4923412972056864, -28.658659899609063], [-0.47153090061124336, -30.309863685808324], [-0.41955245873481806, -31.960585138783784], [-0.3336325637297155, -33.61031248859106], [-0.21249274690251285, -35.25704384044866], [-0.04655824275521869, -36.901547584394486], [0.1506966584160665, -38.54502337480649], [0.3546070347416381, -40.18828799086663]],