{"[[26.256576455083234], [2.5, 11.548239766234529, 776.602405231083], [1.513462149720758, 53.48198179588965], [1.0911082748567893, 37.265976129522]]": {"ego_positions": [[2.5705, 33.5789], [2.57013140254844, 31.979268993183304], [2.568154308289064, 30.382138653529957], [2.5628039977776917, 28.790830062782064], [2.554938849181364, 27.207415147203847], [2.5457414860024197, 25.633248144596635], [2.536112896109841, 24.069274232653214], [2.526712798676882, 22.516094193736727], [2.5179986521079765, 20.974021928968476], [2.510262243796602, 19.443135306257545], [2.503703289041382, 17.9234668213157], [2.4985431933323885, 16.415389786725306], [2.4949579493999923, 14.919405112780225], [2.4938661118761978, 13.43964189419544], [2.4962904802016626, 11.984792892415136], [2.5005983460956775, 10.552352539017612], [2.5056440233309583, 9.138309680077434], [2.5107015911806148, 7.7393075695013565], [2.515286204907028, 6.3524053425455875], [2.5150673495668543, 4.975043463307131], [2.492886127476962, 3.60500988480338], [2.436667940009616, 2.2404073173201318], [2.3421047516098827, 0.8796220472096357], [2.2120567036482828, -0.47882251710379486], [2.0589229958379685, -1.8365953255432503], [1.895908380825989, -3.195072624302752], [1.7339735688903066, -4.555255397858664], [1.5838370763523784, -5.91783529349561], [1.4582219195283468, -7.283261870265772], [1.35592367873084, -8.651789701278187], [1.2742346240698035, -10.023518646490867], [1.2143229789226995, -11.398431871315065], [1.174698674072283, -12.776426261675777], [1.1373491908039055, -14.161832481772205], [1.0444467441907355, -15.575026028943252], [0.8672392413105265, -17.035649873571852], [0.6134519981816395, -18.557651188532287], [0.31426741485076626, -20.147134931885727], [0.020755359206406254, -21.795376683219185], [-0.18792294068226667, -23.48256681737706], [-0.2983605533882838, -25.191617833711216], [-0.33682553720104336, -26.911090002717824], [-0.32766693322759277, -28.636200666796935], [-0.2753813634668849, -30.366351746378136], [-0.1942144317880845, -32.10168720084169], [-0.12371696190472115, -33.84270920336507], [-0.06707090693589679, -35.589523703032235], [0.021813764039545713, -37.34181456147781], [0.15463686995129278, -39.099022997099034], [0.3595517180704957, -40.86080444259611]], "ego_orientations": [4.7123, -1.571293850074026, -1.5730664276793433, -1.5750985035624252, -1.5763083711528925, -1.5768768631411287, -1.5769593716122605, -1.5766879899238724, -1.576173408340285, -1.5755067160174159, -1.5746862854086219, -1.573734798953474, -1.5726129258566797, -1.5702123432325763, -1.568283714120871, -1.5674078520750871, -1.5671329617913097, -1.5672886234491665, -1.567730348399916, -1.5769150282624116, -1.5985283805586334, -1.625929027847664, -1.6542594507080288, -1.676405601231287, -1.6881592217088723, -1.6909378021241182, -1.686631422501196, -1.6722169254467198, -1.6534459560174621, -1.637842327628606, -1.6223529350783625, -1.606566140474241, -1.5930229792092865, -1.6114007128035297, -1.6637569520848237, -1.716932512977273, -1.7505745282531002, -1.759507016247004, -1.724827582903207, -1.6627927343047073, -1.6111549137100232, -1.578103033023572, -1.5527612266024367, -1.5290344015571957, -1.5242014057295172, -1.5377583949416245, -1.5324941628420214, -1.5070338593192805, -1.485399446882683, -1.4151975448685503], "obs_positions": [[2.8, 23.2938], [2.8, 21.985], [2.8, 20.6762], [2.8, 19.3673], [2.8, 18.0585], [2.8, 16.7497], [2.8, 15.4409], [2.8, 14.1321], [2.8, 12.8233], [2.8, 11.5145], [2.8, 10.2057], [2.8, 8.8969], [2.8, 7.588], [2.8, 6.2792], [2.8, 4.9704], [2.8, 3.6616], [2.8, 2.3528], [2.8, 1.044], [2.8, -0.2647], [2.8, -1.5735], [2.8, -2.8823], [2.8, -4.1911], [2.8, -5.5], [2.8729, -6.8075], [2.9455, -8.1147], [3.0181, -9.4223], [3.0907, -10.7299], [3.1632, -12.0374], [3.2375, -13.3297], [3.3055, -14.4476], [3.3258, -15.4851], [3.3018, -16.4293], [3.2379, -17.4645], [3.1355, -18.5792], [2.9977, -19.8676], [2.8618, -21.1799], [2.7559, -22.4744], [2.6801, -23.7107], [2.6335, -24.9108], [2.6173, -26.053], [2.6306, -27.1768], [2.6361, -28.3107], [2.6417, -29.4447], [2.6473, -30.5784], [2.6529, -31.7124], [2.6584, -32.8461], [2.6637, -33.9801], [2.6693, -35.1138], [2.6749, -36.2478], [2.6749, -37.38470000000001]], "obs_orientations": [4.7123, 4.7123, 4.7123, 4.7123, 4.7123, 4.7123, 4.7123, 4.7123, 4.7123, 4.7123, 4.7123, 4.7123, 4.7123, 4.7123, 4.7123, 4.7123, 4.7123, 4.7123, 4.7123, 4.7123, 4.7123, 4.7123, -1.5153, -1.5153, -1.5153, -1.5153, -1.5153, -1.5134, -1.5101, -1.5512, -1.5963, -1.6325, -1.6623, -1.6774, -1.674, -1.6524, -1.632, -1.6096, -1.5849, -1.559, -1.5659, -1.5659, -1.5659, -1.5659, -1.5659, -1.5661, -1.5659, -1.5659, -1.5659, 4.71238898038469], "objectives": {"extension_time": 0.2, "danger_difference": 0.029855258628817882, "parameter_difference": 270.64398989931726}, "attributes": {"generation_number": 3, "individual_number": 171, "crash": false, "goal_reached": true, "scenario_length": 50}}, "[[36.78325027750997], [2.5, 89.75459951659239, 2.5], [2.2150053627960715, 101.98163761924621], [0.8742739343184346, 42.3460666232844]]": {"ego_positions": [[2.5705, 33.5789], [2.57013140254844, 31.979268993183304], [2.568154308289064, 30.382138653529957], [2.5628039977776917, 28.790830062782064], [2.554938849181364, 27.207415147203847], [2.5457414860024197, 25.633248144596635], [2.536112896109841, 24.069274232653214], [2.526712798676882, 22.516094193736727], [2.5179986521079765, 20.974021928968476], [2.510262243796602, 19.443135306257545], [2.503703289041382, 17.9234668213157], [2.498531102061719, 16.415389786725306], [2.494890673280423, 14.919405112780225], [2.493757499891698, 13.43964189419544], [2.496214416254079, 11.984792892415136], [2.5005996214464035, 10.552352539017612], [2.5057433446123305, 9.138309680077434], [2.5109061559972736, 7.7393075695013565], [2.5155912647102334, 6.3524053425455875], [2.5154597540500134, 4.975043463307131], [2.493347952564373, 3.60500988480338], [2.437179229602071, 2.240407317310678], [2.3426455125426418, 0.879622046695794], [2.2128507377922357, -0.4787031486072889], [2.060904030515018, -1.8357064601928768], [1.8994813048158652, -3.1923247550123297], [1.7383212227806562, -4.549316417711922], [1.585580890612081, -5.907282517319043], [1.4494092821636515, -7.266695603955139], [1.3317035463852005, -8.62791492567855], [1.23264619772406, -9.991200131388634], [1.1531224850839978, -11.356727828409117], [1.092503097066805, -12.724604950355864], [1.0360093227293146, -14.099472540797219], [0.9328585315503448, -15.502350235244773], [0.7578235219658029, -16.95347893082589], [0.517944621657354, -18.467247696041863], [0.24088664923466174, -20.049985716227663], [-0.028090106502647316, -21.692851386162044], [-0.2182279450475284, -23.375866815389866], [-0.3183066590080248, -25.08322613018549], [-0.348467324142657, -26.80962926166897], [-0.3179433979381572, -28.553922984477392], [-0.23723290384786422, -30.312962454885827], [-0.15461017863319038, -32.082714925389304], [-0.14266415816345157, -33.857992407579296], [-0.11212418706654592, -35.636335358600554], [-0.018714300447582932, -37.41637144520184], [0.13037467208414233, -39.19713218625174], [0.3512065683819596, -40.97770859469053]],