{"[[8.602931013227517], [16.811512427118902, 56.32053541930859, 10.797589061750546], [0.29761413425926087, 16.10679764885312], [1.6440111573574785, 4.9036882619432784]]": {"ego_positions": [[2.5705, 14.3788]], "ego_orientations": [4.7123], "obs_positions": [[2.8, 7.588]], "obs_orientations": [4.7123], "objectives": {"extension_time": -1.0, "danger_difference": 197.94751299211023, "parameter_difference": 35.992501214885195}, "attributes": {"generation_number": 0, "individual_number": 41, "crash": true, "goal_reached": false, "scenario_length": 1}}, "[[8.602931013227517], [2.5, 56.32053541930859, 10.797589061750546], [0.31595917626590336, 86.0261819886585], [0.6658384094957228, 5.007592140351033]]": {"ego_positions": [[2.5705, 14.3788]], "ego_orientations": [4.7123], "obs_positions": [[2.8, 7.588]], "obs_orientations": [4.7123], "objectives": {"extension_time": -1.0, "danger_difference": 197.94751299211023, "parameter_difference": 35.69530665155067}, "attributes": {"generation_number": 1, "individual_number": 58, "crash": true, "goal_reached": false, "scenario_length": 1}}, "[[4.670141530577357], [2.5, 117.80471699209247, 2.5], [1.4909102769932958, 134.57910414923293], [1.240596900530999, 24.08992882589473]]": {"ego_positions": [[2.5705, 14.3788]], "ego_orientations": [4.7123], "obs_positions": [[2.8, 7.588]], "obs_orientations": [4.7123], "objectives": {"extension_time": -1.0, "danger_difference": 197.94751299211023, "parameter_difference": 39.016838136937885}, "attributes": {"generation_number": 3, "individual_number": 155, "crash": true, "goal_reached": false, "scenario_length": 1}}, "[[35.07339774492463], [2.492168965258621, 159.75457367444662, 2.5], [132.87089016731917, 199.48366172388944], [2.4438377947466337, 14.787826450863758]]": {"ego_positions": [[2.5705, 14.3788]], "ego_orientations": [4.7123], "obs_positions": [[2.8, 7.588]], "obs_orientations": [4.7123], "objectives": {"extension_time": -1.0, "danger_difference": 197.94751299211023, "parameter_difference": 39.02378610065679}, "attributes": {"generation_number": 3, "individual_number": 186, "crash": true, "goal_reached": false, "scenario_length": 1}}, "[[36.993954426525065], [2.499998003583363, 21.123859147673862, 93.82648775073432], [1.6358587809744942, 147.36889198586738], [1.0698005917722295, 35.37143935081525]]": {"ego_positions": [[2.5705, 14.3788]], "ego_orientations": [4.7123], "obs_positions": [[2.8, 7.588]], "obs_orientations": [4.7123], "objectives": {"extension_time": -1.0, "danger_difference": 197.94751299211023, "parameter_difference": 2.8217698366834614}, "attributes": {"generation_number": 7, "individual_number": 360, "crash": true, "goal_reached": false, "scenario_length": 1}}, "[[37.047063228555764], [2.499998003583363, 81.58366988104542, 93.82648775073432], [1.6358587809744942, 147.36889198586738], [1.0680294175785447, 35.37143935081525]]": {"ego_positions": [[2.5705, 14.3788]], "ego_orientations": [4.7123], "obs_positions": [[2.8, 7.588]], "obs_orientations": [4.7123], "objectives": {"extension_time": -1.0, "danger_difference": 197.94751299211023, "parameter_difference": 2.822735681014234}, "attributes": {"generation_number": 8, "individual_number": 412, "crash": true, "goal_reached": false, "scenario_length": 1}}, "[[30.4464770838994], [2.499534604691135, 113.30238146667881, 2.4260582233244463], [2.741289071946496, 80.16274748787305], [0.2583412587861966, 5.7965047035893384]]": {"ego_positions": [[2.5705, 14.3788]], "ego_orientations": [4.7123], "obs_positions": [[2.8, 7.588]], "obs_orientations": [4.7123], "objectives": {"extension_time": -1.0, "danger_difference": 197.94751299211023, "parameter_difference": 39.04717861584701}, "attributes": {"generation_number": 8, "individual_number": 445, "crash": true, "goal_reached": false, "scenario_length": 1}}, "[[37.71664356411772], [2.499998003583363, 81.58366988104542, 93.82648775073432], [1.6358587809744942, 147.36889198586738], [1.0672201301060267, 35.37144865216861]]": {"ego_positions": [[2.5705, 14.3788]], "ego_orientations": [4.7123], "obs_positions": [[2.8, 7.588]], "obs_orientations": [4.7123], "objectives": {"extension_time": -1.0, "danger_difference": 197.94751299211023, "parameter_difference": 2.825806473083944}, "attributes": {"generation_number": 9, "individual_number": 457, "crash": true, "goal_reached": false, "scenario_length": 1}}, "[[36.993954426525065], [2.4999999827062362, 21.123859147673862, 93.82648775073432], [1.6358587809744942, 147.36889198586738], [1.0698005917722295, 35.37143935081525]]": {"ego_positions": [[2.5705, 14.3788]], "ego_orientations": [4.7123], "obs_positions": [[2.8, 7.588]], "obs_orientations": [4.7123], "objectives": {"extension_time": -1.0, "danger_difference": 197.94751299211023, "parameter_difference": 2.82176955613276}, "attributes": {"generation_number": 9, "individual_number": 492, "crash": true, "goal_reached": false, "scenario_length": 1}}, "[[36.993994313700675], [2.4999982466865323, 86.58094632053486, 93.82648775073432], [1.614919204240407, 86.32505122100255], [1.0698005917722295, 35.37143935081525]]": {"ego_positions": [[2.5705, 14.3788]], "ego_orientations": [4.7123], "obs_positions": [[2.8, 7.588]], "obs_orientations": [4.7123], "objectives": {"extension_time": -1.0, "danger_difference": 197.94751299211023, "parameter_difference": 2.815616956233185}, "attributes": {"generation_number": 10, "individual_number": 533, "crash": true, "goal_reached": false, "scenario_length": 1}}, "[[36.993954426525065], [2.499998003583363, 21.123859147673862, 93.82648775073432], [1.762807220247049, 147.36889198586738], [1.069820537575503, 35.57794176920658]]": {"ego_positions": [[2.5705, 14.3788]], "ego_orientations": [4.7123], "obs_positions": [[2.8, 7.588]], "obs_orientations": [4.7123], "objectives": {"extension_time": -1.0, "danger_difference": 197.94751299211023, "parameter_difference": 2.822661841262508}, "attributes": {"generation_number": 10, "individual_number": 534, "crash": true, "goal_reached": false, "scenario_length": 1}}, "[[36.993954426525065], [2.49999874378826, 21.123859147673862, 93.82648775073432], [1.6358587809744942, 83.0530908068587], [0.8786478659923652, 35.37143935081525]]": {"ego_positions": [[2.5705, 14.3788]], "ego_orientations": [4.7123], "obs_positions": [[2.8, 7.588]], "obs_orientations": [4.7123], "objectives": {"extension_time": -1.0, "danger_difference": 197.94751299211023, "parameter_difference": 2.813056184928116}, "attributes": {"generation_number": 10, "individual_number": 536, "crash": true, "goal_reached": false, "scenario_length": 1}}, "[[36.993994313700675], [2.4995952865843054, 89.02432629131916, 93.82648775073432], [1.614919204240407, 85.00243030830589], [1.0596944727534456, 4.792689666436077]]": {"ego_positions": [[2.5705, 14.3788]], "ego_orientations": [4.7123], "obs_positions": [[2.8, 7.588]], "obs_orientations": [4.7123], "objectives": {"extension_time": -1.0, "danger_difference": 197.94751299211023, "parameter_difference": 2.750088295932865}, "attributes": {"generation_number": 11, "individual_number": 579, "crash": true, "goal_reached": false, "scenario_length": 1}}, "[[38.951687762240475], [2.49999874378826, 21.123859147673862, 93.82648775073432], [1.6358587809744942, 83.0530908068587], [0.8786478659923652, 35.37143935081525]]": {"ego_positions": [[2.5705, 14.3788]], "ego_orientations": [4.7123], "obs_positions": [[2.8, 7.588]], "obs_orientations": [4.7123], "objectives": {"extension_time": -1.0, "danger_difference": 197.94751299211023, "parameter_difference": 2.8222201707849743}, "attributes": {"generation_number": 11, "individual_number": 598, "crash": true, "goal_reached": false, "scenario_length": 1}}, "[[37.66698546235624], [2.4999999611580557, 145.5070702394845, 93.82648775073432], [1.6148645636039316, 138.6475816816764], [1.0680294175785447, 38.63082945494277]]": {"ego_positions": [[2.5705, 14.3788]], "ego_orientations": [4.7123], "obs_positions": [[2.8, 7.588]], "obs_orientations": [4.7123], "objectives": {"extension_time": -1.0,