{"[[25.919889003257694], [2.5, 179.22191197662065, 943.004767316539], [1.326415440700421, 18.981054021379805], [0.8858609949592953, 20.347876124938477]]": {"ego_positions": [[-36.3564, 1.8574], [-35.06276304051556, 1.7275767119418681], [-33.76838295459808, 1.5974820633323275], [-32.472633330436636, 1.4671060999884664], [-31.175019168062846, 1.336485929017087], [-29.875638712378173, 1.1975908968161806], [-28.575593132067166, 1.045300760096397], [-27.27222081302169, 0.9024789500383171], [-25.964892079395028, 0.7683772556562065], [-24.654559841703513, 0.6360159954094342], [-23.34144427305742, 0.5035177314038363], [-22.025683180193823, 0.3704177845924669], [-20.707470333685475, 0.2356958152390513], [-19.38733789935123, 0.09518520005942706], [-18.06570920184159, -0.054028234600783334], [-16.7428266977587, -0.21293726451336495], [-15.418834167706933, -0.3815297819074468], [-14.09391945899946, -0.5604808837652183], [-12.768411248051555, -0.7523686156117769], [-11.443030100521401, -0.9646935240846258], [-10.11016679161324, -1.2274113462306326], [-8.73753901187816, -1.5561723508626448], [-7.320366295411591, -1.8719156356309914], [-5.866903900194558, -2.1257054594127003], [-4.384976031026506, -2.2959972043548476], [-2.882093707795001, -2.373975969513097], [-1.3657705782044751, -2.360896462917726], [0.1565993180182745, -2.2756472496798725], [1.6784079227761008, -2.171254230449431], [3.1953608717668427, -2.0887396243922125], [4.705201544176303, -2.049918133365924], [6.20685981438022, -2.0648723982569828]], "ego_orientations": [6.1832, -0.10008847499609086, -0.1002389939236652, -0.10031137288051806, -0.10080607863946867, -0.11339275609541932, -0.11406825200621462, -0.10301232645482816, -0.10125387842870559, -0.10045257489691295, -0.10067580629954875, -0.10095475274733534, -0.1034278046045305, -0.10900283142827849, -0.11596027624452176, -0.12308810052719288, -0.13027563107287587, -0.1384746205873073, -0.14970432174276294, -0.16974383979135155, -0.22322965821118856, -0.23509423320406775, -0.19897657359665022, -0.14495987898670393, -0.08329486180024226, -0.020842341281408494, 0.036841375299264456, 0.06787433791753017, 0.06472821032527865, 0.04154157331701569, 0.009056045963983017, -0.03029780457416198], "obs_positions": [[41.1707, -1.8206], [39.1807, -1.6209], [37.1907, -1.4212], [35.2007, -1.2216], [33.2107, -1.0219], [31.2207, -0.8222], [29.2307, -0.6226], [27.2406, -0.424], [25.7179, -0.3688], [24.1948, -0.3173], [22.6712, -0.2703], [21.1472, -0.2281], [19.6227, -0.1916], [18.0974, -0.1611], [16.5715, -0.1373], [15.0448, -0.1208], [13.5175, -0.1122], [11.9893, -0.112], [10.46, -0.1208], [8.93, -0.1391], [7.3988, -0.1677], [5.8666, -0.207], [4.3333, -0.2577], [2.7987, -0.3202], [1.2629, -0.3954], [-0.2741, -0.4834], [-1.8126, -0.5853], [-3.3525, -0.7013], [-4.894, -0.8322], [-6.4369, -0.9784], [-7.9814, -1.1407], [-9.968164921891177, -1.3704066501926915]], "obs_orientations": [3.0415, 3.0415, 3.0416, 3.0415, 3.0415, 3.0416, 3.0421, 3.1052, 3.1078, 3.1107, 3.1139, 3.1174, 3.1216, 3.126, 3.1307, 3.1359, 3.1414, 3.1473, 3.1536, 3.1602, 3.1672, 3.1746, 3.1823, 3.1904, 3.1988, 3.2076, 3.2168, 3.2262, 3.2359, 3.2462, 3.2567, 3.2567], "objectives": {"extension_time": 0.7, "danger_difference": -0.08644360573272536, "parameter_difference": 377.20487498027234}, "attributes": {"generation_number": 4, "individual_number": 246, "crash": false, "goal_reached": true, "scenario_length": 32}}, "[[8.109272812421368], [1.627851918000759, 99.96542184918088, 2.5], [1.8981939536558285, 130.63638217409795], [3.242310685952403, 37.445584406338654]]": {"ego_positions": [[-36.3564, 1.8574], [-35.06276304051556, 1.7275767119418681], [-33.76838748142592, 1.5974369460411146], [-32.4726659617859, 1.4667808902377666], [-31.175117036721783, 1.3355129042434304], [-29.875868135427844, 1.1955599022292516], [-28.57599339522052, 1.0418148671613692], [-27.272770029313843, 0.8971901340338758], [-25.965633647881475, 0.7610654336959872], [-24.655492302860544, 0.6267229637673413], [-23.34254995084675, 0.4924958317481114], [-22.026924951374408, 0.35804072173984064], [-20.708805142351974, 0.22239280815627244], [-19.38872186448563, 0.08139250706095277], [-18.067101171857434, -0.06790091858144631], [-16.74419040316825, -0.22652842409567242], [-15.420138884129493, -0.39453303685428076], [-14.095137902147322, -0.5726244605278223], [-12.769515324021507, -0.763372820229585], [-11.443980963339063, -0.9741715023665943], [-10.110874200090471, -1.234461776943301], [-8.737876757746678, -1.5595383769680078], [-7.319979872587664, -1.8752503577596917], [-5.86392348940351, -2.1382845879242756], [-4.377428001974223, -2.306668474925523], [-2.870038604626272, -2.371627495450793], [-1.3522896456779039, -2.356533831510714], [0.1656274241984212, -2.3036795519944087], [1.6761617334886427, -2.2567850569988366], [3.1776980788804643, -2.23711912173609], [4.670228703941193, -2.256198876939698], [6.151488877285706, -2.3466042293496563]], "ego_orientations": [6.1832, -0.10008847499609086, -0.10034065713613138, -0.10065850323122927, -0.10146257946497528, -0.11436553204952293, -0.11532625993566903, -0.1045018200932537, -0.10281582720871274, -0.10188686449022466, -0.10185961134910304, -0.10182421911287776, -0.10396257945587806, -0.10921328027964439, -0.11587718131743774, -0.12275449100111668, -0.12972919271303152, -0.1377298983406945, -0.14873282158283896, -0.16840463835410446, -0.22093037402989246, -0.23232376286084122, -0.20348817570604094, -0.14862632508135043, -0.07659432275366829, -0.012558893945244343, 0.02759422086224994, 0.03665238283863559, 0.023462818350180825, 0.00177217598335222, -0.029307115263063288, -0.09954923685117567], "obs_positions": [[41.1707, -1.8206], [39.1807, -1.6209], [37.1907, -1.4212], [35.2007, -1.2216], [33.2107, -1.0219], [31.2207, -0.8222], [29.2307, -0.6226], [27.2406, -0.424], [25.7179, -0.3688], [24.1948, -0.3173], [22.6712, -0.2703], [21.1472, -0.2281], [19.6227, -0.1916], [18.0974, -0.1611], [16.5715, -0.1373], [15.0448, -0.1208], [13.5175, -0.1122], [11.9893, -0.112], [10.46, -0.1208], [8.93, -0.1391], [7.3988, -0.1677], [5.8666, -0.207], [4.3333, -0.2577], [2.7987, -0.3202], [1.2629, -0.3954], [-0.2741, -0.4834], [-1.8126, -0.5853], [-3.3525, -0.7013], [-4.894, -0.8322], [-6.4369, -0.9784], [-7.9814, -1.1407], [-9.968164921891177, -1.3704066501926915]], "obs_orientations": [3.0415, 3.0415, 3.0416, 3.0415, 3.0415, 3.0416, 3.0421, 3.1052, 3.1078, 3.1107, 3.1139, 3.1174, 3.1216, 3.126, 3.1307, 3.1359, 3.1414, 3.1473, 3.1536, 3.1602, 3.1672, 3.1746, 3.1823, 3.1904, 3.1988, 3.2076, 3.2168, 3.2262, 3.2359, 3.2462, 3.2567, 3.2567], "objectives": {"extension_time": 0.7, "danger_difference": 89.02331334900968, "parameter_difference": 1.5275655038795721}, "attributes": {"generation_number": 6, "individual_number": 349, "crash": true, "goal_reached": true, "scenario_length": 32}},