{"[[33.948742551959306], [1.9827895181114688, 148.7827332409026, 680.1228769404137], [0.00418045278760884, 103.99288321824456], [0.6291574112378286, 22.156514061108684]]": {"ego_positions": [[-31.1824, 1.3382], [-29.888761560940324, 1.2081649330758408], [-28.59488811621808, 1.069599612333756], [-27.30128974626954, 0.9203145209364294], [-26.004911642983505, 0.7834912856638482], [-24.70500387154365, 0.6541569877360918], [-23.402689142445283, 0.5237485093776978], [-22.097775279699913, 0.39211110750737566], [-20.79024969269206, 0.25811973046726305], [-19.481274858399658, 0.11782573605467896], [-18.17198092363349, -0.03143342682596277], [-16.863160881345465, -0.19043875952396677], [-15.555346955032723, -0.35868140538083637], [-14.249051595379287, -0.5357730677122172], [-12.94541692978426, -0.7248710249272126], [-11.645259620157832, -0.934511558251703], [-10.34583777065612, -1.1750050767418228], [-9.042735200506431, -1.436392376331436], [-7.731604318693, -1.6942629660743571], [-6.409423654404997, -1.9221864285511225], [-5.075822300547956, -2.1042921685689726], [-3.734220021446601, -2.2477607615179354], [-2.390964940086027, -2.3825417443239827], [-1.0477098587254865, -2.5173227271300265], [0.2955452226350208, -2.6521037099360667], [1.6372403850579853, -2.791262620920901], [2.97752201486686, -2.9263424963495868], [4.318084112650261, -3.0460034030087115], [5.659720977898161, -3.146764273699888]], "ego_orientations": [6.1831, -0.101638004643819, -0.1129307607708645, -0.11074243658246541, -0.09887133487563826, -0.0994727492590366, -0.100148894573862, -0.10095676363325001, -0.10395134191404853, -0.10992827030926122, -0.11719029020226834, -0.12453679900982983, -0.13118029229739658, -0.13870901354573384, -0.15019463708879588, -0.17141910507617109, -0.1930439409575131, -0.19959498973726308, -0.18536946691053302, -0.1539912885533674, -0.11827068325862644, -0.10000436673454693, -0.10000436673454693, -0.10000436673454693, -0.10000436673454693, -0.1039469708869527, -0.09557897094851686, -0.08206934366981677, -0.06804631111237036], "obs_positions": [[33.2107, -1.0219], [31.2207, -0.8222], [29.2307, -0.6226], [27.2406, -0.424], [25.7179, -0.3688], [24.1948, -0.3173], [22.6712, -0.2703], [21.1472, -0.2281], [19.6227, -0.1916], [18.0974, -0.1611], [16.5715, -0.1373], [15.0448, -0.1208], [13.5175, -0.1122], [11.9893, -0.112], [10.46, -0.1208], [8.93, -0.1391], [7.3988, -0.1677], [5.8666, -0.207], [4.3333, -0.2577], [2.7987, -0.3202], [1.2629, -0.3954], [-0.2741, -0.4834], [-1.8126, -0.5853], [-3.3525, -0.7013], [-4.894, -0.8322], [-6.4369, -0.9784], [-7.9814, -1.1407], [-9.5277, -1.3194], [-11.511893376361076, -1.5703514797821059]], "obs_orientations": [3.0415, 3.0416, 3.0421, 3.1052, 3.1078, 3.1107, 3.1139, 3.1174, 3.1216, 3.126, 3.1307, 3.1359, 3.1414, 3.1473, 3.1536, 3.1602, 3.1672, 3.1746, 3.1823, 3.1904, 3.1988, 3.2076, 3.2168, 3.2262, 3.2359, 3.2462, 3.2567, 3.2674, 3.2674], "objectives": {"extension_time": 0.3, "danger_difference": 122.39968890673781, "parameter_difference": 272.0526119447641}, "attributes": {"generation_number": 1, "individual_number": 94, "crash": true, "goal_reached": true, "scenario_length": 29}}, "[[26.923039949295735], [2.5, 200.0, 239.5446963600424], [0.7395923709914722, 138.89710403155797], [1.4970138272652636, 41.0083594805306]]": {"ego_positions": [[-31.1824, 1.3382], [-29.888761560940324, 1.2081649330758408], [-28.59488811621808, 1.069599612333756], [-27.30128974626954, 0.9203145209364294], [-26.004911642983505, 0.7834912856638482], [-24.70500387154365, 0.6541569877360918], [-23.402689142445283, 0.5237485093776978], [-22.097775279699913, 0.39211110750737566], [-20.79024969269206, 0.25811973046726305], [-19.481274858399658, 0.11782573605467896], [-18.17198092363349, -0.03143342682596277], [-16.863160881345465, -0.19043875952396677], [-15.555346955032723, -0.35868140538083637], [-14.249051595379287, -0.5357730677122172], [-12.94541692978426, -0.7248710249272126], [-11.645259620157832, -0.934511558251703], [-10.34583777065612, -1.1750050767418228], [-9.042735200506431, -1.436392376331436], [-7.731604318693, -1.6942629660743571], [-6.409423654404997, -1.9221864285511225], [-5.075822300547956, -2.1042921685689726], [-3.734220021446601, -2.2477607615179354], [-2.390964940086027, -2.3825417443239827], [-1.0477098587254865, -2.5173227271300265], [0.2955452226350208, -2.6521037099360667], [1.6372403850579853, -2.791262620920901], [2.97752201486686, -2.9263424963495868], [4.318084112650261, -3.0460034030087115], [5.659720977898161, -3.146764273699888]], "ego_orientations": [6.1831, -0.101638004643819, -0.1129307607708645, -0.11074243658246541, -0.09887133487563826, -0.0994727492590366, -0.100148894573862, -0.10095676363325001, -0.10395134191404853, -0.10992827030926122, -0.11719029020226834, -0.12453679900982983, -0.13118029229739658, -0.13870901354573384, -0.15019463708879588, -0.17141910507617109, -0.1930439409575131, -0.19959498973726308, -0.18536946691053302, -0.1539912885533674, -0.11827068325862644, -0.10000436673454693, -0.10000436673454693, -0.10000436673454693, -0.10000436673454693, -0.1039469708869527, -0.09557897094851686, -0.08206934366981677, -0.06804631111237036], "obs_positions": [[33.2107, -1.0219], [31.2207, -0.8222], [29.2307, -0.6226], [27.2406, -0.424], [25.7179, -0.3688], [24.1948, -0.3173], [22.6712, -0.2703], [21.1472, -0.2281], [19.6227, -0.1916], [18.0974, -0.1611], [16.5715, -0.1373], [15.0448, -0.1208], [13.5175, -0.1122], [11.9893, -0.112], [10.46, -0.1208], [8.93, -0.1391], [7.3988, -0.1677], [5.8666, -0.207], [4.3333, -0.2577], [2.7987, -0.3202], [1.2629, -0.3954], [-0.2741, -0.4834], [-1.8126, -0.5853], [-3.3525, -0.7013], [-4.894, -0.8322], [-6.4369, -0.9784], [-7.9814, -1.1407], [-9.5277, -1.3194], [-11.511893376361076, -1.5703514797821059]], "obs_orientations": [3.0415, 3.0416, 3.0421, 3.1052, 3.1078, 3.1107, 3.1139, 3.1174, 3.1216, 3.126, 3.1307, 3.1359, 3.1414, 3.1473, 3.1536, 3.1602, 3.1672, 3.1746, 3.1823, 3.1904, 3.1988, 3.2076, 3.2168, 3.2262, 3.2359, 3.2462, 3.2567, 3.2674, 3.2674], "objectives": {"extension_time": 0.3, "danger_difference": 122.39968890673781, "parameter_difference": 95.83374421108742}, "attributes": {"generation_number": 2, "individual_number": 112, "crash": true, "goal_reached": true, "scenario_length": 29}}, "[[16.068713285155155], [1.167156077854516, 109.7426466248109, 2.488033690961499], [1.3244282075830174, 26.143753827125], [2.5083180493439174, 23.032851067640188]]": {"ego_positions": [[-31.1824, 1.3382], [-29.888761560940324, 1.2081649330758408], [-28.59488811621808, 1.069599612333756], [-27.30128974626954, 0.9203145209364294], [-26.004911642983505, 0.7834912856638482], [-24.70500387154365, 0.6541569877360918], [-23.402689142445283, 0.5237485093776978], [-22.097775279699913, 0.39211110750737566], [-20.79024969269206, 0.25811973046726305], [-19.481274858399658, 0.11782573605467896], [-18.17198092363349, -0.03143342682596277], [-16.863160881345465, -0.19043875952396677], [-15.555346955032723, -0.35868140538083637], [-14.249051595379287, -0.5357730677122172], [-12.94541692978426, -0.7248710249272126], [-11.645259620157832, -0.934511558251703], [-10.34583777065612, -1.1750050767418228], [-9.042735200506431, -1.436392376331436], [-7.731604318693, -1.6942629660743571], [-6.409423654404997, -1.9221864285511225], [-5.075822300547956, -2.1042921685689726], [-3.734220021446601, -2.2477607615179354], [-2.390964940086027, -2.3825417443239827], [-1.0477098587254865, -2.5173227271300265], [0.2955452226350208, -2.6521037099360667], [1.6372403850579853, -2.791262620920901], [2.97752201486686, -2.9263424963495868], [4.318084112650261, -3.0460034030087115], [5.659720977898161, -3.146764273699888]],