{"[[7.345871373376273], [2.5, 200.0, 943.004767316539], [1.326415440700421, 17.81696512652715], [0.8858609949592953, 23.131270135563774]]": {"ego_positions": [[-37.6499, 1.9871], [-36.356271195556005, 1.8571950833911157], [-35.06187926479862, 1.7272119154399208], [-33.76610399978309, 1.5970867849767405], [-32.46846501266154, 1.466788607934054], [-31.16860553874688, 1.336285220131442], [-29.866259094334882, 1.2035769982043318], [-28.562748041569314, 1.0547113723666879], [-27.257691408197022, 0.9029098681806175], [-25.947948301246406, 0.7671684267363127], [-24.634891752997504, 0.6341540651538313], [-23.319169591620046, 0.5006772731913137], [-22.00089196747445, 0.36660301948363727], [-20.680558305944327, 0.23036484824465514], [-19.359912507313787, 0.08589252980316311], [-18.040080052261487, -0.06882708236978491], [-16.721726942324832, -0.23351731986676144], [-15.405283039631472, -0.40696625717533524], [-14.091175846981628, -0.5882259537450654], [-12.780481028514794, -0.7795866923302598], [-11.475159396369305, -0.9882490134474311], [-10.166574208522174, -1.242778769167171], [-8.816062905420068, -1.5582596926958252], [-7.424197969093154, -1.862981089534947], [-6.000899739873933, -2.124504982407586], [-4.555195769171918, -2.325902244983911], [-3.096609445466382, -2.448121880874921], [-1.6327222064961964, -2.5120739638104257], [-0.16922029983022, -2.5427866053258485], [1.2895068051642837, -2.5595677444851197], [2.7406520873388036, -2.5762468385384345], [4.182506357700023, -2.6020372134516268], [5.614174841206134, -2.6423992392894537]], "ego_orientations": [6.1831, -0.10008144830934906, -0.1000883940443309, -0.10008286644673525, -0.10006987133130174, -0.10005604018138659, -0.10725375654499558, -0.12207941226093766, -0.10829856721124642, -0.10091656466677978, -0.1009583450430176, -0.10123544998262268, -0.10146743076807052, -0.10529778274340007, -0.11277518266167785, -0.12058083741286385, -0.12782550418536864, -0.13395983138858636, -0.14046391123771595, -0.15016228497833595, -0.16862750368350277, -0.21908054416992062, -0.22863511548749305, -0.2001144157344097, -0.16275237639910145, -0.11042479482201184, -0.06039733481363374, -0.029791530992697268, -0.014371948573736582, -0.010198797067360488, -0.013851878022240527, -0.02257032657225455, -0.034128456038001964], "obs_positions": [[43.1607, -2.0202], [41.1707, -1.8206], [39.1807, -1.6209], [37.1907, -1.4212], [35.2007, -1.2216], [33.2107, -1.0219], [31.2207, -0.8222], [29.2307, -0.6226], [27.2406, -0.424], [25.7179, -0.3688], [24.1948, -0.3173], [22.6712, -0.2703], [21.1472, -0.2281], [19.6227, -0.1916], [18.0974, -0.1611], [16.5715, -0.1373], [15.0448, -0.1208], [13.5175, -0.1122], [11.9893, -0.112], [10.46, -0.1208], [8.93, -0.1391], [7.3988, -0.1677], [5.8666, -0.207], [4.3333, -0.2577], [2.7987, -0.3202], [1.2629, -0.3954], [-0.2741, -0.4834], [-1.8126, -0.5853], [-3.3525, -0.7013], [-4.894, -0.8322], [-6.4369, -0.9784], [-7.9814, -1.1407], [-9.968164921891177, -1.3704066501926915]], "obs_orientations": [3.0415, 3.0415, 3.0415, 3.0416, 3.0415, 3.0415, 3.0416, 3.0421, 3.1052, 3.1078, 3.1107, 3.1139, 3.1174, 3.1216, 3.126, 3.1307, 3.1359, 3.1414, 3.1473, 3.1536, 3.1602, 3.1672, 3.1746, 3.1823, 3.1904, 3.1988, 3.2076, 3.2168, 3.2262, 3.2359, 3.2462, 3.2567, 3.2567], "objectives": {"extension_time": 0.8, "danger_difference": 89.02331334900968, "parameter_difference": 377.20487242545687}, "attributes": {"generation_number": 2, "individual_number": 113, "crash": true, "goal_reached": true, "scenario_length": 33}}, "[[12.807414815148736], [1.1060876106778874, 102.02495118256051, 0.7869610943947716], [1.4192517214189584, 87.68092558605608], [6.609296260910787, 28.98425574487231]]": {"ego_positions": [[-37.6499, 1.9871], [-36.35627571922649, 1.857149985375673], [-35.06191188858599, 1.7268867307470397], [-33.76620170023439, 1.5961130260484377], [-32.46866948679797, 1.464750722600866], [-31.168957203246183, 1.3327804366247757], [-29.86682795193052, 1.1982575572583838], [-28.563640954360732, 1.047353465987403], [-27.258714454331212, 0.8935278301489045], [-25.949070582022706, 0.7560144117716665], [-24.63615035710999, 0.6216135185972506], [-23.320523229384502, 0.48718573218085237], [-22.002296487599057, 0.35260390806845826], [-20.68168033476769, 0.21691270501751259], [-19.359226368663812, 0.07592159717176959], [-18.035374909072512, -0.07333192461125171], [-16.710381406804693, -0.23189739186389918], [-15.38440067954787, -0.3998252588310929], [-14.05763282341555, -0.5778337976502192], [-12.730421382708498, -0.7684963495846551], [-11.403502097477443, -0.9791961765388608], [-10.07267663623831, -1.2389636450906938], [-8.715924147431128, -1.5620490791055577], [-7.32436790491625, -1.874764628908733], [-5.900505418569371, -2.13424544781442], [-4.4479736985588225, -2.2990339961356474], [-2.972765871136666, -2.360729108408903], [-1.4828433207508558, -2.342923251430328], [0.013218253403891794, -2.2880171549457655], [1.5083456319652133, -2.239748336717237], [2.9999455156878287, -2.21923746622147], [4.487181381735098, -2.234681616232411], [5.969585165805877, -2.2906415129744704]], "ego_orientations": [6.1831, -0.1001831540905318, -0.10043607340600325, -0.10074169248586529, -0.10104889529891015, -0.101326881140678, -0.10876535047451696, -0.12367042047756449, -0.1097632643365909, -0.10212835782665497, -0.10185108102597873, -0.10178760842094281, -0.10168903465666013, -0.10378060845830284, -0.10900430015756246, -0.11565144143999628, -0.12251746076028969, -0.1294902298431575, -0.13749538345105705, -0.14850619079736127, -0.16816129493927967, -0.22146069155189974, -0.23417135998548133, -0.20540838662574323, -0.14957755710770915, -0.07598502805132146, -0.010785119110482633, 0.029658584353231987, 0.03823840064665873, 0.024385137266431656, 0.002197315778341924, -0.02316365491538175, -0.05356843062456118], "obs_positions": [[43.1607, -2.0202], [41.1707, -1.8206], [39.1807, -1.6209], [37.1907, -1.4212], [35.2007, -1.2216], [33.2107, -1.0219], [31.2207, -0.8222], [29.2307, -0.6226], [27.2406, -0.424], [25.7179, -0.3688], [24.1948, -0.3173], [22.6712, -0.2703], [21.1472, -0.2281], [19.6227, -0.1916], [18.0974, -0.1611], [16.5715, -0.1373], [15.0448, -0.1208], [13.5175, -0.1122], [11.9893, -0.112], [10.46, -0.1208], [8.93, -0.1391], [7.3988, -0.1677], [5.8666, -0.207], [4.3333, -0.2577], [2.7987, -0.3202], [1.2629, -0.3954], [-0.2741, -0.4834], [-1.8126, -0.5853], [-3.3525, -0.7013], [-4.894, -0.8322], [-6.4369, -0.9784], [-7.9814, -1.1407], [-9.968164921891177, -1.3704066501926915]], "obs_orientations": [3.0415, 3.0415, 3.0415, 3.0416, 3.0415, 3.0415, 3.0416, 3.0421, 3.1052, 3.1078, 3.1107, 3.1139, 3.1174, 3.1216, 3.126, 3.1307, 3.1359, 3.1414, 3.1473, 3.1536, 3.1602, 3.1672, 3.1746, 3.1823, 3.1904, 3.1988, 3.2076, 3.2168, 3.2262, 3.2359, 3.2462, 3.2567, 3.2567], "objectives": {"extension_time": 0.8, "danger_difference": 89.02331334900968, "parameter_difference": 1.0024664439916253}, "attributes": {"generation_number": 14, "individual_number": 719, "crash": true, "goal_reached": true, "scenario_length": 33}}}