{"[[44.721623047556946], [2.5, 200.0, 2.5], [1.3236045153986151, 5.732717092032335], [0.7819081639458313, 26.411060570318515]]": {"ego_positions": [[-49.2915, 3.1552], [-47.99787596989525, 3.0252486745352916], [-46.703507242696695, 2.8950536708844017], [-45.40776418830821, 2.7646217762968446], [-44.11016151943918, 2.633971105507605], [-42.81033857220743, 2.5031091303163118], [-41.50804134134992, 2.372038218558769], [-40.20310557782537, 2.2407444364938685], [-38.89545773233994, 2.1090352258855107], [-37.58507909545342, 1.976804151131863], [-36.27197866846191, 1.8441559950288238], [-34.95621581730414, 1.7110766588862119], [-33.637870803543855, 1.5776750483398065], [-32.31704361853977, 1.4440913766720724], [-30.993857050336093, 1.310405853782288], [-29.66845862488845, 1.1752768884125535], [-28.342465262204918, 1.0244926889773804], [-27.015673769064232, 0.869154130712153], [-25.685126061854692, 0.731360447870574], [-24.35236700289261, 0.5973266033588144], [-23.018131272997774, 0.46334291851935544], [-21.68257642980192, 0.3292844375882974], [-20.345941627835895, 0.19412232219239528], [-19.00879220703092, 0.053492903915077966], [-17.671558393970617, -0.09569481998779775], [-16.334462273076696, -0.25454513630843933], [-14.997614352313242, -0.42312521001982817], [-13.661189171518801, -0.6021842032364216], [-12.325546365115722, -0.7943744873917494], [-10.991525947481646, -1.0072835234822834], [-9.659910537735527, -1.2480152459718081], [-8.329433161142584, -1.503297528899055], [-6.998717839078856, -1.7591728317429889], [-5.6668115551292155, -2.005305350012397], [-4.333062630234376, -2.2346675577901247], [-2.9970599139013796, -2.4430271661942964], [-1.6586677145529316, -2.6285943043628004], [-0.31794987425588017, -2.791644070615106], [1.0246937449926552, -2.935608873944184], [2.3683695353364307, -3.0693404487438745], [3.712358070802337, -3.1997903573098974], [5.05629500069802, -3.3304911858924156], [6.399988317144587, -3.463070816132239]], "ego_orientations": [6.1831, -0.10018418513929639, -0.10029697220458811, -0.10034353604741408, -0.10034635569587724, -0.10032832079642429, -0.10027809304263702, -0.10030037077493947, -0.1004832290888471, -0.10062852405778155, -0.10073606366039378, -0.1008418498756356, -0.10083185705213804, -0.10074763522286734, -0.10063193798208125, -0.10668155910616406, -0.12336871682898298, -0.10877560629921401, -0.10033387468666088, -0.10010948413912413, -0.10006055666268132, -0.1000219926485082, -0.10224510261478681, -0.10770070519640118, -0.11463707044663884, -0.12181909481705411, -0.1291273985359238, -0.13750717711136318, -0.14897703978024435, -0.16932116740219705, -0.18616488359425531, -0.19125964389356298, -0.1874071746256316, -0.17720593448402777, -0.16287462688583698, -0.14632688858176746, -0.12924769788240464, -0.11303897645445016, -0.10192060784371826, -0.0973500544022734, -0.09659296764334613, -0.09743037044327973, -0.09943427857554177], "obs_positions": [[61.0708, -3.8172], [59.0808, -3.6175], [57.0908, -3.4178], [55.1008, -3.2182], [53.1108, -3.0185], [51.1208, -2.8188], [49.1308, -2.6192], [47.1407, -2.4195], [45.1507, -2.2199], [43.1607, -2.0202], [41.1707, -1.8205], [39.1807, -1.6209], [37.1907, -1.4212], [35.2007, -1.2216], [33.2107, -1.0219], [31.2207, -0.8222], [29.2307, -0.6226], [27.2406, -0.424], [25.7179, -0.3688], [24.1948, -0.3173], [22.6712, -0.2703], [21.1472, -0.2281], [19.6227, -0.1916], [18.0974, -0.1611], [16.5715, -0.1373], [15.0448, -0.1208], [13.5175, -0.1122], [11.9893, -0.112], [10.46, -0.1208], [8.93, -0.1391], [7.3988, -0.1677], [5.8666, -0.207], [4.3333, -0.2577], [2.7987, -0.3202], [1.2629, -0.3954], [-0.2741, -0.4834], [-1.8126, -0.5853], [-3.3525, -0.7013], [-4.894, -0.8322], [-6.4369, -0.9784], [-7.9814, -1.1407], [-9.5277, -1.3194], [-11.511893376361076, -1.5703514797821059]], "obs_orientations": [3.0415, 3.0415, 3.0416, 3.0415, 3.0415, 3.0415, 3.0416, 3.0415, 3.0415, 3.0416, 3.0416, 3.0415, 3.0416, 3.0415, 3.0415, 3.0416, 3.0421, 3.1052, 3.1078, 3.1107, 3.1139, 3.1174, 3.1216, 3.126, 3.1307, 3.1359, 3.1414, 3.1473, 3.1536, 3.1602, 3.1672, 3.1746, 3.1823, 3.1904, 3.1988, 3.2076, 3.2168, 3.2262, 3.2359, 3.2462, 3.2567, 3.2674, 3.2674], "objectives": {"extension_time": 1.7, "danger_difference": 122.36346852582771, "parameter_difference": 2.0197536571679735}, "attributes": {"generation_number": 1, "individual_number": 54, "crash": true, "goal_reached": true, "scenario_length": 43}}, "[[19.981391216564866], [2.4988176499126826, 109.63538169386308, 2.4969103328832705], [0.8125415529025952, 19.02684576497071], [0.8574058499572709, 25.563084076454473]]": {"ego_positions": [[-49.2915, 3.1552], [-47.99787596989525, 3.0252486745352916], [-46.703507242696695, 2.8950536708844017], [-45.40776418830821, 2.7646217762968446], [-44.11016151943918, 2.633971105507605], [-42.81033857220743, 2.5031091303163118], [-41.50804134134992, 2.372038218558769], [-40.20310557782537, 2.2407444364938685], [-38.89545773233994, 2.1090352258855107], [-37.58508321615654, 1.9767630768810203], [-36.27200026164944, 1.8439407263800682], [-34.95625029114887, 1.7107330250267512], [-33.63791079788926, 1.5772764275119442], [-32.31708411908451, 1.4436877120743237], [-30.993894927646505, 1.3100283393659977], [-29.668494012974417, 1.174942663673314], [-28.34249952944804, 1.0242087197175351], [-27.01569949947327, 0.8689193982883784], [-25.68514819097958, 0.7311402377336115], [-24.352404209894075, 0.5969558179343432], [-23.018209205625265, 0.46256619219220685], [-21.682723787598025, 0.32781578103021164], [-20.346183099954935, 0.1917155028435463], [-19.009136307632723, 0.05006329771523731], [-17.671999653337405, -0.10009268446109937], [-16.334986332633328, -0.2597682984932762], [-14.998201299184531, -0.4289750846179594], [-13.661813488270397, -0.6084064270902466], [-12.326175152345852, -0.8006411451740769], [-10.992113290384834, -1.0131377094007736], [-9.660400800037513, -1.252901558616914], [-8.3297918853646, -1.5068721128703664], [-6.998932638195427, -1.7613138240235913], [-5.66688713481244, -2.0060587160532943], [-4.3330155835015765, -2.2341986840771773], [-2.9969145142319102, -2.441578086271086], [-1.6584522328029556, -2.6264466059395444], [-0.31769339844381633, -2.7890874858625843], [1.025164854668513, -2.930952657448413], [2.3701806172702473, -3.0515658046182623], [3.717641561036474, -3.1479132471791686], [5.067415496333247, -3.2212100579450094], [6.418998285037322, -3.2762545625595214]], "ego_orientations": [6.1831, -0.10018418513929639, -0.10029697220458811, -0.10034353604741408, -0.10034635569587724, -0.10032832079642429, -0.10027809304263702, -0.10030037077493947, -0.1004832290888471, -0.1007198898182784, -0.10086842629480408, -0.10090819814259788, -0.10085193921651481, -0.10073758510586828, -0.10060426979084358, -0.10664547995582208, -0.12333060614569114, -0.10873955544987801, -0.10036903112271922, -0.10031112014638666, -0.1004708748916805, -0.10064631256921697, -0.1029992555978243, -0.10845840578395816, -0.11531488005119428, -0.12236711944201595, -0.12950747332005896, -0.1376738354284477, -0.1488643558215763, -0.16879666567457807, -0.18529115337018176, -0.19022188795400918, -0.1863471687759617, -0.1762281602597362, -0.1620510062799605, -0.14570057438510986, -0.12883660652027373, -0.11283952573162992, -0.09769185704077454, -0.08057601378360335, -0.06238190062499793, -0.0467450264084972, -0.035469671907492284],