{"[[24.332102124345923], [2.5, 181.54137596267424, 1.2528313607360277], [2.0689879817129713, 92.67581135956033], [1.7313666338350062, 20.34286510141296]]": {"ego_positions": [[-44.1175, 2.6361], [-42.82387598273017, 2.50614857563153], [-41.52951175307345, 2.375909195251599], [-40.23379653760726, 2.2452026390340905], [-38.93625684627769, 2.1139289208586836], [-37.63653643594879, 1.9820459253967848], [-36.33438075917771, 1.8495603228074706], [-35.029618967412766, 1.7165235250519653], [-33.72215220829535, 1.5830099150833796], [-32.41194157079631, 1.449103021206997], [-31.098998384937747, 1.3148828727197848], [-29.783949455622622, 1.1729308589322827], [-28.468264216898564, 1.0149669175177436], [-27.149036647552887, 0.8680947672512427], [-25.826065513701174, 0.7325135693663124], [-24.50078178261704, 0.5975657494575283], [-23.173405962506084, 0.4627479056931379], [-21.844104631704397, 0.32795680494774154], [-20.513133831659207, 0.1921783712598045], [-19.18106941092438, 0.051188954922470185], [-17.848358903990086, -0.09799809093842668], [-16.515252420015152, -0.256458102165659], [-15.181892886105015, -0.42426695747551707], [-13.848479100909445, -0.6021575582811399], [-12.515376704714434, -0.7927068567395957], [-11.18339539002283, -1.0032731685083973], [-9.852948823161576, -1.2408112389316024], [-8.521235514870801, -1.4926216259362335], [-7.1852630496160295, -1.7453489188491635], [-5.842637049347833, -1.9891692963412007], [-4.49144583626265, -2.217381447342846], [-3.1302745955233404, -2.4259850040945774], [-1.7581658723959142, -2.61334685106863], [-0.3745664653594147, -2.7798138191416806], [1.0201856028037866, -2.925230433112438], [2.42343420293185, -3.0443766877038003], [3.8321894202268303, -3.1373492634228093], [5.244094079176956, -3.2106422592849193]], "ego_orientations": [6.1831, -0.1001841514453119, -0.10039723377345133, -0.10067921044425976, -0.10097496847054899, -0.10126751524880273, -0.10151317134561744, -0.10169995334170245, -0.10181673785185641, -0.10187128133788104, -0.10109078499473068, -0.11518523358301458, -0.117159269160938, -0.10230192826407691, -0.10172136898104078, -0.10130708612542616, -0.10112909304645434, -0.10098112398678882, -0.10303712571040968, -0.10822814093540245, -0.11485431976251359, -0.12172788526844158, -0.12872771156354368, -0.13677230469839152, -0.14781372470538123, -0.16747686638582238, -0.18370094602606724, -0.1883725232864082, -0.18432345885195556, -0.17413632404408297, -0.1600260091380079, -0.14394780688831155, -0.127559770699464, -0.1122012443041438, -0.0946904177106056, -0.07475923350606362, -0.0579972838181817, -0.046553438999996644], "obs_positions": [[53.1108, -3.0185], [51.1208, -2.8188], [49.1308, -2.6192], [47.1407, -2.4195], [45.1507, -2.2199], [43.1607, -2.0202], [41.1707, -1.8205], [39.1807, -1.6209], [37.1907, -1.4212], [35.2007, -1.2216], [33.2107, -1.0219], [31.2207, -0.8222], [29.2307, -0.6226], [27.2406, -0.424], [25.7179, -0.3688], [24.1948, -0.3173], [22.6712, -0.2703], [21.1472, -0.2281], [19.6227, -0.1916], [18.0974, -0.1611], [16.5715, -0.1373], [15.0448, -0.1208], [13.5175, -0.1122], [11.9893, -0.112], [10.46, -0.1208], [8.93, -0.1391], [7.3988, -0.1677], [5.8666, -0.207], [4.3333, -0.2577], [2.7987, -0.3202], [1.2629, -0.3954], [-0.2741, -0.4834], [-1.8126, -0.5853], [-3.3525, -0.7013], [-4.894, -0.8322], [-6.4369, -0.9784], [-7.9814, -1.1407], [-9.968164921891177, -1.3704066501926915]], "obs_orientations": [3.0415, 3.0415, 3.0415, 3.0415, 3.0415, 3.0415, 3.0415, 3.0415, 3.0416, 3.0415, 3.0415, 3.0416, 3.0421, 3.1052, 3.1078, 3.1107, 3.1139, 3.1174, 3.1216, 3.126, 3.1307, 3.1359, 3.1414, 3.1473, 3.1536, 3.1602, 3.1672, 3.1746, 3.1823, 3.1904, 3.1988, 3.2076, 3.2168, 3.2262, 3.2359, 3.2462, 3.2567, 3.2567], "objectives": {"extension_time": 1.3, "danger_difference": 122.74575891772461, "parameter_difference": 1.5852373655907976}, "attributes": {"generation_number": 4, "individual_number": 205, "crash": true, "goal_reached": true, "scenario_length": 38}}, "[[14.920612283849849], [2.5, 179.48254791252776, 2.376530091889493], [1.4861820571071322, 112.85116927207302], [0.44233713420326737, 3.286763444953653]]": {"ego_positions": [[-44.1175, 2.6361], [-42.82387598273017, 2.50614857563153], [-41.52951175307345, 2.375909195251599], [-40.23379653760726, 2.2452026390340905], [-38.93625684627769, 2.1139289208586836], [-37.63653643594879, 1.9820459253967848], [-36.33438075917771, 1.8495603228074706], [-35.029618967412766, 1.7165235250519653], [-33.72215220829535, 1.5830099150833796], [-32.41194157079631, 1.449103021206997], [-31.098998384937747, 1.3148828727197848], [-29.783949455622622, 1.1729308589322827], [-28.468264216898564, 1.0149669175177436], [-27.149036647552887, 0.8680947672512427], [-25.826065513701174, 0.7325135693663124], [-24.50078178261704, 0.5975657494575283], [-23.173405962506084, 0.4627479056931379], [-21.844104631704397, 0.32795680494774154], [-20.513133831659207, 0.1921783712598045], [-19.18106941092438, 0.051188954922470185], [-17.848358903990086, -0.09799809093842668], [-16.515252420015152, -0.256458102165659], [-15.181892886105015, -0.42426695747551707], [-13.848479100909445, -0.6021575582811399], [-12.515376704714434, -0.7927068567395957], [-11.18339539002283, -1.0032731685083973], [-9.852948823161576, -1.2408112389316024], [-8.521235514870801, -1.4926216259362335], [-7.1852630496160295, -1.7453489188491635], [-5.842637049347833, -1.9891692963412007], [-4.49144583626265, -2.217381447342846], [-3.1302745955233404, -2.4259850040945774], [-1.7581658723959142, -2.61334685106863], [-0.3745664653594147, -2.7798138191416806], [1.0201856028037866, -2.925230433112438], [2.42343420293185, -3.0443766877038003], [3.8321894202268303, -3.1373492634228093], [5.244094079176956, -3.2106422592849193]], "ego_orientations": [6.1831, -0.1001841514453119, -0.10039723377345133, -0.10067921044425976, -0.10097496847054899, -0.10126751524880273, -0.10151317134561744, -0.10169995334170245, -0.10181673785185641, -0.10187128133788104, -0.10109078499473068, -0.11518523358301458, -0.117159269160938, -0.10230192826407691, -0.10172136898104078, -0.10130708612542616, -0.10112909304645434, -0.10098112398678882, -0.10303712571040968, -0.10822814093540245, -0.11485431976251359, -0.12172788526844158, -0.12872771156354368, -0.13677230469839152, -0.14781372470538123, -0.16747686638582238, -0.18370094602606724, -0.1883725232864082, -0.18432345885195556, -0.17413632404408297, -0.1600260091380079, -0.14394780688831155, -0.127559770699464, -0.1122012443041438, -0.0946904177106056, -0.07475923350606362, -0.0579972838181817, -0.046553438999996644], "obs_positions": [[53.1108, -3.0185], [51.1208, -2.8188], [49.1308, -2.6192], [47.1407, -2.4195], [45.1507, -2.2199], [43.1607, -2.0202], [41.1707, -1.8205], [39.1807, -1.6209], [37.1907, -1.4212], [35.2007, -1.2216], [33.2107, -1.0219], [31.2207, -0.8222], [29.2307, -0.6226], [27.2406, -0.424], [25.7179, -0.3688], [24.1948, -0.3173], [22.6712, -0.2703], [21.1472, -0.2281], [19.6227, -0.1916], [18.0974, -0.1611], [16.5715, -0.1373], [15.0448, -0.1208], [13.5175, -0.1122], [11.9893, -0.112], [10.46, -0.1208], [8.93, -0.1391], [7.3988, -0.1677], [5.8666, -0.207], [4.3333, -0.2577], [2.7987, -0.3202], [1.2629, -0.3954], [-0.2741, -0.4834], [-1.8126, -0.5853], [-3.3525, -0.7013], [-4.894, -0.8322], [-6.4369, -0.9784], [-7.9814, -1.1407], [-9.968164921891177, -1.3704066501926915]], "obs_orientations": [3.0415, 3.0415, 3.0415, 3.0415, 3.0415, 3.0415, 3.0415, 3.0415, 3.0416, 3.0415, 3.0415, 3.0416, 3.0421, 3.1052, 3.1078, 3.1107, 3.1139, 3.1174, 3.1216, 3.126, 3.1307, 3.1359, 3.1414, 3.1473, 3.1536, 3.1602, 3.1672, 3.1746, 3.1823, 3.1904, 3.1988, 3.2076, 3.2168, 3.2262, 3.2359, 3.2462, 3.2567, 3.2567], "objectives": {"extension_time": 1.3, "danger_difference": 122.74575891772461, "parameter_difference": 1.6892027358251198}, "attributes": {"generation_number": 4, "individual_number": 211, "crash": true, "goal_reached": true, "scenario_length": 38}},