{"[[11.604787219312986], [2.5, 200.0, 2.5], [0.6084511506075796, 31.9994936180503], [0.17306963957555654, 22.598820996685426]]": {"ego_positions": [[-51.8785, 3.4147], [-50.58487584652136, 3.2847492254384925], [-49.29051177925429, 3.154496502903714], [-47.994799284387696, 3.023750857532009], [-46.697264658754655, 2.892414899466957], [-45.39755051885264, 2.760465328974441], [-44.09539975982428, 2.6279275073424158], [-42.790641052861375, 2.4948573296064893], [-41.483174779363466, 2.36133989012175], [-40.172960454308146, 2.2274676567793654], [-38.86001224815409, 2.0932919643646652], [-37.544382678450724, 1.9588837709069395], [-36.226154856375366, 1.824311920069783], [-34.905439106000735, 1.6896117841518736], [-33.58236194031182, 1.554832965136277], [-32.25706108355478, 1.4200255044106285], [-30.929683212260667, 1.2852245797243402], [-29.601082624324174, 1.1431491542433483], [-28.272581223590407, 0.9849102300428251], [-26.94121432974122, 0.8381885776687583], [-25.607099777002094, 0.7030536619242458], [-24.27159410102646, 0.5685095505143272], [-22.934886894516858, 0.43406688149977557], [-21.597117987567035, 0.2996118042579979], [-20.2554982012015, 0.16483348762344951], [-18.900954307534285, 0.022362110943469165], [-17.537657358022088, -0.1463896298773011], [-16.167199324632996, -0.33342670425469123], [-14.788534156077075, -0.52942465495306], [-13.404192563500217, -0.7330002213681344], [-12.015708545992082, -0.9432324940442645], [-10.624137273734515, -1.1597025295726218], [-9.230026811826692, -1.3784063104094337], [-7.835057038139738, -1.6081120544835996], [-6.442005555014383, -1.865342185642835], [-5.046989772248351, -2.105958531594014], [-3.639189743592849, -2.2650143910982212], [-2.209716849113906, -2.3015458632272248], [-0.7534364607890931, -2.2035426055501874], [0.7316034147923023, -1.9821821393633747], [2.244758161645159, -1.6660657181990608], [3.780811441366007, -1.3037059110237024], [5.3262571963092675, -0.9657726847448946], [6.873323952830658, -0.6923226519105503], [8.4149299410325, -0.5209656537134459], [9.943570830226806, -0.48698587535476223], [11.45740840204174, -0.5907106650496416], [12.957515320584063, -0.8135924685986176], [14.444557972897957, -1.1390911320114765], [15.91714685010719, -1.5690103261702106], [17.378112425060696, -2.068132778467805]], "ego_orientations": [6.1831, -0.10018319995946445, -0.10041872823623965, -0.10071944973525504, -0.10103063055671502, -0.10131323027988692, -0.10154584928014465, -0.10171768309888929, -0.10180243150257873, -0.10183861052315724, -0.10183492670293859, -0.10177668022150232, -0.10168958662702021, -0.10158723435678407, -0.10144557030072043, -0.10129314012518265, -0.10002369874192141, -0.11418979843270005, -0.11621288609120661, -0.10110082723794989, -0.10059783180904969, -0.10028562385434547, -0.10019708283487194, -0.10014735795094687, -0.10009821214744541, -0.11339185461959644, -0.13099529533742515, -0.13893606735791408, -0.14366237761739242, -0.14812999180174113, -0.15254183439668179, -0.155581554412624, -0.15496887668118742, -0.17581031803872804, -0.184122474643166, -0.14849177275803527, -0.07184455640956777, 0.02139221863045293, 0.11051828505901184, 0.18117836989436498, 0.22586305834319287, 0.22893805298399528, 0.1985507068120338, 0.14756938478681647, 0.0685115788841788, -0.024253959335397646, -0.11058909575700238, -0.18132308719437518, -0.2515691565418905, -0.3119752431881606, -0.3406619637944548], "obs_positions": [[65.0508, -4.2165], [63.0608, -4.0169], [61.0708, -3.8172], [59.0808, -3.6176], [57.0908, -3.4179], [55.1008, -3.2182], [53.1108, -3.0185], [51.1208, -2.8188], [49.1308, -2.6192], [47.1407, -2.4195], [45.1507, -2.2199], [43.1607, -2.0202], [41.1707, -1.8205], [39.1807, -1.6209], [37.1907, -1.4212], [35.2007, -1.2216], [33.2107, -1.0219], [31.2207, -0.8222], [29.2307, -0.6226], [27.2406, -0.424], [25.7179, -0.3688], [24.1948, -0.3173], [22.6712, -0.2703], [21.1472, -0.2281], [19.6227, -0.1916], [18.0974, -0.1611], [16.5715, -0.1373], [15.0448, -0.1208], [13.5175, -0.1122], [11.9893, -0.112], [10.46, -0.1208], [8.93, -0.1391], [7.3988, -0.1677], [5.8666, -0.207], [4.3333, -0.2577], [2.7987, -0.3202], [1.2629, -0.3954], [-0.2741, -0.4834], [-1.8126, -0.5853], [-3.3525, -0.7013], [-4.894, -0.8322], [-6.4369, -0.9784], [-7.9814, -1.1407], [-9.5277, -1.3194], [-11.0756, -1.5154], [-12.6252, -1.729], [-14.1769, -1.961], [-15.7302, -2.2117], [-17.2857, -2.4821], [-18.8431, -2.7724], [-20.804491728385337, -3.1634786210234287]], "obs_orientations": [3.0415, 3.0415, 3.0415, 3.0415, 3.0415, 3.0415, 3.0415, 3.0415, 3.0415, 3.0415, 3.0415, 3.0415, 3.0415, 3.0415, 3.0416, 3.0415, 3.0415, 3.0416, 3.0421, 3.1052, 3.1078, 3.1107, 3.1139, 3.1174, 3.1216, 3.126, 3.1307, 3.1359, 3.1414, 3.1473, 3.1536, 3.1602, 3.1672, 3.1746, 3.1823, 3.1904, 3.1988, 3.2076, 3.2168, 3.2262, 3.2359, 3.2462, 3.2567, 3.2674, 3.2784, 3.2899, 3.3016, 3.3136, 3.3258, 3.3384, 3.3384], "objectives": {"extension_time": 1.9, "danger_difference": 123.44133015232363, "parameter_difference": 1.8061725666608963}, "attributes": {"generation_number": 2, "individual_number": 131, "crash": true, "goal_reached": true, "scenario_length": 51}}, "[[15.542458636894507], [1.9615951217734278, 393.1983892091412, 2.4677885129768447], [2.259199136077769, 0.9528155494332946], [1.794495439689616, 0.054130178774680626]]": {"ego_positions": [[-51.8785, 3.4147], [-50.58487584652136, 3.2847492254384925], [-49.29051177925429, 3.154496502903714], [-47.994799284387696, 3.023750857532009], [-46.697264658754655, 2.892414899466957], [-45.39755051885264, 2.760465328974441], [-44.09539975982428, 2.6279275073424158], [-42.790641052861375, 2.4948573296064893], [-41.483174779363466, 2.36133989012175], [-40.172960454308146, 2.2274676567793654], [-38.86001224815409, 2.0932919643646652], [-37.544382678450724, 1.9588837709069395], [-36.226154856375366, 1.824311920069783], [-34.905439106000735, 1.6896117841518736], [-33.58236194031182, 1.554832965136277], [-32.25706108355478, 1.4200255044106285], [-30.929683212260667, 1.2852245797243402], [-29.601082624324174, 1.1431491542433483], [-28.272581223590407, 0.9849102300428251], [-26.94121381298401, 0.8381936196574814], [-25.607096226214463, 0.7030889698145595], [-24.27158401399112, 0.568610082468157], [-22.934866910805415, 0.4342660733425723], [-21.597085468314607, 0.29993593565540727], [-20.25545238332443, 0.16529014557844474], [-18.900898879519215, 0.022914515442415552], [-17.537598060033424, -0.1457986501119977], [-16.16714072795963, -0.3328427095447628], [-14.78834490331549, -0.5306241804583296], [-13.402442969233284, -0.7415439414018146], [-12.008547471419334, -0.9587750594965742], [-10.608564603584881, -1.1796500822671505], [-9.204450222906498, -1.3998667163078915], [-7.799316208323839, -1.6269161052625296], [-6.398054260999877, -1.8771746097707844], [-4.997686966177494, -2.106750474265712], [-3.5908713269402437, -2.2481115256232176], [-2.1738878027156208, -2.272193309953088], [-0.7472246267550567, -2.1906071921424575], [0.6857515416173169, -2.042303664666998], [2.1201389034191704, -1.880236078233741], [3.550864463972821, -1.7542179845014076], [4.974030215713787, -1.6889914955283536], [6.387390837000935, -1.693672495802544], [7.790239141434366, -1.7664067529878689], [9.183119315091018, -1.893706339399033], [10.566637171517467, -2.0561199796677925]],