{"[[13.038035933672514], [36.57654497214802, 268.9861373468576, 383.67898234284513], [2.3007300997842677, 176.76902699274777], [1.3021154533663406, 15.392562539098975]]": {"ego_positions": [[-59.6395, 4.1934], [-58.345875799824924, 4.063449490445688], [-57.05151166575415, 3.933194130535061], [-55.75579963426836, 3.802441303214003], [-54.458265380943516, 3.6710997109693917], [-53.1585513555132, 3.539146263365666], [-51.856400649159006, 3.406605423674289], [-50.551641796427425, 3.2735344913651176], [-49.24417589337874, 3.140006579484038], [-47.933964528669705, 3.0061012069434225], [-46.62101934929336, 2.871895307892954], [-45.305392205940066, 2.737461776708403], [-43.987166824840486, 2.602865591074511], [-42.666451639441306, 2.4681611045947274], [-41.34337328430804, 2.3333932561270125], [-40.01807113311796, 2.1985979404015326], [-38.69069214284546, 2.0638077619670607], [-37.36138776832369, 1.9290452007030228], [-36.030310783854425, 1.7943229172795627], [-34.69761561394524, 1.6596169531558689], [-33.36345018736058, 1.5249280750047574], [-32.02795580009178, 1.390265598872825], [-30.691268261915404, 1.255626381025666], [-29.35435364765536, 1.1129958720676043], [-28.018290919861972, 0.9543847392187315], [-26.679961270321627, 0.8084230249191416], [-25.33975183904566, 0.6733935083780012], [-23.998879450945342, 0.5387511058691209], [-22.657469215754528, 0.40416414207401735], [-21.31561179870355, 0.26956159136582136], [-19.970484525636994, 0.13463687217169287], [-18.61579589512011, -0.01877115992191885], [-17.26462436503407, -0.23625212348864078], [-15.918680154441189, -0.4941261421896353], [-14.574872998096062, -0.7576804988015489], [-13.231456632762132, -1.0102806946232628], [-11.887468445906023, -1.243400654956607], [-10.542363435942562, -1.4525954313617802], [-9.19592970427686, -1.6365154309139114], [-7.841943764701395, -1.8004479876394628], [-6.456335084783848, -1.9594646687863286], [-5.027760109141064, -2.1152070613710157], [-3.5668697775121396, -2.264566516010315], [-2.0992368299960646, -2.411827174067567], [-0.6316038824800017, -2.5590878321248187], [0.8360290650360502, -2.7063484901820685], [2.303484733058529, -2.836115431072968], [3.76694631802706, -2.9213593057323717], [5.221410704104687, -2.967861773136506]], "ego_orientations": [6.1831, -0.10018250846023502, -0.10042321506951435, -0.10072475384372925, -0.10103372247970377, -0.10131605664188204, -0.10154739772444188, -0.10171687648814487, -0.10182115997363894, -0.10186476404622269, -0.10185398252794986, -0.10179630293801001, -0.10170145017838994, -0.10157898774506524, -0.10143704800411779, -0.10128098953270026, -0.10111717829136158, -0.10094864612001153, -0.10079899338552867, -0.10067692680094797, -0.10055126954087168, -0.10043844354293974, -0.09967738839378981, -0.11413611057897466, -0.11514572422049163, -0.10055087605480573, -0.10020314216507398, -0.10001408170199078, -0.0999821764068507, -0.09997365597703567, -0.09996947820388424, -0.13522008334527413, -0.1792536211666338, -0.1945600397237648, -0.19109994771642924, -0.17957741314700026, -0.1633601166832861, -0.14504261878091196, -0.12656539397795186, -0.11657292301476385, -0.11186498353896646, -0.10499511949951046, -0.100004173969098, -0.100004173969098, -0.100004173969098, -0.100004173969098, -0.07382120532549319, -0.043402251501532874, -0.02264752393283409], "obs_positions": [[76.9909, -5.4145], [75.0009, -5.2148], [73.0109, -5.0151], [71.0208, -4.8155], [69.0308, -4.6158], [67.0408, -4.4162], [65.0508, -4.2165], [63.0608, -4.0168], [61.0708, -3.8172], [59.0808, -3.6175], [57.0908, -3.4179], [55.1008, -3.2182], [53.1108, -3.0185], [51.1208, -2.8188], [49.1308, -2.6192], [47.1407, -2.4195], [45.1507, -2.2198], [43.1607, -2.0202], [41.1707, -1.8205], [39.1807, -1.6209], [37.1907, -1.4212], [35.2007, -1.2216], [33.2107, -1.0219], [31.2207, -0.8222], [29.2307, -0.6226], [27.2406, -0.424], [25.7179, -0.3688], [24.1948, -0.3173], [22.6712, -0.2703], [21.1472, -0.2281], [19.6227, -0.1916], [18.0974, -0.1611], [16.5715, -0.1373], [15.0448, -0.1208], [13.5175, -0.1122], [11.9893, -0.112], [10.46, -0.1208], [8.93, -0.1391], [7.3988, -0.1677], [5.8666, -0.207], [4.3333, -0.2577], [2.7987, -0.3202], [1.2629, -0.3954], [-0.2741, -0.4834], [-1.8126, -0.5853], [-3.3525, -0.7013], [-4.894, -0.8322], [-6.4369, -0.9784], [-8.425967277989313, -1.1872333393694234]], "obs_orientations": [3.0415, 3.0415, 3.0415, 3.0415, 3.0415, 3.0415, 3.0415, 3.0415, 3.0415, 3.0415, 3.0415, 3.0415, 3.0415, 3.0415, 3.0415, 3.0415, 3.0415, 3.0415, 3.0415, 3.0415, 3.0416, 3.0415, 3.0415, 3.0416, 3.0421, 3.1052, 3.1078, 3.1107, 3.1139, 3.1174, 3.1216, 3.126, 3.1307, 3.1359, 3.1414, 3.1473, 3.1536, 3.1602, 3.1672, 3.1746, 3.1823, 3.1904, 3.1988, 3.2076, 3.2168, 3.2262, 3.2359, 3.2462, 3.2462], "objectives": {"extension_time": 2.5, "danger_difference": 89.02331334900968, "parameter_difference": 154.17419401815107}, "attributes": {"generation_number": 0, "individual_number": 11, "crash": true, "goal_reached": true, "scenario_length": 49}}, "[[24.24759669959313], [2.5, 198.9266128993519, 1.2528313607360277], [2.0916395201748132, 110.06696671594426], [1.7313666338350062, 39.13525923712059]]": {"ego_positions": [[-59.6395, 4.1934], [-58.345875799824924, 4.063449490445688], [-57.05151166575415, 3.933194130535061], [-55.75579963426836, 3.802441303214003], [-54.458265380943516, 3.6710997109693917], [-53.1585513555132, 3.539146263365666], [-51.856400649159006, 3.406605423674289], [-50.551641796427425, 3.2735344913651176], [-49.24417589337874, 3.140006579484038], [-47.933964528669705, 3.0061012069434225], [-46.62101934929336, 2.871895307892954], [-45.305392205940066, 2.737461776708403], [-43.987166824840486, 2.602865591074511], [-42.666451639441306, 2.4681611045947274], [-41.34337328430804, 2.3333932561270125], [-40.01807113311796, 2.1985979404015326], [-38.69069214284546, 2.0638077619670607], [-37.36138776832369, 1.9290452007030228], [-36.030310783854425, 1.7943229172795627], [-34.69761561394524, 1.6596169531558689], [-33.36345018736058, 1.5249280750047574], [-32.02795580009178, 1.390265598872825], [-30.69126812250692, 1.255627770389227], [-29.354352587579765, 1.1130051958555611], [-28.01828813005781, 0.9544087563266673], [-26.679957126274306, 0.8084637654613636], [-25.339746259883146, 0.6734490213876041], [-23.998872653690206, 0.5388188515507822], [-22.6574611018979, 0.40424501582415256], [-21.315602083168056, 0.2696584284788495], [-19.970472197169162, 0.1347597489413195], [-18.612997004940834, -0.007828086256419432], [-17.24730613951572, -0.17666032149969396], [-15.875599234313869, -0.36367619660853484], [-14.498762230169744, -0.5588262210717221], [-13.11747760274994, -0.7590308789886568], [-11.732299241908484, -0.9625209403028998], [-10.34387972664552, -1.1688256464305493], [-8.953173357950778, -1.3809967396481166], [-7.562323073857232, -1.6160674520701548], [-6.172951636470556, -1.88440825920633], [-4.782991014553478, -2.1469172353712396], [-3.3898270631057983, -2.367060166601994], [-1.9869287286449562, -2.4957066135265995], [-0.5714756408745927, -2.5221692885651525], [0.8532274364924411, -2.491619123440272], [2.2838285936439155, -2.4457783618009894], [3.7181234701149384, -2.411464299751671], [5.154791588690129, -2.4040463952450817], [6.593147402220419, -2.430557508070811]],