{"[[35.14023947234239], [48.845900431851256, 26.558023092995874, 766.5367005240039], [0.3525175030241909, 47.59127035722817], [0.139292188032219, 24.76526503298481]]": {"ego_positions": [[-54.4655, 3.6743], [-53.17187576882619, 3.54434965241296], [-51.8775114779371, 3.4140933708048102], [-50.581795030531964, 3.2833819821578305], [-49.284233234541716, 3.1523121770275964], [-47.9844562798039, 3.020977838472407], [-46.682205064658554, 2.8894341489054987], [-45.377308010600025, 2.7577400025264205], [-44.069675079550294, 2.6258779183529124], [-42.759291650665155, 2.493687151069651], [-41.446190585031246, 2.3610324815732326], [-40.130432605836106, 2.2279021595093007], [-38.812091916610726, 2.094453916322845], [-37.49126938171974, 1.960817038316154], [-36.16808772244331, 1.827077901985477], [-34.842684571861334, 1.6932874280793713], [-33.514565699405054, 1.5595323089168605], [-32.18192148864573, 1.4258719653527123], [-30.845337264372915, 1.290955719957133], [-29.50700431097985, 1.1423663267771922], [-28.167915190100466, 0.9848945195981298], [-26.826407929908292, 0.8391767091924338], [-25.48354832845482, 0.7014434135078486], [-24.1401523584779, 0.5667613741054759], [-22.796753384169882, 0.4319188723525733], [-21.453386927548575, 0.2971103874766018], [-20.107174021161878, 0.16184149298632694], [-18.74959750845781, 0.018335924534335985], [-17.386834999415672, -0.15171784813131434], [-16.02029693997089, -0.34007258970084164], [-14.64972081622676, -0.5457044350712108], [-13.281358531728026, -0.7855552058389143], [-11.914669678844536, -1.0345533833795872], [-10.548323121097667, -1.2714172603315954], [-9.181619350770251, -1.4875627800202502], [-7.812633993997769, -1.693221665251513], [-6.436162473821278, -1.9074803516222714], [-5.046394312093688, -2.102976016782392], [-3.643984075687549, -2.2568188897058157], [-2.2385397385101915, -2.397830441313423], [-0.8330944088822898, -2.5388420924959387], [0.5723519131961559, -2.6798538432533627], [1.9776838822952414, -2.813615324376041], [3.3795392339597057, -2.941779733570365], [4.775737123294307, -3.0631202468047465], [6.167892501996511, -3.1513789192954462]], "ego_orientations": [6.1831, -0.10018153773876737, -0.10042492139973902, -0.10062737073246542, -0.10069682182666995, -0.10069751321105169, -0.10063263661699118, -0.10052926982677945, -0.10049781215962916, -0.10059910014361595, -0.10077249190720572, -0.10087899429471037, -0.1008688303187526, -0.10079093444814013, -0.10066871539655864, -0.10053884526904522, -0.10014740702538738, -0.09983664613702992, -0.10428582412382337, -0.11948756131573557, -0.11243153595119093, -0.1044404497209852, -0.0997080682012026, -0.1000299857586624, -0.1000263805748478, -0.10002436119562574, -0.10035146055316435, -0.1141621099735195, -0.13218830903633538, -0.14037010483169876, -0.1621606251989709, -0.18031310490839125, -0.1776359589705283, -0.16461625438489413, -0.14926698145475026, -0.15282847337635008, -0.15180041473774253, -0.12424741629334068, -0.09999771406441393, -0.09999771406441393, -0.09999771406441393, -0.09999771406441393, -0.09172116006940101, -0.09145918728210045, -0.07714548349860717, -0.0493220273882935], "obs_positions": [[69.0308, -4.6158], [67.0408, -4.4162], [65.0508, -4.2165], [63.0608, -4.0168], [61.0708, -3.8172], [59.0808, -3.6175], [57.0908, -3.4178], [55.1008, -3.2182], [53.1108, -3.0186], [51.1208, -2.8189], [49.1307, -2.6192], [47.1407, -2.4196], [45.1507, -2.2199], [43.1607, -2.0202], [41.1707, -1.8206], [39.1807, -1.6209], [37.1907, -1.4212], [35.2007, -1.2216], [33.2107, -1.0219], [31.2207, -0.8222], [29.2307, -0.6226], [27.2406, -0.424], [25.7179, -0.3688], [24.1948, -0.3173], [22.6712, -0.2703], [21.1472, -0.2281], [19.6227, -0.1916], [18.0974, -0.1611], [16.5715, -0.1373], [15.0448, -0.1208], [13.5175, -0.1122], [11.9893, -0.112], [10.46, -0.1208], [8.93, -0.1391], [7.3988, -0.1677], [5.8666, -0.207], [4.3333, -0.2577], [2.7987, -0.3202], [1.2629, -0.3954], [-0.2741, -0.4834], [-1.8126, -0.5853], [-3.3525, -0.7013], [-4.894, -0.8322], [-6.4369, -0.9784], [-7.9814, -1.1407], [-9.968164921891177, -1.3704066501926915]], "obs_orientations": [3.0415, 3.0415, 3.0415, 3.0415, 3.0415, 3.0415, 3.0416, 3.0416, 3.0415, 3.0415, 3.0415, 3.0415, 3.0415, 3.0415, 3.0415, 3.0415, 3.0416, 3.0415, 3.0415, 3.0416, 3.0421, 3.1052, 3.1078, 3.1107, 3.1139, 3.1174, 3.1216, 3.126, 3.1307, 3.1359, 3.1414, 3.1473, 3.1536, 3.1602, 3.1672, 3.1746, 3.1823, 3.1904, 3.1988, 3.2076, 3.2168, 3.2262, 3.2359, 3.2462, 3.2567, 3.2567], "objectives": {"extension_time": 2.1, "danger_difference": 89.02331334900968, "parameter_difference": 307.2378160334514}, "attributes": {"generation_number": 1, "individual_number": 57, "crash": true, "goal_reached": true, "scenario_length": 46}}, "[[17.941337639240558], [6.813814835176135, 196.05872001126056, 282.2716716452006], [0.3494128722610129, 63.673152259025855], [0.8313564455344363, 7.849762621945739]]": {"ego_positions": [[-54.4655, 3.6743], [-53.17187576882619, 3.54434965241296], [-51.8775114779371, 3.4140933708048102], [-50.58179948818686, 3.2833375504447733], [-49.28426529970389, 3.1519925644658513], [-47.98455188959912, 3.0200250179837402], [-46.682404042691786, 2.8874513419210484], [-45.37764794262483, 2.7543523876942415], [-44.07018360619709, 2.6208095087521692], [-42.7599720503097, 2.4869052285242423], [-41.44702343897668, 2.3527311193219185], [-40.131378400239484, 2.2184747210880174], [-38.81311343773138, 2.08427153248286], [-37.492337205922205, 1.9501735369744446], [-36.16918134024936, 1.8161771329457272], [-34.843795469017856, 1.6822146603229176], [-33.5163321156334, 1.5482629980635478], [-32.18694558478633, 1.4143179304571174], [-30.85585730216814, 1.2793860252376574], [-29.52425436339317, 1.133542378044739], [-28.1919028577577, 0.982233057976058], [-26.857483877235296, 0.8376910424094041], [-25.521203527000605, 0.6994285828557709], [-24.183462772038727, 0.5647263592245929], [-22.844785036533754, 0.42993018407638245], [-21.50529309706642, 0.29496825978128055], [-20.16218910456724, 0.15954384409626843], [-18.806411517389517, 0.016265697526078537], [-17.442112488723268, -0.15335587147176744], [-16.07118729594912, -0.34121524557162175], [-14.693760113061332, -0.5378001140281448], [-13.312520170065344, -0.7416614010829712], [-11.929806404419287, -0.9506803829944658], [-10.546706957663284, -1.1611417582693522], [-9.165329910767626, -1.372791947554938], [-7.788794777029068, -1.6034063516696548], [-6.412858676480242, -1.8650404792812862], [-5.033327781616007, -2.110645623503611], [-3.645404807181235, -2.273506007214121], [-2.2464298963413443, -2.3113454078023055], [-0.8364314517573657, -2.2112941336486203], [0.5824526413509511, -1.984062980256953], [2.0065720484244305, -1.6581549049281448], [3.430990765732199, -1.278975211118306], [4.849766385556094, -0.9093838749960172], [6.258685360030277, -0.5963466065358074], [7.655533953337874, -0.36761641751453844], [9.0393839818203, -0.23630580246094768], [10.4098140191617, -0.2096551908075912], [11.766070337371284, -0.3009868100630828], [13.108841467722161, -0.5065223076992633], [14.440290251676423, -0.8077287458127826], [15.763266408338028, -1.1793354649294896], [17.080012585402564, -1.6017918386942223], [18.391171654011305, -2.071353333798766]],