{"[[0], [0, 0, 0], [0, 0], [0, 0]]": {"ego_positions": [[-3.397, 16.8217], [-3.2219614246131334, 15.328866768991356], [-2.94095367887249, 13.832261058365505], [-2.56208325573753, 12.325475439830864], [-2.1173453407717147, 10.80388334805153], [-1.631335358999298, 9.267692251785586], [-1.1140045491228407, 7.716572297932992], [-0.5960117675744518, 6.1465605622076085], [-0.10193307073246904, 4.554919086474742], [0.3532328569304597, 2.942182419399963], [0.7321454051018366, 1.31171454548226], [0.9823050397997948, -0.33245814248401384], [1.1293588912671195, -1.9842966861043878], [1.2650207598984018, -3.6203974100081693], [1.5383808403656978, -5.198001442314891], [1.84150804967933, -6.767215293693283], [2.0971093197884243, -8.348190666730897], [2.301797675753286, -9.936847969347385], [2.4693410864212844, -11.539170720648949], [2.611861529334032, -13.184053624866431], [2.733045888727818, -14.844334797242562], [2.8004655140164103, -16.494014629778917], [2.8667615638051354, -18.110838669138463], [2.975771084583009, -19.693076985231688], [3.1618205764055674, -21.262973241484186], [3.4148988187088194, -22.804130420343455], [3.6430267722830343, -24.36384159700967], [3.7914629975757137, -25.966972005638073], [3.9112663930721365, -27.60935746626422], [4.063916158159848, -29.272666381149428], [4.231158025554171, -30.939296261413187], [4.398399892948414, -32.60592614167615], [4.565641760342578, -34.27255602193832], [4.732883627736662, -35.9391859021997], [4.900125495130666, -37.60581578246028], [5.067367362524591, -39.272445662720074], [5.234609229918436, -40.939075542979076], [5.401851097312202, -42.60570542323728], [5.569092964705888, -44.27233530349469], [5.7363348320994945, -45.93896518375131], [5.903576699493021, -47.60559506400713], [6.070818566886468, -49.27222494426216], [6.238060434279836, -50.9388548245164], [6.405302301673124, -52.60548470476984], [6.572544169066331, -54.27211458502249], [6.73978603645946, -55.938744465274354]], "ego_orientations": [4.8123, -1.4233751793534273, -1.351033561598797, -1.3019132914259801, -1.2743205821467534, -1.254323074921916, -1.2473343968463908, -1.2593756652579415, -1.2810056247899073, -1.3128880153634714, -1.3804482481090927, -1.4542810562089752, -1.5078010966235196, -1.440216183732744, -1.376588428937633, -1.3918670858965516, -1.4282323748102455, -1.4549611463411107, -1.4779633666405871, -1.487751738657984, -1.515776647660795, -1.5356696724563275, -1.520295451002455, -1.4809913436678004, -1.422319117760785, -1.405426126237714, -1.453092484606687, -1.4967259700892326, -1.491669308905391, -1.4707837898194924, -1.4707837898194924, -1.4707837898194924, -1.4707837898194924, -1.4707837898194924, -1.4707837898194924, -1.4707837898194924, -1.4707837898194924, -1.4707837898194924, -1.4707837898194924, -1.4707837898194924, -1.4707837898194924, -1.4707837898194924, -1.4707837898194924, -1.4707837898194924, -1.4707837898194924, -1.4707837898194924], "obs_positions": [[-28.6419, -4.3714], [-26.627, -4.2806], [-24.6273, -4.1482], [-22.6283, -3.9729], [-20.6229, -3.753], [-18.6377, -3.491], [-16.6456, -3.1828], [-14.6707, -2.8317], [-12.7073, -2.4368], [-10.7516, -1.9971], [-8.8043, -1.5123], [-6.8644, -0.982], [-4.9389, -0.4078], [-3.0232, 0.2116], [-1.1264, 0.8731], [0.7548, 1.5775], [2.6128, 2.3212], [4.4632, 3.1103], [6.2946, 3.9396], [8.1069, 4.8088], [9.9002, 5.7169], [11.6745, 6.6635], [13.4299, 7.6479], [15.1666, 8.6694]], "obs_orientations": [6.3282, 6.3492, 6.3706, 0.1092, 0.1312, 0.1534, 0.1759, 0.1984, 0.2211, 0.2439, 0.2668, 0.2898, 0.3127, 0.3355, 0.3581, 0.3807, 0.403, 0.4252, 0.4471, 0.4687, 0.49, 0.511, 0.5317, 0.5519], "attributes": {"crash": false, "goal_reached": false, "max_danger": 3.5701350781594043, "scenario_length": 46, "lower_bound": -0.8, "upper_bound": -0.4}}}