{"[[22.74073005146503], [17.313972663976806, 249.18150406100165, 130.41145177921086], [2.042960394995867, 77.24391543262708], [0.45305484924117345, 11.602034088346697]]": {"ego_positions": [[-2.6481, 9.3591]], "ego_orientations": [4.8124], "obs_positions": [[-18.6377, -3.491]], "obs_orientations": [0.1534], "objectives": {"extension_time": -0.5, "danger_difference": 196.4298649218406, "parameter_difference": 52.63975875938993}, "attributes": {"generation_number": 0, "individual_number": 3, "crash": true, "goal_reached": false, "scenario_length": 1}}, "[[11.250015111692974], [35.684270100563076, 468.4300098468876, 916.6509894200325], [1.138467690929654, 47.649105792902716], [0.4922574257830689, 4.25215472929204]]": {"ego_positions": [[-2.6481, 9.3591]], "ego_orientations": [4.8124], "obs_positions": [[-18.6377, -3.491]], "obs_orientations": [0.1534], "objectives": {"extension_time": -0.5, "danger_difference": 196.4298649218406, "parameter_difference": 366.94568708497286}, "attributes": {"generation_number": 1, "individual_number": 55, "crash": true, "goal_reached": false, "scenario_length": 1}}, "[[10.447809782746127], [35.684270100563076, 200.0, 2.5], [0.30028095452197845, 47.649105792902716], [0.4922574257830689, 4.25215472929204]]": {"ego_positions": [[-2.6481, 9.3591]], "ego_orientations": [4.8124], "obs_positions": [[-18.6377, -3.491]], "obs_orientations": [0.1534], "objectives": {"extension_time": -0.5, "danger_difference": 196.4298649218406, "parameter_difference": 14.345689770920012}, "attributes": {"generation_number": 1, "individual_number": 54, "crash": true, "goal_reached": false, "scenario_length": 1}}, "[[29.52719437319742], [2.5, 143.6557415240937, 2.5], [0.5312862013642666, 184.73472757805214], [1.5202451290384191, 24.092417713201996]]": {"ego_positions": [[-2.6481, 9.3591]], "ego_orientations": [4.8124], "obs_positions": [[-18.6377, -3.491]], "obs_orientations": [0.1534], "objectives": {"extension_time": -0.5, "danger_difference": 196.4298649218406, "parameter_difference": 1.798409475066301}, "attributes": {"generation_number": 1, "individual_number": 73, "crash": true, "goal_reached": false, "scenario_length": 1}}, "[[11.23255735501213], [35.684270100563076, 200.0, 2.5], [1.138467690929654, 47.649105792902716], [0.4922574257830689, 4.25215472929204]]": {"ego_positions": [[-2.6481, 9.3591]], "ego_orientations": [4.8124], "obs_positions": [[-18.6377, -3.491]], "obs_orientations": [0.1534], "objectives": {"extension_time": -0.5, "danger_difference": 196.4298649218406, "parameter_difference": 14.345927005795408}, "attributes": {"generation_number": 1, "individual_number": 91, "crash": true, "goal_reached": false, "scenario_length": 1}}, "[[22.74073005146503], [17.313972663976806, 200.0, 130.41145177921086], [5.9600813505070285, 77.24391543262708], [0.45305484924117345, 11.602034088346697]]": {"ego_positions": [[-2.6481, 9.3591]], "ego_orientations": [4.8124], "obs_positions": [[-18.6377, -3.491]], "obs_orientations": [0.1534], "objectives": {"extension_time": -0.5, "danger_difference": 196.4298649218406, "parameter_difference": 52.6345128983493}, "attributes": {"generation_number": 1, "individual_number": 97, "crash": true, "goal_reached": false, "scenario_length": 1}}, "[[7.829693620033234], [2.30547095156889, 64.16969838365578, 2.5], [3.969884283965663, 17.395706160512074], [1.2113013543304771, 41.21689591186054]]": {"ego_positions": [[-2.6481, 9.3591]], "ego_orientations": [4.8124], "obs_positions": [[-18.6377, -3.491]], "obs_orientations": [0.1534], "objectives": {"extension_time": -0.5, "danger_difference": 196.4298649218406, "parameter_difference": 1.630718526045719}, "attributes": {"generation_number": 3, "individual_number": 186, "crash": true, "goal_reached": false, "scenario_length": 1}}, "[[2.8279008708537496], [2.5, 56.4205925698848, 2.5], [0.6139528835232422, 112.02028979006961], [0.014213192819289566, 14.595377848330674]]": {"ego_positions": [[-2.6481, 9.3591]], "ego_orientations": [4.8124], "obs_positions": [[-18.6377, -3.491]], "obs_orientations": [0.1534], "objectives": {"extension_time": -0.5, "danger_difference": 196.4298649218406, "parameter_difference": 1.4893574291752396}, "attributes": {"generation_number": 5, "individual_number": 286, "crash": true, "goal_reached": false, "scenario_length": 1}}, "[[28.789800557477296], [1.9871879997058741, 58.24049360827151, 2.46617411425636], [0.07770133601948692, 182.03056255241606], [0.060933824256358016, 20.224587720583223]]": {"ego_positions": [[-2.6481, 9.3591]], "ego_orientations": [4.8124], "obs_positions": [[-18.6377, -3.491]], "obs_orientations": [0.1534], "objectives": {"extension_time": -0.5, "danger_difference": 196.4298649218406, "parameter_difference": 1.5223154871901912}, "attributes": {"generation_number": 5, "individual_number": 292, "crash": true, "goal_reached": false, "scenario_length": 1}}, "[[2.8279008708537496], [2.5, 51.622127137959836, 2.3359662856583308], [0.6020378631995197, 110.8848988013163], [0.8222626935921901, 20.42298044196914]]": {"ego_positions": [[-2.6481, 9.3591]], "ego_orientations": [4.8124], "obs_positions": [[-18.6377, -3.491]], "obs_orientations": [0.1534], "objectives": {"extension_time": -0.5, "danger_difference": 196.4298649218406, "parameter_difference": 1.4694182425824023}, "attributes": {"generation_number": 5, "individual_number": 296, "crash": true, "goal_reached": false, "scenario_length": 1}}, "[[2.9969742181216894], [1.339441161312861, 21.958357876031343, 2.499870513553011], [2.1479099783149516, 101.63319507285962], [6.175502522211406, 16.604468302590885]]": {"ego_positions": [[-2.6481, 9.3591]], "ego_orientations": [4.8124], "obs_positions": [[-18.6377, -3.491]], "obs_orientations": [0.1534], "objectives": {"extension_time": -0.5, "danger_difference": 196.4298649218406, "parameter_difference": 1.2122127415394799}, "attributes": {"generation_number": 6, "individual_number": 323, "crash": true, "goal_reached": false, "scenario_length": 1}}, "[[26.764429662282986], [2.5, 55.05344307900402, 2.4838865457615658], [1.4007451452654984, 11.35778099136801], [0.006588807546270448, 31.777153299694533]]": {"ego_positions": [[-2.6481, 9.3591]], "ego_orientations": [4.8124], "obs_positions": [[-18.6377, -3.491]], "obs_orientations": [0.1534], "objectives": {"extension_time": -0.5, "danger_difference": 196.4298649218406, "parameter_difference": 1.6594847581179284}, "attributes": {"generation_number": 6, "individual_number": 345, "crash": true, "goal_reached": false, "scenario_length": 1}}, "[[5.1490642939414], [1.339441161312861, 54.09471823604116, 2.418365933280978], [2.1479099783149516, 156.1215534584], [6.175502522211406, 16.604468302590885]]": {"ego_positions": [[-2.6481, 9.3591]], "ego_orientations": [4.8124], "obs_positions": [[-18.6377, -3.491]], "obs_orientations": [0.1534], "objectives": {"extension_time": -0.5, "danger_difference": 196.4298649218406, "parameter_difference": 1.236776045048835}, "attributes": {"generation_number": 8, "individual_number": 437, "crash": true, "goal_reached": false, "scenario_length": 1}}, "[[45.41611246201621], [2.5, 16.924871858929755, 2.4999769399153653], [15.561890213358087, 130.12358147917112], [7.423774783748016, 23.183114006179917]]": {"ego_positions": [[-2.6481, 9.3591]], "ego_orientations": [4.8124], "obs_positions": [[-18.6377, -3.491]], "obs_orientations": [0.1534], "objectives": {"extension_time": -0.5, "danger_difference": 196.4298649218406, "parameter_difference": 1.7712116146154375}, "attributes": {"generation_number": 8, "individual_number": 445, "crash": true, "goal_reached": false, "scenario_length": 1}}, "[[1.4060432623449866], [0.927876204419699, 17.907260220945883, 2.3542666760356936], [0.14746785479209734, 101.59866515096515], [0.6261853908917213, 6.14987633433923]]": {"ego_positions": [[-2.6481, 9.3591]], "ego_orientations": [4.8124], "obs_positions": [[-18.6377, -3.491]], "obs_orientations": [0.1534], "objectives": {"extension_time": -0.5, "danger_difference": 196.4298649218406,