{"[[29.250251154653302], [30.257826381338283, 274.9656647623199, 963.3621471400937], [1.1791311325510807, 182.8139432061137], [2.149283135453451, 25.743483102118127]]": {"ego_positions": [[-3.5467, 18.3142], [-3.3800795700789696, 16.81987092449968], [-3.1403172765426257, 15.315617360115903], [-2.819652115737485, 13.796905671395338], [-2.431840995343998, 12.261426618114804], [-2.00536855616969, 10.707064407896723], [-1.590459699273073, 9.125622501194234], [-1.2166356718619764, 7.516316199796418], [-0.9109004989073255, 5.884022199534279], [-0.6838955324536387, 4.234837757943954], [-0.5316303139672243, 2.5747390967610624], [-0.441903093107225, 0.9090477316035287], [-0.3988620348112448, -0.7573624480957615], [-0.3859650372632799, -2.42066973086944], [-0.3881606936613351, -4.07791866203045], [-0.3928949357875168, -5.726965749431039], [-0.39052597357969, -7.366418641791311], [-0.374338405126799, -8.995555112428448], [-0.34027732929095755, -10.613934637130678], [-0.2862573853978454, -12.220754383110599]], "ego_orientations": [4.8123, -1.4396489520764195, -1.3864971072526666, -1.3409663539389367, -1.3082455546550014, -1.304586019162917, -1.3257682755571931, -1.362277354315058, -1.4097633990214122, -1.4576646359218204, -1.4996547042684627, -1.5326634380171607, -1.5556075503747282, -1.5689718522954639, -1.5740126465723963, -1.5723412422761474, -1.5656601059765496, -1.5556171192386499, -1.5436575638301546, -1.5305611211986117], "obs_positions": [[-30.6319, -4.5711], [-28.6419, -4.3714], [-26.627, -4.2806], [-24.6273, -4.1482], [-22.6283, -3.9729], [-20.6229, -3.753], [-18.6377, -3.491], [-16.6456, -3.1828], [-14.6707, -2.8317], [-12.7073, -2.4368], [-10.7516, -1.9971], [-8.8043, -1.5123], [-6.8644, -0.982], [-4.9389, -0.4078], [-3.0232, 0.2116], [-1.1264, 0.8731], [0.7548, 1.5775], [2.6128, 2.3212], [4.4632, 3.1103], [6.28511250115492, 3.9353059624847706]], "obs_orientations": [0.1, 6.3282, 6.3492, 6.3706, 0.1092, 0.1312, 0.1534, 0.1759, 0.1984, 0.2211, 0.2439, 0.2668, 0.2898, 0.3127, 0.3355, 0.3581, 0.3807, 0.403, 0.4252, 0.4252], "objectives": {"extension_time": 0.1, "danger_difference": 0.9577972866841082, "parameter_difference": 385.5382977389223}, "attributes": {"generation_number": 0, "individual_number": 2, "crash": false, "goal_reached": true, "scenario_length": 20}}, "[[33.85264707897016], [26.684969396571994, 163.92057399665666, 609.547081171106], [1.7336087673374942, 78.16485856388647], [1.0578747544825644, 28.52834153072395]]": {"ego_positions": [[-3.5467, 18.3142], [-3.3874080939153877, 16.82178587145145], [-3.167112960351149, 15.328774829194556], [-2.8309620071719293, 13.830231972675604], [-2.4053832363096515, 12.321164233677894], [-1.9282177806729148, 10.799726242554998], [-1.430822664856356, 9.267096268874708], [-0.9379251435162861, 7.724876537474943], [-0.47075080049594464, 6.17374914072215], [-0.05484398223730391, 4.61189222022805], [0.2933324970849309, 3.039183095225546], [0.567585381821238, 1.456419339933932], [0.7690095074787495, -0.1348528983332144], [0.9006155443261568, -1.7330617589617896], [0.9598238175215639, -3.3371613523713473], [0.9537742962100955, -4.9453112504443375], [0.8977418070070051, -6.555172345714069], [0.8100160716376015, -8.164437238188224], [0.7039982399875092, -9.77134157557341], [0.582086705383672, -11.374854459903856], [0.46130047242518546, -12.97296048553296]], "ego_orientations": [4.8123, -1.452369152640082, -1.3876664988880298, -1.3183206774533822, -1.277800089631305, -1.2591803505540575, -1.2571829838986694, -1.267427118655914, -1.2921076913061649, -1.3306469061418804, -1.3758557898089565, -1.4224844374149521, -1.466608698438451, -1.5113987974651177, -1.5555366361984397, -1.5919027286002967, -1.6173346015518453, -1.6313131940020336, -1.6426243154651416, -1.6487309711210711, -1.641363450068579], "obs_positions": [[-30.6319, -4.5711], [-28.6419, -4.3714], [-26.627, -4.2806], [-24.6273, -4.1482], [-22.6283, -3.9729], [-20.6229, -3.753], [-18.6377, -3.491], [-16.6456, -3.1828], [-14.6707, -2.8317], [-12.7073, -2.4368], [-10.7516, -1.9971], [-8.8043, -1.5123], [-6.8644, -0.982], [-4.9389, -0.4078], [-3.0232, 0.2116], [-1.1264, 0.8731], [0.7548, 1.5775], [2.6128, 2.3212], [4.4632, 3.1103], [6.2946, 3.9396], [8.098009428512253, 4.8043048242915685]], "obs_orientations": [0.1, 6.3282, 6.3492, 6.3706, 0.1092, 0.1312, 0.1534, 0.1759, 0.1984, 0.2211, 0.2439, 0.2668, 0.2898, 0.3127, 0.3355, 0.3581, 0.3807, 0.403, 0.4252, 0.4471, 0.4471], "objectives": {"extension_time": 0.1, "danger_difference": 0.05581028220861883, "parameter_difference": 244.05539876558677}, "attributes": {"generation_number": 0, "individual_number": 11, "crash": false, "goal_reached": true, "scenario_length": 21}}, "[[5.232132546638789], [0.9272320496722755, 53.28560796089444, 2.4704427879462254], [0.12916207281896883, 0.42321918168829215], [1.3681676963819216, 6.989970032184528]]": {"ego_positions": [[-3.5467, 18.3142], [-3.3874080939153877, 16.82178587145145], [-3.167112960351149, 15.328774829194556], [-2.8309620071719293, 13.830231972675604], [-2.4053832363096515, 12.321164233677894], [-1.9282177806729148, 10.799726242554998], [-1.4302154899546247, 9.266958512309962], [-0.9335108875240579, 7.7238336419839495], [-0.4538573746985082, 6.171308430992534], [-0.0019552011017012205, 4.6105178842742465], [0.41564907762429604, 3.0426783409298563], [0.7957175161017536, 1.4688202660220098], [1.137490978546855, -0.1097395004741249], [1.4410042331885333, -1.691762352924491], [1.7044542168259023, -3.2761809810507887], [1.9308550317446496, -4.861618995294916], [2.1264358078343073, -6.4466697902773875], [2.300132313834183, -8.029996648986378], [2.457774948313288, -9.610622005787203], [2.597745339720394, -11.1879361452534], [2.723542818396121, -12.761367460514425], [2.844071510946626, -14.330096551999132], [2.9725978176261107, -15.893211717707842], [3.1028584189057695, -17.451578320310638], [3.226748365444492, -19.005643069833518], [3.37212271186859, -20.553491353813886], [3.5082684024729183, -22.099654656915465], [3.6467242422442805, -23.644177995653664], [3.7982445991549314, -25.179893351123468], [3.9434697096549836, -26.682656316801072], [4.082021512494265, -28.140997537268596], [4.222664272403987, -29.565871264776217], [4.364944667054333, -30.983750416656893], [4.507225061706123, -32.401629568551954], [4.649505456359355, -33.81950872046139], [4.791785851014031, -35.23738787238522], [4.93406624567015, -36.65526702432343], [5.076346640327712, -38.07314617627602], [5.218627034986717, -39.49102532824299], [5.360907429647165, -40.908904480224344], [5.503187824309057, -42.326783632220085], [5.645468218972392, -43.7446627842302], [5.787748613637171, -45.162541936254705], [5.930029008303393, -46.58042108829359], [6.072309402971057, -47.99830024034685], [6.214589797640166, -49.416179392414506], [6.356870192310717, -50.834058544496536], [6.4991505869827115, -52.25193769659295]], "ego_orientations": [4.8123, -1.452369152640082, -1.3876664988880298, -1.3183206774533822, -1.277800089631305, -1.2591803505540575, -1.2562339572020083, -1.2640274337129531, -1.2792616034337492, -1.2992907760769556, -1.321991355436377, -1.345763837130681, -1.369244732227159, -1.3936752860569266, -1.4179996527545597, -1.439327252553868, -1.4557189195481257, -1.466483428459326, -1.476858157854478, -1.4872837777308296, -1.49399590529939, -1.4924058269655296, -1.4847982550619294, -1.4939279324428494, -1.4814889145823669, -1.4791666395245855, -1.484959468658258, -1.475419267861838, -1.4723888083407353, -1.4762427925150297, -1.4747454078320361, -1.4707837898194995, -1.4707837898194995, -1.4707837898194995, -1.4707837898194995, -1.4707837898194995, -1.4707837898194995, -1.4707837898194995, -1.4707837898194995, -1.4707837898194995, -1.4707837898194995, -1.4707837898194995, -1.4707837898194995, -1.4707837898194995, -1.4707837898194995, -1.4707837898194995, -1.4707837898194995, -1.4707837898194995],