{"[[2.687735087263478], [1.6427973551284651, 200.0, 2.5], [2.2337516195681757, 100.88436438334082], [0.0007975048827853493, 16.561226670204498]]": {"ego_positions": [[-2.3486, 6.3741]], "ego_orientations": [4.8123], "obs_positions": [[-14.6707, -2.8317]], "obs_orientations": [0.1984], "objectives": {"extension_time": -0.7, "danger_difference": 196.4298649218406, "parameter_difference": 1.6078308907655803}, "attributes": {"generation_number": 4, "individual_number": 218, "crash": true, "goal_reached": false, "scenario_length": 1}}, "[[2.6860606265015683], [1.7007959857759132, 200.0, 2.5], [1.9145597961064436, 112.66471524827486], [0.0007975048827853493, 16.561226670204498]]": {"ego_positions": [[-2.3486, 6.3741]], "ego_orientations": [4.8123], "obs_positions": [[-14.6707, -2.8317]], "obs_orientations": [0.1984], "objectives": {"extension_time": -0.7, "danger_difference": 196.4298649218406, "parameter_difference": 1.6205572485669877}, "attributes": {"generation_number": 5, "individual_number": 270, "crash": true, "goal_reached": false, "scenario_length": 1}}, "[[2.687735087263478], [1.6427973551284651, 200.0, 2.5], [2.2558866098539756, 100.8863648256108], [0.7038912964459014, 16.561226670204498]]": {"ego_positions": [[-2.3486, 6.3741]], "ego_orientations": [4.8123], "obs_positions": [[-14.6707, -2.8317]], "obs_orientations": [0.1984], "objectives": {"extension_time": -0.7, "danger_difference": 196.4298649218406, "parameter_difference": 1.6078930536977263}, "attributes": {"generation_number": 6, "individual_number": 318, "crash": true, "goal_reached": false, "scenario_length": 1}}, "[[25.6497255349829], [2.493881001160452, 36.53643518777636, 2.497994368795753], [2.1440373444298837, 7.076328353914533], [0.16359659697833967, 16.451738490223903]]": {"ego_positions": [[-2.3486, 6.3741]], "ego_orientations": [4.8123], "obs_positions": [[-14.6707, -2.8317]], "obs_orientations": [0.1984], "objectives": {"extension_time": -0.7, "danger_difference": 196.4298649218406, "parameter_difference": 1.5487164219437237}, "attributes": {"generation_number": 6, "individual_number": 321, "crash": true, "goal_reached": false, "scenario_length": 1}}, "[[27.106224541893823], [2.5, 29.41315500009125, 1.7302414610168801], [2.193183423939356, 98.79690570216626], [5.929779536553976, 31.56516903847077]]": {"ego_positions": [[-2.3486, 6.3741]], "ego_orientations": [4.8123], "obs_positions": [[-14.6707, -2.8317]], "obs_orientations": [0.1984], "objectives": {"extension_time": -0.7, "danger_difference": 196.4298649218406, "parameter_difference": 1.4987267879639616}, "attributes": {"generation_number": 8, "individual_number": 426, "crash": true, "goal_reached": false, "scenario_length": 1}}, "[[13.914875895635895], [1.0934556092290397, 25.007030799489197, 2.232880157527596], [0.013455606270589171, 23.099459357383], [7.287208031455179, 25.692533753598596]]": {"ego_positions": [[-2.3486, 6.3741]], "ego_orientations": [4.8123], "obs_positions": [[-14.6707, -2.8317]], "obs_orientations": [0.1984], "objectives": {"extension_time": -0.7, "danger_difference": 196.4298649218406, "parameter_difference": 1.170267213020172}, "attributes": {"generation_number": 13, "individual_number": 689, "crash": true, "goal_reached": false, "scenario_length": 1}}}