{"[[29.301815040228746], [38.08805453761425, 149.71392234970455, 380.05926841484626], [1.1965754839604823, 112.24004037895024], [1.6606014855418938, 31.569905764970752]]": {"ego_positions": [[-2.4983, 7.8666]], "ego_orientations": [4.8124], "obs_positions": [[-16.6456, -3.1828]], "obs_orientations": [0.1759], "objectives": {"extension_time": -0.6, "danger_difference": 196.4298649218406, "parameter_difference": 152.78963819384157}, "attributes": {"generation_number": 0, "individual_number": 31, "crash": true, "goal_reached": false, "scenario_length": 1}}, "[[29.301815040228746], [38.08805453761425, 149.71392234970455, 2.5], [1.1885167932849714, 81.49225862614914], [1.6704247470499487, 14.673016433734196]]": {"ego_positions": [[-2.4983, 7.8666]], "ego_orientations": [4.8124], "obs_positions": [[-16.6456, -3.1828]], "obs_orientations": [0.1759], "objectives": {"extension_time": -0.6, "danger_difference": 196.4298649218406, "parameter_difference": 15.30129338391414}, "attributes": {"generation_number": 1, "individual_number": 59, "crash": true, "goal_reached": false, "scenario_length": 1}}, "[[28.74021141345714], [2.4988896843895088, 67.63851508618534, 2.5], [1.1965754839604823, 201.23821124085387], [1.6606014855418938, 33.667347966738355]]": {"ego_positions": [[-2.4983, 7.8666]], "ego_orientations": [4.8124], "obs_positions": [[-16.6456, -3.1828]], "obs_orientations": [0.1759], "objectives": {"extension_time": -0.6, "danger_difference": 196.4298649218406, "parameter_difference": 1.7493924467316844}, "attributes": {"generation_number": 1, "individual_number": 79, "crash": true, "goal_reached": false, "scenario_length": 1}}, "[[29.301815040228746], [2.5, 149.71392234970455, 2.5], [1.1965754839604823, 172.7214057021174], [1.6612922574946216, 31.271616550325167]]": {"ego_positions": [[-2.4983, 7.8666]], "ego_orientations": [4.8124], "obs_positions": [[-16.6456, -3.1828]], "obs_orientations": [0.1759], "objectives": {"extension_time": -0.6, "danger_difference": 196.4298649218406, "parameter_difference": 1.84807920141209}, "attributes": {"generation_number": 1, "individual_number": 85, "crash": true, "goal_reached": false, "scenario_length": 1}}, "[[25.849787729590602], [2.5, 149.71392234970455, 2.5], [0.5362665118487764, 19.710904926223932], [1.6612922574946216, 24.465673964396963]]": {"ego_positions": [[-2.4983, 7.8666]], "ego_orientations": [4.8124], "obs_positions": [[-16.6456, -3.1828]], "obs_orientations": [0.1759], "objectives": {"extension_time": -0.6, "danger_difference": 196.4298649218406, "parameter_difference": 1.752063662762258}, "attributes": {"generation_number": 2, "individual_number": 118, "crash": true, "goal_reached": false, "scenario_length": 1}}, "[[28.7052501689274], [2.4377594714446187, 67.63851508618534, 2.5], [2.110362340540611, 17.597268220489724], [1.6606014855418938, 36.98008638960912]]": {"ego_positions": [[-2.4983, 7.8666]], "ego_orientations": [4.8124], "obs_positions": [[-16.6456, -3.1828]], "obs_orientations": [0.1759], "objectives": {"extension_time": -0.6, "danger_difference": 196.4298649218406, "parameter_difference": 1.7158540250193068}, "attributes": {"generation_number": 2, "individual_number": 129, "crash": true, "goal_reached": false, "scenario_length": 1}}, "[[17.467471399431886], [2.5, 155.84426216838997, 2.5], [1.1885167932849714, 86.36519879606789], [1.6704247470499487, 14.448443647111084]]": {"ego_positions": [[-2.4983, 7.8666]], "ego_orientations": [4.8124], "obs_positions": [[-16.6456, -3.1828]], "obs_orientations": [0.1759], "objectives": {"extension_time": -0.6, "danger_difference": 196.4298649218406, "parameter_difference": 1.6863235792677695}, "attributes": {"generation_number": 2, "individual_number": 146, "crash": true, "goal_reached": false, "scenario_length": 1}}, "[[46.38488529975846], [2.5, 151.95340443057938, 2.5], [1.1885167932849714, 90.59506262981182], [1.6704247470499487, 14.448443647111084]]": {"ego_positions": [[-2.4983, 7.8666]], "ego_orientations": [4.8124], "obs_positions": [[-16.6456, -3.1828]], "obs_orientations": [0.1759], "objectives": {"extension_time": -0.6, "danger_difference": 196.4298649218406, "parameter_difference": 1.8855554547101676}, "attributes": {"generation_number": 3, "individual_number": 166, "crash": true, "goal_reached": false, "scenario_length": 1}}, "[[17.467471399431886], [2.4127561539665954, 155.84426216838997, 2.5], [0.10967099216580545, 86.36519879606789], [1.6704247470499487, 14.448443647111084]]": {"ego_positions": [[-2.4983, 7.8666]], "ego_orientations": [4.8124], "obs_positions": [[-16.6456, -3.1828]], "obs_orientations": [0.1759], "objectives": {"extension_time": -0.6, "danger_difference": 196.4298649218406, "parameter_difference": 1.665865713318636}, "attributes": {"generation_number": 4, "individual_number": 211, "crash": true, "goal_reached": false, "scenario_length": 1}}, "[[15.788830733926462], [1.3112210419010955, 22.952368819397236, 2.5], [1.1965718945477926, 84.885040160048], [1.1732968073291055, 49.587198617812724]]": {"ego_positions": [[-2.4983, 7.8666]], "ego_orientations": [4.8124], "obs_positions": [[-16.6456, -3.1828]], "obs_orientations": [0.1759], "objectives": {"extension_time": -0.6, "danger_difference": 196.4298649218406, "parameter_difference": 1.5494848561294925}, "attributes": {"generation_number": 4, "individual_number": 213, "crash": true, "goal_reached": false, "scenario_length": 1}}, "[[17.467471399431886], [2.5, 159.59702061169983, 2.5], [1.1745206745233785, 101.6474871985297], [1.6609895782488313, 14.448443647111084]]": {"ego_positions": [[-2.4983, 7.8666]], "ego_orientations": [4.8124], "obs_positions": [[-16.6456, -3.1828]], "obs_orientations": [0.1759], "objectives": {"extension_time": -0.6, "danger_difference": 196.4298649218406, "parameter_difference": 1.6984587241773956}, "attributes": {"generation_number": 4, "individual_number": 244, "crash": true, "goal_reached": false, "scenario_length": 1}}, "[[16.125398549501767], [1.3399278033413151, 22.60846936405422, 2.494442655252299], [0.6410685050093459, 186.90350271892436], [6.1449091992831715, 14.447267769676198]]": {"ego_positions": [[-2.4983, 7.8666]], "ego_orientations": [4.8124], "obs_positions": [[-16.6456, -3.1828]], "obs_orientations": [0.1759], "objectives": {"extension_time": -0.6, "danger_difference": 196.4298649218406, "parameter_difference": 1.2798201211115268}, "attributes": {"generation_number": 6, "individual_number": 327, "crash": true, "goal_reached": false, "scenario_length": 1}}, "[[15.788830733926462], [2.4910182907378093, 22.952368819397236, 2.4852758714908694], [4.133143870370279, 54.85017726865762], [1.1732968073291055, 49.587198617812724]]": {"ego_positions": [[-2.4983, 7.8666]], "ego_orientations": [4.8124], "obs_positions": [[-16.6456, -3.1828]], "obs_orientations": [0.1759], "objectives": {"extension_time": -0.6, "danger_difference": 196.4298649218406, "parameter_difference": 1.7578754460766668}, "attributes": {"generation_number": 5, "individual_number": 284, "crash": true, "goal_reached": false, "scenario_length": 1}}, "[[16.076067671111755], [1.3399278033413151, 20.12108501901241, 2.494442655252299], [0.6410685050093459, 189.08182839873416], [6.1449091992831715, 14.447267769676198]]": {"ego_positions": [[-2.4983, 7.8666]], "ego_orientations": [4.8124], "obs_positions": [[-16.6456, -3.1828]], "obs_orientations": [0.1759], "objectives": {"extension_time": -0.6, "danger_difference": 196.4298649218406, "parameter_difference": 1.279813691577108}, "attributes": {"generation_number": 7, "individual_number": 351, "crash": true, "goal_reached": false, "scenario_length": 1}}, "[[46.74049350886162], [2.3134785609291644, 153.71981122627432, 2.4966087232159246], [2.2000285448405674, 114.27463784151084], [0.8357682281612775, 32.37778701530735]]": {"ego_positions": [[-2.4983, 7.8666]], "ego_orientations": [4.8124], "obs_positions": [[-16.6456, -3.1828]], "obs_orientations": [0.1759], "objectives": {"extension_time": -0.6, "danger_difference": 196.4298649218406,