{"[[2.547188533586425], [19.429091867170722, 291.51071039482144, 823.570987766301], [1.3363520457616564, 110.26942605798185], [0.1670598726709699, 20.00011019043494]]": {"ego_positions": [[-2.1989, 4.8816]], "ego_orientations": [4.8123], "obs_positions": [[-12.7073, -2.4368]], "obs_orientations": [0.2211], "objectives": {"extension_time": -0.8, "danger_difference": 196.4298649218406, "parameter_difference": 329.523597865017}, "attributes": {"generation_number": 0, "individual_number": 23, "crash": true, "goal_reached": false, "scenario_length": 1}}, "[[29.301815040228746], [38.08805453761425, 137.79173751478703, 380.05926841484626], [1.1965754839604823, 112.24004037895024], [1.6606014855418938, 31.569905764970752]]": {"ego_positions": [[-2.1989, 4.8816]], "ego_orientations": [4.8123], "obs_positions": [[-12.7073, -2.4368]], "obs_orientations": [0.2211], "objectives": {"extension_time": -0.8, "danger_difference": 196.4298649218406, "parameter_difference": 152.78935776753093}, "attributes": {"generation_number": 1, "individual_number": 53, "crash": true, "goal_reached": false, "scenario_length": 1}}, "[[29.301815040228746], [38.08805453761425, 137.79173751478703, 2.5], [1.1965754839604823, 112.24004037895024], [1.6606014855418938, 41.291940808797456]]": {"ego_positions": [[-2.1989, 4.8816]], "ego_orientations": [4.8123], "obs_positions": [[-12.7073, -2.4368]], "obs_orientations": [0.2211], "objectives": {"extension_time": -0.8, "danger_difference": 196.4298649218406, "parameter_difference": 15.318733364751768}, "attributes": {"generation_number": 2, "individual_number": 100, "crash": true, "goal_reached": false, "scenario_length": 1}}, "[[29.301815040228746], [2.5, 137.79173751478703, 380.05926841484626], [0.4238596679940294, 112.24004037895024], [1.0579084692650236, 31.745606279236945]]": {"ego_positions": [[-2.1989, 4.8816]], "ego_orientations": [4.8123], "obs_positions": [[-12.7073, -2.4368]], "obs_orientations": [0.2211], "objectives": {"extension_time": -0.8, "danger_difference": 196.4298649218406, "parameter_difference": 152.03117988250042}, "attributes": {"generation_number": 2, "individual_number": 123, "crash": true, "goal_reached": false, "scenario_length": 1}}, "[[29.301815040228746], [2.5, 137.79173751478703, 2.5], [2.1770773251631446, 100.89176067639332], [0.7189350651876085, 31.569905764970752]]": {"ego_positions": [[-2.1989, 4.8816]], "ego_orientations": [4.8123], "obs_positions": [[-12.7073, -2.4368]], "obs_orientations": [0.2211], "objectives": {"extension_time": -0.8, "danger_difference": 196.4298649218406, "parameter_difference": 1.8049083841719933}, "attributes": {"generation_number": 2, "individual_number": 149, "crash": true, "goal_reached": false, "scenario_length": 1}}, "[[34.77521183970507], [2.3368293267682287, 137.79173751478703, 2.5], [2.1770773251631446, 100.89176067639332], [1.1364104349885462, 29.48786970879298]]": {"ego_positions": [[-2.1989, 4.8816]], "ego_orientations": [4.8123], "obs_positions": [[-12.7073, -2.4368]], "obs_orientations": [0.2211], "objectives": {"extension_time": -0.8, "danger_difference": 196.4298649218406, "parameter_difference": 1.7947605159419473}, "attributes": {"generation_number": 3, "individual_number": 168, "crash": true, "goal_reached": false, "scenario_length": 1}}, "[[4.012699668367503], [2.5, 147.84234254549315, 960.37015880145], [2.319785065511543, 111.99054459343643], [0.01033087676907768, 17.025683355640794]]": {"ego_positions": [[-2.1989, 4.8816]], "ego_orientations": [4.8123], "obs_positions": [[-12.7073, -2.4368]], "obs_orientations": [0.2211], "objectives": {"extension_time": -0.8, "danger_difference": 196.4298649218406, "parameter_difference": 384.15030092892175}, "attributes": {"generation_number": 3, "individual_number": 176, "crash": true, "goal_reached": false, "scenario_length": 1}}, "[[25.6497255349829], [2.5, 36.53643518777636, 2.5], [0.6139528835232422, 112.00863567328469], [1.1382708280912093, 31.56516903847077]]": {"ego_positions": [[-2.1989, 4.8816]], "ego_orientations": [4.8123], "obs_positions": [[-12.7073, -2.4368]], "obs_orientations": [0.2211], "objectives": {"extension_time": -0.8, "danger_difference": 196.4298649218406, "parameter_difference": 1.6570402780184852}, "attributes": {"generation_number": 4, "individual_number": 227, "crash": true, "goal_reached": false, "scenario_length": 1}}, "[[45.33520018626274], [2.5, 36.53643518777636, 2.5], [0.6590398007168285, 2.858464508624735], [1.129141981708288, 31.56516903847077]]": {"ego_positions": [[-2.1989, 4.8816]], "ego_orientations": [4.8123], "obs_positions": [[-12.7073, -2.4368]], "obs_orientations": [0.2211], "objectives": {"extension_time": -0.8, "danger_difference": 196.4298649218406, "parameter_difference": 1.8040432335741998}, "attributes": {"generation_number": 6, "individual_number": 300, "crash": true, "goal_reached": false, "scenario_length": 1}}, "[[25.554702377669923], [2.5, 36.41186666262201, 2.5], [2.1746239778901812, 7.602196339990442], [6.345439050871554, 21.502299445390552]]": {"ego_positions": [[-2.1989, 4.8816]], "ego_orientations": [4.8123], "obs_positions": [[-12.7073, -2.4368]], "obs_orientations": [0.2211], "objectives": {"extension_time": -0.8, "danger_difference": 196.4298649218406, "parameter_difference": 1.5797607477438378}, "attributes": {"generation_number": 6, "individual_number": 304, "crash": true, "goal_reached": false, "scenario_length": 1}}, "[[27.74230991984843], [2.5, 29.41315500009125, 1.733552749353862], [2.193183423939356, 111.5894499408189], [2.3430518666938305, 31.56516903847077]]": {"ego_positions": [[-2.1989, 4.8816]], "ego_orientations": [4.8123], "obs_positions": [[-12.7073, -2.4368]], "obs_orientations": [0.2211], "objectives": {"extension_time": -0.8, "danger_difference": 196.4298649218406, "parameter_difference": 1.5036186399535076}, "attributes": {"generation_number": 6, "individual_number": 332, "crash": true, "goal_reached": false, "scenario_length": 1}}, "[[24.923685917490676], [2.5, 36.53643518777636, 2.5], [0.6139528835232422, 112.00863567328469], [1.1382708280912093, 31.56516903847077]]": {"ego_positions": [[-2.1989, 4.8816]], "ego_orientations": [4.8123], "obs_positions": [[-12.7073, -2.4368]], "obs_orientations": [0.2211], "objectives": {"extension_time": -0.8, "danger_difference": 196.4298649218406, "parameter_difference": 1.6526025423110926}, "attributes": {"generation_number": 6, "individual_number": 335, "crash": true, "goal_reached": false, "scenario_length": 1}}, "[[27.63302731742728], [2.5, 23.143669749624678, 1.78506087043327], [0.11276763269956014, 9.98816584832039], [1.270409229568931, 31.777153299694533]]": {"ego_positions": [[-2.1989, 4.8816]], "ego_orientations": [4.8123], "obs_positions": [[-12.7073, -2.4368]], "obs_orientations": [0.2211], "objectives": {"extension_time": -0.8, "danger_difference": 196.4298649218406, "parameter_difference": 1.4945282923495695}, "attributes": {"generation_number": 8, "individual_number": 420, "crash": true, "goal_reached": false, "scenario_length": 1}}, "[[27.724429703322688], [1.3738222033500236, 51.76211496261455, 1.7673712120439307], [0.6410685050093459, 94.27030769155671], [0.15410340824960622, 14.447267769676198]]": {"ego_positions": [[-2.1989, 4.8816]], "ego_orientations": [4.8123], "obs_positions": [[-12.7073, -2.4368]], "obs_orientations": [0.2211], "objectives": {"extension_time": -0.8, "danger_difference": 196.4298649218406, "parameter_difference": 1.1380885547105128}, "attributes": {"generation_number": 8, "individual_number": 442, "crash": true, "goal_reached": false, "scenario_length": 1}}, "[[1.5619220353392578], [1.3738222033500236, 51.76211496261455, 0.6428342573035515], [0.10938672458737003, 94.27030769155671], [0.48098905343870824, 20.30463317814054]]": {"ego_positions": [[-2.1989, 4.8816]], "ego_orientations": [4.8123], "obs_positions": [[-12.7073, -2.4368]], "obs_orientations": [0.2211], "objectives": {"extension_time": -0.8, "danger_difference": 196.4298649218406,