{"[[6.243145287647339], [19.24970119065964, 28.146897468573016, 821.9969337746891], [0.09125326090152125, 176.83703989207876], [0.8143439203702016, 31.676371374661507]]": {"ego_positions": [[-6.2421, 45.1793], [-6.092532072121179, 43.686639763954496], [-5.943213880730757, 42.19318440330126], [-5.794251950876476, 40.69829498432585], [-5.645702712499832, 39.20148129791517], [-5.497527466267222, 37.702388798178795], [-5.3496238343586455, 36.20077370265846], [-5.201853804317392, 34.69648395301467], [-5.0540894956097375, 33.189440588059014], [-4.906207958014883, 31.679625643881984], [-4.758090472804354, 30.167070847890397], [-4.609620310667151, 28.651846536703573], [-4.461108850892187, 27.136800776514907], [-4.313394684327314, 25.628205500312145], [-4.164934046100077, 24.111768921184794], [-4.014528015450306, 22.57837901353821], [-3.861033957535517, 21.018820385375808], [-3.703864360632005, 19.4283235879509], [-3.5431771381210857, 17.808269249121818], [-3.37930666670585, 16.161378679354], [-3.210602844496451, 14.490643134283674], [-3.0264986974015087, 12.800547423183653], [-2.812304270672232, 11.098693067662706], [-2.5944289390240862, 9.385779745764085], [-2.4460441923155374, 7.6462817686405185], [-2.3381405954247216, 5.891855196243423], [-2.2178271868630732, 4.15240126770208], [-2.045474323290058, 2.468694670706428], [-1.8371632486258167, 0.838844997537528], [-1.61143390798826, -0.747318665311564], [-1.3815969176884009, -2.298477197833511], [-1.1578763641962904, -3.822463892806707], [-0.9502229916181771, -5.327418857509607], [-0.7634837663842944, -6.820031902388053], [-0.5979965838834433, -8.305363625135287], [-0.45135179645833334, -9.787174404822647], [-0.3212342645251887, -11.268842034626312], [-0.20787446323800496, -12.754771959986977]], "ego_orientations": [4.8123, -1.4710090064665495, -1.4712969046996456, -1.471670553661153, -1.4720811341457098, -1.4724573562165748, -1.4727606319135251, -1.4729821857250647, -1.4731233560032626, -1.473185911728308, -1.4731614366450447, -1.4730792818219864, -1.4731308504076202, -1.4732326925008241, -1.4731440632924198, -1.47287503462021, -1.4724960489558354, -1.4721085517074517, -1.4717676432204136, -1.4714827427546862, -1.4677684998590896, -1.4550248370666043, -1.4357369682173449, -1.4645931066581426, -1.502170413243448, -1.5121084963537665, -1.4854351080074455, -1.454165496516615, -1.4349111513877686, -1.4253341785836646, -1.4231011898076238, -1.4283767392074669, -1.4396532992098425, -1.45315529627275, -1.466320097596129, -1.4775924174121648, -1.4891731824619674, -1.4994541610233405], "obs_positions": [[-66.452, -8.165], [-64.462, -7.9653], [-62.472, -7.7656], [-60.482, -7.566], [-58.492, -7.3663], [-56.502, -7.1667], [-54.512, -6.967], [-52.522, -6.7673], [-50.5319, -6.5677], [-48.5419, -6.368], [-46.5519, -6.1684], [-44.5619, -5.9687], [-42.5719, -5.7691], [-40.5819, -5.5694], [-38.5919, -5.3697], [-36.6019, -5.1701], [-34.6119, -4.9704], [-32.6219, -4.7707], [-30.6319, -4.571], [-28.6419, -4.3714], [-26.627, -4.2806], [-24.6273, -4.1482], [-22.6283, -3.9729], [-20.6229, -3.753], [-18.6377, -3.491], [-16.6456, -3.1828], [-14.6707, -2.8317], [-12.7073, -2.4368], [-10.7516, -1.9971], [-8.8043, -1.5123], [-6.8644, -0.982], [-4.9389, -0.4078], [-3.0232, 0.2116], [-1.1264, 0.8731], [0.7548, 1.5775], [2.6128, 2.3212], [4.4632, 3.1103], [6.28511250115492, 3.9353059624847706]], "obs_orientations": [0.0999, 0.0999, 0.0999, 0.0999, 0.0999, 0.0999, 0.0999, 0.0999, 0.0999, 0.0999, 0.0999, 0.0999, 0.0999, 0.0999, 0.0999, 0.0999, 0.1, 0.1, 0.1, 6.3282, 6.3492, 6.3706, 0.1092, 0.1312, 0.1534, 0.1759, 0.1984, 0.2211, 0.2439, 0.2668, 0.2898, 0.3127, 0.3355, 0.3581, 0.3807, 0.403, 0.4252, 0.4252], "objectives": {"extension_time": 1.9, "danger_difference": 0.15899331719769938, "parameter_difference": 328.8897744313666}, "attributes": {"generation_number": 0, "individual_number": 7, "crash": false, "goal_reached": true, "scenario_length": 38}}, "[[5.946280460644719], [1.2758994543748834, 245.3081276162968, 391.76754486217516], [0.39849323115116997, 159.73485075266987], [0.8066372224321029, 43.875181664027956]]": {"ego_positions": [[-6.2421, 45.1793], [-6.092532072121179, 43.686639763954496], [-5.943213880730757, 42.19318440330126], [-5.794251950876476, 40.69829498432585], [-5.645702712499832, 39.20148129791517], [-5.497527466267222, 37.702388798178795], [-5.3496238343586455, 36.20077370265846], [-5.201853804317392, 34.69648395301467], [-5.0540894956097375, 33.189440588059014], [-4.906207958014883, 31.679625643881984], [-4.758090472804354, 30.167070847890397], [-4.609620310667151, 28.651846536703573], [-4.461108850892187, 27.136800776514907], [-4.313394684327314, 25.628205500312145], [-4.164934046100077, 24.111768921184794], [-4.014528015450306, 22.57837901353821], [-3.861033957535517, 21.018820385375808], [-3.703864360632005, 19.4283235879509], [-3.5431771381210857, 17.808269249121818], [-3.37930666670585, 16.161378679354], [-3.210602844496451, 14.490643134283674], [-3.0264986974015087, 12.800547423183653], [-2.812304270672232, 11.098693067662706], [-2.5944289390240862, 9.385779745764085], [-2.4460441923155374, 7.6462817686405185], [-2.3414145555253723, 5.889846506659519], [-2.250174567353479, 4.128689454912898], [-2.153622241204638, 2.3716003347146124], [-2.0417051254219074, 0.6246311718449697], [-1.9104565557489894, -1.1083193827128324], [-1.7598129064180583, -2.824999984495537], [-1.5922247098959281, -4.52435706956967], [-1.4113808485170796, -6.206275464755093], [-1.2213199025671893, -7.87124229293082], [-1.0259237811532451, -9.520166889251826], [-0.82808521110156, -11.153832886951777], [-0.6291887913316488, -12.772058031944221]], "ego_orientations": [4.8123, -1.4710090064665495, -1.4712969046996456, -1.471670553661153, -1.4720811341457098, -1.4724573562165748, -1.4727606319135251, -1.4729821857250647, -1.4731233560032626, -1.473185911728308, -1.4731614366450447, -1.4730792818219864, -1.4731308504076202, -1.4732326925008241, -1.4731440632924198, -1.47287503462021, -1.4724960489558354, -1.4721085517074517, -1.4717676432204136, -1.4714827427546862, -1.4677684998590896, -1.4550248370666043, -1.4357369682173449, -1.4645931066581426, -1.502170413243448, -1.5174790438920267, -1.5188112034805918, -1.5120221129869025, -1.5012083471602793, -1.4891388207335865, -1.4775868643561179, -1.467724004406497, -1.4600193565889015, -1.454624547968872, -1.4514067416305183, -1.4491887424420034, -1.4481239588595152], "obs_positions": [[-66.452, -8.165], [-64.462, -7.9653], [-62.472, -7.7656], [-60.482, -7.566], [-58.492, -7.3663], [-56.502, -7.1667], [-54.512, -6.967], [-52.522, -6.7673], [-50.5319, -6.5677], [-48.5419, -6.368], [-46.5519, -6.1684], [-44.5619, -5.9687], [-42.5719, -5.7691], [-40.5819, -5.5694], [-38.5919, -5.3697], [-36.6019, -5.1701], [-34.6119, -4.9704], [-32.6219, -4.7707], [-30.6319, -4.571], [-28.6419, -4.3714], [-26.627, -4.2806], [-24.6273, -4.1482], [-22.6283, -3.9729], [-20.6229, -3.753], [-18.6377, -3.491], [-16.6456, -3.1828], [-14.6707, -2.8317], [-12.7073, -2.4368], [-10.7516, -1.9971], [-8.8043, -1.5123], [-6.8644, -0.982], [-4.9389, -0.4078], [-3.0232, 0.2116], [-1.1264, 0.8731], [0.7548, 1.5775], [2.6128, 2.3212], [4.452577191913953, 3.105559537529321]], "obs_orientations": [0.0999, 0.0999, 0.0999, 0.0999, 0.0999, 0.0999, 0.0999, 0.0999, 0.0999, 0.0999, 0.0999, 0.0999, 0.0999, 0.0999, 0.0999, 0.0999, 0.1, 0.1, 0.1, 6.3282, 6.3492, 6.3706, 0.1092, 0.1312, 0.1534, 0.1759, 0.1984, 0.2211, 0.2439, 0.2668, 0.2898, 0.3127, 0.3355, 0.3581, 0.3807, 0.403, 0.403], "objectives": {"extension_time": 1.9, "danger_difference": 0.5943032471464265, "parameter_difference": 156.71547728115078}, "attributes": {"generation_number": 1, "individual_number": 71, "crash": false, "goal_reached": true, "scenario_length": 37}}}