{"[[46.77787656488279], [44.85353678070679, 174.74324901609268, 790.5943726697348], [1.1090304168218719, 107.65445727741749], [0.32371144832826965, 46.81329425480627]]": {"ego_positions": [[-5.7929, 40.7018], [-5.6433324209446925, 39.20913979381162], [-5.494021790010731, 37.715683098305234], [-5.345101039608673, 36.22078920857081], [-5.196585390834, 34.72397335158724], [-5.048420347905853, 33.224881018391606], [-4.900508816124051, 31.723267471590628], [-4.752728776680354, 30.21897959326715], [-4.604923438922707, 28.711941862508763], [-4.454982826219565, 27.20233358803469], [-4.292357478339673, 25.691234226834894], [-4.1024959828397005, 24.180162699093835], [-3.87716259923462, 22.670035922839887], [-3.6146390056773336, 21.16113970586279], [-3.317622524226359, 19.653334834002468], [-2.991564317690339, 18.146217429042515], [-2.643393713111335, 16.639242212707657], [-2.279066372677606, 15.13071646361583], [-1.8923426987762455, 13.615672053208668], [-1.4666195936576603, 12.091644512577261], [-1.020792417910929, 10.558835813475984], [-0.5773706263357217, 9.019551134026399], [-0.15752002780675634, 7.474274418225797], [0.21964117470139266, 5.922350937321026], [0.5359275792545892, 4.362943063600725], [0.7821094735719689, 2.795905269118584], [0.9573519476853725, 1.2216871990044775], [1.0666133149202481, -0.35851102645081223], [1.115654465840835, -1.943638120227849], [1.1044796095459968, -3.533185148610136], [1.0413256909224438, -5.125912245360425], [0.9412509035698267, -6.7199491109074305], [0.8214388007619535, -8.313461324878773], [0.6940898751340748, -9.905094881353026], [0.5610764460556887, -11.494361274909927], [0.4373901206520561, -13.079671516268059]], "ego_orientations": [4.8123, -1.4710092437217535, -1.4713142767056517, -1.4717002637021004, -1.472094866964209, -1.4724559041117349, -1.4727547885209349, -1.4729675350390359, -1.4730821685170827, -1.469282659371773, -1.4560334049911638, -1.4347227083457001, -1.4104954816079038, -1.386928592860369, -1.3663120576664696, -1.3499397952278276, -1.3383645037910785, -1.3294258979999878, -1.309142857575095, -1.290667059000139, -1.286859472275526, -1.2959301485015917, -1.3169267457698135, -1.3500216356757626, -1.3923411766594347, -1.4377056343197152, -1.4816185473868275, -1.5209575257447616, -1.5591846992108174, -1.5954777461333345, -1.623721502652966, -1.6414424177239013, -1.648539839130736, -1.6532985021504452, -1.6535050681273074, -1.641714441067343], "obs_positions": [[-60.482, -7.5659], [-58.492, -7.3662], [-56.502, -7.1666], [-54.512, -6.967], [-52.522, -6.7673], [-50.5319, -6.5676], [-48.5419, -6.368], [-46.5519, -6.1683], [-44.5619, -5.9686], [-42.5719, -5.769], [-40.5819, -5.5694], [-38.5919, -5.3697], [-36.6019, -5.17], [-34.6119, -4.9704], [-32.6219, -4.7707], [-30.6319, -4.571], [-28.6419, -4.3714], [-26.627, -4.2806], [-24.6273, -4.1482], [-22.6283, -3.9729], [-20.6229, -3.753], [-18.6377, -3.491], [-16.6456, -3.1828], [-14.6707, -2.8317], [-12.7073, -2.4368], [-10.7516, -1.9971], [-8.8043, -1.5123], [-6.8644, -0.982], [-4.9389, -0.4078], [-3.0232, 0.2116], [-1.1264, 0.8731], [0.7548, 1.5775], [2.6128, 2.3212], [4.4632, 3.1103], [6.2946, 3.9396], [8.098009428512253, 4.8043048242915685]], "obs_orientations": [0.1, 0.0999, 0.0999, 0.1, 0.1, 0.0999, 0.0999, 0.1, 0.0999, 0.0999, 0.1, 0.1, 0.0999, 0.0999, 0.1, 0.1, 6.3282, 6.3492, 6.3706, 0.1092, 0.1312, 0.1534, 0.1759, 0.1984, 0.2211, 0.2439, 0.2668, 0.2898, 0.3127, 0.3355, 0.3581, 0.3807, 0.403, 0.4252, 0.4471, 0.4471], "objectives": {"extension_time": 1.6, "danger_difference": -0.010805985870999013, "parameter_difference": 316.75032745091124}, "attributes": {"generation_number": 0, "individual_number": 15, "crash": false, "goal_reached": true, "scenario_length": 36}}}