{"[[17.070474341799496], [15.13642804594657, 390.7584964329509, 176.8865707075239], [1.0776004484581043, 131.89269294359326], [2.0394026018310614, 25.046136292282274]]": {"ego_positions": [[-6.0924, 43.6868], [-5.942833191303556, 42.19413982860843], [-5.793523239901302, 40.70068362101427], [-5.644597570584353, 39.2057910381481], [-5.4960755247383135, 37.708976653404264], [-5.347903757119894, 36.2098859991394], [-5.199984275084015, 34.708274371028416], [-5.052197750317227, 33.20398773497169], [-4.904443206080995, 31.69694441236076], [-4.756571753315512, 30.187131104774846], [-4.608435446671834, 28.674580237328204], [-4.460331069785667, 27.16208959054686], [-4.308547087980432, 25.659142228428532], [-4.122627259830455, 24.163551956083204], [-3.8637151388509436, 22.668709769097276], [-3.5473492348642246, 21.168230153772274], [-3.1912296653985632, 19.655997608734292], [-2.822236688883412, 18.12856138173445], [-2.46263607182598, 16.58325291999767], [-2.10956278200431, 15.020201252782773], [-1.7477127445220433, 13.432910550273627], [-1.4567773843322784, 11.78711132481418], [-1.232572927836745, 10.089296795853713], [-1.0625857935955885, 8.352376164997027], [-0.937993786934, 6.587015214507983], [-0.8612964838311714, 4.802686238858391], [-0.8471754154758646, 3.0094233613444135], [-0.881268512903832, 1.216551844958869], [-0.9363258454396522, -0.5695311992526481], [-0.9860479089245049, -2.3424731904636453], [-1.0130130294539104, -4.097854182109551], [-1.0080540293019176, -5.833095370310187], [-0.9679967821147741, -7.547165498692445], [-0.8938376254403357, -9.240131379101712], [-0.7875278358009109, -10.912190621081042], [-0.6489822061535726, -12.56223351254149]], "ego_orientations": [4.8123, -1.471010316864148, -1.4713128218049087, -1.4716959200056303, -1.4720907133959171, -1.4724510510741258, -1.4727487528474699, -1.4729780318785481, -1.4731413925430878, -1.4731790434938405, -1.4731480441882114, -1.4732876154652361, -1.4640634765493896, -1.4236519552976326, -1.378826293912275, -1.3486233970984625, -1.3338032351980482, -1.3361224593625973, -1.3494998363618134, -1.3401755562171154, -1.3681017304040104, -1.419879236074685, -1.4576217708404675, -1.4875334317927376, -1.5126671516426216, -1.5453750833979711, -1.5786994843125486, -1.5983353933334872, -1.6023058586953232, -1.5937211172110537, -1.577654412554172, -1.5578183387559381, -1.5370322025093932, -1.5172655268759945, -1.496935868259757, -1.4777292448117922], "obs_positions": [[-64.462, -7.9653], [-62.472, -7.7656], [-60.482, -7.566], [-58.492, -7.3663], [-56.502, -7.1666], [-54.512, -6.9669], [-52.522, -6.7673], [-50.5319, -6.5676], [-48.5419, -6.368], [-46.5519, -6.1683], [-44.5619, -5.9687], [-42.5719, -5.769], [-40.5819, -5.5694], [-38.5919, -5.3697], [-36.6019, -5.1701], [-34.6119, -4.9704], [-32.6219, -4.7707], [-30.6319, -4.571], [-28.6419, -4.3714], [-26.627, -4.2806], [-24.6273, -4.1482], [-22.6283, -3.9729], [-20.6229, -3.753], [-18.6377, -3.491], [-16.6456, -3.1828], [-14.6707, -2.8317], [-12.7073, -2.4368], [-10.7516, -1.9971], [-8.8043, -1.5123], [-6.8644, -0.982], [-4.9389, -0.4078], [-3.0232, 0.2116], [-1.1264, 0.8731], [0.7548, 1.5775], [2.6128, 2.3212], [4.452577191913953, 3.105559537529321]], "obs_orientations": [0.0999, 0.0999, 0.0999, 0.1, 0.1, 0.1, 0.0999, 0.0999, 0.0999, 0.0999, 0.0999, 0.0999, 0.0999, 0.0999, 0.0999, 0.1, 0.1, 0.1, 6.3282, 6.3492, 6.3706, 0.1092, 0.1312, 0.1534, 0.1759, 0.1984, 0.2211, 0.2439, 0.2668, 0.2898, 0.3127, 0.3355, 0.3581, 0.3807, 0.403, 0.403], "objectives": {"extension_time": 1.8, "danger_difference": 0.271487305071501, "parameter_difference": 71.0431649966401}, "attributes": {"generation_number": 0, "individual_number": 45, "crash": false, "goal_reached": true, "scenario_length": 36}}}