{"[[42.57634977294378], [34.13183321514958, 200.0, 841.1476545228747], [2.497322292874248, 39.707250933476246], [1.1436332657617196, 1.2596476571453297]]": {"ego_positions": [[-7.5898, 58.6118], [-7.440225949535969, 57.11913968970473], [-7.290896375718103, 55.62568180260748], [-7.141954629417974, 54.13078507172192], [-6.993420308428809, 52.633964789509946], [-6.8452395469768765, 51.134866864315434], [-6.697316053773698, 49.6332466040574], [-6.549535674459485, 48.12895005033769], [-6.401776894456489, 46.62189811227984], [-6.253909510829301, 45.11207417604404], [-6.105806930226585, 43.599510361552255], [-5.957357007261314, 42.08427675438327], [-5.808503202210089, 40.56646914145543], [-5.659197717107516, 39.04620657660377], [-5.509406030478839, 37.523623734223264], [-5.359110798323385, 35.998865316101956], [-5.208315138414704, 34.47208125718599], [-5.057035898013616, 32.94342360558182], [-4.905292602179526, 31.41304459769537], [-4.753097672501768, 29.8810949812316], [-4.600446458884473, 28.347723000591014], [-4.44541737997417, 26.81326365124994], [-4.277600801088968, 25.278896908873506], [-4.082578372850865, 23.746197130400915], [-3.8522280464612098, 22.216099154764095], [-3.5849258568430984, 20.688877058897877], [-3.28343808516735, 19.16435634481385], [-2.9532649276350895, 17.642079414461627], [-2.6013661741616665, 16.121432820246145], [-2.2234172206686678, 14.601467320095853], [-1.7935422816685813, 13.079316298265072], [-1.3335408825129085, 11.551840793251882], [-0.873162548033618, 10.018226128261935], [-0.434238438174781, 8.478395661544806], [-0.03291639757617615, 6.932045222160927], [0.3196928391676761, 5.379042515250848], [0.6187280118686083, 3.819766222816384], [0.8643985304562101, 2.2548151694604344], [1.0603283164621282, 0.6851175585062615], [1.2124300880675427, -0.8881909342851806], [1.3264656580798908, -2.4641033556436422], [1.404940692673621, -4.0420379676752525], [1.45388996443195, -5.620939670811548], [1.482278057157557, -7.199654235345969], [1.49969476762028, -8.777134683715975], [1.5129884524357977, -10.352582587946744], [1.523760013132267, -11.92561691800885], [1.5397139119154302, -13.495394728294553], [1.5701964990658546, -15.061104391111188], [1.6217623618101666, -16.6222833242007]], "ego_orientations": [4.8123, -1.4709994789178085, -1.4713006914987483, -1.4716870037615664, -1.47208401087223, -1.4724467001253574, -1.4727505907296683, -1.4729811217909683, -1.4731335043710017, -1.4731954924256296, -1.4731737798865492, -1.4730931049369564, -1.4729745814640838, -1.472820267603999, -1.4726402125455964, -1.472447120602416, -1.4722512474675185, -1.4720611129179098, -1.4718701277483053, -1.4716698435244915, -1.4714824058737008, -1.467535098348523, -1.4543558836228359, -1.4332748644995803, -1.4093382844869966, -1.386055943566257, -1.3656849167815688, -1.3495070674937395, -1.3380766217527897, -1.3111800179714095, -1.2835577688256663, -1.276140033195662, -1.2842890584211935, -1.303581157200428, -1.3313736305188613, -1.3642104929147676, -1.3984229506005592, -1.4313752525650596, -1.4612294832891575, -1.4868468036489295, -1.510225178432819, -1.5313071501701003, -1.547326645808739, -1.557277999513886, -1.5612938924481314, -1.5636271809829942, -1.5633336755238032, -1.5568795304793062, -1.5450504440604504, -1.5302155048387505], "obs_positions": [[-84.3621, -9.9618], [-82.3721, -9.7622], [-80.3821, -9.5625], [-78.3921, -9.3628], [-76.4021, -9.1632], [-74.4121, -8.9636], [-72.422, -8.7639], [-70.432, -8.5642], [-68.442, -8.3646], [-66.452, -8.1649], [-64.462, -7.9652], [-62.472, -7.7656], [-60.482, -7.5659], [-58.492, -7.3663], [-56.502, -7.1666], [-54.512, -6.967], [-52.522, -6.7673], [-50.5319, -6.5676], [-48.5419, -6.368], [-46.5519, -6.1683], [-44.5619, -5.9687], [-42.5719, -5.769], [-40.5819, -5.5694], [-38.5919, -5.3697], [-36.6019, -5.17], [-34.6119, -4.9704], [-32.6219, -4.7707], [-30.6319, -4.571], [-28.6419, -4.3714], [-26.627, -4.2806], [-24.6273, -4.1482], [-22.6283, -3.9729], [-20.6229, -3.753], [-18.6377, -3.491], [-16.6456, -3.1828], [-14.6707, -2.8317], [-12.7073, -2.4368], [-10.7516, -1.9971], [-8.8043, -1.5123], [-6.8644, -0.982], [-4.9389, -0.4078], [-3.0232, 0.2116], [-1.1264, 0.8731], [0.7548, 1.5775], [2.6128, 2.3212], [4.4632, 3.1103], [6.2946, 3.9396], [8.1069, 4.8088], [9.9002, 5.7169], [11.664865717220243, 6.658151776342316]], "obs_orientations": [0.1, 0.1, 0.0999, 0.0999, 0.0999, 0.0999, 0.1, 0.1, 0.1, 0.1, 0.1, 0.1, 0.0999, 0.0999, 0.0999, 0.1, 0.1, 0.1, 0.0999, 0.0999, 0.0999, 0.0999, 0.1, 0.1, 0.1, 0.1, 0.1, 0.1, 6.3282, 6.3492, 6.3706, 0.1092, 0.1312, 0.1534, 0.1759, 0.1984, 0.2211, 0.2439, 0.2668, 0.2898, 0.3127, 0.3355, 0.3581, 0.3807, 0.403, 0.4252, 0.4471, 0.4687, 0.49, 0.49], "objectives": {"extension_time": 2.8, "danger_difference": -0.11488884430755641, "parameter_difference": 336.73851868867195}, "attributes": {"generation_number": 1, "individual_number": 63, "crash": false, "goal_reached": true, "scenario_length": 50}}}