{"[[11.884790402586976], [49.09400703287507, 347.91415650586964, 264.90765347453004], [2.0133552711811027, 194.4489379785544], [2.33094111553484, 45.90297368015702]]": {"ego_positions": [[-6.3919, 46.6718], [-6.242329529205057, 45.179139793237795], [-6.093008120377022, 43.68568283377408], [-5.944075073176895, 42.19078797799708], [-5.79554897828521, 40.693970342604786], [-5.6473900215280235, 39.19487334338076], [-5.499508846875015, 37.693253353135255], [-5.351749965489117, 36.188960079083046], [-5.203973682843053, 34.68191564746604], [-5.056074360416438, 33.17209929285224], [-4.907961412154622, 31.65954068871699], [-4.759529795796859, 30.144309869092496], [-4.610655750733306, 28.626509542556523], [-4.459307265111, 27.106455921454003], [-4.296989484700736, 25.584794861421507], [-4.117532575721627, 24.06070136272559], [-3.918604582237761, 22.53299097820681], [-3.699035347670117, 21.00051080881374], [-3.4552338631076984, 19.461927657542034], [-3.188593435003819, 17.915866499072536], [-2.904701948664966, 16.361125860197735], [-2.60597186701539, 14.797282638842361], [-2.2848984423547387, 13.223492633859577], [-1.956740218301558, 11.632037333105881], [-1.6426867732536035, 10.020815759674585], [-1.3572980363176446, 8.392972281738313], [-1.1110778617145947, 6.753957823523398], [-0.9169301157341156, 5.110323257971755], [-0.7763296110555313, 3.467940101318449], [-0.6865952751834998, 1.8298841268162411], [-0.6610710350429554, 0.19693558118075], [-0.6857923738319186, -1.4286876725359392], [-0.7316843439782914, -3.0443998439141877], [-0.797300827035586, -4.649935858890312], [-0.8872681056105003, -6.24344747169788], [-0.9093821845886564, -7.817649155697103], [-0.8634413208090675, -9.375319725843315], [-0.7665496821059318, -10.92071406814582], [-0.6313210512589071, -12.457809606227855]], "ego_orientations": [4.8123, -1.4710038721635037, -1.4713064765961343, -1.4716925382127535, -1.4720888779181873, -1.4724723722095598, -1.472772511333858, -1.4729825947529438, -1.473106803667764, -1.4731804922737917, -1.4731786389424846, -1.4730971616144393, -1.4729442490048434, -1.4689534691233526, -1.4594695759140688, -1.4475057864902228, -1.4352127803918648, -1.4211986840121957, -1.4063529891414657, -1.3943514994307673, -1.3868467862029483, -1.3753510069320587, -1.3661250286378719, -1.371075454687368, -1.3868100983297724, -1.4082796565838027, -1.436649636540043, -1.4699817865301261, -1.4995178259089723, -1.5354411788056472, -1.573195939705756, -1.5956916536084194, -1.5997747888141243, -1.6293082749680856, -1.6104481557297667, -1.56112112180762, -1.5232773560849573, -1.4942401205069542, -1.4732996634544966], "obs_positions": [[-68.442, -8.3645], [-66.452, -8.1649], [-64.462, -7.9652], [-62.472, -7.7656], [-60.482, -7.5659], [-58.492, -7.3663], [-56.502, -7.1666], [-54.512, -6.967], [-52.522, -6.7673], [-50.5319, -6.5677], [-48.5419, -6.368], [-46.5519, -6.1683], [-44.5619, -5.9687], [-42.5719, -5.769], [-40.5819, -5.5693], [-38.5919, -5.3697], [-36.6019, -5.17], [-34.6119, -4.9703], [-32.6219, -4.7707], [-30.6319, -4.571], [-28.6419, -4.3714], [-26.627, -4.2806], [-24.6273, -4.1482], [-22.6283, -3.9729], [-20.6229, -3.753], [-18.6377, -3.491], [-16.6456, -3.1828], [-14.6707, -2.8317], [-12.7073, -2.4368], [-10.7516, -1.9971], [-8.8043, -1.5123], [-6.8644, -0.982], [-4.9389, -0.4078], [-3.0232, 0.2116], [-1.1264, 0.8731], [0.7548, 1.5775], [2.6128, 2.3212], [4.4632, 3.1103], [6.28511250115492, 3.9353059624847706]], "obs_orientations": [0.0999, 0.0999, 0.1, 0.0999, 0.0999, 0.0999, 0.0999, 0.0999, 0.0999, 0.1, 0.0999, 0.0999, 0.0999, 0.1, 0.1, 0.0999, 0.0999, 0.0999, 0.1, 0.0999, 6.3282, 6.3492, 6.3706, 0.1092, 0.1312, 0.1534, 0.1759, 0.1984, 0.2211, 0.2439, 0.2668, 0.2898, 0.3127, 0.3355, 0.3581, 0.3807, 0.403, 0.4252, 0.4252], "objectives": {"extension_time": 2.0, "danger_difference": -0.0890218873313926, "parameter_difference": 107.7862917131668}, "attributes": {"generation_number": 0, "individual_number": 30, "crash": false, "goal_reached": true, "scenario_length": 39}}, "[[46.77787656488279], [44.85353678070679, 174.74324901609268, 2.5], [1.1090304168218719, 107.65445727741749], [2.164137321383112, 47.35396176348379]]": {"ego_positions": [[-6.3919, 46.6718], [-6.242329529205057, 45.179139793237795], [-6.093008120377022, 43.68568283377408], [-5.944075073176895, 42.19078797799708], [-5.79554897828521, 40.693970342604786], [-5.6473900215280235, 39.19487334338076], [-5.499508846875015, 37.693253353135255], [-5.351749965489117, 36.188960079083046], [-5.203973682843053, 34.68191564746604], [-5.056074360416438, 33.17209929285224], [-4.907961412154622, 31.65954068871699], [-4.759529795796859, 30.144309869092496], [-4.610655750733306, 28.626509542556523], [-4.459307265111, 27.106455921454003], [-4.296989484700736, 25.584794861421507], [-4.117532575721627, 24.06070136272559], [-3.918604582237761, 22.53299097820681], [-3.6986209398779035, 21.00110624970943], [-3.4514410415556798, 19.466504828062575], [-3.1744370173457046, 17.930534939340795], [-2.866632911200952, 16.394294482236912], [-2.5102573869553044, 14.859300345020758], [-2.0745046919118026, 13.324419986332611], [-1.588824402380346, 11.786240955131603], [-1.091764846808246, 10.243392175155227], [-0.6113729467696793, 8.695534805121897], [-0.16846884083757363, 7.142454111106268], [0.21435081757282637, 5.58288785196271], [0.5237558286029143, 4.016255781421565], [0.7562496770867222, 2.4427147818257486], [0.9151441852648519, 0.8630124991361083], [1.008311906916377, -0.7215871842868997], [1.0437028235073358, -2.3099649217216163], [1.023581887214922, -3.901607302817934], [0.9571331712681663, -5.4952593941826295], [0.8592151024516264, -7.089240236692162], [0.7461272863932368, -8.681904820053543], [0.6293305126378406, -10.272069168710642], [0.5107761863688798, -11.85935465991979], [0.40396269301393456, -13.44239473028276]], "ego_orientations": [4.8123, -1.4710038721635037, -1.4713064765961343, -1.4716925382127535, -1.4720888779181873, -1.4724723722095598, -1.472772511333858, -1.4729825947529438, -1.473106803667764, -1.4731804922737917, -1.4731786389424846, -1.4730971616144393, -1.4729442490048434, -1.4689534691233526, -1.4594695759140688, -1.4475057864902228, -1.4352127803918648, -1.4202067412778607, -1.4017480778808578, -1.3832042547255003, -1.361950425576305, -1.3178894590219121, -1.275230951189421, -1.2587093070359296, -1.2622831328716053, -1.2791817780412602, -1.3095336552277743, -1.3520938589757279, -1.3999632327961251, -1.4479425788544749, -1.4923173115195496, -1.5306867039603826, -1.5664863867482222, -1.5993243726171658, -1.6239970542877273, -1.638577395475897, -1.643208307434584, -1.6454974216625047, -1.6435785423367921, -1.630887751954134], "obs_positions": [[-68.442, -8.3645], [-66.452, -8.1649], [-64.462, -7.9652], [-62.472, -7.7656], [-60.482, -7.5659], [-58.492, -7.3663], [-56.502, -7.1666], [-54.512, -6.967], [-52.522, -6.7673], [-50.5319, -6.5677], [-48.5419, -6.368], [-46.5519, -6.1683], [-44.5619, -5.9687], [-42.5719, -5.769], [-40.5819, -5.5693], [-38.5919, -5.3697], [-36.6019, -5.17], [-34.6119, -4.9703], [-32.6219, -4.7707], [-30.6319, -4.571], [-28.6419, -4.3714], [-26.627, -4.2806], [-24.6273, -4.1482], [-22.6283, -3.9729], [-20.6229, -3.753], [-18.6377, -3.491], [-16.6456, -3.1828], [-14.6707, -2.8317], [-12.7073, -2.4368], [-10.7516, -1.9971], [-8.8043, -1.5123], [-6.8644, -0.982], [-4.9389, -0.4078], [-3.0232, 0.2116], [-1.1264, 0.8731], [0.7548, 1.5775], [2.6128, 2.3212], [4.4632, 3.1103], [6.2946, 3.9396], [8.098009428512253, 4.8043048242915685]], "obs_orientations": [0.0999, 0.0999, 0.1, 0.0999, 0.0999, 0.0999, 0.0999, 0.0999, 0.0999, 0.1, 0.0999, 0.0999, 0.0999, 0.1, 0.1, 0.0999, 0.0999, 0.0999, 0.1, 0.0999, 6.3282, 6.3492, 6.3706, 0.1092, 0.1312, 0.1534, 0.1759, 0.1984, 0.2211, 0.2439, 0.2668, 0.2898, 0.3127, 0.3355, 0.3581, 0.3807, 0.403, 0.4252, 0.4471, 0.4471], "objectives": {"extension_time": 2.0, "danger_difference": 0.04091380398496236, "parameter_difference": 18.04101442497213},