{"[[25.61044837440638], [2.4829582433865385, 38.01770689760138, 2.5], [2.1746239778901812, 70.8695420293489], [6.652586476598243, 37.27300418023253]]": {"ego_positions": [[-7.8893, 61.5969], [-7.739737057587063, 60.104239889770106], [-7.590440060465906, 58.61078405077244], [-7.441536317720806, 57.11589201451796], [-7.293037617841877, 55.619079030216106], [-7.14487887757592, 54.11999191056996], [-6.996955133622608, 52.61838552351784], [-6.849160932163992, 51.11410467412461], [-6.701377259534915, 49.6070697720518], [-6.553483608986457, 48.09726262236213], [-6.405367136291191, 46.58471396328932], [-6.2569255161703135, 45.06949316717756], [-6.1080673781050425, 43.55169956127159], [-5.958746054840275, 42.031451184357536], [-5.808940576724512, 40.50888151589951], [-5.658623094447974, 38.98413637741018], [-5.5077163698642435, 37.45737377732566], [-5.356186368556667, 35.92875088042762], [-5.204055563097466, 34.39841947237805], [-5.051383014296193, 32.866525637111415], [-4.898242870010068, 31.333209866838786], [-4.744697488113979, 29.79860822527921], [-4.590816791151893, 28.262849149133636], [-4.434679429465945, 26.726253291115782], [-4.26790781690786, 25.189442075337507], [-4.084394524317761, 23.651553004042178], [-3.881856598352978, 22.111348943758944], [-3.660702700276368, 20.567674464021405], [-3.423092188381754, 19.019499476858428], [-3.17220678578018, 17.46594634343207], [-2.9117047701629684, 15.906302882494737], [-2.6398597535811925, 14.338535553688606], [-2.346012234922473, 12.756106674695067], [-2.0456315440957455, 11.156486296104793], [-1.7572711444136644, 9.540108606162203], [-1.4929166413667483, 7.908201678254133], [-1.258731929611938, 6.262313127421541], [-1.0585594277182684, 4.60404928442703], [-0.8985549705787554, 2.9348857004301423], [-0.7780619027443301, 1.2566620534755033], [-0.690703086229395, -0.4284873467158596], [-0.6272140105385223, -2.1183079943951], [-0.5778201460724763, -3.8109875228908847], [-0.5335772338905189, -5.504800656965511], [-0.4869923839980511, -7.198421700169873], [-0.43306744191694546, -8.890825805376593], [-0.3697207803208414, -10.581120838597368], [-0.29348819211491683, -12.268523631312283]], "ego_orientations": [4.8123, -1.471016153644518, -1.4713247726696679, -1.4717117634570105, -1.4721056671934925, -1.4724517580104397, -1.472744388921413, -1.4729669234641092, -1.47311273584757, -1.4731802867298258, -1.4731724013558285, -1.473096367060382, -1.472963752858674, -1.472808591393985, -1.4726341490478374, -1.472410603128238, -1.4721355393754463, -1.4718475737309307, -1.4715806024530487, -1.4713496690643906, -1.4711567598239128, -1.4709940813269364, -1.470873243868871, -1.4670085725897364, -1.4577702606299825, -1.4460903682481607, -1.4340926007894321, -1.423182836925485, -1.414206689961377, -1.4075833691628254, -1.4034218421383127, -1.3926628862199477, -1.384064155907435, -1.3882080748457364, -1.4014065875407766, -1.4195110202022008, -1.439507335682932, -1.4626462535057412, -1.487631981449712, -1.5099077659667728, -1.5271188234621853, -1.5383688279051215, -1.5439789897409497, -1.5446401304105732, -1.5413936142340043, -1.5364152095411123, -1.5298626377153504, -1.5211153175135221], "obs_positions": [[-88.3421, -10.3612], [-86.3521, -10.1615], [-84.3621, -9.9619], [-82.3721, -9.7622], [-80.3821, -9.5625], [-78.3921, -9.3628], [-76.4021, -9.1632], [-74.4121, -8.9635], [-72.422, -8.7639], [-70.432, -8.5642], [-68.442, -8.3646], [-66.452, -8.1649], [-64.462, -7.9653], [-62.472, -7.7656], [-60.482, -7.566], [-58.492, -7.3663], [-56.502, -7.1667], [-54.512, -6.967], [-52.522, -6.7673], [-50.5319, -6.5676], [-48.5419, -6.368], [-46.5519, -6.1683], [-44.5619, -5.9687], [-42.5719, -5.769], [-40.5819, -5.5694], [-38.5919, -5.3697], [-36.6019, -5.1701], [-34.6119, -4.9704], [-32.6219, -4.7707], [-30.6319, -4.571], [-28.6419, -4.3714], [-26.627, -4.2806], [-24.6273, -4.1482], [-22.6283, -3.9729], [-20.6229, -3.753], [-18.6377, -3.491], [-16.6456, -3.1828], [-14.6707, -2.8317], [-12.7073, -2.4368], [-10.7516, -1.9971], [-8.8043, -1.5123], [-6.8644, -0.982], [-4.9389, -0.4078], [-3.0232, 0.2116], [-1.1264, 0.8731], [0.7548, 1.5775], [2.6128, 2.3212], [4.452577191913953, 3.105559537529321]], "obs_orientations": [0.0999, 0.0999, 0.0999, 0.1, 0.1, 0.1, 0.0999, 0.0999, 0.0999, 0.0999, 0.0999, 0.0999, 0.0999, 0.0999, 0.0999, 0.0999, 0.1, 0.1, 0.1, 0.0999, 0.0999, 0.0999, 0.0999, 0.0999, 0.0999, 0.0999, 0.1, 0.1, 0.1, 0.1, 6.3282, 6.3492, 6.3706, 0.1092, 0.1312, 0.1534, 0.1759, 0.1984, 0.2211, 0.2439, 0.2668, 0.2898, 0.3127, 0.3355, 0.3581, 0.3807, 0.403, 0.403], "objectives": {"extension_time": 3.0, "danger_difference": -0.040153819007594294, "parameter_difference": 1.6965886170140898}, "attributes": {"generation_number": 9, "individual_number": 452, "crash": false, "goal_reached": true, "scenario_length": 48}}}