{"[[5], [5, 50, 100], [0.25, 20], [0.25, 5]]": {"ego_positions": [[-354.7401, -8.6162], [-356.11268134429173, -8.893207433460455], [-357.4818582337908, -9.194440224929973], [-358.8466594078746, -9.530070619330916], [-360.2078688504103, -9.899707551595576], [-361.5663134219723, -10.302390505304695], [-362.92185567999917, -10.74323795069813], [-364.2781827807765, -11.203012038353544], [-365.6382227874494, -11.663694673759549], [-366.9945610937689, -12.140040306704293], [-368.35150593446417, -12.648653177386642], [-369.73195751186427, -13.092323064393522], [-371.1339986766489, -13.454120558504785], [-372.5462230416133, -13.78323032803069], [-373.96063708580147, -14.114121964475954], [-375.37559064014334, -14.451521769789492], [-376.79429284309725, -14.77435264644936], [-378.21765624981566, -15.07031092898707], [-379.64058358147065, -15.361582256430507], [-381.06249280672614, -15.651817836693521], [-382.4837645669487, -15.940491539892829], [-383.9044301889474, -16.228563687845366], [-385.3249253366681, -16.514958058266593], [-386.745927704486, -16.797483867358117], [-388.16756758799033, -17.07667098625226], [-389.58953499019333, -17.354510243559627], [-391.0114557434426, -17.633072321668827], [-392.4333508121437, -17.912613947036427], [-393.8553912024021, -18.192936896633775], [-395.27658584333983, -18.478735742890663], [-396.69679586911406, -18.77025390874786], [-398.1174431103258, -19.060270460402148]], "ego_orientations": [3.3372, -2.935789395781966, -2.9131719922948287, -2.8879113509468124, -2.8658283806519655, -2.839166706605729, -2.818312870978498, -2.813348115473567, -2.817743138514612, -2.783533896171994, -2.79900502486195, -2.8640901204648417, -2.906576636805261, -2.9144605866422983, -2.9084607832023366, -2.909092130544015, -2.9294460406310163, -2.9395991419211445, -2.9398433889670694, -2.9407876318032176, -2.941401419765563, -2.941790103475619, -2.9438778486730177, -2.9466894438941695, -2.948414070619974, -2.948600289124585, -2.9474971315267933, -2.9477610656699413, -2.945387505168856, -2.940899248770831, -2.9377322824305505, -2.9458644572668145], "obs_positions": [[-340.1101, -5.546], [-342.072, -5.9349], [-344.0338, -6.3236], [-345.9957, -6.7124], [-347.9575, -7.1013], [-349.9193, -7.49], [-351.8812, -7.8789], [-353.843, -8.2677], [-355.8049, -8.6565], [-357.7667, -9.0453], [-359.7286, -9.4342], [-361.6894, -9.8421], [-363.6504, -10.2483], [-365.6113, -10.653], [-367.5708, -11.056], [-369.5361, -11.4588], [-371.5013, -11.8604], [-373.4665, -12.2609], [-375.4318, -12.6603], [-377.397, -13.0589], [-379.3623, -13.4567], [-381.3275, -13.8537], [-383.2927, -14.2502], [-385.2606, -14.6467], [-387.2295, -15.0431], [-389.194, -15.4383], [-391.1588, -15.8334], [-393.1226, -16.2282], [-395.091, -16.6241], [-397.0589, -17.0199]], "obs_orientations": [3.3372, 3.3372, 3.3372, 3.3373, 3.3372, 3.3372, 3.3372, 3.3372, 3.3372, 3.3372, 3.3466, 3.3458, 3.3451, 3.3444, 3.3437, 3.3431, 3.3426, 3.3421, 3.3416, 3.3412, 3.3409, 3.3406, 3.3404, 3.3402, 3.3401, 3.34, 3.34, 3.34, 3.3401, 3.3402], "attributes": {"crash": false, "goal_reached": true, "max_danger": 3.0517023488797297, "scenario_length": 32, "lower_bound": -1.1, "upper_bound": -1.0}}}