{"[[8.080189877841162], [2.4999999999679035, 141.1797944131537, 70.30684935899345], [66.74902056265437, 138.12370809627572], [1.9196090776871135, 23.02621187875949]]": {"ego_positions": [[-361.6065, -9.9771], [-362.98028665424874, -10.254353938494887], [-364.3573764535792, -10.557210496996452], [-365.7416745919544, -10.89734219828855], [-367.13295337094763, -11.284360275240072], [-368.52566538669856, -11.737077011431136], [-369.93122518579855, -12.237408327676956], [-371.3534837079188, -12.759897830092074], [-372.79021544669087, -13.293517737905871], [-374.2385909201414, -13.831122744238884], [-375.6962689426124, -14.366310332043163], [-377.16128166250775, -14.893650727865868], [-378.64395276726884, -15.359022472546428], [-380.16830756014303, -15.663954284945891], [-381.7141458957717, -15.901108366047051]], "ego_orientations": [3.3372, -2.935799355673449, -2.913299421126064, -2.8882733965014524, -2.848343551869271, -2.8100092356205106, -2.7926517201272616, -2.7870992519470406, -2.785477884903539, -2.787433483947778, -2.792475917746309, -2.8000479770771927, -2.8951154096746863, -2.9778252386559325, -2.993343024796237], "obs_positions": [[-349.9193, -7.49], [-351.8812, -7.8789], [-353.843, -8.2677], [-355.8049, -8.6565], [-357.7667, -9.0453], [-359.7286, -9.4342], [-361.6894, -9.8421], [-363.6504, -10.2483], [-365.6113, -10.653], [-367.5708, -11.056], [-369.5361, -11.4588], [-371.5013, -11.8604], [-373.4665, -12.2609], [-375.4318, -12.6603], [-377.3919302366168, -13.057653061521622]], "obs_orientations": [3.3372, 3.3372, 3.3372, 3.3372, 3.3372, 3.3466, 3.3458, 3.3451, 3.3444, 3.3437, 3.3431, 3.3426, 3.3421, 3.3416, 3.3416], "objectives": {"extension_time": -0.5, "danger_difference": -2.2585670544206855, "parameter_difference": 11.936175175658763}, "attributes": {"generation_number": 15, "individual_number": 759, "crash": false, "goal_reached": true, "scenario_length": 15}}, "[[7.608847192036213], [2.499996445077879, 136.97104578802237, 113.1860889283941], [1.134004739843455, 203.6004082041792], [0.6302930881703405, 28.373974993654972]]": {"ego_positions": [[-361.6065, -9.9771], [-362.9769762308966, -10.266464019672538], [-364.33566650810855, -10.631210368402908], [-365.6829225641554, -11.078504369531098], [-367.02261634009284, -11.580745114160171], [-368.361657151307, -12.106243603030364], [-369.7093490100484, -12.623291911396025], [-371.06637265951775, -13.116850137853431], [-372.4313919554045, -13.590816023391126], [-373.80283607131594, -14.050397517332094], [-375.1800088310514, -14.496792317874972], [-376.56491734342404, -14.918352604874789], [-377.96147159752644, -15.29430127366068], [-379.36891784552347, -15.626433120488855], [-380.7849000039779, -15.924649372618205], [-382.2070434388973, -16.198993542571955]], "ego_orientations": [3.3372, -2.9108458825766292, -2.8478053588955725, -2.798431926476704, -2.7713117545991457, -2.768616121851004, -2.7837064226911155, -2.8008557596567543, -2.8133102860017725, -2.8228040129338603, -2.8345068510993667, -2.8612422950699647, -2.8953304497197307, -2.9230609979437565, -2.9440010773886702, -2.9561888990258653], "obs_positions": [[-349.9193, -7.49], [-351.8812, -7.8789], [-353.843, -8.2677], [-355.8049, -8.6565], [-357.7667, -9.0453], [-359.7286, -9.4342], [-361.6894, -9.8421], [-363.6504, -10.2483], [-365.6113, -10.653], [-367.5708, -11.056], [-369.5361, -11.4588], [-371.5013, -11.8604], [-373.4665, -12.2609], [-375.4318, -12.6603], [-377.397, -13.0589], [-379.3551203081473, -13.466042307824953]], "obs_orientations": [3.3372, 3.3372, 3.3372, 3.3372, 3.3372, 3.3466, 3.3458, 3.3451, 3.3444, 3.3437, 3.3431, 3.3426, 3.3421, 3.3416, 3.3412, 3.346596733018404], "objectives": {"extension_time": -0.5, "danger_difference": -1.8070511710733324, "parameter_difference": 5.418941510748915}, "attributes": {"generation_number": 16, "individual_number": 803, "crash": false, "goal_reached": true, "scenario_length": 16}}, "[[8.080189877841162], [2.4999999999679035, 141.1797944131537, 70.30684935899345], [66.74902056265437, 4.13816467255981], [1.9196090776871135, 23.347416890134294]]": {"ego_positions": [[-361.6065, -9.9771], [-362.98028665424874, -10.254353938494887], [-364.3573764535792, -10.557210496996452], [-365.7416745919544, -10.89734219828855], [-367.13295337094763, -11.284360275240072], [-368.52566538669856, -11.737077011431136], [-369.93122518579855, -12.237408327676956], [-371.3534837079188, -12.759897830092074], [-372.79021544669087, -13.293517737905871], [-374.2385909201414, -13.831122744238884], [-375.6962689426124, -14.366310332043163], [-377.16128166250775, -14.893650727865868], [-378.64395276726884, -15.359022472546428], [-380.16830756014303, -15.663954284945891], [-381.7141458957717, -15.901108366047051]], "ego_orientations": [3.3372, -2.935799355673449, -2.913299421126064, -2.8882733965014524, -2.848343551869271, -2.8100092356205106, -2.7926517201272616, -2.7870992519470406, -2.785477884903539, -2.787433483947778, -2.792475917746309, -2.8000479770771927, -2.8951154096746863, -2.9778252386559325, -2.993343024796237], "obs_positions": [[-349.9193, -7.49], [-351.8812, -7.8789], [-353.843, -8.2677], [-355.8049, -8.6565], [-357.7667, -9.0453], [-359.7286, -9.4342], [-361.6894, -9.8421], [-363.6504, -10.2483], [-365.6113, -10.653], [-367.5708, -11.056], [-369.5361, -11.4588], [-371.5013, -11.8604], [-373.4665, -12.2609], [-375.4318, -12.6603], [-377.3919302366168, -13.057653061521622]], "obs_orientations": [3.3372, 3.3372, 3.3372, 3.3372, 3.3372, 3.3466, 3.3458, 3.3451, 3.3444, 3.3437, 3.3431, 3.3426, 3.3421, 3.3416, 3.3416], "objectives": {"extension_time": -0.5, "danger_difference": -2.2585670544206855, "parameter_difference": 11.934074942381233}, "attributes": {"generation_number": 18, "individual_number": 907, "crash": false, "goal_reached": true, "scenario_length": 15}}, "[[8.080189877841162], [2.4999999999679035, 141.1797944131537, 70.30684935899345], [66.74902056265437, 2.338618399836203], [1.9196090776871135, 23.347416890134294]]": {"ego_positions": [[-361.6065, -9.9771], [-362.98028665424874, -10.254353938494887], [-364.3573764535792, -10.557210496996452], [-365.7416745919544, -10.89734219828855], [-367.13295337094763, -11.284360275240072], [-368.52566538669856, -11.737077011431136], [-369.93122518579855, -12.237408327676956], [-371.3534837079188, -12.759897830092074], [-372.79021544669087, -13.293517737905871], [-374.2385909201414, -13.831122744238884], [-375.6962689426124, -14.366310332043163], [-377.16128166250775, -14.893650727865868], [-378.64395276726884, -15.359022472546428], [-380.16830756014303, -15.663954284945891], [-381.7141458957717, -15.901108366047051]], "ego_orientations": [3.3372, -2.935799355673449, -2.913299421126064, -2.8882733965014524, -2.848343551869271, -2.8100092356205106, -2.7926517201272616, -2.7870992519470406, -2.785477884903539, -2.787433483947778, -2.792475917746309, -2.8000479770771927, -2.8951154096746863, -2.9778252386559325, -2.993343024796237], "obs_positions": [[-349.9193, -7.49], [-351.8812, -7.8789], [-353.843, -8.2677], [-355.8049, -8.6565], [-357.7667, -9.0453], [-359.7286, -9.4342], [-361.6894, -9.8421], [-363.6504, -10.2483], [-365.6113, -10.653], [-367.5708, -11.056], [-369.5361, -11.4588], [-371.5013, -11.8604], [-373.4665, -12.2609], [-375.4318, -12.6603], [-377.3919302366168, -13.057653061521622]], "obs_orientations": [3.3372, 3.3372, 3.3372, 3.3372, 3.3372, 3.3466, 3.3458, 3.3451, 3.3444, 3.3437, 3.3431, 3.3426, 3.3421, 3.3416, 3.3416], "objectives": {"extension_time": -0.5, "danger_difference": -2.2585670544206855, "parameter_difference": 11.934085052348669}, "attributes": {"generation_number": 18, "individual_number": 905, "crash": false, "goal_reached": true, "scenario_length": 15}},