{"[[20.380029042678753], [28.620265053494563, 329.0205223147995, 66.92965953376329], [2.3222454983373613, 195.3864443120127], [1.9123074341635742, 9.88755937178824]]": {"ego_positions": [[-343.7537, -6.4388], [-345.12712988663213, -6.710954316811275], [-346.5012902847258, -6.9833635725834755], [-347.8767834947279, -7.256201490032387], [-349.2540783681066, -7.5295770341376285], [-350.6335279951846, -7.803550172113544], [-352.0157142634148, -8.078224514825289], [-353.4023448021186, -8.353951881706402], [-354.7950534991432, -8.630984528050078], [-356.1961109831527, -8.909781579614856], [-357.6093710036823, -9.19329914304143], [-359.03148908309333, -9.492019386451796], [-360.45660079849625, -9.820366194580908], [-361.88112925398895, -10.183188753099886], [-363.3036382344703, -10.577018882944579], [-364.7239782951873, -10.9940067342848], [-366.1397107202555, -11.430092430571564], [-367.54871161644803, -11.888841443507173], [-368.9526406671046, -12.359181117487212], [-370.35709333062096, -12.822123482199272], [-371.7623752261752, -13.266410255050976], [-373.16749191401004, -13.69807116061531], [-374.571449114338, -14.123448076200026], [-375.97383494221106, -14.545965393853372], [-377.3811778634565, -14.93455180608987], [-378.8046009497221, -15.233811017391266], [-380.2294282820605, -15.514167093314848], [-381.6515931468793, -15.791220842976339], [-383.07127566870275, -16.066762368122255], [-384.4887462298051, -16.343434215309962], [-385.90476591276774, -16.621098709623737], [-387.3204052240225, -16.898623191400375], [-388.7358460038702, -17.17652529500267], [-390.151093328576, -17.455479409417205], [-391.5661624653372, -17.73593744199705], [-392.9810951514469, -18.018217908091014], [-394.39597468342197, -18.30275258990897], [-395.81113826872735, -18.590303904036393], [-397.22736916366443, -18.881445582602883], [-398.6458533685626, -19.170478349536133]], "ego_orientations": [3.3372, -2.9459368556898675, -2.945840037905308, -2.9457160407254133, -2.9455900449169605, -2.9454810521903703, -2.9453602502469467, -2.9452629530827448, -2.94522135081347, -2.9450876722474915, -2.9408789571452245, -2.9261089574630765, -2.9036811159210547, -2.881158236952521, -2.862763323081033, -2.8503288944162217, -2.834317973410284, -2.8207787294992954, -2.818629422520659, -2.8292433799562473, -2.84037626693337, -2.8459984470133843, -2.848429375275394, -2.8493447304562443, -2.9090116353249647, -2.9460234963445155, -2.948408869125605, -2.9498405473752745, -2.9495110925399475, -2.9482140493285534, -2.9479451294005394, -2.947955599934609, -2.947414519383188, -2.946496970911661, -2.9453429294757156, -2.9439691435570934, -2.9422385428015203, -2.9399350986557344, -2.9378840409390077, -2.946395956208651], "obs_positions": [[-324.4153, -2.4354], [-326.3772, -2.8242], [-328.339, -3.2131], [-330.3009, -3.6018], [-332.2627, -3.9906], [-334.2245, -4.3795], [-336.1864, -4.7683], [-338.1482, -5.1571], [-340.1101, -5.546], [-342.072, -5.9349], [-344.0338, -6.3236], [-345.9957, -6.7124], [-347.9575, -7.1013], [-349.9193, -7.49], [-351.8812, -7.8789], [-353.843, -8.2677], [-355.8049, -8.6565], [-357.7667, -9.0453], [-359.7286, -9.4342], [-361.6894, -9.8421], [-363.6504, -10.2483], [-365.6113, -10.653], [-367.5708, -11.056], [-369.5361, -11.4588], [-371.5013, -11.8604], [-373.4665, -12.2609], [-375.4318, -12.6603], [-377.397, -13.0589], [-379.3623, -13.4567], [-381.3275, -13.8537], [-383.2927, -14.2502], [-385.2606, -14.6467], [-387.2295, -15.0431], [-389.194, -15.4383], [-391.1588, -15.8334], [-393.1226, -16.2282], [-395.091, -16.6241], [-397.0589, -17.0199]], "obs_orientations": [3.3372, 3.3372, 3.3371, 3.3372, 3.3373, 3.3372, 3.3372, 3.3372, 3.3372, 3.3372, 3.3372, 3.3373, 3.3372, 3.3372, 3.3372, 3.3372, 3.3372, 3.3372, 3.3466, 3.3458, 3.3451, 3.3444, 3.3437, 3.3431, 3.3426, 3.3421, 3.3416, 3.3412, 3.3409, 3.3406, 3.3404, 3.3402, 3.3401, 3.34, 3.34, 3.34, 3.3401, 3.3402], "objectives": {"extension_time": 0.8, "danger_difference": 0.05048909430325166, "parameter_difference": 16.322528305652543}, "attributes": {"generation_number": 0, "individual_number": 32, "crash": false, "goal_reached": true, "scenario_length": 40}}, "[[49.92890573887239], [2.5, 200.0, 2.5], [1.2738481326928255, 190.08245924984453], [1.2152803008007176, 24.092730400095824]]": {"ego_positions": [[-343.7537, -6.4388], [-345.12712988663213, -6.710954316811275], [-346.5012902847258, -6.9833635725834755], [-347.8767834947279, -7.256201490032387], [-349.2540783681066, -7.5295770341376285], [-350.6335279951846, -7.803550172113544], [-352.0157142634148, -8.078224514825289], [-353.4023448021186, -8.353951881706402], [-354.7950534991432, -8.630984528050078], [-356.1961109831527, -8.909781579614856], [-357.6093710036823, -9.19329914304143], [-359.0331658304344, -9.487723195656795], [-360.46708163098805, -9.794937049104105], [-361.905562972117, -10.128117883507086], [-363.3441838623523, -10.493244223270148], [-364.78084696320974, -10.887724380781952], [-366.21381306499217, -11.306711183343173], [-367.6456119294463, -11.744284327729217], [-369.0794605128359, -12.191867215309298], [-370.5195691436481, -12.63903012913593], [-371.9658146623153, -13.08110196793147], [-373.417321662651, -13.522885935335456], [-374.8733327459062, -13.968108261973056], [-376.33330679358335, -14.419361524146993], [-377.79637393732514, -14.881567374611876], [-379.2625764601685, -15.35467174751618], [-380.73351849053984, -15.83033176539078], [-382.2136998515252, -16.285718136260087]], "ego_orientations": [3.3372, -2.9459368556898675, -2.945840037905308, -2.9457160407254133, -2.9455900449169605, -2.9454810521903703, -2.9453602502469467, -2.9452629530827448, -2.94522135081347, -2.9450876722474915, -2.9408789571452245, -2.9351210330669684, -2.923676850369812, -2.903651105708534, -2.8827455438294334, -2.865173783342457, -2.8499690613412523, -2.8409514437767394, -2.8387116094567473, -2.8429163371884565, -2.846142047117293, -2.845733983578472, -2.843838535369534, -2.8390325257295217, -2.832230533498133, -2.8272013396663436, -2.8335278097249272, -2.854621145454888], "obs_positions": [[-324.4153, -2.4354], [-326.3772, -2.8242], [-328.339, -3.2131], [-330.3009, -3.6018], [-332.2627, -3.9906], [-334.2245, -4.3795], [-336.1864, -4.7683], [-338.1482, -5.1571], [-340.1101, -5.546], [-342.072, -5.9349], [-344.0338, -6.3236], [-345.9957, -6.7124], [-347.9575, -7.1013], [-349.9193, -7.49], [-351.8812, -7.8789], [-353.843, -8.2677], [-355.8049, -8.6565], [-357.7667, -9.0453], [-359.7286, -9.4342], [-361.6894, -9.8421], [-363.6504, -10.2483], [-365.6113, -10.653], [-367.5708, -11.056], [-369.5361, -11.4588], [-371.5013, -11.8604], [-373.4665, -12.2609], [-375.4318, -12.6603], [-377.3919302366168, -13.057653061521622]], "obs_orientations": [3.3372, 3.3372, 3.3371, 3.3372, 3.3373, 3.3372, 3.3372, 3.3372, 3.3372, 3.3372, 3.3372, 3.3373, 3.3372, 3.3372, 3.3372, 3.3372, 3.3372, 3.3372, 3.3466, 3.3458, 3.3451, 3.3444, 3.3437, 3.3431, 3.3426, 3.3421, 3.3416, 3.3416], "objectives": {"extension_time": 0.8, "danger_difference": -2.257481140974402, "parameter_difference": 39.033726974201116}, "attributes": {"generation_number": 3, "individual_number": 167, "crash": false, "goal_reached": true, "scenario_length": 28}}}