{"[[15.736536109198656], [40.93438806568891, 387.8347734042903, 874.623754534551], [0.7049377681719307, 52.80153896791197], [2.314115488107099, 23.675077148033317]]": {"ego_positions": [[-346.5003, -6.9831], [-347.87370315259716, -7.2553891978768235], [-349.2478406158168, -7.527914571847265], [-350.623316057344, -7.800843751943746], [-352.00020156518144, -8.076287579184573], [-353.37719524715163, -8.362655664165253], [-354.75338025494483, -8.665876725166616], [-356.12850303395595, -8.988079013361691], [-357.5025047456798, -9.330283883394905], [-358.87495984831486, -9.695907186081199], [-360.2463170483843, -10.083470884792378], [-361.6177147499383, -10.487363654467178], [-362.99048064924455, -10.900298864021629], [-364.3658700231616, -11.314895143071212], [-365.7436665202091, -11.725213267454134], [-367.1194586423815, -12.131795679273552], [-368.5018984191086, -12.533668824914072], [-369.8899726911371, -12.923964694061713], [-371.28271562993905, -13.302888473397756], [-372.67773488049284, -13.678526637541033], [-374.0734966044059, -14.057363422616787], [-375.4691823557029, -14.442509445095709], [-376.86592222006897, -14.827783386985747], [-378.26873271715465, -15.18839914460167], [-379.6783661046675, -15.51842081504339], [-381.09231164380253, -15.823353786496416], [-382.50915978112147, -16.110042577172408]], "ego_orientations": [3.3373, -2.9458457805432032, -2.945765987639259, -2.945651113274955, -2.941334367666726, -2.931080897320258, -2.918142468204046, -2.9048225298656254, -2.8895355559519107, -2.8731947275361307, -2.859856074977162, -2.851387724314691, -2.8483148097467095, -2.8500014837128065, -2.8536669543749253, -2.8553204319797336, -2.862917108514558, -2.8723426463346176, -2.8782657766106636, -2.878102494763653, -2.874658278348921, -2.8699407458394437, -2.879160257579828, -2.9011758129435568, -2.9211634224865484, -2.936555827110801, -2.9460942895507847], "obs_positions": [[-328.339, -3.2131], [-330.3009, -3.6018], [-332.2627, -3.9906], [-334.2245, -4.3795], [-336.1864, -4.7683], [-338.1482, -5.1571], [-340.1101, -5.546], [-342.072, -5.9349], [-344.0338, -6.3236], [-345.9957, -6.7124], [-347.9575, -7.1013], [-349.9193, -7.49], [-351.8812, -7.8789], [-353.843, -8.2677], [-355.8049, -8.6565], [-357.7667, -9.0453], [-359.7286, -9.4342], [-361.6894, -9.8421], [-363.6504, -10.2483], [-365.6113, -10.653], [-367.5708, -11.056], [-369.5361, -11.4588], [-371.5013, -11.8604], [-373.4665, -12.2609], [-375.4318, -12.6603], [-377.397, -13.0589], [-379.3551203081473, -13.46604230782496]], "obs_orientations": [3.3371, 3.3372, 3.3373, 3.3372, 3.3372, 3.3372, 3.3372, 3.3372, 3.3372, 3.3373, 3.3372, 3.3372, 3.3372, 3.3372, 3.3372, 3.3372, 3.3466, 3.3458, 3.3451, 3.3444, 3.3437, 3.3431, 3.3426, 3.3421, 3.3416, 3.3412, 3.3465967330184077], "objectives": {"extension_time": 0.6, "danger_difference": -1.8508918904779759, "parameter_difference": 310.1876263534962}, "attributes": {"generation_number": 0, "individual_number": 9, "crash": false, "goal_reached": true, "scenario_length": 27}}, "[[29.438509232934486], [2.5, 51.150452137601484, 2.5], [2.3387131920527215, 126.96893495319573], [0.28424088722427554, 7.581261039901232]]": {"ego_positions": [[-346.5003, -6.9831], [-347.87370315259716, -7.2553891978768235], [-349.2478406158168, -7.527914571847265], [-350.623316057344, -7.800843751943746], [-352.00092457424125, -8.074373731135443], [-353.38256653040645, -8.348878308387677], [-354.770310036761, -8.624755807570425], [-356.16756128376466, -8.902748853900736], [-357.5792608935611, -9.183973048504535], [-359.007236823157, -9.46865668360968], [-360.45242580135397, -9.756821612348583], [-361.91488236967405, -10.053298043116252], [-363.3890731874178, -10.376577455635399], [-364.87068580646593, -10.736023742585353], [-366.35680574873754, -11.131782959603498], [-367.84454332886816, -11.564001910572658], [-369.3366878026597, -12.019327923014806], [-370.8339179559665, -12.484861429967204], [-372.33623356636537, -12.953207827781142], [-373.842217023106, -13.426263813991865], [-375.3507429245034, -13.905424164004522], [-376.8608937218974, -14.39138829263188], [-378.37116303436267, -14.887483245939954], [-379.88111385165917, -15.392417711871255], [-381.39222817510915, -15.896333752792835], [-382.90931069103647, -16.373962452776365]], "ego_orientations": [3.3373, -2.9458457805432032, -2.945765987639259, -2.945651113274955, -2.9455249050745813, -2.945411087752181, -2.9452973960225406, -2.945075245968351, -2.9448644931757286, -2.9447745735602235, -2.9448049604172106, -2.9355009449207303, -2.9150038850228435, -2.892384811868099, -2.869280737765007, -2.850257109992333, -2.8415706775052314, -2.839625024366143, -2.838640613131473, -2.835670324178487, -2.8324786591900613, -2.827426750751445, -2.821167179278029, -2.8171406037931344, -2.8256872138323947, -2.849141352326159], "obs_positions": [[-328.339, -3.2131], [-330.3009, -3.6018], [-332.2627, -3.9906], [-334.2245, -4.3795], [-336.1864, -4.7683], [-338.1482, -5.1571], [-340.1101, -5.546], [-342.072, -5.9349], [-344.0338, -6.3236], [-345.9957, -6.7124], [-347.9575, -7.1013], [-349.9193, -7.49], [-351.8812, -7.8789], [-353.843, -8.2677], [-355.8049, -8.6565], [-357.7667, -9.0453], [-359.7286, -9.4342], [-361.6894, -9.8421], [-363.6504, -10.2483], [-365.6113, -10.653], [-367.5708, -11.056], [-369.5361, -11.4588], [-371.5013, -11.8604], [-373.4665, -12.2609], [-375.4318, -12.6603], [-377.3919302366168, -13.057653061521622]], "obs_orientations": [3.3371, 3.3372, 3.3373, 3.3372, 3.3372, 3.3372, 3.3372, 3.3372, 3.3372, 3.3373, 3.3372, 3.3372, 3.3372, 3.3372, 3.3372, 3.3372, 3.3466, 3.3458, 3.3451, 3.3444, 3.3437, 3.3431, 3.3426, 3.3421, 3.3416, 3.3416], "objectives": {"extension_time": 0.6, "danger_difference": -2.377526885747126, "parameter_difference": 39.01650123715881}, "attributes": {"generation_number": 15, "individual_number": 769, "crash": false, "goal_reached": true, "scenario_length": 26}}, "[[9.371998783890964], [2.4999992633722763, 15.64235886293865, 40.81559330570772], [54.07279863392174, 159.00181268390725], [2.167675628470067, 20.636141471687644]]": {"ego_positions": [[-346.5003, -6.9831], [-347.87370315259716, -7.2553891978768235], [-349.2478406158168, -7.527914571847265], [-350.623316057344, -7.800843751943746], [-352.00092457424125, -8.074373731135443], [-353.38256653040645, -8.348878308387677], [-354.770310036761, -8.624755807570425], [-356.16756128376466, -8.902748853900736], [-357.5792608935611, -9.183973048504535], [-359.007236823157, -9.46865668360968], [-360.45242580135397, -9.756821612348583], [-361.9174065367665, -10.04880108565241], [-363.4132874100099, -10.346858407781971], [-364.96144644314, -10.655441891359079], [-366.5582139779744, -10.975568612333541], [-368.19361136779787, -11.313173729007508], [-369.8610221669948, -11.66276795520016], [-371.5528263014306, -12.028426242293557], [-373.2631599655648, -12.408362928869003], [-374.989037394039, -12.786368286388385], [-376.72478436088306, -13.168839048073346], [-378.4693557551457, -13.544723127359772], [-380.2175937992585, -13.921997423724463], [-381.9667661579232, -14.29036381512217], [-383.70854365289654, -14.67752444089402], [-385.4290150179214, -15.132536355777551], [-387.12906489638806, -15.64032399306811], [-388.8230511078867, -16.131583201991138], [-390.507066411244, -16.624946570714247], [-392.168496789984, -17.17853304783172], [-393.79786443222906, -17.821854431809204], [-395.43039962702693, -18.392833272315055], [-397.0807262687879, -18.83975693462196], [-398.74313532554964, -19.20694168966866]],