{"[[49.599249963334906], [40.611089595341824, 17.666071233476757, 2.5], [1.2738033310070198, 146.46115832632566], [0.6213751490740682, 15.273040217442055]]": {"ego_positions": [[-357.4866, -9.1605], [-358.8591810610421, -9.437509183499174], [-360.226570686767, -9.749286227265147], [-361.5832573818021, -10.133881350182167], [-362.9331747294468, -10.573121019824624], [-364.28110072349386, -11.042867816829386], [-365.630813166854, -11.526042493168204], [-366.9765660942092, -12.035612629699052], [-368.3212200267453, -12.589697228862434], [-369.69106286954565, -13.076844210730808], [-371.08250237534327, -13.488159718784921], [-372.4885322136957, -13.851464908208893], [-373.9047952369619, -14.18065575331437], [-375.3284637989823, -14.475619165804973], [-376.75202650647384, -14.766282055585801], [-378.1743593035926, -15.058032260570377], [-379.59569807962663, -15.350644904253679], [-381.0164372164383, -15.642955243734507], [-382.4369617156627, -15.933832840928599], [-383.85727700981244, -16.22385011045846], [-385.27777910354916, -16.51165175968364], [-386.699104991463, -16.794736326700992], [-388.121293519338, -17.07367261824026], [-389.5439308829877, -17.35070312717565], [-390.96654688215034, -17.628186784503427], [-392.389109996573, -17.906466076362236], [-393.81172981579465, -18.18536148471349], [-395.2332896506649, -18.4701884047132], [-396.65366145407006, -18.761307375601046], [-398.0743464404264, -19.051272427894116]], "ego_orientations": [3.3372, -2.9357838702834473, -2.8919851002968358, -2.8427343445765247, -2.814355885453205, -2.799867888074747, -2.79825872847416, -2.7529682415622165, -2.768794055595236, -2.82980283387851, -2.8747241276397086, -2.899978432059266, -2.928648376594285, -2.940647312295259, -2.9397237886108334, -2.938836322506975, -2.9384259820453975, -2.939153435212117, -2.9398929155229374, -2.940593896885501, -2.9432204841969103, -2.9466674819835266, -2.9488888553105403, -2.9493622510145747, -2.9483510283058623, -2.948825009202977, -2.9463119094224757, -2.941378816595303, -2.937871561559185, -2.945823835573612], "obs_positions": [[-344.0338, -6.3236], [-345.9957, -6.7124], [-347.9575, -7.1013], [-349.9193, -7.49], [-351.8812, -7.8789], [-353.843, -8.2677], [-355.8049, -8.6565], [-357.7667, -9.0453], [-359.7286, -9.4342], [-361.6894, -9.8421], [-363.6504, -10.2483], [-365.6113, -10.653], [-367.5708, -11.056], [-369.5361, -11.4588], [-371.5013, -11.8604], [-373.4665, -12.2609], [-375.4318, -12.6603], [-377.397, -13.0589], [-379.3623, -13.4567], [-381.3275, -13.8537], [-383.2927, -14.2502], [-385.2606, -14.6467], [-387.2295, -15.0431], [-389.194, -15.4383], [-391.1588, -15.8334], [-393.1226, -16.2282], [-395.091, -16.6241], [-397.0589, -17.0199]], "obs_orientations": [3.3372, 3.3373, 3.3372, 3.3372, 3.3372, 3.3372, 3.3372, 3.3372, 3.3466, 3.3458, 3.3451, 3.3444, 3.3437, 3.3431, 3.3426, 3.3421, 3.3416, 3.3412, 3.3409, 3.3406, 3.3404, 3.3402, 3.3401, 3.34, 3.34, 3.34, 3.3401, 3.3402], "objectives": {"extension_time": -0.2, "danger_difference": -0.0013084867865531535, "parameter_difference": 41.53109638229897}, "attributes": {"generation_number": 2, "individual_number": 137, "crash": false, "goal_reached": true, "scenario_length": 30}}, "[[5.6257197017023755], [2.5, 191.66315999496152, 2.5], [0.5880594379600987, 126.27595237418718], [0.8329094840621567, 7.677374303194704]]": {"ego_positions": [[-357.4866, -9.1605], [-358.8632992661924, -9.433457544165329], [-360.25813715599725, -9.710786869586673], [-361.6790648459221, -9.999082056714649], [-363.11779187326835, -10.315992431893951], [-364.56364621375667, -10.67833790398851], [-366.0047903391964, -11.107497837999135], [-367.43866321050945, -11.587205532237945], [-368.8704824183603, -12.095711322182655], [-370.30427283164755, -12.608336149184693], [-371.7402714494667, -13.113509651224351], [-373.17748433205895, -13.610848027317218], [-374.6149281234995, -14.100952305026757], [-376.0520295087275, -14.583350828894174], [-377.4891850829938, -15.053234257201622], [-378.9288966344249, -15.494801547963549], [-380.37182710776045, -15.900699930717499], [-381.81670518106904, -16.27055538877292]], "ego_orientations": [3.3372, -2.9456361761904915, -2.9450241212740544, -2.9349537411738407, -2.913709888101317, -2.873870553662726, -2.833607009498502, -2.806353712521545, -2.797530814486961, -2.800292597599339, -2.806064826730508, -2.810742566568771, -2.8152923422619978, -2.82028862145901, -2.833292151447383, -2.8554757969960076, -2.8790876674072146, -2.9032579789568387], "obs_positions": [[-344.0338, -6.3236], [-345.9957, -6.7124], [-347.9575, -7.1013], [-349.9193, -7.49], [-351.8812, -7.8789], [-353.843, -8.2677], [-355.8049, -8.6565], [-357.7667, -9.0453], [-359.7286, -9.4342], [-361.6894, -9.8421], [-363.6504, -10.2483], [-365.6113, -10.653], [-367.5708, -11.056], [-369.5361, -11.4588], [-371.5013, -11.8604], [-373.4665, -12.2609], [-375.4318, -12.6603], [-377.3919302366168, -13.057653061521622]], "obs_orientations": [3.3372, 3.3373, 3.3372, 3.3372, 3.3372, 3.3372, 3.3372, 3.3372, 3.3466, 3.3458, 3.3451, 3.3444, 3.3437, 3.3431, 3.3426, 3.3421, 3.3416, 3.3416], "objectives": {"extension_time": -0.2, "danger_difference": -2.1779518357825998, "parameter_difference": 39.019867369786105}, "attributes": {"generation_number": 10, "individual_number": 518, "crash": false, "goal_reached": true, "scenario_length": 18}}}