{"[[17.523851482607544], [48.06260140959563, 184.57046787089587, 826.1103816431468], [1.912703244445593, 181.75318381526054], [0.36220391528787976, 23.42134962391119]]": {"ego_positions": [[-324.5277, -2.6284], [-325.90113001596416, -2.90055365247445], [-327.27529135757436, -3.172960069308871], [-328.6507845987388, -3.4457999508383113], [-330.0280803151938, -3.719173742631593], [-331.40752490424376, -3.9931783274729864], [-332.7893668493614, -4.267858437662506], [-334.1737796885893, -4.543186885007824], [-335.5608655125067, -4.819117127653301], [-336.9506595474757, -5.095630249288616], [-338.3431410950643, -5.372729105519236], [-339.7382625331183, -5.6503507970951565], [-341.1359441872372, -5.928435539509778], [-342.5360815905097, -6.206928086261985], [-343.93855082597287, -6.485782797326246], [-345.3432069763106, -6.764999592863999], [-346.7499025319685, -7.044552764181854], [-348.15849187526146, -7.324390540812042], [-349.5688275013593, -7.604468513515459], [-350.9807605246774, -7.884760070201442], [-352.39414387381623, -8.16525029018962], [-353.80916401358377, -8.446004281762692], [-355.227238408742, -8.727297973452876], [-356.64977265649225, -9.009414310935837], [-358.07647178521773, -9.297299834520276], [-359.50247919827126, -9.60966313275698], [-360.92454863688283, -9.956111629852431], [-362.3417433500439, -10.335914828448523], [-363.7545011404644, -10.742561736959166], [-365.16301823509804, -11.170868071910558], [-366.56243912270185, -11.625951925747142], [-367.9564560629841, -12.098726203288635], [-369.34968607796986, -12.56865556893751], [-370.74647040101166, -13.018794416510778], [-372.1469461573508, -13.4427025299762], [-373.54927928030145, -13.850174907107277], [-374.9517745092454, -14.250365797020175], [-376.35349395670823, -14.648694712592501], [-377.7597024044125, -15.02046561374974], [-379.1802078323056, -15.31873988148192], [-380.603222267267, -15.601258115011936], [-382.0263291814787, -15.880534345677374], [-383.4492260119592, -16.158772913644164], [-384.8712983306944, -16.439656821873886], [-386.29344103031303, -16.719390578023315], [-387.71611286361576, -16.996624499894484], [-389.1390807536323, -17.272587951503386], [-390.5625937833622, -17.546334545333618], [-391.98697335292127, -17.816739736215297], [-393.40995763048625, -18.094676765188645], [-394.8309885721545, -18.382593420532842], [-396.25086555238966, -18.676404202494638], [-397.670361391947, -18.97222658642767]], "ego_orientations": [3.3372, -2.9459448578309835, -2.9458397126440747, -2.94571565279752, -2.9455886268871705, -2.945434050548162, -2.945318860152918, -2.9452451023909325, -2.945217892157876, -2.9451742345273666, -2.9451577184746554, -2.9451737876479065, -2.945221499855683, -2.945285752199371, -2.945350608696335, -2.9453898161515686, -2.9454485329540563, -2.945516805795572, -2.9455906566818375, -2.945657767867493, -2.9457065637359605, -2.945747964193798, -2.945794284208839, -2.945831254329981, -2.9361605882621715, -2.914697173190667, -2.8906978315104244, -2.8695915261326297, -2.8541400923023965, -2.8373246760422344, -2.8186435661333338, -2.8134034850213747, -2.821476995347354, -2.8391995088485618, -2.8545492980318317, -2.8620385003022775, -2.864625020784955, -2.8645147667911566, -2.9135405273638106, -2.9443502970749105, -2.9468004929410165, -2.9487070741651986, -2.9474098388511156, -2.946562293563379, -2.9482968940164067, -2.94980117373511, -2.950034219769855, -2.953957992792971, -2.9522637218776446, -2.944899657200913, -2.939043278349363, -2.9365455793839605, -2.9358750528279427], "obs_positions": [[-296.9495, 3.0079], [-298.9114, 2.6191], [-300.8732, 2.2303], [-302.8351, 1.8415], [-304.7969, 1.4527], [-306.7588, 1.0639], [-308.7206, 0.6751], [-310.6824, 0.2862], [-312.6443, -0.1025], [-314.6061, -0.4913], [-316.568, -0.8801], [-318.5298, -1.2689], [-320.4917, -1.6576], [-322.4535, -2.0465], [-324.4153, -2.4354], [-326.3772, -2.8242], [-328.339, -3.2131], [-330.3009, -3.6018], [-332.2627, -3.9906], [-334.2245, -4.3795], [-336.1864, -4.7683], [-338.1482, -5.1571], [-340.1101, -5.546], [-342.072, -5.9349], [-344.0338, -6.3236], [-345.9957, -6.7124], [-347.9575, -7.1013], [-349.9193, -7.49], [-351.8812, -7.8789], [-353.843, -8.2677], [-355.8049, -8.6565], [-357.7667, -9.0453], [-359.7286, -9.4342], [-361.6894, -9.8421], [-363.6504, -10.2483], [-365.6113, -10.653], [-367.5708, -11.056], [-369.5361, -11.4588], [-371.5013, -11.8604], [-373.4665, -12.2609], [-375.4318, -12.6603], [-377.397, -13.0589], [-379.3623, -13.4567], [-381.3275, -13.8537], [-383.2927, -14.2502], [-385.2606, -14.6467], [-387.2295, -15.0431], [-389.194, -15.4383], [-391.1588, -15.8334], [-393.1226, -16.2282], [-395.091, -16.6241], [-397.0589, -17.0199], [-399.01958460979387, -17.414508490680852]], "obs_orientations": [3.3372, 3.3372, 3.3372, 3.3372, 3.3372, 3.3372, 3.3372, 3.3372, 3.3372, 3.3372, 3.3372, 3.3372, 3.3372, 3.3372, 3.3372, 3.3372, 3.3371, 3.3372, 3.3373, 3.3372, 3.3372, 3.3372, 3.3372, 3.3372, 3.3372, 3.3373, 3.3372, 3.3372, 3.3372, 3.3372, 3.3372, 3.3372, 3.3466, 3.3458, 3.3451, 3.3444, 3.3437, 3.3431, 3.3426, 3.3421, 3.3416, 3.3412, 3.3409, 3.3406, 3.3404, 3.3402, 3.3401, 3.34, 3.34, 3.34, 3.3401, 3.3402, 3.3402], "objectives": {"extension_time": 2.2, "danger_difference": 0.04295570569113316, "parameter_difference": 290.95577620465104}, "attributes": {"generation_number": 0, "individual_number": 31, "crash": false, "goal_reached": true, "scenario_length": 53}}, "[[30.146001735818583], [3.339895437726337, 269.90772687654163, 520.1107020931674], [0.3735647841547124, 46.53338614659186], [2.4704795005882123, 39.056832524700155]]": {"ego_positions": [[-324.5277, -2.6284], [-325.90113001596416, -2.90055365247445], [-327.27529135757436, -3.172960069308871], [-328.6507845987388, -3.4457999508383113], [-330.0280803151938, -3.719173742631593], [-331.40752490424376, -3.9931783274729864], [-332.7893668493614, -4.267858437662506], [-334.1737796885893, -4.543186885007824], [-335.5608655125067, -4.819117127653301], [-336.9506595474757, -5.095630249288616], [-338.3431410950643, -5.372729105519236], [-339.7382625331183, -5.6503507970951565], [-341.1359441872372, -5.928435539509778], [-342.5360815905097, -6.206928086261985], [-343.93855082597287, -6.485782797326246], [-345.3432069763106, -6.764999592863999], [-346.7499025319685, -7.044552764181854], [-348.15849187526146, -7.324390540812042], [-349.5688275013593, -7.604468513515459], [-350.9807605246774, -7.884760070201442], [-352.39414387381623, -8.16525029018962], [-353.8084409941963, -8.447918125932318], [-355.2218671380121, -8.741075333681282], [-356.6331268483596, -9.050603617046761], [-358.04167825874026, -9.378622749895648], [-359.44750766890104, -9.724630860270093], [-360.85070935098605, -10.087639337785863], [-362.25091222084257, -10.468971022371914], [-363.6484854081009, -10.866289649828575], [-365.0437143995294, -11.277742431387855], [-366.43205618376487, -11.709003029980716], [-367.8178064241736, -12.153266614818827], [-369.20441632711487, -12.597478136914276], [-370.5948076660691, -13.032216805026813], [-371.9881875422857, -13.453472577905595], [-373.3833251688807, -13.866994812338163], [-374.7791613726064, -14.27772921757937], [-376.1755634393696, -14.686185678979626], [-377.5742262884595, -15.084094623218142], [-378.97705983186665, -15.462141828957874], [-380.3846429890858, -15.817434229540282], [-381.7968400972066, -16.15054084544954]],