{"[[5.111530887161425], [2.5, 278.87007993605016, 2.5], [0.3201430635673889, 155.52670667211436], [0.4045041259528532, 3.44112744422198]]": {"ego_positions": [[-317.6612, -1.2675], [-319.0346301569277, -1.5396529467837674], [-320.4087905397936, -1.8120651655390156], [-321.78427907278615, -2.0849305299739394], [-323.1615623531214, -2.3583690665602806], [-324.5409935739894, -2.6324395481087035], [-325.92282779721177, -2.907157224080841], [-327.3072380150619, -3.1824979294012774], [-328.6943226949276, -3.4584338475713565], [-330.08411712457644, -3.7349439169998933], [-331.4766040172039, -4.012015247334823], [-332.8717298875224, -4.289614709029408], [-334.269416046025, -4.567676190512513], [-335.66955913108865, -4.846140168452914], [-337.07202841127014, -5.124994806486355], [-338.4766841854896, -5.404213048415883], [-339.8833816372162, -5.68375634940255], [-341.29197458409135, -5.963575699005096], [-342.70231643032184, -6.243622093790274], [-344.11425409268725, -6.523890276964006], [-345.52763739166676, -6.804380675693394], [-346.94232572227645, -7.085074538514021], [-348.35818843238945, -7.365937597858955], [-349.77510207379095, -7.6469381267818815], [-351.1929495425178, -7.928053546637199], [-352.61161064945617, -8.209315115752075], [-354.0309846189039, -8.490686053782019], [-355.4513084466323, -8.77220140108605], [-356.87404420998405, -9.054170294473275], [-358.3008673353525, -9.336939597064907], [-359.7389496685047, -9.62194482688595], [-361.20632601842175, -9.91277067566377], [-362.70395117765526, -10.20958888497294], [-364.22861546137653, -10.51178465968889], [-365.7771095656182, -10.819787619161552], [-367.3460095970968, -11.136107735054066], [-368.9295630015019, -11.469017912031397], [-370.51723704008265, -11.828846975159662], [-372.09991571781774, -12.222606517421598], [-373.6723022550233, -12.649842310364921], [-375.2321232134285, -13.10907440639416], [-376.77858399135386, -13.596449311645646], [-378.31108867830574, -14.107982513897523], [-379.82766892694957, -14.643823646932729], [-381.3280431355108, -15.198625737237077], [-382.814537716411, -15.757896203293518], [-384.29401625737336, -16.285699340446914], [-385.7729783669126, -16.7431250918494]], "ego_orientations": [3.3372, -2.94594582253126, -2.945828679584699, -2.9456823591786643, -2.9455307583802095, -2.9453974469496678, -2.9453018527086163, -2.9452411966269203, -2.945213002907029, -2.945187152340674, -2.945177633388391, -2.9451857470176126, -2.9452435292523225, -2.945295948483399, -2.94534533346992, -2.9453938163679254, -2.945458711983076, -2.9455346369470985, -2.9456164950216177, -2.945663366855533, -2.9457038967355733, -2.9457430670150733, -2.9457882133622886, -2.94584211957997, -2.9458697067186486, -2.945876607731909, -2.945911512137773, -2.9459333335636035, -2.9459448446185217, -2.945947451941416, -2.9459374262293387, -2.945934414970057, -2.945931993956753, -2.9458778552832623, -2.9445128544536634, -2.9395353656586645, -2.927874952041166, -2.9086223121247605, -2.8869650371296776, -2.8655884348133123, -2.845297854204229, -2.8278533369095404, -2.8105804101578906, -2.793871462624347, -2.781948036299324, -2.7854186473791076, -2.8178285048539546, -2.8658043589356352], "obs_positions": [[-287.1403, 4.952], [-289.1022, 4.5631], [-291.064, 4.1743], [-293.0258, 3.7855], [-294.9877, 3.3967], [-296.9495, 3.0079], [-298.9114, 2.6191], [-300.8732, 2.2303], [-302.8351, 1.8415], [-304.7969, 1.4527], [-306.7588, 1.0639], [-308.7206, 0.6751], [-310.6824, 0.2862], [-312.6443, -0.1025], [-314.6061, -0.4913], [-316.568, -0.8801], [-318.5298, -1.2689], [-320.4917, -1.6576], [-322.4535, -2.0465], [-324.4153, -2.4354], [-326.3772, -2.8242], [-328.339, -3.2131], [-330.3009, -3.6018], [-332.2627, -3.9906], [-334.2245, -4.3795], [-336.1864, -4.7683], [-338.1482, -5.1571], [-340.1101, -5.546], [-342.072, -5.9349], [-344.0338, -6.3236], [-345.9957, -6.7124], [-347.9575, -7.1013], [-349.9193, -7.49], [-351.8812, -7.8789], [-353.843, -8.2677], [-355.8049, -8.6565], [-357.7667, -9.0453], [-359.7286, -9.4342], [-361.6894, -9.8421], [-363.6504, -10.2483], [-365.6113, -10.653], [-367.5708, -11.056], [-369.5361, -11.4588], [-371.5013, -11.8604], [-373.4665, -12.2609], [-375.4318, -12.6603], [-377.397, -13.0589], [-379.3551203081473, -13.466042307824958]], "obs_orientations": [3.3372, 3.3372, 3.3372, 3.3372, 3.3372, 3.3372, 3.3372, 3.3372, 3.3372, 3.3372, 3.3372, 3.3372, 3.3372, 3.3372, 3.3372, 3.3372, 3.3372, 3.3372, 3.3372, 3.3372, 3.3372, 3.3371, 3.3372, 3.3373, 3.3372, 3.3372, 3.3372, 3.3372, 3.3372, 3.3372, 3.3373, 3.3372, 3.3372, 3.3372, 3.3372, 3.3372, 3.3372, 3.3466, 3.3458, 3.3451, 3.3444, 3.3437, 3.3431, 3.3426, 3.3421, 3.3416, 3.3412, 3.3465967330184068], "objectives": {"extension_time": 2.7, "danger_difference": -2.4058205403226873, "parameter_difference": 39.030552063130976}, "attributes": {"generation_number": 4, "individual_number": 249, "crash": false, "goal_reached": true, "scenario_length": 48}}, "[[21.151211979163023], [2.1135343967746403, 155.85345388555427, 2.5], [2.4235517576216288, 115.84438726966499], [2.862732482858871, 14.908565654816538]]": {"ego_positions": [[-317.6612, -1.2675], [-319.0346301569277, -1.5396529467837674], [-320.4087905397936, -1.8120651655390156], [-321.78427907278615, -2.0849305299739394], [-323.1615623531214, -2.3583690665602806], [-324.5409935739894, -2.6324395481087035], [-325.92282779721177, -2.907157224080841], [-327.3072380150619, -3.1824979294012774], [-328.6943226949276, -3.4584338475713565], [-330.08411712457644, -3.7349439169998933], [-331.4766040172039, -4.012015247334823], [-332.8717298875224, -4.289614709029408], [-334.269416046025, -4.567676190512513], [-335.66955913108865, -4.846140168452914], [-337.07202841127014, -5.124994806486355], [-338.4766841854896, -5.404213048415883], [-339.8833816372162, -5.68375634940255], [-341.29197458409135, -5.963575699005096], [-342.70231643032184, -6.243622093790274], [-344.11425409268725, -6.523890276964006], [-345.52763739166676, -6.804380675693394], [-346.94232572227645, -7.085074538514021], [-348.35818843238945, -7.365937597858955], [-349.77510207379095, -7.6469381267818815], [-351.1929495425178, -7.928053546637199], [-352.61161064945617, -8.209315115752075], [-354.03098452531674, -8.49068652598319], [-355.4513078749583, -8.772204285602225], [-356.874042889593, -9.054176956860537], [-358.30086517675215, -9.336950488695297], [-359.73401232235994, -9.620977564807175], [-361.17583425864575, -9.906725213027473], [-362.62856626786, -10.19462407647], [-364.09620683935395, -10.485491804259382], [-365.5851319895734, -10.781415200281327], [-367.0965146645422, -11.090097991888229], [-368.62128306234445, -11.434516313481476], [-370.1538164264868, -11.817848611471733], [-371.6906748269677, -12.236501119537264], [-373.22971320146877, -12.68499195456876], [-374.7686211652078, -13.163455087119187], [-376.30385884538407, -13.67794073859685], [-377.83402501525563, -14.225887417046723], [-379.35964952082946, -14.797574293457894], [-380.8822150683414, -15.380483955758947], [-382.40450137142057, -15.957342378827926], [-383.9321041866241, -16.49849695628121]],