{"[[6.287955184563254], [0.6576506312852004, 112.36390943910473, 827.3705607078821], [1.977039658152668, 69.33375813688367], [0.4639527911603164, 27.156660050648373]]": {"ego_positions": [[-327.2743, -3.1728], [-328.64773014527043, -3.444953002989285], [-330.0218911226771, -3.717362107527714], [-331.39738127645313, -3.9902194626156082], [-332.7746659113549, -4.263651465014831], [-334.1541019406389, -4.537696379054079], [-335.5359459598618, -4.812365175691756], [-336.9203629069863, -5.087673603884344], [-338.30744619940236, -5.3636189536171806], [-339.6972329183592, -5.640168168553944], [-341.08971463210554, -5.917265047491149], [-342.48484361274853, -6.194847904882766], [-343.8825344000251, -6.47288727080727], [-345.2826757011103, -6.751360957946571], [-346.68514044928224, -7.030238735092323], [-348.08979393971345, -7.309468364974189], [-349.49649356091317, -7.589000699354186], [-350.905091659916, -7.868794358663165], [-352.3154301479018, -8.148858177792205], [-353.72769253449746, -8.429222089032033], [-355.1432851568322, -8.710154972007123], [-356.56359769462347, -8.991946471769294], [-357.99055674341315, -9.274984168895962], [-359.4283465607227, -9.560103036926156], [-360.87893319189976, -9.847709983739122], [-362.34355268723, -10.138036827524916], [-363.8249843006702, -10.431673708318899], [-365.3339773369429, -10.731115738427375], [-366.88342648830337, -11.05877006627491], [-368.4411900088612, -11.474707906228385], [-369.9892379135024, -11.972487936698847], [-371.52758821459247, -12.512420647766167], [-373.05743734012634, -13.066695324488123], [-374.5762296553944, -13.631959591132862], [-376.0826049958253, -14.204324960352809], [-377.5768508000669, -14.776151748627962], [-379.06012809010394, -15.338879188435808], [-380.53479739768835, -15.880701150652898], [-382.00648534165117, -16.37901375617197]], "ego_orientations": [3.3372, -2.945946666384001, -2.9458334044915935, -2.945687959336855, -2.945537968575459, -2.945429765585509, -2.9453320738304227, -2.9452512639806248, -2.945186311482821, -2.9451627535952287, -2.9451736321539514, -2.9452133511467276, -2.9452452905688435, -2.9452829388595445, -2.9453297844990365, -2.9453945334582188, -2.945474776993342, -2.945540547061261, -2.945586403923647, -2.9456525482196043, -2.945709751520898, -2.9457593907042225, -2.9458100477762015, -2.9458449734340904, -2.9458830606439608, -2.9459161336464965, -2.9459158062036894, -2.9453789112162823, -2.910603472478953, -2.8520696086200945, -2.8134453752961983, -2.7978487661350724, -2.7896598206657877, -2.7812897463365034, -2.7764367969602635, -2.7766647068742016, -2.782164618536748, -2.7998765910200003, -2.8322873921667875], "obs_positions": [[-300.8732, 2.2303], [-302.8351, 1.8415], [-304.7969, 1.4527], [-306.7588, 1.0639], [-308.7206, 0.6751], [-310.6824, 0.2862], [-312.6443, -0.1025], [-314.6061, -0.4913], [-316.568, -0.8801], [-318.5298, -1.2689], [-320.4917, -1.6576], [-322.4535, -2.0465], [-324.4153, -2.4354], [-326.3772, -2.8242], [-328.339, -3.2131], [-330.3009, -3.6018], [-332.2627, -3.9906], [-334.2245, -4.3795], [-336.1864, -4.7683], [-338.1482, -5.1571], [-340.1101, -5.546], [-342.072, -5.9349], [-344.0338, -6.3236], [-345.9957, -6.7124], [-347.9575, -7.1013], [-349.9193, -7.49], [-351.8812, -7.8789], [-353.843, -8.2677], [-355.8049, -8.6565], [-357.7667, -9.0453], [-359.7286, -9.4342], [-361.6894, -9.8421], [-363.6504, -10.2483], [-365.6113, -10.653], [-367.5708, -11.056], [-369.5361, -11.4588], [-371.5013, -11.8604], [-373.4665, -12.2609], [-375.42643131507805, -12.659233076929961]], "obs_orientations": [3.3372, 3.3372, 3.3372, 3.3372, 3.3372, 3.3372, 3.3372, 3.3372, 3.3372, 3.3372, 3.3372, 3.3372, 3.3372, 3.3372, 3.3371, 3.3372, 3.3373, 3.3372, 3.3372, 3.3372, 3.3372, 3.3372, 3.3372, 3.3373, 3.3372, 3.3372, 3.3372, 3.3372, 3.3372, 3.3372, 3.3466, 3.3458, 3.3451, 3.3444, 3.3437, 3.3431, 3.3426, 3.3421, 3.3421], "objectives": {"extension_time": 2.0, "danger_difference": -2.4174367248278212, "parameter_difference": 290.95393139081875}, "attributes": {"generation_number": 0, "individual_number": 20, "crash": false, "goal_reached": true, "scenario_length": 39}}, "[[6.287955184563254], [0.6576506312852004, 106.67564735599674, 827.3705607078821], [1.977039658152668, 27.203364882683804], [0.4639527911603164, 27.156660050648373]]": {"ego_positions": [[-327.2743, -3.1728], [-328.64773014527043, -3.444953002989285], [-330.0218911226771, -3.717362107527714], [-331.39738127645313, -3.9902194626156082], [-332.7746659113549, -4.263651465014831], [-334.1541019406389, -4.537696379054079], [-335.5359459598618, -4.812365175691756], [-336.9203629069863, -5.087673603884344], [-338.30744619940236, -5.3636189536171806], [-339.6972329183592, -5.640168168553944], [-341.08971463210554, -5.917265047491149], [-342.4848457633832, -6.194837052588648], [-343.88254776617373, -6.4728198258493235], [-345.2827066975698, -6.751204560800981], [-346.68519139363207, -7.029981704153726], [-348.08986429362903, -7.309113403287101], [-349.49658092777065, -7.588559867572038], [-350.90519257543855, -7.86828515638902], [-352.31554066626694, -8.14830057160006], [-353.7278086271714, -8.428636335713591], [-355.1434030509712, -8.709560117861022], [-356.5637140502053, -8.991359376419656], [-357.98906494168955, -9.27616137035296], [-359.41644474156266, -9.574627736126448], [-360.8415170999735, -9.901649047542076], [-362.2620601882447, -10.262426924243432], [-363.67774932504676, -10.653787104851867], [-365.08914400851324, -11.068324960893868], [-366.49605696602504, -11.497731328367916], [-367.89654942391746, -11.94101110789976], [-369.29676192597503, -12.395023543266356], [-370.6958761277621, -12.846200903208572], [-372.09549233704854, -13.286261233095157], [-373.49489961176664, -13.719335235925946], [-374.89338032006145, -14.149788716856726], [-376.2907193546431, -14.579504312441507], [-377.68875800715256, -15.000387900428027], [-379.09682418750725, -15.367785011427083], [-380.52059537336737, -15.653780640479546], [-381.95053718359026, -15.905354422364908]], "ego_orientations": [3.3372, -2.945946666384001, -2.9458334044915935, -2.945687959336855, -2.945537968575459, -2.945429765585509, -2.9453320738304227, -2.9452512639806248, -2.945186311482821, -2.9451627535952287, -2.9451736321539514, -2.9452360252829495, -2.945300190018876, -2.945352628472656, -2.9454018926472934, -2.9454607558608585, -2.9455300043968005, -2.945582114806351, -2.9456134578719815, -2.945665509957145, -2.945709926783324, -2.9457486366566545, -2.9417402751735593, -2.9270314084656244, -2.9044760926463162, -2.8816996143937046, -2.862979042277402, -2.8498341399700515, -2.8404631836247107, -2.829725280470865, -2.8275179935101273, -2.8331574236126325, -2.8398906465351965, -2.8425672739860115, -2.8432205239687045, -2.84326309249034, -2.86005365267391, -2.9186740857724716, -2.9601826652499175, -2.9722873242792653], "obs_positions": [[-300.8732, 2.2303], [-302.8351, 1.8415], [-304.7969, 1.4527], [-306.7588, 1.0639], [-308.7206, 0.6751], [-310.6824, 0.2862], [-312.6443, -0.1025], [-314.6061, -0.4913], [-316.568, -0.8801], [-318.5298, -1.2689], [-320.4917, -1.6576], [-322.4535, -2.0465], [-324.4153, -2.4354], [-326.3772, -2.8242], [-328.339, -3.2131], [-330.3009, -3.6018], [-332.2627, -3.9906], [-334.2245, -4.3795], [-336.1864, -4.7683], [-338.1482, -5.1571], [-340.1101, -5.546], [-342.072, -5.9349], [-344.0338, -6.3236], [-345.9957, -6.7124], [-347.9575, -7.1013], [-349.9193, -7.49], [-351.8812, -7.8789], [-353.843, -8.2677], [-355.8049, -8.6565], [-357.7667, -9.0453], [-359.7286, -9.4342], [-361.6894, -9.8421], [-363.6504, -10.2483], [-365.6113, -10.653], [-367.5708, -11.056], [-369.5361, -11.4588], [-371.5013, -11.8604], [-373.4665, -12.2609], [-375.4318, -12.6603], [-377.3919302366168, -13.057653061521622]],