{"[[15.84921106569588], [17.88943927726539, 348.09486926893527, 2.4918672836536175], [0.17909091136703958, 200.74772909469007], [1.1548611310551593, 23.66973782365241]]": {"ego_positions": [[-320.4078, -1.8118], [-321.7812300343442, -2.0839535673579177], [-323.15538771117525, -2.3563799576319817], [-324.53086984562475, -2.6292760496687975], [-325.9081535303856, -2.902709121527543], [-327.28759157880614, -3.1767428071074355], [-328.66943667012845, -3.4514036822143686], [-330.0538603853107, -3.7266754924885066], [-331.4409497479549, -4.002589600267401], [-332.83073885493013, -4.279125910929042], [-334.22322063603286, -4.556221247876511], [-335.6183511728952, -4.833794793246767], [-337.0160415811976, -5.111835880445229], [-338.41617735910614, -5.3903366299168285], [-339.81863805427287, -5.669233847488607], [-341.2232894578839, -5.948473183169822], [-342.6299887137004, -6.228006687445141], [-344.03858759913504, -6.507795887338899], [-345.44892526602996, -6.787863497507314], [-346.8608532192098, -7.068180301288166], [-348.2742296266921, -7.3487051246585775], [-349.68891730367807, -7.629402023932678], [-351.1047834915481, -7.910247365949573], [-352.52169868776747, -8.191239939530114], [-353.9398703579772, -8.472454075084624], [-355.3607429138658, -8.754153442144666], [-356.78574496193744, -9.036633387931465], [-358.21615958408074, -9.320164214812994], [-359.6584412686257, -9.606032440129818], [-361.12932541396117, -9.897538847487997], [-362.62960491015053, -10.19486062263643], [-364.15619447465497, -10.497408341519236], [-365.7060733893761, -10.805231457639778], [-367.2757160940658, -11.122927526780712], [-368.8610606885499, -11.454664298554379], [-370.45073476216834, -11.814887586430151], [-372.03573555971485, -12.209125342781395], [-373.61062537012015, -12.636884930500695], [-375.1730483329304, -13.096667038946585], [-376.7221498005135, -13.584603709348096], [-378.2572791295373, -14.096697434099646], [-379.7764032089235, -14.633083064195008], [-381.2791888719519, -15.188401858187403], [-382.76792796039666, -15.748153276994588], [-384.24863241655396, -16.282632301190873], [-385.7262090218411, -16.767364903220557]], "ego_orientations": [3.3372, -2.9459424613225953, -2.9458084490557312, -2.945671629135556, -2.945550039058274, -2.945432761328313, -2.9453489554541936, -2.9452807561626235, -2.9452007996727723, -2.945166809513712, -2.945176408835558, -2.9452232213915135, -2.9452311109991443, -2.9452654727989436, -2.9453199601856, -2.94539122550776, -2.945476703879854, -2.945541527222307, -2.945579028538867, -2.9456324968049206, -2.945691249369927, -2.9457504752900414, -2.945806726167691, -2.9458278430162004, -2.945855015778047, -2.945888655692988, -2.9459070279036377, -2.9459175664557757, -2.945932735272777, -2.945952791306675, -2.9459455965227455, -2.9459395195012923, -2.943888859862714, -2.9397900801906642, -2.927896429649959, -2.9086660921753604, -2.887040624897291, -2.865698516259419, -2.84544187437757, -2.82802579527219, -2.8107776223503156, -2.794086978512114, -2.782169082568375, -2.7856198295448404, -2.8069450279313757, -2.8456390458393797], "obs_positions": [[-291.064, 4.1743], [-293.0258, 3.7855], [-294.9877, 3.3967], [-296.9495, 3.0079], [-298.9114, 2.6191], [-300.8732, 2.2303], [-302.8351, 1.8415], [-304.7969, 1.4527], [-306.7588, 1.0639], [-308.7206, 0.6751], [-310.6824, 0.2862], [-312.6443, -0.1025], [-314.6061, -0.4913], [-316.568, -0.8801], [-318.5298, -1.2689], [-320.4917, -1.6576], [-322.4535, -2.0465], [-324.4153, -2.4354], [-326.3772, -2.8242], [-328.339, -3.2131], [-330.3009, -3.6018], [-332.2627, -3.9906], [-334.2245, -4.3795], [-336.1864, -4.7683], [-338.1482, -5.1571], [-340.1101, -5.546], [-342.072, -5.9349], [-344.0338, -6.3236], [-345.9957, -6.7124], [-347.9575, -7.1013], [-349.9193, -7.49], [-351.8812, -7.8789], [-353.843, -8.2677], [-355.8049, -8.6565], [-357.7667, -9.0453], [-359.7286, -9.4342], [-361.6894, -9.8421], [-363.6504, -10.2483], [-365.6113, -10.653], [-367.5708, -11.056], [-369.5361, -11.4588], [-371.5013, -11.8604], [-373.4665, -12.2609], [-375.4318, -12.6603], [-377.397, -13.0589], [-379.3551203081473, -13.466042307824953]], "obs_orientations": [3.3372, 3.3372, 3.3372, 3.3372, 3.3372, 3.3372, 3.3372, 3.3372, 3.3372, 3.3372, 3.3372, 3.3372, 3.3372, 3.3372, 3.3372, 3.3372, 3.3372, 3.3372, 3.3372, 3.3371, 3.3372, 3.3373, 3.3372, 3.3372, 3.3372, 3.3372, 3.3372, 3.3372, 3.3373, 3.3372, 3.3372, 3.3372, 3.3372, 3.3372, 3.3372, 3.3466, 3.3458, 3.3451, 3.3444, 3.3437, 3.3431, 3.3426, 3.3421, 3.3416, 3.3412, 3.346596733018404], "objectives": {"extension_time": 2.5, "danger_difference": -2.396554069830612, "parameter_difference": 39.37479905432036}, "attributes": {"generation_number": 1, "individual_number": 69, "crash": false, "goal_reached": true, "scenario_length": 46}}, "[[26.369070327843666], [2.5, 278.87007993605016, 133.9975321162924], [0.304859360689705, 68.63117510337668], [1.2623835655044284, 3.44112744422198]]": {"ego_positions": [[-320.4078, -1.8118], [-321.7812300343442, -2.0839535673579177], [-323.15538771117525, -2.3563799576319817], [-324.53086984562475, -2.6292760496687975], [-325.9081535303856, -2.902709121527543], [-327.28759157880614, -3.1767428071074355], [-328.66943667012845, -3.4514036822143686], [-330.0538603853107, -3.7266754924885066], [-331.4409497479549, -4.002589600267401], [-332.83073885493013, -4.279125910929042], [-334.22322063603286, -4.556221247876511], [-335.6183511728952, -4.833794793246767], [-337.0160415811976, -5.111835880445229], [-338.41617735910614, -5.3903366299168285], [-339.81863805427287, -5.669233847488607], [-341.2232894578839, -5.948473183169822], [-342.6299887137004, -6.228006687445141], [-344.03858759913504, -6.507795887338899], [-345.44892526602996, -6.787863497507314], [-346.8608532192098, -7.068180301288166], [-348.2742296266921, -7.3487051246585775], [-349.68891730367807, -7.629402023932678], [-351.1047834915481, -7.910247365949573], [-352.52169868776747, -8.191239939530114], [-353.9398703579772, -8.472454075084624], [-355.3607429138658, -8.754153442144666], [-356.78574496193744, -9.036633387931465], [-358.21615958408074, -9.320164214812994], [-359.65277021708215, -9.60696727657861], [-361.09231069026663, -9.907628393848212], [-362.5299027053025, -10.236935568616934], [-363.96286651563474, -10.600040320377364], [-365.3902397577724, -10.993844767219683], [-366.8106462437737, -11.414543332181264], [-368.2258638518704, -11.853661369498743], [-369.63860813154446, -12.300469986247286], [-371.05121926266406, -12.744596022439298], [-372.463736633652, -13.182133658142758], [-373.87511993516364, -13.617751862873462], [-375.2845753033226, -14.055115527208061], [-376.69188065950215, -14.49528798044987], [-378.09692362099776, -14.938831180610652], [-379.4990942506731, -15.388479290158902], [-380.8994575106872, -15.839083277865345], [-382.3024347503887, -16.26957929586048]], "ego_orientations": [3.3372, -2.9459424613225953, -2.9458084490557312, -2.945671629135556, -2.945550039058274, -2.945432761328313, -2.9453489554541936, -2.9452807561626235, -2.9452007996727723, -2.945166809513712, -2.945176408835558, -2.9452232213915135, -2.9452311109991443, -2.9452654727989436, -2.9453199601856, -2.94539122550776, -2.945476703879854, -2.945541527222307, -2.945579028538867, -2.9456324968049206, -2.945691249369927, -2.9457504752900414, -2.945806726167691, -2.9458278430162004, -2.945855015778047, -2.945888655692988, -2.9459070279036377, -2.9459175664557757, -2.941919090774611, -2.9273373529795483, -2.904942907533415, -2.882314949069959, -2.8624139279659606, -2.8457152371898715, -2.836757334740042, -2.835301703839824, -2.839262699180642, -2.842322926071766, -2.841714436435549, -2.8395880806297495, -2.837405875476008, -2.833698280864268, -2.8289946494867464, -2.8346171845525925, -2.855049967001899],