{"[[15.599250700986044], [23.834385527327694, 358.1275305803386, 532.7634333581353], [0.08472025060621002, 75.40514364980741], [1.364643143097481, 13.777319909813206]]": {"ego_positions": [[-325.901, -2.9006], [-327.2744300168709, -3.1727536498555677], [-328.64859314795166, -3.445149533970755], [-330.0240917061809, -3.7179630122520715], [-331.40138491983663, -3.991351437732287], [-332.780824559255, -4.26537942803461], [-334.1626665850295, -4.540057067028881], [-335.54708703249344, -4.815346057953557], [-336.9341747544147, -5.0912688470190455], [-338.32396343166107, -5.367808299081909], [-339.7164431644862, -5.644915330943582], [-341.1115656321274, -5.922531124631554], [-342.5092515880592, -6.200593433945437], [-343.90939472461326, -6.479057394374787], [-345.31186003114595, -6.757932354975563], [-346.7165113065944, -7.037173161518522], [-348.1232056323471, -7.316732158598222], [-349.53179648737574, -7.59656203207967], [-350.9421365333144, -7.87661751380805], [-352.3540696762169, -8.156908622198971], [-353.7670537016647, -8.439413431783953], [-355.17930511349954, -8.73240352164969], [-356.58951729641217, -9.041777607842077], [-357.9971392757384, -9.369659564511004], [-359.40215036081713, -9.715542781293093], [-360.8046329369604, -10.078441884982874], [-362.20421341166315, -10.459684835415322], [-363.6012556425085, -10.856915648417429], [-364.9962333439787, -11.264673351218034], [-366.3889600313353, -11.678490596767283], [-367.77968431786206, -12.094320662300447], [-369.1723424243661, -12.508300452019066], [-370.5688388462584, -12.912523928812154], [-371.96778699090544, -13.305945225728019], [-373.36752343079, -13.696384113395384], [-374.7667410376492, -14.089976763309876], [-376.16483241401244, -14.489512961262415], [-377.56139399876474, -14.896812376765576], [-378.955584371324, -15.315791694157127], [-380.355077925129, -15.709338645346717], [-381.7740096787473, -16.009068122966237], [-383.1970924999745, -16.28839641048185]], "ego_orientations": [3.3372, -2.9459434184226287, -2.9458573898820974, -2.94572161843978, -2.945564251558553, -2.945425603501137, -2.9453359511178343, -2.945270762300972, -2.9451991547288543, -2.945162246178701, -2.945157741575957, -2.945183305412114, -2.9452453846803057, -2.945288549561019, -2.9453268573337494, -2.9453806687953996, -2.945449686931358, -2.945527961403107, -2.9456089364832336, -2.9456367313633667, -2.941609178141965, -2.9317766667072527, -2.919257537533292, -2.906297827688265, -2.894405375562733, -2.882012581191686, -2.8696008528918373, -2.860187846021929, -2.854481047374305, -2.8517074528578767, -2.8509916407825013, -2.8557555938593793, -2.864192227838739, -2.8694640050232527, -2.868972863329879, -2.8654812973401813, -2.860952926132901, -2.853998397177207, -2.8454212484758092, -2.905930515011555, -2.94635335954496, -2.9485577409511228], "obs_positions": [[-298.9114, 2.6191], [-300.8732, 2.2303], [-302.8351, 1.8415], [-304.7969, 1.4527], [-306.7588, 1.0639], [-308.7206, 0.6751], [-310.6824, 0.2862], [-312.6443, -0.1025], [-314.6061, -0.4913], [-316.568, -0.8801], [-318.5298, -1.2689], [-320.4917, -1.6576], [-322.4535, -2.0465], [-324.4153, -2.4354], [-326.3772, -2.8242], [-328.339, -3.2131], [-330.3009, -3.6018], [-332.2627, -3.9906], [-334.2245, -4.3795], [-336.1864, -4.7683], [-338.1482, -5.1571], [-340.1101, -5.546], [-342.072, -5.9349], [-344.0338, -6.3236], [-345.9957, -6.7124], [-347.9575, -7.1013], [-349.9193, -7.49], [-351.8812, -7.8789], [-353.843, -8.2677], [-355.8049, -8.6565], [-357.7667, -9.0453], [-359.7286, -9.4342], [-361.6894, -9.8421], [-363.6504, -10.2483], [-365.6113, -10.653], [-367.5708, -11.056], [-369.5361, -11.4588], [-371.5013, -11.8604], [-373.4665, -12.2609], [-375.4318, -12.6603], [-377.397, -13.0589], [-379.3551203081473, -13.46604230782496]], "obs_orientations": [3.3372, 3.3372, 3.3372, 3.3372, 3.3372, 3.3372, 3.3372, 3.3372, 3.3372, 3.3372, 3.3372, 3.3372, 3.3372, 3.3372, 3.3372, 3.3371, 3.3372, 3.3373, 3.3372, 3.3372, 3.3372, 3.3372, 3.3372, 3.3372, 3.3373, 3.3372, 3.3372, 3.3372, 3.3372, 3.3372, 3.3372, 3.3466, 3.3458, 3.3451, 3.3444, 3.3437, 3.3431, 3.3426, 3.3421, 3.3416, 3.3412, 3.3465967330184077], "objectives": {"extension_time": 2.1, "danger_difference": -2.0101198051794933, "parameter_difference": 173.2763394907065}, "attributes": {"generation_number": 0, "individual_number": 34, "crash": false, "goal_reached": true, "scenario_length": 42}}}