{"[[24.802951250738182], [30.483356769938418, 353.62586464894827, 694.7349846823342], [1.4284229927845749, 66.0947092475326], [1.5816638797302174, 31.517099279818545]]": {"ego_positions": [[-313.5414, -0.451], [-314.9148300156457, -0.7231536599519147], [-316.288991430587, -0.9955588436388694], [-317.6644857463934, -1.2683925950781987], [-319.0417816751381, -1.541764667330983], [-320.42122844579836, -1.8157560123627123], [-321.8030758978119, -2.090407472317796], [-323.1874913374642, -2.3657229680508083], [-324.5745706681004, -2.641687213974608], [-325.9643533092558, -2.918255394512913], [-327.35683322846126, -3.195360060654462], [-328.751959928893, -3.472953619385473], [-330.14964811611526, -3.751005210864694], [-331.5497872125068, -4.0294893395989755], [-332.9522492108791, -4.308380358162987], [-334.3569023967698, -4.587610722383801], [-335.76360291113946, -4.8671382934780825], [-337.17219766214623, -5.146948550453401], [-338.5825324457452, -5.427030676478241], [-339.99445988392137, -5.707350107046864], [-341.4078379044196, -5.9878668263862735], [-342.8225299057619, -6.268541973841453], [-344.23839749563507, -6.549380335405574], [-345.6553111031974, -6.830380962064814], [-347.0731510033428, -7.111534903852935], [-348.4918106119035, -7.392810118475176], [-349.91119017728266, -7.674177573020636], [-351.33118969266764, -7.9556288587457855], [-352.75171017593715, -8.237187279433346], [-354.17267283487945, -8.518818584511724], [-355.59361330672044, -8.80248830872987], [-357.0128196502323, -9.096534366626518], [-358.4290724034211, -9.406850539773401], [-359.841902426493, -9.735569574645027], [-361.2513723109531, -10.082185994022614], [-362.6576378592245, -10.445712872908004], [-364.0603740296434, -10.827512938286173], [-365.45977866996606, -11.225192022442105], [-366.854636844243, -11.633874838271145], [-368.2461372978043, -12.053588444777514], [-369.6401104995316, -12.474078360560345], [-371.03543967218934, -12.888038193230138], [-372.4324160676704, -13.294019465993298], [-373.82967426734166, -13.698567540672627], [-375.2261531176256, -14.106773549756037], [-376.62143537493534, -14.520635670011723], [-378.01526666733974, -14.941369888907335], [-379.4069369644026, -15.37237915919453], [-380.8047167970915, -15.773830431550481], [-382.22355327868013, -16.07367071600821]], "ego_orientations": [3.3372, -2.945942125842148, -2.9458430065310774, -2.9457187447209687, -2.9455896570687754, -2.9454531185399815, -2.94533472791784, -2.945240014484495, -2.945170188850977, -2.9451541172575832, -2.94516805561551, -2.9452038091941772, -2.945237767576765, -2.9452743599038733, -2.945322782907108, -2.945401802416886, -2.9454692117388186, -2.945526547816404, -2.9455740482317228, -2.9456343126313524, -2.945702590132638, -2.9457639868690233, -2.9458013974984687, -2.9458237819222757, -2.9458485386655937, -2.945878254619543, -2.945916421075175, -2.945922216571541, -2.945923962756975, -2.945937797246315, -2.941880006317547, -2.9320326448858482, -2.919514120665958, -2.9065433716893585, -2.894646568791389, -2.882231352113331, -2.869728737379641, -2.860595707435071, -2.8519007899885467, -2.8473667898846937, -2.850424716130615, -2.856373339087382, -2.860084188229741, -2.85887512187202, -2.8553147393262255, -2.8511959453277163, -2.8450537324875693, -2.837589302800663, -2.9036871907660764, -2.9472122331424924], "obs_positions": [[-281.2548, 6.1184], [-283.2166, 5.7296], [-285.1785, 5.3408], [-287.1403, 4.952], [-289.1022, 4.5631], [-291.064, 4.1743], [-293.0258, 3.7855], [-294.9877, 3.3967], [-296.9495, 3.0079], [-298.9114, 2.6191], [-300.8732, 2.2303], [-302.8351, 1.8415], [-304.7969, 1.4527], [-306.7588, 1.0639], [-308.7206, 0.6751], [-310.6824, 0.2862], [-312.6443, -0.1025], [-314.6061, -0.4913], [-316.568, -0.8801], [-318.5298, -1.2689], [-320.4917, -1.6576], [-322.4535, -2.0465], [-324.4153, -2.4354], [-326.3772, -2.8242], [-328.339, -3.2131], [-330.3009, -3.6018], [-332.2627, -3.9906], [-334.2245, -4.3795], [-336.1864, -4.7683], [-338.1482, -5.1571], [-340.1101, -5.546], [-342.072, -5.9349], [-344.0338, -6.3236], [-345.9957, -6.7124], [-347.9575, -7.1013], [-349.9193, -7.49], [-351.8812, -7.8789], [-353.843, -8.2677], [-355.8049, -8.6565], [-357.7667, -9.0453], [-359.7286, -9.4342], [-361.6894, -9.8421], [-363.6504, -10.2483], [-365.6113, -10.653], [-367.5708, -11.056], [-369.5361, -11.4588], [-371.5013, -11.8604], [-373.4665, -12.2609], [-375.4318, -12.6603], [-377.3919302366168, -13.057653061521622]], "obs_orientations": [3.3372, 3.3372, 3.3372, 3.3372, 3.3372, 3.3372, 3.3372, 3.3372, 3.3372, 3.3372, 3.3372, 3.3372, 3.3372, 3.3372, 3.3372, 3.3372, 3.3372, 3.3372, 3.3372, 3.3372, 3.3372, 3.3372, 3.3372, 3.3372, 3.3371, 3.3372, 3.3373, 3.3372, 3.3372, 3.3372, 3.3372, 3.3372, 3.3372, 3.3373, 3.3372, 3.3372, 3.3372, 3.3372, 3.3372, 3.3372, 3.3466, 3.3458, 3.3451, 3.3444, 3.3437, 3.3431, 3.3426, 3.3421, 3.3416, 3.3416], "objectives": {"extension_time": 3.0, "danger_difference": -2.161513949120776, "parameter_difference": 238.11805603104057}, "attributes": {"generation_number": 0, "individual_number": 12, "crash": false, "goal_reached": true, "scenario_length": 50}}, "[[24.802951250738182], [30.483356769938418, 353.62586464894827, 694.7349846823342], [1.4284229927845749, 66.0947092475326], [0.7441945804071326, 31.517099279818545]]": {"ego_positions": [[-313.5414, -0.451], [-314.9148300156457, -0.7231536599519147], [-316.288991430587, -0.9955588436388694], [-317.6644857463934, -1.2683925950781987], [-319.0417816751381, -1.541764667330983], [-320.42122844579836, -1.8157560123627123], [-321.8030758978119, -2.090407472317796], [-323.1874913374642, -2.3657229680508083], [-324.5745706681004, -2.641687213974608], [-325.9643533092558, -2.918255394512913], [-327.35683322846126, -3.195360060654462], [-328.751959928893, -3.472953619385473], [-330.14964811611526, -3.751005210864694], [-331.5497872125068, -4.0294893395989755], [-332.9522492108791, -4.308380358162987], [-334.3569023967698, -4.587610722383801], [-335.76360291113946, -4.8671382934780825], [-337.17219766214623, -5.146948550453401], [-338.5825324457452, -5.427030676478241], [-339.99445988392137, -5.707350107046864], [-341.4078379044196, -5.9878668263862735], [-342.8225299057619, -6.268541973841453], [-344.23839749563507, -6.549380335405574], [-345.6553111031974, -6.830380962064814], [-347.0731510033428, -7.111534903852935], [-348.4918106119035, -7.392810118475176], [-349.91119017728266, -7.674177573020636], [-351.33118969266764, -7.9556288587457855], [-352.75171017593715, -8.237187279433346], [-354.17267283487945, -8.518818584511724], [-355.59361330672044, -8.80248830872987], [-357.0128196502323, -9.096534366626518], [-358.4290724034211, -9.406850539773401], [-359.841902426493, -9.735569574645027], [-361.2513723109531, -10.082185994022614], [-362.6576378592245, -10.445712872908004], [-364.0603740296434, -10.827512938286173], [-365.45977866996606, -11.225192022442105], [-366.854636844243, -11.633874838271145], [-368.2461372978043, -12.053588444777514], [-369.6401104995316, -12.474078360560345], [-371.03543967218934, -12.888038193230138], [-372.4324160676704, -13.294019465993298], [-373.82967426734166, -13.698567540672627], [-375.2261531176256, -14.106773549756037], [-376.62143537493534, -14.520635670011723], [-378.01526666733974, -14.941369888907335], [-379.4069369644026, -15.37237915919453], [-380.8047167970915, -15.773830431550481], [-382.22355327868013, -16.07367071600821]],