{"[[0], [0, 0, 0], [0, 0], [0, 0]]": {"ego_positions": [[-354.7401, -8.6162], [-356.11388783397325, -8.893446546492617], [-357.49738971491075, -9.173131123999726], [-358.91534018617597, -9.39184722161301], [-360.3664290331889, -9.56462953897687], [-361.8341657438873, -9.752739530856052], [-363.3137270130308, -9.93410495261429], [-364.8047945145418, -10.10926986486584], [-366.3038432003545, -10.31037183354553], [-367.8212839764115, -10.499384516872505], [-369.3617855131711, -10.602124088640736], [-370.916390330925, -10.610977617183591], [-372.47244252918534, -10.569131868341737], [-374.01779482265323, -10.521323539327806], [-375.5425971941387, -10.50073977617188], [-377.03860543140115, -10.533707818743984], [-378.5087887996799, -10.631266856821686], [-379.95857155905816, -10.78489546753929], [-381.3910823673551, -10.985464963936844], [-382.81340568645373, -11.238068018075149]], "ego_orientations": [3.3372, -2.9358157333591737, -2.9612512086866465, -3.013570614098337, -3.0205039326959495, -3.0138815845940328, -3.025823723450266, -3.016445519929851, -3.004779588859718, -3.0410620067997267, -3.108991000070128, 3.12578676876667, 3.1086053919190433, 3.1160344802801436, -3.139699162588637, -3.0975061158831285, -3.0543460757519387, -3.0189131315883992, -2.9857463214969173, -2.9450886004038566], "obs_positions": [[-340.1101, -5.546], [-342.072, -5.9349], [-344.0338, -6.3236], [-345.9957, -6.7124], [-347.9575, -7.1013], [-349.9193, -7.49], [-351.8812, -7.8789], [-353.843, -8.2677], [-355.8049, -8.6565], [-357.7667, -9.0453], [-359.7286, -9.4342], [-361.6894, -9.8421], [-363.6504, -10.2483], [-365.6113, -10.653], [-367.5708, -11.056], [-369.5361, -11.4588], [-371.5013, -11.8604], [-373.4665, -12.2609], [-375.4318, -12.6603], [-377.3919302366168, -13.057653061521622]], "obs_orientations": [3.3372, 3.3372, 3.3372, 3.3373, 3.3372, 3.3372, 3.3372, 3.3372, 3.3372, 3.3372, 3.3466, 3.3458, 3.3451, 3.3444, 3.3437, 3.3431, 3.3426, 3.3421, 3.3416, 3.3416], "attributes": {"crash": false, "goal_reached": true, "max_danger": 0.9056946751807263, "scenario_length": 20, "lower_bound": -1.1, "upper_bound": -1.0}}}