{"[[18.841423465846386], [12.582330471265097, 357.0560077477498, 547.8149888863577], [1.8879561406734993, 170.75050841794229], [0.020033049360097255, 18.464875120013975]]": {"ego_positions": [[-361.6065, -9.9771], [-362.9769762308966, -10.266464019672538], [-364.33566650810855, -10.631210368402908], [-365.6829527649027, -11.07729223108153], [-367.02226101464083, -11.57568597620113], [-368.3592739207452, -12.100593148774173], [-369.7033656656302, -12.62109382278503], [-371.05497010023043, -13.124312742847453], [-372.4134001284345, -13.611765590450775], [-373.7777955772654, -14.08587955416049], [-375.14834363229454, -14.544148398215057], [-376.5276279942578, -14.972673736086605], [-377.9165887493498, -15.365513830336441], [-379.31455379508685, -15.724549616638631], [-380.7206431380243, -16.052776240162927], [-382.13397625377917, -16.353234460830592]], "ego_orientations": [3.3372, -2.9108458825766292, -2.8478053588955725, -2.800588633200638, -2.7728045227432574, -2.7671641673448963, -2.778341739402243, -2.7915149282890765, -2.8023282229000515, -2.811830254141575, -2.828261720618437, -2.8530739607084534, -2.8785038845557755, -2.9014231630682668, -2.923118293409869, -2.9394665378758353], "obs_positions": [[-349.9193, -7.49], [-351.8812, -7.8789], [-353.843, -8.2677], [-355.8049, -8.6565], [-357.7667, -9.0453], [-359.7286, -9.4342], [-361.6894, -9.8421], [-363.6504, -10.2483], [-365.6113, -10.653], [-367.5708, -11.056], [-369.5361, -11.4588], [-371.5013, -11.8604], [-373.4665, -12.2609], [-375.4318, -12.6603], [-377.397, -13.0589], [-379.3551203081473, -13.466042307824953]], "obs_orientations": [3.3372, 3.3372, 3.3372, 3.3372, 3.3372, 3.3466, 3.3458, 3.3451, 3.3444, 3.3437, 3.3431, 3.3426, 3.3421, 3.3416, 3.3412, 3.346596733018404], "objectives": {"extension_time": -0.5, "danger_difference": 0.33852821368022024, "parameter_difference": 219.19195826035778}, "attributes": {"generation_number": 0, "individual_number": 35, "crash": false, "goal_reached": true, "scenario_length": 16}}, "[[10.321378065638005], [5.0478118147716415, 261.60393468517395, 309.8952166861824], [1.6394379754469552, 189.58110629270593], [1.9366033650073362, 34.76089137216141]]": {"ego_positions": [[-361.6065, -9.9771], [-362.9769762308966, -10.266464019672538], [-364.33566650810855, -10.631210368402908], [-365.6829225641554, -11.078504369531098], [-367.02261634009284, -11.580745114160171], [-368.361657151307, -12.106243603030364], [-369.7093490100484, -12.623291911396025], [-371.06637265951775, -13.116850137853431], [-372.4313919554045, -13.590816023391126], [-373.80283607131594, -14.050397517332094], [-375.1800088310514, -14.496792317874972], [-376.56491734342404, -14.918352604874789], [-377.96147159752644, -15.29430127366068], [-379.36891784552347, -15.626433120488855], [-380.7849000039779, -15.924649372618205], [-382.2070434388973, -16.198993542571955]], "ego_orientations": [3.3372, -2.9108458825766292, -2.8478053588955725, -2.798431926476704, -2.7713117545991457, -2.768616121851004, -2.7837064226911155, -2.8008557596567543, -2.8133102860017725, -2.8228040129338603, -2.8345068510993667, -2.8612422950699647, -2.8953304497197307, -2.9230609979437565, -2.9440010773886702, -2.9561888990258653], "obs_positions": [[-349.9193, -7.49], [-351.8812, -7.8789], [-353.843, -8.2677], [-355.8049, -8.6565], [-357.7667, -9.0453], [-359.7286, -9.4342], [-361.6894, -9.8421], [-363.6504, -10.2483], [-365.6113, -10.653], [-367.5708, -11.056], [-369.5361, -11.4588], [-371.5013, -11.8604], [-373.4665, -12.2609], [-375.4318, -12.6603], [-377.397, -13.0589], [-379.3551203081473, -13.466042307824953]], "obs_orientations": [3.3372, 3.3372, 3.3372, 3.3372, 3.3372, 3.3466, 3.3458, 3.3451, 3.3444, 3.3437, 3.3431, 3.3426, 3.3421, 3.3416, 3.3412, 3.346596733018404], "objectives": {"extension_time": -0.5, "danger_difference": 0.338956502625671, "parameter_difference": 123.98413704636131}, "attributes": {"generation_number": 0, "individual_number": 40, "crash": false, "goal_reached": true, "scenario_length": 16}}, "[[10.442231026704594], [5.0478118147716415, 261.60393468517395, 2.5], [1.6394379754469552, 189.58110629270593], [1.6689460681676624, 34.49855496182832]]": {"ego_positions": [[-361.6065, -9.9771], [-362.9769762308966, -10.266464019672538], [-364.33566650810855, -10.631210368402908], [-365.6829225641554, -11.078504369531098], [-367.02261634009284, -11.580745114160171], [-368.361657151307, -12.106243603030364], [-369.7093490100484, -12.623291911396025], [-371.06637265951775, -13.116850137853431], [-372.4313919554045, -13.590816023391126], [-373.80283607131594, -14.050397517332094], [-375.1800088310514, -14.496792317874972], [-376.56491734342404, -14.918352604874789], [-377.96147159752644, -15.29430127366068], [-379.36891784552347, -15.626433120488855], [-380.7849000039779, -15.924649372618205], [-382.2070434388973, -16.198993542571955]], "ego_orientations": [3.3372, -2.9108458825766292, -2.8478053588955725, -2.798431926476704, -2.7713117545991457, -2.768616121851004, -2.7837064226911155, -2.8008557596567543, -2.8133102860017725, -2.8228040129338603, -2.8345068510993667, -2.8612422950699647, -2.8953304497197307, -2.9230609979437565, -2.9440010773886702, -2.9561888990258653], "obs_positions": [[-349.9193, -7.49], [-351.8812, -7.8789], [-353.843, -8.2677], [-355.8049, -8.6565], [-357.7667, -9.0453], [-359.7286, -9.4342], [-361.6894, -9.8421], [-363.6504, -10.2483], [-365.6113, -10.653], [-367.5708, -11.056], [-369.5361, -11.4588], [-371.5013, -11.8604], [-373.4665, -12.2609], [-375.4318, -12.6603], [-377.397, -13.0589], [-379.3551203081473, -13.466042307824953]], "obs_orientations": [3.3372, 3.3372, 3.3372, 3.3372, 3.3372, 3.3466, 3.3458, 3.3451, 3.3444, 3.3437, 3.3431, 3.3426, 3.3421, 3.3416, 3.3412, 3.346596733018404], "objectives": {"extension_time": -0.5, "danger_difference": 0.338956502625671, "parameter_difference": 2.7298969104626445}, "attributes": {"generation_number": 2, "individual_number": 101, "crash": false, "goal_reached": true, "scenario_length": 16}}, "[[42.38655697283595], [2.5, 200.0, 2.5], [2.1270595422565948, 201.10102308309547], [2.0405198415281074, 25.095952401127782]]": {"ego_positions": [[-361.6065, -9.9771], [-362.9769762308966, -10.266464019672538], [-364.33566650810855, -10.631210368402908], [-365.6829225641554, -11.078504369531098], [-367.0222942745974, -11.582250861516695], [-368.3597220242899, -12.115085046634318], [-369.70482780535536, -12.643864472197304], [-371.05805200166805, -13.154698660004286], [-372.4186703744856, -13.648601724193512], [-373.785757766584, -14.127740746845513], [-375.1590204257957, -14.59143251706108], [-376.5394996658643, -15.032756182978018], [-377.92787462327857, -15.446665234319111], [-379.32460183383296, -15.829236686056326], [-380.7296365072768, -16.17923975300429], [-382.14264661776116, -16.496791430285317]], "ego_orientations": [3.3372, -2.9108458825766292, -2.8478053588955725, -2.798431926476704, -2.7682788488571806, -2.761950375562172, -2.7734596352656204, -2.787362954920574, -2.7991381948878615, -2.809692154841188, -2.823315406800818, -2.841469226157393, -2.8628365679949277, -2.885574041084922, -2.909856133288511, -2.9292678376587564], "obs_positions": [[-349.9193, -7.49], [-351.8812, -7.8789], [-353.843, -8.2677], [-355.8049, -8.6565], [-357.7667, -9.0453], [-359.7286, -9.4342], [-361.6894, -9.8421], [-363.6504, -10.2483], [-365.6113, -10.653], [-367.5708, -11.056], [-369.5361, -11.4588], [-371.5013, -11.8604], [-373.4665, -12.2609], [-375.4318, -12.6603], [-377.397, -13.0589], [-379.3551203081473, -13.466042307824953]], "obs_orientations": [3.3372, 3.3372, 3.3372, 3.3372, 3.3372, 3.3466, 3.3458, 3.3451, 3.3444, 3.3437, 3.3431, 3.3426, 3.3421, 3.3416, 3.3412, 3.346596733018404], "objectives": {"extension_time": -0.5, "danger_difference": 0.3092361432448024, "parameter_difference": 2.033225839493609}, "attributes": {"generation_number": 2, "individual_number": 139, "crash": false, "goal_reached": true, "scenario_length": 16}},