{"[[34.02140852478863], [43.7736468941056, 359.97115596418695, 46.4695685767883], [0.40067253811204767, 20.225721729277012], [0.43418294184468437, 37.940062959094654]]": {"ego_positions": [[-353.3667, -8.344], [-354.73930795152717, -8.620873170483398], [-356.1085075009442, -8.921993052212972], [-357.4733238511233, -9.257548821359615], [-358.8345433233979, -9.627140350376909], [-360.193867073571, -10.024396645303714], [-361.5533090163231, -10.44026652742312], [-362.91481178323704, -10.865227127888595], [-364.2799665466325, -11.290780611325287], [-365.6476242660554, -11.711441495432501], [-367.0181302911657, -12.125254379848586], [-368.3915993305748, -12.53101650279395], [-369.7742317520091, -12.925514160062614], [-371.16204065509834, -13.306738613939174], [-372.5529937967625, -13.683259167820903], [-373.9454591792163, -14.061790336565295], [-375.33852021177904, -14.445680365646353], [-376.7324184522874, -14.832776283860158], [-378.1296519219993, -15.210118055113677], [-379.534680605195, -15.555938472402989], [-380.9517556427398, -15.8507539998309], [-382.3712894070609, -16.139554587055756]], "ego_orientations": [3.3371, -2.9358855541488516, -2.913239588034835, -2.887954187700942, -2.8658506393959358, -2.8498310079468183, -2.8407799477317517, -2.8383525744665734, -2.8412084166958236, -2.845509684867407, -2.8512665873387038, -2.8580778381582554, -2.869279366826691, -2.8764129198670365, -2.877273950245141, -2.8746683191013394, -2.870611431683931, -2.8728591633260607, -2.8836400478088455, -2.922597741154555, -2.9423688326978237, -2.9384442720347064], "obs_positions": [[-338.1482, -5.1571], [-340.1101, -5.546], [-342.072, -5.9349], [-344.0338, -6.3236], [-345.9957, -6.7124], [-347.9575, -7.1013], [-349.9193, -7.49], [-351.8812, -7.8789], [-353.843, -8.2677], [-355.8049, -8.6565], [-357.7667, -9.0453], [-359.7286, -9.4342], [-361.6894, -9.8421], [-363.6504, -10.2483], [-365.6113, -10.653], [-367.5708, -11.056], [-369.5361, -11.4588], [-371.5013, -11.8604], [-373.4665, -12.2609], [-375.4318, -12.6603], [-377.397, -13.0589], [-379.3551203081473, -13.466042307824958]], "obs_orientations": [3.3372, 3.3372, 3.3372, 3.3372, 3.3373, 3.3372, 3.3372, 3.3372, 3.3372, 3.3372, 3.3372, 3.3466, 3.3458, 3.3451, 3.3444, 3.3437, 3.3431, 3.3426, 3.3421, 3.3416, 3.3412, 3.3465967330184068], "objectives": {"extension_time": 0.1, "danger_difference": 0.31531855236022677, "parameter_difference": 25.619688310743943}, "attributes": {"generation_number": 0, "individual_number": 7, "crash": false, "goal_reached": true, "scenario_length": 22}}, "[[2.0299408060032116], [1.5037281584945952, 41.46423011546652, 1.1155783622802036], [128.43036056276105, 39.155954152275086], [1.3037598444833147, 0.3526976757534346]]": {"ego_positions": [[-353.3667, -8.344], [-354.7408632987088, -8.61618865089074], [-356.12730904642126, -8.892538091498512], [-357.5540571574514, -9.18146298594805], [-359.0216217782233, -9.481065690204211], [-360.52558542566476, -9.78768509104425], [-362.06306816420823, -10.098189973666708], [-363.63031715121076, -10.411149984175035], [-365.22279753753213, -10.726562908599583], [-366.83470801831214, -11.049951508849999], [-368.4587571073902, -11.392358652321702], [-370.0898215419847, -11.757149031005468], [-371.72455252620057, -12.1417978237948], [-373.36083582129754, -12.539463652864411], [-375.00086893921895, -12.92244742599534], [-376.6468211719094, -13.277791266560138], [-378.2933983754691, -13.62873504603735], [-379.93357000078356, -13.996083971288794], [-381.56387369283317, -14.39120519298016], [-383.1841939162788, -14.818724599248764], [-384.79564866012214, -15.278331658682792], [-386.3998625122136, -15.766447216402296], [-387.9984058674323, -16.277443476406244], [-389.5836344045037, -16.820539868296603], [-391.13818795096023, -17.394837705940983], [-392.6776512575559, -17.908680831886493], [-394.2244637142471, -18.291655087291353], [-395.76890137033547, -18.597898923683633], [-397.27894510154204, -18.89253515704074]], "ego_orientations": [3.3371, -2.9459801325026445, -2.943203621633958, -2.940697030496601, -2.9400211545230777, -2.941234737221899, -2.943432475639996, -2.9454755609905336, -2.9457357402730104, -2.9397507233568625, -2.926767108103531, -2.916118967407499, -2.9049217205991287, -2.9049434656978854, -2.921482398905436, -2.9330257172189027, -2.9280441022210484, -2.913311975920507, -2.893881790414621, -2.8734369183944706, -2.8544786275297978, -2.838569389609052, -2.826485821562107, -2.7933149728081847, -2.7909323112291444, -2.859552542836665, -2.931551182033811, -2.951675091030828, -2.9446460021310297], "obs_positions": [[-338.1482, -5.1571], [-340.1101, -5.546], [-342.072, -5.9349], [-344.0338, -6.3236], [-345.9957, -6.7124], [-347.9575, -7.1013], [-349.9193, -7.49], [-351.8812, -7.8789], [-353.843, -8.2677], [-355.8049, -8.6565], [-357.7667, -9.0453], [-359.7286, -9.4342], [-361.6894, -9.8421], [-363.6504, -10.2483], [-365.6113, -10.653], [-367.5708, -11.056], [-369.5361, -11.4588], [-371.5013, -11.8604], [-373.4665, -12.2609], [-375.4318, -12.6603], [-377.397, -13.0589], [-379.3623, -13.4567], [-381.3275, -13.8537], [-383.2927, -14.2502], [-385.2606, -14.6467], [-387.2295, -15.0431], [-389.194, -15.4383], [-391.1588, -15.8334], [-393.1195634922778, -16.22761634586934]], "obs_orientations": [3.3372, 3.3372, 3.3372, 3.3372, 3.3373, 3.3372, 3.3372, 3.3372, 3.3372, 3.3372, 3.3372, 3.3466, 3.3458, 3.3451, 3.3444, 3.3437, 3.3431, 3.3426, 3.3421, 3.3416, 3.3412, 3.3409, 3.3406, 3.3404, 3.3402, 3.3401, 3.34, 3.34, 3.34], "objectives": {"extension_time": 0.1, "danger_difference": -0.08394621369575062, "parameter_difference": 0.7930329521039091}, "attributes": {"generation_number": 13, "individual_number": 662, "crash": false, "goal_reached": true, "scenario_length": 29}}, "[[7.248175988315914], [0.5827798936452665, 24.788427760865062, 0.9909578334749929], [0.866201783593763, 51.96984302400984], [0.8761128141232867, 6.486671392943806]]": {"ego_positions": [[-353.3667, -8.344], [-354.7408632987088, -8.61618865089074], [-356.11969633968556, -8.889550555333386], [-357.50685472928683, -9.16485250102112], [-358.9056046189678, -9.442727070245844], [-360.3214731185585, -9.724344796353703], [-361.7600953201411, -10.015966068195713], [-363.21405726753494, -10.335587778031991], [-364.6781346782822, -10.692219240701217], [-366.1491632157065, -11.086790071384128], [-367.6251808161368, -11.514870262833133], [-369.106261196901, -11.968362730612222], [-370.5947643943938, -12.432885297949468], [-372.0899619435987, -12.900448230609076], [-373.59025876771926, -13.37290899107531], [-375.0943424946603, -13.851626312549872], [-376.6011210678536, -14.337268065177996], [-378.1091480742363, -14.83219691897073], [-379.6185178727061, -15.33244412168371], [-381.1301939026095, -15.829882781330507], [-382.6483981019572, -16.30120479603206]], "ego_orientations": [3.3371, -2.9459801325026445, -2.9457711233758395, -2.945580164397868, -2.9453913608149684, -2.945086041523374, -2.935246927940692, -2.9142645030451155, -2.891091846814082, -2.8686287079062156, -2.850552354348332, -2.8404510242574887, -2.8386666126386633, -2.837845154228556, -2.835018998328862, -2.831959586198593, -2.827026580099347, -2.8225985952301436, -2.820733275980666, -2.8298324994062, -2.852865472784264], "obs_positions": [[-338.1482, -5.1571], [-340.1101, -5.546], [-342.072, -5.9349], [-344.0338, -6.3236], [-345.9957, -6.7124], [-347.9575, -7.1013], [-349.9193, -7.49], [-351.8812, -7.8789], [-353.843, -8.2677], [-355.8049, -8.6565], [-357.7667, -9.0453], [-359.7286, -9.4342], [-361.6894, -9.8421], [-363.6504, -10.2483], [-365.6113, -10.653], [-367.5708, -11.056], [-369.5361, -11.4588], [-371.5013, -11.8604], [-373.4665, -12.2609], [-375.4318, -12.6603], [-377.3919302366168, -13.057653061521622]], "obs_orientations": [3.3372, 3.3372, 3.3372, 3.3372, 3.3373, 3.3372, 3.3372, 3.3372, 3.3372, 3.3372, 3.3372, 3.3466, 3.3458, 3.3451, 3.3444, 3.3437, 3.3431, 3.3426, 3.3421, 3.3416, 3.3416], "objectives": {"extension_time": 0.1,