{"[[23.447169902876443], [12.934118229169977, 397.9156423127433, 873.2831092959822], [1.582585684529704, 150.38217074179596], [1.1406216259318174, 36.57812746727082]]": {"ego_positions": [[-342.3804, -6.1667], [-343.75383016214624, -6.4388529196579025], [-345.1279893723679, -6.711271869850976], [-346.5034743354854, -6.984155110064141], [-347.8807571177147, -7.257595043026514], [-349.26019315613974, -7.531639710098051], [-350.6420368362854, -7.806309748362693], [-352.0267849387192, -8.081680844639227], [-353.41608079910196, -8.358051433530866], [-354.8114924622566, -8.635694116160764], [-356.2152199559879, -8.915043628228238], [-357.6320582429694, -9.197136344120581], [-359.0640040610491, -9.482296337908032], [-360.51215810196413, -9.770643442477787], [-361.9761351039524, -10.066988267050549], [-363.447794866438, -10.389354541353175], [-364.92044538630233, -10.746653428776268], [-366.38936665648686, -11.139336992810653], [-367.8499019939677, -11.571191805058973], [-369.29888527139843, -12.043247114783155], [-370.73959370240414, -12.536632160657819], [-372.17474398335196, -13.035296203834049], [-373.605079978653, -13.535446801728503], [-375.03111099120025, -14.03480876996803], [-376.4532846344074, -14.531461209703092], [-377.87145052319664, -15.025763915049641], [-379.28693464362215, -15.511423058751486], [-380.70354231102004, -15.969261715695872], [-382.12228129229794, -16.38992645174335]], "ego_orientations": [3.3372, -2.945946271902688, -2.9458175464947614, -2.9456743731704242, -2.9455389464778743, -2.945428676592074, -2.945332574474905, -2.945256928178057, -2.945202196814741, -2.9451816277373566, -2.9451070140397984, -2.9450319085388545, -2.9450230418579997, -2.945091111294843, -2.9357774667101997, -2.915145378172669, -2.8921447090412373, -2.8679555836706854, -2.8391930133785377, -2.8166662277757553, -2.808487308265526, -2.8059932110825225, -2.8046856639577036, -2.805164071888675, -2.8058574652950465, -2.8068230170069435, -2.81836988477596, -2.8401966733510773, -2.8677899801921956], "obs_positions": [[-322.4535, -2.0465], [-324.4153, -2.4354], [-326.3772, -2.8242], [-328.339, -3.2131], [-330.3009, -3.6018], [-332.2627, -3.9906], [-334.2245, -4.3795], [-336.1864, -4.7683], [-338.1482, -5.1571], [-340.1101, -5.546], [-342.072, -5.9349], [-344.0338, -6.3236], [-345.9957, -6.7124], [-347.9575, -7.1013], [-349.9193, -7.49], [-351.8812, -7.8789], [-353.843, -8.2677], [-355.8049, -8.6565], [-357.7667, -9.0453], [-359.7286, -9.4342], [-361.6894, -9.8421], [-363.6504, -10.2483], [-365.6113, -10.653], [-367.5708, -11.056], [-369.5361, -11.4588], [-371.5013, -11.8604], [-373.4665, -12.2609], [-375.4318, -12.6603], [-377.3919302366168, -13.057653061521622]], "obs_orientations": [3.3372, 3.3372, 3.3372, 3.3371, 3.3372, 3.3373, 3.3372, 3.3372, 3.3372, 3.3372, 3.3372, 3.3372, 3.3373, 3.3372, 3.3372, 3.3372, 3.3372, 3.3372, 3.3372, 3.3466, 3.3458, 3.3451, 3.3444, 3.3437, 3.3431, 3.3426, 3.3421, 3.3416, 3.3416], "objectives": {"extension_time": 0.9, "danger_difference": -0.031033980949844775, "parameter_difference": 349.3584310684355}, "attributes": {"generation_number": 0, "individual_number": 21, "crash": false, "goal_reached": true, "scenario_length": 29}}, "[[7.180578796108556], [0.5761716418613336, 29.87440706330211, 1.0201133569916379], [0.8681088304774937, 90.52043698710652], [1.9363310968762861, 8.016708048651852]]": {"ego_positions": [[-342.3804, -6.1667], [-343.75383016214624, -6.4388529196579025], [-345.1279893723679, -6.711271869850976], [-346.5034743354854, -6.984155110064141], [-347.8807571177147, -7.257595043026514], [-349.26019315613974, -7.531639710098051], [-350.6420368362854, -7.806309748362693], [-352.0267849387192, -8.081680844639227], [-353.41608079910196, -8.358051433530866], [-354.8114924622566, -8.635694116160764], [-356.2152199559879, -8.915043628228238], [-357.6320582429694, -9.197136344120581], [-359.0640040610491, -9.482296337908032], [-360.51215810196413, -9.770643442477787], [-361.97926689141053, -10.062611873558607], [-363.4766000540747, -10.360487398928022], [-365.0252765143006, -10.668572791303113], [-366.62023238013865, -10.98851168956639], [-368.25062904925704, -11.329246086068943], [-369.9050171053883, -11.702971650809786], [-371.5744659384544, -12.115216369449413], [-373.25302783075864, -12.56477039265106], [-374.9360879468845, -13.052882282660258], [-376.6178767259977, -13.586396418728073], [-378.2953073983929, -14.162367234296362], [-379.96781221660996, -14.769686701693958], [-381.6361954803891, -15.393980325212787], [-383.304142168862, -16.008087665301055], [-384.98095621118637, -16.554669482613953]], "ego_orientations": [3.3372, -2.945946271902688, -2.9458175464947614, -2.9456743731704242, -2.9455389464778743, -2.945428676592074, -2.945332574474905, -2.945256928178057, -2.945202196814741, -2.9451816277373566, -2.9451070140397984, -2.9450319085388545, -2.9450230418579997, -2.945091111294843, -2.9452097290516823, -2.9452064072471735, -2.945251730477174, -2.940649631511983, -2.9287818115210964, -2.9095906270447545, -2.8896083426491708, -2.870294316405967, -2.8472284187351145, -2.8219084018941136, -2.8008420435513184, -2.7870568508318074, -2.7813403724655257, -2.8034697440667626, -2.85137970425187], "obs_positions": [[-322.4535, -2.0465], [-324.4153, -2.4354], [-326.3772, -2.8242], [-328.339, -3.2131], [-330.3009, -3.6018], [-332.2627, -3.9906], [-334.2245, -4.3795], [-336.1864, -4.7683], [-338.1482, -5.1571], [-340.1101, -5.546], [-342.072, -5.9349], [-344.0338, -6.3236], [-345.9957, -6.7124], [-347.9575, -7.1013], [-349.9193, -7.49], [-351.8812, -7.8789], [-353.843, -8.2677], [-355.8049, -8.6565], [-357.7667, -9.0453], [-359.7286, -9.4342], [-361.6894, -9.8421], [-363.6504, -10.2483], [-365.6113, -10.653], [-367.5708, -11.056], [-369.5361, -11.4588], [-371.5013, -11.8604], [-373.4665, -12.2609], [-375.4318, -12.6603], [-377.3919302366168, -13.057653061521622]], "obs_orientations": [3.3372, 3.3372, 3.3372, 3.3371, 3.3372, 3.3373, 3.3372, 3.3372, 3.3372, 3.3372, 3.3372, 3.3372, 3.3373, 3.3372, 3.3372, 3.3372, 3.3372, 3.3372, 3.3372, 3.3466, 3.3458, 3.3451, 3.3444, 3.3437, 3.3431, 3.3426, 3.3421, 3.3416, 3.3416], "objectives": {"extension_time": 0.9, "danger_difference": -0.48017415150210907, "parameter_difference": 0.5679229166682959}, "attributes": {"generation_number": 12, "individual_number": 621, "crash": false, "goal_reached": true, "scenario_length": 29}}, "[[7.178026247681894], [0.5201382937205846, 26.44994475802099, 0.9733291662985205], [0.18988081751637198, 73.94329640525902], [1.9521990037765293, 5.67240982841093]]": {"ego_positions": [[-342.3804, -6.1667], [-343.75383016214624, -6.4388529196579025], [-345.1279893723679, -6.711271869850976], [-346.5034743354854, -6.984155110064141], [-347.8807571177147, -7.257595043026514], [-349.26019315613974, -7.531639710098051], [-350.6420368362854, -7.806309748362693], [-352.0267849387192, -8.081680844639227], [-353.41608079910196, -8.358051433530866], [-354.8114924622566, -8.635694116160764], [-356.2152199559879, -8.915043628228238], [-357.6320582429694, -9.197136344120581], [-359.0640040610491, -9.482296337908032], [-360.51215810196413, -9.770643442477787], [-361.97926689141053, -10.062611873558607], [-363.4766000540747, -10.360487398928022], [-365.0252765143006, -10.668572791303113], [-366.62023238013865, -10.98851168956639], [-368.25062904925704, -11.329246086068943], [-369.9050171053883, -11.702971650809786], [-371.5744659384544, -12.115216369449413], [-373.25302783075864, -12.56477039265106], [-374.9360879468845, -13.052882282660258], [-376.6178767259977, -13.586396418728073], [-378.2953073983929, -14.162367234296362], [-379.96781221660996, -14.769686701693958], [-381.6361954803891, -15.393980325212787], [-383.304142168862, -16.008087665301055], [-384.98095621118637, -16.554669482613953]],