{"[[12.358385151517536], [37.65798976129916, 430.6962581246636, 290.64686572915866], [0.9774100104966479, 2.138178184832862], [0.7779281768247176, 46.86628725111137]]": {"ego_positions": [[-328.6475, -3.445], [-330.0209569719588, -3.7170175761199866], [-331.3951405960569, -3.9893137044838753], [-332.77064572150084, -4.262095337600652], [-334.1479492247556, -4.535430569401909], [-335.52741902593516, -4.80930469919673], [-336.9093035606581, -5.083769844548505], [-338.29375586639173, -5.35890060178855], [-339.68087075347285, -5.634685639519927], [-341.0706856377604, -5.911091956129351], [-342.4631901783801, -6.188073362425223], [-343.8583321366488, -6.465590950284146], [-345.25602434970324, -6.743623729446557], [-346.6561565747274, -7.022143116928743], [-348.0586090001915, -7.301082678016041], [-349.4632485251316, -7.5803824500076855], [-350.86993134893135, -7.859999659672947], [-352.2785068030652, -8.139907611649997], [-353.68843075958637, -8.422062905921088], [-355.0979022401702, -8.71477443843866], [-356.5056079299531, -9.023912049340735], [-357.910985772322, -9.351582960750115], [-359.31369929529626, -9.698795037799165], [-360.7129667945711, -10.06889381412268], [-362.1090796221566, -10.459781672721697], [-363.5034170649121, -10.863894252610399], [-364.8973452148502, -11.273850019570768], [-366.28876776494354, -11.685126503590338], [-367.67907361302946, -12.098649692039645], [-369.0723813227687, -12.507668956863927], [-370.46927219899584, -12.907151616289125], [-371.86842181271624, -13.295972461948038], [-373.26681990640697, -13.681910501552313], [-374.6631393531898, -14.07122227122115], [-376.05710009148214, -14.466826455945386], [-377.44886968100235, -14.869262882352205], [-378.83868475285715, -15.278628951350482], [-380.23377293328264, -15.663142879603598], [-381.6500396172225, -15.952462631586881]], "ego_orientations": [3.3371, -2.9460426779976547, -2.9458991213112835, -2.945742331886452, -2.9456362866073293, -2.94557323569946, -2.945472604913532, -2.945370794389631, -2.9452974014752953, -2.9452574618720853, -2.945239779362455, -2.9452399183747895, -2.9452272840478644, -2.9452432931970893, -2.945282810671445, -2.9453433680231482, -2.9454018227173604, -2.9454579109895347, -2.9414176726016903, -2.9315659805079424, -2.919044981549886, -2.90609007251271, -2.8911469428697014, -2.8751257801692813, -2.8631049164947555, -2.8567521048527516, -2.8550509276578535, -2.8528346202549177, -2.853533402979698, -2.858922022168538, -2.8673905073217485, -2.872402530450867, -2.8715029775145267, -2.867547594946953, -2.862537847570913, -2.857827590621269, -2.8520320842492235, -2.908331028622965, -2.962087257341865], "obs_positions": [[-302.8351, 1.8415], [-304.7969, 1.4527], [-306.7588, 1.0639], [-308.7206, 0.6751], [-310.6824, 0.2862], [-312.6443, -0.1025], [-314.6061, -0.4913], [-316.568, -0.8801], [-318.5298, -1.2689], [-320.4917, -1.6576], [-322.4535, -2.0465], [-324.4153, -2.4354], [-326.3772, -2.8242], [-328.339, -3.2131], [-330.3009, -3.6018], [-332.2627, -3.9906], [-334.2245, -4.3795], [-336.1864, -4.7683], [-338.1482, -5.1571], [-340.1101, -5.546], [-342.072, -5.9349], [-344.0338, -6.3236], [-345.9957, -6.7124], [-347.9575, -7.1013], [-349.9193, -7.49], [-351.8812, -7.8789], [-353.843, -8.2677], [-355.8049, -8.6565], [-357.7667, -9.0453], [-359.7286, -9.4342], [-361.6894, -9.8421], [-363.6504, -10.2483], [-365.6113, -10.653], [-367.5708, -11.056], [-369.5361, -11.4588], [-371.5013, -11.8604], [-373.4665, -12.2609], [-375.4318, -12.6603], [-377.3919302366168, -13.057653061521622]], "obs_orientations": [3.3372, 3.3372, 3.3372, 3.3372, 3.3372, 3.3372, 3.3372, 3.3372, 3.3372, 3.3372, 3.3372, 3.3372, 3.3372, 3.3371, 3.3372, 3.3373, 3.3372, 3.3372, 3.3372, 3.3372, 3.3372, 3.3372, 3.3373, 3.3372, 3.3372, 3.3372, 3.3372, 3.3372, 3.3372, 3.3466, 3.3458, 3.3451, 3.3444, 3.3437, 3.3431, 3.3426, 3.3421, 3.3416, 3.3416], "objectives": {"extension_time": 1.9, "danger_difference": 0.07879177274394711, "parameter_difference": 117.25431068653099}, "attributes": {"generation_number": 0, "individual_number": 4, "crash": false, "goal_reached": true, "scenario_length": 39}}}