{"[[14.331166255084081], [12.02438301071732, 69.1181479671098, 7.628208152304694], [1.3517955697947583, 103.88551642088495], [1.1447177942801705, 15.669968643313537]]": {"ego_positions": [[-339.6339, -5.6223], [-341.00733000076264, -5.8944537320932175], [-342.3814933496103, -6.166848097642931], [-343.75699289639397, -6.439656354786992], [-345.1342864899441, -6.713042804220873], [-346.5137263117668, -6.987069455124136], [-347.8955676772275, -7.261751061070447], [-349.27998186507745, -7.537071747793768], [-350.6670687383746, -7.812996248088196], [-352.0571930413074, -8.089576827306251], [-353.4518829523273, -8.36712211800295], [-354.8526280797697, -8.645842622397458], [-356.2615335728815, -8.92607112239746], [-357.68324396674393, -9.20854810628865], [-359.119694966201, -9.493716826605112], [-360.57196091965244, -9.781882971011328], [-362.0396166975693, -10.078054470495852], [-363.5145120594762, -10.40034175807864], [-364.98987504008704, -10.757820302598956], [-366.461087547416, -11.1519135783165], [-367.9238752229986, -11.582964979899863], [-369.37432444026433, -12.055431084714634], [-370.81644983792023, -12.545975432528921], [-372.25267320948086, -13.039854438271332], [-373.68363775232655, -13.534459695761214], [-375.1098064320036, -14.028342264651382], [-376.531865408656, -14.5192032953367], [-377.9504071643097, -15.00518096318292], [-379.36760215637463, -15.475692108987676], [-380.791269497553, -15.894710509784648], [-382.22434090918455, -16.260368599493226]], "ego_orientations": [3.3372, -2.945942495474749, -2.9458604173848673, -2.945724507757393, -2.94556442214895, -2.945427415004299, -2.945321919673425, -2.9452513413631887, -2.9452195154565324, -2.945169580752227, -2.9451606932478285, -2.945198753918097, -2.945351123343604, -2.9455504639509456, -2.9456754389781112, -2.945736377901391, -2.9363348851555107, -2.9156009734350232, -2.8916839145861566, -2.868660535350745, -2.8393486869043376, -2.8178384299108616, -2.8112719574527483, -2.809499496623926, -2.8082815575460778, -2.8084256242951198, -2.8103285347669793, -2.8125982008039294, -2.8358298250670915, -2.8743709656830276, -2.9081737217989216], "obs_positions": [[-318.5298, -1.2689], [-320.4917, -1.6576], [-322.4535, -2.0465], [-324.4153, -2.4354], [-326.3772, -2.8242], [-328.339, -3.2131], [-330.3009, -3.6018], [-332.2627, -3.9906], [-334.2245, -4.3795], [-336.1864, -4.7683], [-338.1482, -5.1571], [-340.1101, -5.546], [-342.072, -5.9349], [-344.0338, -6.3236], [-345.9957, -6.7124], [-347.9575, -7.1013], [-349.9193, -7.49], [-351.8812, -7.8789], [-353.843, -8.2677], [-355.8049, -8.6565], [-357.7667, -9.0453], [-359.7286, -9.4342], [-361.6894, -9.8421], [-363.6504, -10.2483], [-365.6113, -10.653], [-367.5708, -11.056], [-369.5361, -11.4588], [-371.5013, -11.8604], [-373.4665, -12.2609], [-375.4318, -12.6603], [-377.3919302366168, -13.057653061521622]], "obs_orientations": [3.3372, 3.3372, 3.3372, 3.3372, 3.3372, 3.3371, 3.3372, 3.3373, 3.3372, 3.3372, 3.3372, 3.3372, 3.3372, 3.3372, 3.3373, 3.3372, 3.3372, 3.3372, 3.3372, 3.3372, 3.3372, 3.3466, 3.3458, 3.3451, 3.3444, 3.3437, 3.3431, 3.3426, 3.3421, 3.3416, 3.3416], "objectives": {"extension_time": 1.1, "danger_difference": -0.056135409228705635, "parameter_difference": 5.726041849512334}, "attributes": {"generation_number": 0, "individual_number": 8, "crash": false, "goal_reached": true, "scenario_length": 31}}, "[[18.27712179318823], [12.02438301071732, 69.1181479671098, 2.5], [4.406432502282511, 102.35166142287989], [1.1447177942801705, 11.28569972491692]]": {"ego_positions": [[-339.6339, -5.6223], [-341.00733000076264, -5.8944537320932175], [-342.3814933496103, -6.166848097642931], [-343.75699289639397, -6.439656354786992], [-345.1342864899441, -6.713042804220873], [-346.5137263117668, -6.987069455124136], [-347.8955676772275, -7.261751061070447], [-349.27998186507745, -7.537071747793768], [-350.6670687383746, -7.812996248088196], [-352.0571930413074, -8.089576827306251], [-353.4518829523273, -8.36712211800295], [-354.8526280797697, -8.645842622397458], [-356.2615335728815, -8.92607112239746], [-357.6821902396222, -9.210396408967727], [-359.1128364941433, -9.505142289628557], [-360.5530225208259, -9.812416773817597], [-361.9971437438019, -10.145601562421152], [-363.44075531780163, -10.510791703631455], [-364.8816331077181, -10.905514418778539], [-366.3165983821233, -11.329743544314743], [-367.74124073690564, -11.7893491423817], [-369.1593474441339, -12.269622497046456], [-370.5762758643408, -12.747957891211602], [-371.9928635695651, -13.213383256740638], [-373.40842223460504, -13.669376059769403], [-374.82225260989645, -14.119871780156592], [-376.23414126412956, -14.566575628674634], [-377.64493292910186, -15.00608668791928], [-379.05846113395614, -15.420024994387036], [-380.4778778483261, -15.790953646290088], [-381.90127399302173, -16.123041490363672]], "ego_orientations": [3.3372, -2.945942495474749, -2.9458604173848673, -2.945724507757393, -2.94556442214895, -2.945427415004299, -2.945321919673425, -2.9452513413631887, -2.9452195154565324, -2.945169580752227, -2.9451606932478285, -2.945198753918097, -2.945351123343604, -2.941502515167328, -2.9359373177049086, -2.924545715431994, -2.90448219926155, -2.8834675880456735, -2.8652270854599564, -2.8413839805127576, -2.819730411219339, -2.8135812355265997, -2.8198690554029344, -2.8276516833265273, -2.831840357501315, -2.8342389235061756, -2.8360901011350066, -2.8454118682742067, -2.8708261489890603, -2.900072505651671, -2.923998770102492], "obs_positions": [[-318.5298, -1.2689], [-320.4917, -1.6576], [-322.4535, -2.0465], [-324.4153, -2.4354], [-326.3772, -2.8242], [-328.339, -3.2131], [-330.3009, -3.6018], [-332.2627, -3.9906], [-334.2245, -4.3795], [-336.1864, -4.7683], [-338.1482, -5.1571], [-340.1101, -5.546], [-342.072, -5.9349], [-344.0338, -6.3236], [-345.9957, -6.7124], [-347.9575, -7.1013], [-349.9193, -7.49], [-351.8812, -7.8789], [-353.843, -8.2677], [-355.8049, -8.6565], [-357.7667, -9.0453], [-359.7286, -9.4342], [-361.6894, -9.8421], [-363.6504, -10.2483], [-365.6113, -10.653], [-367.5708, -11.056], [-369.5361, -11.4588], [-371.5013, -11.8604], [-373.4665, -12.2609], [-375.4318, -12.6603], [-377.3919302366168, -13.057653061521622]], "obs_orientations": [3.3372, 3.3372, 3.3372, 3.3372, 3.3372, 3.3371, 3.3372, 3.3373, 3.3372, 3.3372, 3.3372, 3.3372, 3.3372, 3.3372, 3.3373, 3.3372, 3.3372, 3.3372, 3.3372, 3.3372, 3.3372, 3.3466, 3.3458, 3.3451, 3.3444, 3.3437, 3.3431, 3.3426, 3.3421, 3.3416, 3.3416], "objectives": {"extension_time": 1.1, "danger_difference": 0.004403498382999915, "parameter_difference": 4.94774432887361}, "attributes": {"generation_number": 2, "individual_number": 121, "crash": false, "goal_reached": true, "scenario_length": 31}},