{"[[4.030490630911732], [29.66537025393261, 123.10020056093762, 759.9057740424925], [1.3739937046937816, 161.9923367388677], [0.42555313675935874, 14.517295607925929]]": {"ego_positions": [[-316.288, -0.9954], [-317.66143009606196, -1.2675532541103642], [-319.03559188992165, -1.539956850392378], [-320.4110861799282, -1.8127917603830122], [-321.78837826267534, -2.0861848848034352], [-323.16781651588883, -2.3602208390151174], [-324.5496527108308, -2.6349287906846737], [-325.93406268620464, -2.910270677648687], [-327.32114391140993, -3.1862242228719673], [-328.7109349790493, -3.462749548013657], [-330.1034262260515, -3.7397979320443633], [-331.4985557252142, -4.017379265856248], [-332.8962399226269, -4.2954513384975455], [-334.29637592259166, -4.573950392127919], [-335.6988471406001, -4.852794358806291], [-337.1035062459653, -5.131995906665758], [-338.5102038719074, -5.411538355242604], [-339.91879393562976, -5.691372241985525], [-341.32879872189335, -5.971385049589294], [-342.7388567167121, -6.251281260158389], [-344.14883897446293, -6.531046621164381], [-345.5589441827619, -6.810793580027242], [-346.96934257262467, -7.0905519357324875], [-348.38016730100327, -7.370342370155335], [-349.791519162858, -7.650179748746696], [-351.2034710844295, -7.930075095016461], [-352.61606392279816, -8.210078911208932], [-354.0297347894329, -8.49029443926989], [-355.44615341536826, -8.771008290076697], [-356.86679056187114, -9.052535528398504], [-358.2929879088114, -9.3351602702874], [-359.7314533389856, -9.620229515874328], [-361.1940236746403, -9.927729218501021], [-362.660603826153, -10.312955402878654], [-364.1188229714104, -10.77995885959569], [-365.56599057989825, -11.298237888117168], [-367.0029130915366, -11.833510685630863], [-368.42617124129555, -12.379440185094674], [-369.8277513029597, -12.957074097085524], [-371.21332146869634, -13.533950112393983], [-372.58972083718, -14.089206390483174], [-373.96095654102163, -14.61553236576053], [-375.3308059103956, -15.105243439687158], [-376.7018363282955, -15.555117365408426], [-378.07565454101297, -15.965835242107723], [-379.45381050326137, -16.339033505779707], [-380.8366449055487, -16.678760487976273], [-382.22405005008375, -16.984198968640627]], "ego_orientations": [3.3372, -2.94594377542721, -2.945844090721905, -2.9457108778326817, -2.9455653505352117, -2.945411119214209, -2.9453044353490463, -2.945234900189382, -2.9451928798253757, -2.9451928044518776, -2.9451955633961653, -2.9451920111590573, -2.9452195856653964, -2.945286773413314, -2.9453625900798737, -2.9453993841530113, -2.9454535735817435, -2.9455168623510386, -2.9455929824383547, -2.945687974737943, -2.945735433787645, -2.945762123895065, -2.9457963286598563, -2.9458363232253038, -2.945877005488587, -2.9459124315623404, -2.9459034344325885, -2.9459273543383864, -2.9459530495434514, -2.945961143539509, -2.9459584122005964, -2.9459448340938574, -2.9135651385432957, -2.856046393324546, -2.810959344899447, -2.7877547717983604, -2.7857077400600114, -2.7594523235855397, -2.745696764538594, -2.7511137997839565, -2.765706403654096, -2.7858245097963583, -2.811220509371815, -2.8378083428749146, -2.864451918807785, -2.8891969439390124, -2.9122438425023653, -2.9384552923129843], "obs_positions": [[-285.1785, 5.3408], [-287.1403, 4.9519], [-289.1022, 4.5631], [-291.064, 4.1743], [-293.0258, 3.7855], [-294.9877, 3.3967], [-296.9495, 3.0079], [-298.9114, 2.6191], [-300.8732, 2.2303], [-302.8351, 1.8415], [-304.7969, 1.4527], [-306.7588, 1.0639], [-308.7206, 0.6751], [-310.6824, 0.2862], [-312.6443, -0.1025], [-314.6061, -0.4913], [-316.568, -0.8801], [-318.5298, -1.2689], [-320.4917, -1.6576], [-322.4535, -2.0465], [-324.4153, -2.4354], [-326.3772, -2.8242], [-328.339, -3.2131], [-330.3009, -3.6018], [-332.2627, -3.9906], [-334.2245, -4.3795], [-336.1864, -4.7683], [-338.1482, -5.1571], [-340.1101, -5.546], [-342.072, -5.9349], [-344.0338, -6.3236], [-345.9957, -6.7124], [-347.9575, -7.1013], [-349.9193, -7.49], [-351.8812, -7.8789], [-353.843, -8.2677], [-355.8049, -8.6565], [-357.7667, -9.0453], [-359.7286, -9.4342], [-361.6894, -9.8421], [-363.6504, -10.2483], [-365.6113, -10.653], [-367.5708, -11.056], [-369.5361, -11.4588], [-371.5013, -11.8604], [-373.4665, -12.2609], [-375.4318, -12.6603], [-377.3919302366168, -13.057653061521622]], "obs_orientations": [3.3372, 3.3372, 3.3372, 3.3372, 3.3372, 3.3372, 3.3372, 3.3372, 3.3372, 3.3372, 3.3372, 3.3372, 3.3372, 3.3372, 3.3372, 3.3372, 3.3372, 3.3372, 3.3372, 3.3372, 3.3372, 3.3372, 3.3371, 3.3372, 3.3373, 3.3372, 3.3372, 3.3372, 3.3372, 3.3372, 3.3372, 3.3373, 3.3372, 3.3372, 3.3372, 3.3372, 3.3372, 3.3372, 3.3466, 3.3458, 3.3451, 3.3444, 3.3437, 3.3431, 3.3426, 3.3421, 3.3416, 3.3416], "objectives": {"extension_time": 2.8, "danger_difference": -0.04459637307695696, "parameter_difference": 304.1947826952944}, "attributes": {"generation_number": 0, "individual_number": 9, "crash": false, "goal_reached": true, "scenario_length": 48}}, "[[4.030490630911732], [29.66537025393261, 132.24867747022316, 2.5], [1.3809122174534567, 161.33742366924403], [1.710651405226118, 13.761000813640786]]": {"ego_positions": [[-316.288, -0.9954], [-317.66143009606196, -1.2675532541103642], [-319.03559188992165, -1.539956850392378], [-320.4110861799282, -1.8127917603830122], [-321.78837826267534, -2.0861848848034352], [-323.16781651588883, -2.3602208390151174], [-324.5496527108308, -2.6349287906846737], [-325.93406268620464, -2.910270677648687], [-327.32114391140993, -3.1862242228719673], [-328.7109349790493, -3.462749548013657], [-330.1034262260515, -3.7397979320443633], [-331.4985557252142, -4.017379265856248], [-332.8962399226269, -4.2954513384975455], [-334.29637592259166, -4.573950392127919], [-335.6988471406001, -4.852794358806291], [-337.1035062459653, -5.131995906665758], [-338.5102038719074, -5.411538355242604], [-339.91879393562976, -5.691372241985525], [-341.32912887207124, -5.971453447409131], [-342.7410634146966, -6.251736967898246], [-344.1544517948928, -6.532201637761324], [-345.56881169558375, -6.812818405084676], [-346.9827950116472, -7.0933084668186765], [-348.39629576347966, -7.373643773114113], [-349.8095494455534, -7.6538664811333925], [-351.2227496294843, -7.934012381011608], [-352.6360443985057, -8.214155294542476], [-354.0496264967565, -8.494354984231608], [-355.46418441464203, -8.774714414151587], [-356.8813296875638, -9.05557219851367], [-358.30280115960466, -9.337285569018379], [-359.73607784760037, -9.62134417683956], [-361.19444008010674, -9.92800611659409], [-362.657910402777, -10.3125941260819], [-364.1139107174112, -10.779125576490342], [-365.55957164202266, -11.297057564125424], [-366.9955272301743, -11.832077446939284], [-368.4182209101557, -12.37783328689892], [-369.81950422983044, -12.955377064366822], [-371.2050332985811, -13.532222229363358], [-372.5815829778871, -14.08749149313565], [-373.9531207019842, -14.6138660662978], [-375.3233894911791, -15.103653886629292], [-376.69492728301645, -15.553626053400532], [-378.0693137876544, -15.964457447122546], [-379.4480690686036, -16.337777706224607], [-380.83151022625356, -16.677629768750684], [-382.2195157037811, -16.983193511795022]],