{"[[31.443806802860617], [31.260453753162786, 223.14706431029947, 277.0988530245418], [2.036154702454675, 181.085723039946], [2.0201335950867296, 16.19006419370438]]": {"ego_positions": [[-325.901, -2.9006], [-327.2744300168709, -3.1727536498555677], [-328.64859314795166, -3.445149533970755], [-330.0240917061809, -3.7179630122520715], [-331.40138491983663, -3.991351437732287], [-332.780824559255, -4.26537942803461], [-334.1626665850295, -4.540057067028881], [-335.54708703249344, -4.815346057953557], [-336.9341747544147, -5.0912688470190455], [-338.32396343166107, -5.367808299081909], [-339.7164431644862, -5.644915330943582], [-341.1115656321274, -5.922531124631554], [-342.5092515880592, -6.200593433945437], [-343.90939472461326, -6.479057394374787], [-345.31186003114595, -6.757932354975563], [-346.7165113065944, -7.037173161518522], [-348.1232056323471, -7.316732158598222], [-349.53179648737574, -7.59656203207967], [-350.9421365333144, -7.87661751380805], [-352.3540696762169, -8.156908622198971], [-353.7677767307854, -8.43749959149169], [-355.1846763097144, -8.718626132108229], [-356.60616293802843, -9.000588233990886], [-358.03416348532687, -9.283783252738477], [-359.47179881284285, -9.570887591865795], [-360.9156527307469, -9.872473795698298], [-362.3599244454108, -10.203150504593099], [-363.80113777828853, -10.567910901685204], [-365.2376470095649, -10.963700269488884], [-366.66828117947284, -11.385526275506768], [-368.0927246380254, -11.82581236561667], [-369.514554633536, -12.275010742947039], [-370.9354065517527, -12.720831614354392], [-372.3552953756469, -13.158974955825107], [-373.7731733254025, -13.59439404482835], [-375.18826827063003, -14.031136948240768], [-376.6003977641895, -14.47054067129458], [-378.00949613130973, -14.9133783278641], [-379.414992891147, -15.362596760991087], [-380.81917190304813, -15.807288813214342], [-382.2295451280537, -16.210928531025715]], "ego_orientations": [3.3372, -2.9459434184226287, -2.9458573898820974, -2.94572161843978, -2.945564251558553, -2.945425603501137, -2.9453359511178343, -2.945270762300972, -2.9451991547288543, -2.945162246178701, -2.945157741575957, -2.945183305412114, -2.9452453846803057, -2.945288549561019, -2.9453268573337494, -2.9453806687953996, -2.945449686931358, -2.945527961403107, -2.9456089364832336, -2.9456367313633667, -2.9456937910006773, -2.945755713747539, -2.9457975535952157, -2.9458367265010836, -2.9418730450735513, -2.9273682095983933, -2.905137545851461, -2.882687276733858, -2.862944030371156, -2.847519140821186, -2.837034048030111, -2.8357265381837835, -2.8400767063240617, -2.8436163378996206, -2.8432217511117224, -2.8411104742139357, -2.838804274779259, -2.8348386401317893, -2.8297758893891944, -2.846298623478493, -2.8792840035632237], "obs_positions": [[-298.9114, 2.6191], [-300.8732, 2.2303], [-302.8351, 1.8415], [-304.7969, 1.4527], [-306.7588, 1.0639], [-308.7206, 0.6751], [-310.6824, 0.2862], [-312.6443, -0.1025], [-314.6061, -0.4913], [-316.568, -0.8801], [-318.5298, -1.2689], [-320.4917, -1.6576], [-322.4535, -2.0465], [-324.4153, -2.4354], [-326.3772, -2.8242], [-328.339, -3.2131], [-330.3009, -3.6018], [-332.2627, -3.9906], [-334.2245, -4.3795], [-336.1864, -4.7683], [-338.1482, -5.1571], [-340.1101, -5.546], [-342.072, -5.9349], [-344.0338, -6.3236], [-345.9957, -6.7124], [-347.9575, -7.1013], [-349.9193, -7.49], [-351.8812, -7.8789], [-353.843, -8.2677], [-355.8049, -8.6565], [-357.7667, -9.0453], [-359.7286, -9.4342], [-361.6894, -9.8421], [-363.6504, -10.2483], [-365.6113, -10.653], [-367.5708, -11.056], [-369.5361, -11.4588], [-371.5013, -11.8604], [-373.4665, -12.2609], [-375.4318, -12.6603], [-377.3919302366168, -13.057653061521622]], "obs_orientations": [3.3372, 3.3372, 3.3372, 3.3372, 3.3372, 3.3372, 3.3372, 3.3372, 3.3372, 3.3372, 3.3372, 3.3372, 3.3372, 3.3372, 3.3372, 3.3371, 3.3372, 3.3373, 3.3372, 3.3372, 3.3372, 3.3372, 3.3372, 3.3372, 3.3373, 3.3372, 3.3372, 3.3372, 3.3372, 3.3372, 3.3372, 3.3466, 3.3458, 3.3451, 3.3444, 3.3437, 3.3431, 3.3426, 3.3421, 3.3416, 3.3416], "objectives": {"extension_time": 2.1, "danger_difference": -0.017015055872279694, "parameter_difference": 111.55104864173676}, "attributes": {"generation_number": 0, "individual_number": 43, "crash": false, "goal_reached": true, "scenario_length": 41}}, "[[32.23457750920894], [31.260453753162786, 198.67679462066369, 277.0988530245418], [1.0148061621350895, 181.085723039946], [0.29807487689586487, 45.056669885298334]]": {"ego_positions": [[-325.901, -2.9006], [-327.2744300168709, -3.1727536498555677], [-328.64859314795166, -3.445149533970755], [-330.0240917061809, -3.7179630122520715], [-331.40138491983663, -3.991351437732287], [-332.780824559255, -4.26537942803461], [-334.1626665850295, -4.540057067028881], [-335.54708703249344, -4.815346057953557], [-336.9341747544147, -5.0912688470190455], [-338.32396343166107, -5.367808299081909], [-339.7164431644862, -5.644915330943582], [-341.1115656321274, -5.922531124631554], [-342.5092515880592, -6.200593433945437], [-343.90939472461326, -6.479057394374787], [-345.31186003114595, -6.757932354975563], [-346.7165113065944, -7.037173161518522], [-348.1232056323471, -7.316732158598222], [-349.53179648737574, -7.59656203207967], [-350.9421365333144, -7.87661751380805], [-352.3540696762169, -8.156908622198971], [-353.7677767307854, -8.43749959149169], [-355.1846763097144, -8.718626132108229], [-356.60616293802843, -9.000588233990886], [-358.03416348532687, -9.283783252738477], [-359.47179881284285, -9.570887591865795], [-360.9156527307469, -9.872473795698298], [-362.3599244454108, -10.203150504593099], [-363.80113777828853, -10.567910901685204], [-365.2376470095649, -10.963700269488884], [-366.66828117947284, -11.385526275506768], [-368.0927246380254, -11.82581236561667], [-369.514554633536, -12.275010742947039], [-370.9354065517527, -12.720831614354392], [-372.3552953756469, -13.158974955825107], [-373.7731733254025, -13.59439404482835], [-375.18826827063003, -14.031136948240768], [-376.6003977641895, -14.47054067129458], [-378.00949613130973, -14.9133783278641], [-379.414992891147, -15.362596760991087], [-380.81917190304813, -15.807288813214342], [-382.2295451280537, -16.210928531025715]], "ego_orientations": [3.3372, -2.9459434184226287, -2.9458573898820974, -2.94572161843978, -2.945564251558553, -2.945425603501137, -2.9453359511178343, -2.945270762300972, -2.9451991547288543, -2.945162246178701, -2.945157741575957, -2.945183305412114, -2.9452453846803057, -2.945288549561019, -2.9453268573337494, -2.9453806687953996, -2.945449686931358, -2.945527961403107, -2.9456089364832336, -2.9456367313633667, -2.9456937910006773, -2.945755713747539, -2.9457975535952157, -2.9458367265010836, -2.9418730450735513, -2.9273682095983933, -2.905137545851461, -2.882687276733858, -2.862944030371156, -2.847519140821186, -2.837034048030111, -2.8357265381837835, -2.8400767063240617, -2.8436163378996206, -2.8432217511117224, -2.8411104742139357, -2.838804274779259, -2.8348386401317893, -2.8297758893891944, -2.846298623478493, -2.8792840035632237], "obs_positions": [[-298.9114, 2.6191], [-300.8732, 2.2303], [-302.8351, 1.8415], [-304.7969, 1.4527], [-306.7588, 1.0639], [-308.7206, 0.6751], [-310.6824, 0.2862], [-312.6443, -0.1025], [-314.6061, -0.4913], [-316.568, -0.8801], [-318.5298, -1.2689], [-320.4917, -1.6576], [-322.4535, -2.0465], [-324.4153, -2.4354], [-326.3772, -2.8242], [-328.339, -3.2131], [-330.3009, -3.6018], [-332.2627, -3.9906], [-334.2245, -4.3795], [-336.1864, -4.7683], [-338.1482, -5.1571], [-340.1101, -5.546], [-342.072, -5.9349], [-344.0338, -6.3236], [-345.9957, -6.7124], [-347.9575, -7.1013], [-349.9193, -7.49], [-351.8812, -7.8789], [-353.843, -8.2677], [-355.8049, -8.6565], [-357.7667, -9.0453], [-359.7286, -9.4342], [-361.6894, -9.8421], [-363.6504, -10.2483], [-365.6113, -10.653], [-367.5708, -11.056], [-369.5361, -11.4588], [-371.5013, -11.8604], [-373.4665, -12.2609], [-375.4318, -12.6603], [-377.3919302366168, -13.057653061521622]],