{"[[27.389659922311143], [33.301340878482385, 235.8697206229652, 274.37512447469413], [1.6399196445556983, 118.93672132310617], [1.5052818365511693, 38.253624653516944]]": {"ego_positions": [[-309.4215, 0.3654], [-310.79492976514524, 0.09324507245245814], [-312.16909363406097, -0.17914370579725028], [-313.5445990214042, -0.45191890029638365], [-314.921904218754, -0.7252429284621461], [-316.3013596751499, -0.999187369044931], [-317.6832185562787, -1.2737779590769605], [-319.06764929276324, -1.5490134079507758], [-320.45474531994415, -1.824891463665501], [-321.84454195500183, -2.1013887201733716], [-323.2370266269065, -2.3784695706522205], [-324.632145454122, -2.656103099626482], [-326.02982048936775, -2.934219101169682], [-327.42995075391906, -3.2127458363114028], [-328.83241170338783, -3.491640633692517], [-330.2370640271599, -3.7708748168660184], [-331.64375933691036, -4.050428215854553], [-333.05234454375983, -4.330285940138131], [-334.46267556031364, -4.6103862257094566], [-335.8746041090021, -4.890699561494789], [-337.2879825966844, -5.17121364052051], [-338.70266580411914, -5.451932870081192], [-340.1185230307159, -5.732823165204418], [-341.5354311858037, -6.01385100020579], [-342.9532743283222, -6.294988369368118], [-344.37193848054125, -6.576240484886133], [-345.7913181273164, -6.857613621959903], [-347.21131895020403, -7.139101143911544], [-348.63185763634016, -7.420673831815233], [-350.0528516635747, -7.702304493238903], [-351.47422036017076, -7.983995813112675], [-352.89589144246645, -8.265756449418049], [-354.31780805171786, -8.547563158508742], [-355.73952852581107, -8.831385724421363], [-357.15936339551047, -9.125559320733458], [-358.57611257020517, -9.435980933701371], [-359.9893246791829, -9.764787318932596], [-361.39908188222495, -10.111463164980314], [-362.80554940662097, -10.475035154066196], [-364.20843196700105, -10.856871971196618], [-365.6082726438778, -11.254167604825003], [-367.00205764798625, -11.66355864973514], [-368.39408674995383, -12.08434266244187], [-369.7880719873575, -12.504389445240184], [-371.1834779733597, -12.917811416689464], [-372.58052029614674, -13.323253872398785], [-373.97782390926284, -13.727323435721198], [-375.3743241768803, -14.135139542647186], [-376.76926577986717, -14.55033449450191], [-378.16142898072883, -14.978770577409897], [-379.550732164022, -15.420839313758329], [-380.93819465855336, -15.869985698472817], [-382.3263352940741, -16.308130453837833]], "ego_orientations": [3.3372, -2.9459341564844905, -2.9458754152668507, -2.9457602884211735, -2.945619248564908, -2.945492262287261, -2.9453867169472567, -2.945302320422392, -2.9452329015171546, -2.9451878928622786, -2.945161694449346, -2.9451525300052155, -2.945198531678488, -2.9452588542484732, -2.945326493439528, -2.945391730328006, -2.945440207658416, -2.945500309272008, -2.9455754909397514, -2.945641992570476, -2.945687008941849, -2.9457240559094675, -2.9457684328776534, -2.9458233555467737, -2.9458649200286207, -2.945889907020529, -2.945893904317429, -2.945906389160371, -2.9459242172709152, -2.945947635978027, -2.9459403191588573, -2.945938921974308, -2.94594107679084, -2.941881355479537, -2.9320349673782866, -2.919514942300634, -2.9065467784160925, -2.89465543290231, -2.882232231279028, -2.869787958295002, -2.861503174056999, -2.8507387218464264, -2.847601546012736, -2.850764501107583, -2.856753613949269, -2.8604350243277907, -2.8591704274134773, -2.8555407425501795, -2.8481023997812094, -2.8379903223421974, -2.829593210856829, -2.8296083604240656, -2.844935288240318], "obs_positions": [[-275.3693, 7.2848], [-277.3311, 6.896], [-279.293, 6.5072], [-281.2548, 6.1184], [-283.2166, 5.7296], [-285.1785, 5.3408], [-287.1403, 4.9519], [-289.1022, 4.5631], [-291.064, 4.1743], [-293.0258, 3.7855], [-294.9877, 3.3967], [-296.9495, 3.0079], [-298.9114, 2.6191], [-300.8732, 2.2303], [-302.8351, 1.8415], [-304.7969, 1.4527], [-306.7588, 1.0639], [-308.7206, 0.6751], [-310.6824, 0.2862], [-312.6443, -0.1025], [-314.6061, -0.4913], [-316.568, -0.8801], [-318.5298, -1.2689], [-320.4917, -1.6576], [-322.4535, -2.0465], [-324.4153, -2.4354], [-326.3772, -2.8242], [-328.339, -3.2131], [-330.3009, -3.6018], [-332.2627, -3.9906], [-334.2245, -4.3795], [-336.1864, -4.7683], [-338.1482, -5.1571], [-340.1101, -5.546], [-342.072, -5.9349], [-344.0338, -6.3236], [-345.9957, -6.7124], [-347.9575, -7.1013], [-349.9193, -7.49], [-351.8812, -7.8789], [-353.843, -8.2677], [-355.8049, -8.6565], [-357.7667, -9.0453], [-359.7286, -9.4342], [-361.6894, -9.8421], [-363.6504, -10.2483], [-365.6113, -10.653], [-367.5708, -11.056], [-369.5361, -11.4588], [-371.5013, -11.8604], [-373.4665, -12.2609], [-375.4318, -12.6603], [-377.3919302366168, -13.057653061521622]], "obs_orientations": [3.3372, 3.3372, 3.3372, 3.3372, 3.3372, 3.3372, 3.3372, 3.3372, 3.3372, 3.3372, 3.3372, 3.3372, 3.3372, 3.3372, 3.3372, 3.3372, 3.3372, 3.3372, 3.3372, 3.3372, 3.3372, 3.3372, 3.3372, 3.3372, 3.3372, 3.3372, 3.3372, 3.3371, 3.3372, 3.3373, 3.3372, 3.3372, 3.3372, 3.3372, 3.3372, 3.3372, 3.3373, 3.3372, 3.3372, 3.3372, 3.3372, 3.3372, 3.3372, 3.3466, 3.3458, 3.3451, 3.3444, 3.3437, 3.3431, 3.3426, 3.3421, 3.3416, 3.3416], "objectives": {"extension_time": 3.3, "danger_difference": -0.003265317537803236, "parameter_difference": 110.56601596701586}, "attributes": {"generation_number": 0, "individual_number": 25, "crash": false, "goal_reached": true, "scenario_length": 53}}}