{"[[14.450600163236954], [37.15066890952555, 131.4010332875692, 396.8010484446394], [0.5759078671775786, 24.181364334514722], [1.2168141662304424, 28.289863043436576]]": {"ego_positions": [[-312.1681, -0.1789], [-313.54153009789593, -0.45105324126702007], [-314.91569133577786, -0.7234606099108996], [-316.2911832588495, -0.9963080350871404], [-317.66847417705543, -1.269707021400155], [-319.0479173285555, -1.5437166215089055], [-320.4297655693218, -1.818364682088821], [-321.81418390632376, -2.093666612258724], [-323.2012655445041, -2.3696207998746273], [-324.5910483996423, -2.646189466690651], [-325.9835258567461, -2.9233078672951804], [-327.3786481951447, -3.200924429546889], [-328.77633487038867, -3.4789834432107787], [-330.17647884994534, -3.757443339030212], [-331.5789461810284, -4.036308235398388], [-332.98359967298484, -4.315538096390375], [-334.3902980205669, -4.595076722819594], [-335.7988977642129, -4.874862009380627], [-337.20923827671123, -5.154915643909866], [-338.62116932182334, -5.435217277306756], [-340.03454745970765, -5.71573372841332], [-341.4492357514043, -5.996427813114693], [-342.8651048450874, -6.277258722279838], [-344.2820252141064, -6.558225409398785], [-345.6998700092916, -6.8393547969986885], [-347.11853150915863, -7.120620577362044], [-348.5379095272419, -7.401995917641762], [-349.957907638755, -7.683454387250871], [-351.3784362164654, -7.964972041128234], [-352.79940077089867, -8.246593781871537], [-354.2207294409864, -8.528295684889486], [-355.64197258365965, -8.812013425128924], [-357.061423154616, -9.106101796693185], [-358.4778680158921, -9.416460281494844], [-359.8908485221341, -9.745209949304007], [-361.3004308806723, -10.091844308188781], [-362.7067732704903, -10.455402182128463], [-364.10957443463826, -10.83722361153271], [-365.50840421047167, -11.235199911126546], [-366.90366433184704, -11.645109513189631], [-368.29586145949753, -12.062327131892047], [-369.68996991855784, -12.480958786721331], [-371.0856648921582, -12.89316272488771], [-372.4829374244473, -13.297707908426855], [-373.88041024017014, -13.70120006248248], [-375.2770240912235, -14.108723842365984], [-376.6723681419905, -14.522248916188545], [-378.0661949534064, -14.942960051015692], [-379.4577968253656, -15.374251337969289], [-380.85549048712346, -15.77607191719346], [-382.27431260279616, -16.075947771861372]], "ego_orientations": [3.3372, -2.945945878275635, -2.9458369890222937, -2.945703588392419, -2.9455685193256578, -2.945449637748684, -2.945341539137316, -2.945250164088819, -2.945173847539449, -2.9451483712287763, -2.9451542407598135, -2.9451857252581854, -2.94524749425904, -2.9452936691981044, -2.945335223475093, -2.94538771787096, -2.9454763474059558, -2.9455481702738733, -2.945591997971418, -2.9456405930788585, -2.945694775525703, -2.9457545207872555, -2.945824626368084, -2.945844658705931, -2.945860423715613, -2.945878552751655, -2.9459038871700542, -2.9459368430899815, -2.945948964804781, -2.9459223868927333, -2.9459430030001026, -2.941887598711207, -2.932035447418088, -2.919512542039089, -2.9065528196270036, -2.894644644414386, -2.882225336196395, -2.8697823124307154, -2.859353841334173, -2.8526570150089507, -2.848515266814808, -2.8517118289291026, -2.8575073738238155, -2.8609567343784956, -2.8594801035587882, -2.8556655165876608, -2.8513184940184964, -2.8449590229006336, -2.837291566686409, -2.9035523021090865, -2.947243129282384], "obs_positions": [[-279.293, 6.5072], [-281.2548, 6.1184], [-283.2166, 5.7296], [-285.1785, 5.3408], [-287.1403, 4.9519], [-289.1022, 4.5631], [-291.064, 4.1743], [-293.0258, 3.7855], [-294.9877, 3.3967], [-296.9495, 3.0079], [-298.9114, 2.6191], [-300.8732, 2.2303], [-302.8351, 1.8415], [-304.7969, 1.4527], [-306.7588, 1.0639], [-308.7206, 0.6751], [-310.6824, 0.2862], [-312.6443, -0.1025], [-314.6061, -0.4913], [-316.568, -0.8801], [-318.5298, -1.2689], [-320.4917, -1.6576], [-322.4535, -2.0465], [-324.4153, -2.4354], [-326.3772, -2.8242], [-328.339, -3.2131], [-330.3009, -3.6018], [-332.2627, -3.9906], [-334.2245, -4.3795], [-336.1864, -4.7683], [-338.1482, -5.1571], [-340.1101, -5.546], [-342.072, -5.9349], [-344.0338, -6.3236], [-345.9957, -6.7124], [-347.9575, -7.1013], [-349.9193, -7.49], [-351.8812, -7.8789], [-353.843, -8.2677], [-355.8049, -8.6565], [-357.7667, -9.0453], [-359.7286, -9.4342], [-361.6894, -9.8421], [-363.6504, -10.2483], [-365.6113, -10.653], [-367.5708, -11.056], [-369.5361, -11.4588], [-371.5013, -11.8604], [-373.4665, -12.2609], [-375.4318, -12.6603], [-377.3919302366168, -13.057653061521622]], "obs_orientations": [3.3372, 3.3372, 3.3372, 3.3372, 3.3372, 3.3372, 3.3372, 3.3372, 3.3372, 3.3372, 3.3372, 3.3372, 3.3372, 3.3372, 3.3372, 3.3372, 3.3372, 3.3372, 3.3372, 3.3372, 3.3372, 3.3372, 3.3372, 3.3372, 3.3372, 3.3371, 3.3372, 3.3373, 3.3372, 3.3372, 3.3372, 3.3372, 3.3372, 3.3372, 3.3373, 3.3372, 3.3372, 3.3372, 3.3372, 3.3372, 3.3372, 3.3466, 3.3458, 3.3451, 3.3444, 3.3437, 3.3431, 3.3426, 3.3421, 3.3416, 3.3416], "objectives": {"extension_time": 3.1, "danger_difference": -0.021878829244316056, "parameter_difference": 159.4171801323731}, "attributes": {"generation_number": 0, "individual_number": 31, "crash": false, "goal_reached": true, "scenario_length": 51}}, "[[6.267751885582424], [2.5, 200.0, 2.5], [2.1199725509843788, 192.6750888958425], [0.8700123857728264, 0.8693565447519696]]": {"ego_positions": [[-312.1681, -0.1789], [-313.54153009789593, -0.45105324126702007], [-314.91569133577786, -0.7234606099108996], [-316.2911832588495, -0.9963080350871404], [-317.66847417705543, -1.269707021400155], [-319.0479173285555, -1.5437166215089055], [-320.4297655693218, -1.818364682088821], [-321.81418390632376, -2.093666612258724], [-323.2012655445041, -2.3696207998746273], [-324.5910483996423, -2.646189466690651], [-325.9835258567461, -2.9233078672951804], [-327.3786481951447, -3.200924429546889], [-328.77633487038867, -3.4789834432107787], [-330.17647884994534, -3.757443339030212], [-331.5789461810284, -4.036308235398388], [-332.98359967298484, -4.315538096390375], [-334.3902980205669, -4.595076722819594], [-335.7988977642129, -4.874862009380627], [-337.20923827671123, -5.154915643909866], [-338.62116932182334, -5.435217277306756], [-340.03454745970765, -5.71573372841332], [-341.4492357514043, -5.996427813114693], [-342.8651048450874, -6.277258722279838], [-344.2820252141064, -6.558225409398785], [-345.6998700092916, -6.8393547969986885], [-347.11853150915863, -7.120620577362044], [-348.5379095272419, -7.401995917641762], [-349.957907638755, -7.683454387250871], [-351.37843635228154, -7.964971355802625], [-352.79940171730533, -8.24658900711297], [-354.22073216436917, -8.528281943857094], [-355.6427009058422, -8.810072739922251], [-357.0668024041402, -9.09228395504116], [-358.4945241598105, -9.375219173225046], [-359.92786381404903, -9.65927418569766], [-361.3710114705936, -9.94527545872861], [-362.82602602259715, -10.233637600274406], [-364.2942498587117, -10.52463353113223], [-365.7783345371064, -10.820020029517304], [-367.288493731596, -11.12506117684547], [-368.84449690826017, -11.446129708836365], [-370.4442957339591, -11.778774492444656], [-372.07884855754, -12.123646817420427], [-373.7354449308514, -12.489525029905451], [-375.411424384766, -12.852332950295805], [-377.1054277235805, -13.190261329406834], [-378.8132310687122, -13.49981725479422], [-380.5268923491348, -13.797434348911507], [-382.24694424277163, -14.055516609539113], [-383.9728094835753, -14.256516608090278], [-385.70132156218506, -14.401441041638401], [-387.4281698116054, -14.501635458596073], [-389.1489111401782, -14.572938926921134], [-390.86016827203116, -14.626739216893688], [-392.55993219522037, -14.662810270252828], [-394.243889137919, -14.69804066803761]],