{"[[5], [5, 50, 100], [0.25, 20], [0.25, 5]]": {"ego_positions": [[21.0055, 3.9939], [19.512862922422457, 3.844102467349659], [18.019553324028834, 3.693330667234805], [16.525001508149987, 3.541008614120801], [15.028747501137667, 3.386904673095708], [13.53042987054134, 3.23101987080504], [12.029780008020587, 3.0735071476450315], [10.526605998613036, 2.914631233189594], [9.02077802731981, 2.7576465114086592], [7.5116674033978015, 2.6257533737263676], [5.998158359943561, 2.560004608860699], [4.48294666250691, 2.5569997426454023], [2.9712855957669744, 2.5768089272484866], [1.468476215714518, 2.5685096016166975], [-0.02277981957501643, 2.4956338584756064], [-1.504866434253542, 2.3615547453647063], [-2.9849554228407174, 2.213067647957131], [-4.466177614010141, 2.0679967542347604], [-5.949418683391311, 1.9176330428715975], [-7.43466138081515, 1.7513781682325398], [-8.92226781410234, 1.5661635009248545], [-10.412630577525976, 1.3602055691383], [-11.90618573279942, 1.1273834877438556]], "ego_orientations": [3.2415, -3.0413486911334084, -3.0405332863077428, -3.0394985018090583, -3.0384308241390925, -3.0374410985899285, -3.0366166949567157, -3.0359996968615066, -3.0411652708264265, -3.0738329050221505, -3.1218482322626904, 3.1304817012489883, 3.1323909500832032, -3.1168993943360492, -3.0685993196369927, -3.0416041225290544, -3.0416041225290544, -3.0439847347305125, -3.0360155738752024, -3.023937778972911, -3.011733803540447, -2.995568974246035, -2.979338838926281], "obs_positions": [[-28.6419, -4.3714], [-26.627, -4.2806], [-24.6273, -4.1482], [-22.6283, -3.9729], [-20.6229, -3.753], [-18.6377, -3.491], [-16.6456, -3.1828], [-14.6707, -2.8317], [-12.7073, -2.4368], [-10.7516, -1.9971], [-8.8043, -1.5123], [-6.8644, -0.982], [-4.9389, -0.4078], [-3.0232, 0.2116], [-1.1264, 0.8731], [0.7548, 1.5775], [2.6128, 2.3212], [4.4632, 3.1103], [6.2946, 3.9396], [8.1069, 4.8088], [9.9002, 5.7169], [11.6745, 6.6635], [13.419011788216029, 7.6415994943129855]], "obs_orientations": [6.3282, 6.3492, 6.3706, 0.1092, 0.1312, 0.1534, 0.1759, 0.1984, 0.2211, 0.2439, 0.2668, 0.2898, 0.3127, 0.3355, 0.3581, 0.3807, 0.403, 0.4252, 0.4471, 0.4687, 0.49, 0.511, 0.511], "attributes": {"crash": true, "goal_reached": true, "max_danger": 134.5505466947301, "scenario_length": 23, "lower_bound": -0.7, "upper_bound": -1000.0}}}