{"[[35.46812359670637], [49.06184422847275, 150.15642855798146, 209.2456283467492], [0.11983000431278562, 22.485896997973764], [0.3281089635036391, 34.97009930818097]]": {"ego_positions": [[40.408, 5.9406], [38.915362850841596, 5.790801614129841], [37.42205343011145, 5.64002704923312], [35.92750187670579, 5.487701898825733], [34.431248096353606, 5.333592173371047], [32.93293207668878, 5.177708226822151], [31.432281078713128, 5.020223519981471], [29.929102428309925, 4.861396296622111], [28.423275781001585, 4.70148339572687], [26.914747413713116, 4.5408099131664335], [25.403494841166548, 4.3797383011102164], [23.889551290163094, 4.21851976630583], [22.37298508159695, 4.05737984490295], [20.853891581403268, 3.8965056300475096], [19.332387415179202, 3.7360411213184466], [17.80860553367965, 3.576086294002126], [16.282689792254956, 3.4167049347435814], [14.75479082213119, 3.2579277671185984], [13.225062835161394, 3.0997519593028833], [11.693661743915603, 2.942140839518707], [10.160737926548807, 2.785070300823325], [8.626482234789997, 2.631570259888746], [7.09088227261943, 2.5059575594970935], [5.554059557164926, 2.4522722390200897], [4.019928939213395, 2.46632018644795], [2.4945685291990145, 2.50424541504049], [0.9834784944970769, 2.5104053243856663], [-0.5113287050221125, 2.445144560451048], [-1.9940005746607137, 2.3124720334263285], [-3.4740672095436675, 2.1639631644515394], [-4.954721316786751, 2.022087819054119], [-6.437245799872198, 1.8878247252985556], [-7.922510524821885, 1.7551140079475789], [-9.411194075147499, 1.6205264432466742], [-10.904004648304227, 1.482170267050897], [-12.402227684593498, 1.3386778808966846]], "ego_orientations": [3.2415, -3.041347387628905, -3.0405312576513346, -3.0394960027744444, -3.038425487617431, -3.0374514944459836, -3.0366434127388935, -3.036029091178098, -3.0355896771954747, -3.035417557329391, -3.0354319503257754, -3.0355986966090933, -3.0358937287509358, -3.0362890855938884, -3.0367530681310666, -3.037258771452788, -3.0377830858881216, -3.03830651030895, -3.038800353925524, -3.039264410846504, -3.0396987399280437, -3.0457783881421907, -3.0807236133405382, -3.1319019501065055, 3.1185954691083624, 3.121253866365356, -3.1245283265630497, -3.0713293922241105, -3.0415880591752247, -3.0415880591752247, -3.049506855590283, -3.0523799037140877, -3.052208909950231, -3.0504949077974626, -3.0476611658878108, -3.044673275882338], "obs_positions": [[-54.512, -6.967], [-52.522, -6.7673], [-50.5319, -6.5676], [-48.5419, -6.368], [-46.5519, -6.1683], [-44.5619, -5.9686], [-42.5719, -5.769], [-40.5819, -5.5693], [-38.5919, -5.3697], [-36.6019, -5.17], [-34.6119, -4.9703], [-32.6219, -4.7707], [-30.6319, -4.571], [-28.6419, -4.3714], [-26.627, -4.2806], [-24.6273, -4.1482], [-22.6283, -3.9729], [-20.6229, -3.753], [-18.6377, -3.491], [-16.6456, -3.1828], [-14.6707, -2.8317], [-12.7073, -2.4368], [-10.7516, -1.9971], [-8.8043, -1.5123], [-6.8644, -0.982], [-4.9389, -0.4078], [-3.0232, 0.2116], [-1.1264, 0.8731], [0.7548, 1.5775], [2.6128, 2.3212], [4.4632, 3.1103], [6.2946, 3.9396], [8.1069, 4.8088], [9.9002, 5.7169], [11.6745, 6.6635], [13.419011788216029, 7.6415994943129855]], "obs_orientations": [0.0999, 0.0999, 0.0999, 0.0999, 0.0999, 0.0999, 0.0999, 0.0999, 0.0999, 0.0999, 0.0999, 0.0999, 0.0999, 6.3282, 6.3492, 6.3706, 0.1092, 0.1312, 0.1534, 0.1759, 0.1984, 0.2211, 0.2439, 0.2668, 0.2898, 0.3127, 0.3355, 0.3581, 0.3807, 0.403, 0.4252, 0.4471, 0.4687, 0.49, 0.511, 0.511], "objectives": {"extension_time": 1.3, "danger_difference": 0.046049178262506985, "parameter_difference": 47.12907769142401}, "attributes": {"generation_number": 0, "individual_number": 5, "crash": true, "goal_reached": true, "scenario_length": 36}}, "[[7.6543048649630485], [2.5, 198.9553411037005, 907.6772292066023], [1.1238641389284252, 105.8673587888826], [0.09801023041258314, 20.720298212907167]]": {"ego_positions": [[40.408, 5.9406], [38.915362850841596, 5.790801614129841], [37.42205343011145, 5.64002704923312], [35.92750187670579, 5.487701898825733], [34.431248096353606, 5.333592173371047], [32.93293207668878, 5.177708226822151], [31.432281078713128, 5.020223519981471], [29.929102428309925, 4.861396296622111], [28.423275781001585, 4.70148339572687], [26.914747413713116, 4.5408099131664335], [25.403494841166548, 4.3797383011102164], [23.889551290163094, 4.21851976630583], [22.37298508159695, 4.05737984490295], [20.853891581403268, 3.8965056300475096], [19.332387415179202, 3.7360411213184466], [17.80860553367965, 3.576086294002126], [16.282689792254956, 3.4167049347435814], [14.75479082213119, 3.2579277671185984], [13.225062835161394, 3.0997519593028833], [11.693661743915603, 2.942140839518707], [10.160737926548807, 2.785070300823325], [8.626482234789997, 2.631570259888746], [7.089703786654102, 2.505839323654677], [5.545356891574827, 2.4513991127991708], [3.9930049586553764, 2.463618842233637], [2.436550493026097, 2.4984230280871964], [0.8814958260196382, 2.500174156432577], [-0.6679788328984144, 2.429429536331142], [-2.2116574339463653, 2.2906325059764834], [-3.7539117846068213, 2.1358841875650802], [-5.2962020292965155, 1.9853669421960256], [-6.837453556798533, 1.8305778471422651], [-8.376740351901928, 1.6604455826281186], [-9.913872868000025, 1.4716163907912228], [-11.448778842672974, 1.2621223523426628]], "ego_orientations": [3.2415, -3.041347387628905, -3.0405312576513346, -3.0394960027744444, -3.038425487617431, -3.0374514944459836, -3.0366434127388935, -3.036029091178098, -3.0355896771954747, -3.035417557329391, -3.0354319503257754, -3.0355986966090933, -3.0358937287509358, -3.0362890855938884, -3.0367530681310666, -3.037258771452788, -3.0377830858881216, -3.03830651030895, -3.038800353925524, -3.039264410846504, -3.0396987399280437, -3.0457783881421907, -3.0806358410216266, -3.1311804966198094, 3.1205359086947535, 3.1241822240474977, -3.1218585485417356, -3.07019482125138, -3.0415883308604457, -3.0415883308604457, -3.044631552426052, -3.037210406295071, -3.0254862807905503, -3.013413547396317, -2.9972006553326525], "obs_positions": [[-54.512, -6.967], [-52.522, -6.7673], [-50.5319, -6.5676], [-48.5419, -6.368], [-46.5519, -6.1683], [-44.5619, -5.9686], [-42.5719, -5.769], [-40.5819, -5.5693], [-38.5919, -5.3697], [-36.6019, -5.17], [-34.6119, -4.9703], [-32.6219, -4.7707], [-30.6319, -4.571], [-28.6419, -4.3714], [-26.627, -4.2806], [-24.6273, -4.1482], [-22.6283, -3.9729], [-20.6229, -3.753], [-18.6377, -3.491], [-16.6456, -3.1828], [-14.6707, -2.8317], [-12.7073, -2.4368], [-10.7516, -1.9971], [-8.8043, -1.5123], [-6.8644, -0.982], [-4.9389, -0.4078], [-3.0232, 0.2116], [-1.1264, 0.8731], [0.7548, 1.5775], [2.6128, 2.3212], [4.4632, 3.1103], [6.2946, 3.9396], [8.1069, 4.8088], [9.9002, 5.7169], [11.664865717220243, 6.658151776342316]], "obs_orientations": [0.0999, 0.0999, 0.0999, 0.0999, 0.0999, 0.0999, 0.0999, 0.0999, 0.0999, 0.0999, 0.0999, 0.0999, 0.0999, 6.3282, 6.3492, 6.3706, 0.1092, 0.1312, 0.1534, 0.1759, 0.1984, 0.2211, 0.2439, 0.2668, 0.2898, 0.3127, 0.3355, 0.3581, 0.3807, 0.403, 0.4252, 0.4471, 0.4687, 0.49, 0.49], "objectives": {"extension_time": 1.3, "danger_difference": 0.592179400452153, "parameter_difference": 323.0735007966749}, "attributes": {"generation_number": 1, "individual_number": 77, "crash": true, "goal_reached": true, "scenario_length": 35}},