{"[[22.909418675653125], [41.53926287149882, 32.78075710071066, 528.5194843515263], [0.4682151845578364, 187.07333634904703], [1.3209347571721648, 23.299451652340448]]": {"ego_positions": [[46.3781, 6.5396], [44.88546185111367, 6.389792676508422], [43.3921523403401, 6.238988281284912], [41.897603809762714, 6.086602151244162], [40.40135676045419, 5.932446050236412], [38.90304103889405, 5.776536679840289], [37.40239195345765, 5.619004477960561], [35.89921909751778, 5.460109737642357], [34.393398837913104, 5.3001928386247705], [32.884863429436805, 5.139575618747555], [31.373606099114784, 4.978533938220448], [29.859660041363497, 4.817329342203868], [28.343093994022407, 4.656174663328228], [26.824003776142817, 4.495279627505429], [25.302499117854627, 4.334827154512515], [23.778715304159917, 4.174894333104221], [22.252797439464526, 4.015535866262308], [20.72489661614996, 3.856779060177048], [19.195166806882874, 3.6986249716499815], [17.663762223020132, 3.5410516865292068], [16.130834367816835, 3.3840233334515664], [14.596530224640249, 3.227492902428406], [13.060991483987623, 3.0713983057959697], [11.524353368565365, 2.9156673242533975], [9.986739078555958, 2.7602663128920626], [8.448315177040085, 2.6082138525045573], [6.9090903031917925, 2.483814317389186], [5.3692927480109365, 2.4311521258541657], [3.832909936568801, 2.4460360396903407], [2.3060260088746745, 2.4845861299314986], [0.7940751705492038, 2.4911528890493906], [-0.7010863494694959, 2.4260722097901497], [-2.1838089646803467, 2.2934267967533235], [-3.663875638023363, 2.1449182810996827], [-5.144052161229287, 2.000514306267496], [-6.624520576343786, 1.8515696130766015], [-8.105750922710776, 1.6869809604965869], [-9.5885133388795, 1.5033624746286987], [-11.073584491811983, 1.2986989205437363], [-12.561843220060087, 1.0666032375380952]], "ego_orientations": [3.2415, -3.0413344289533337, -3.0405004323759504, -3.0394520845001924, -3.0384098252350755, -3.0374267390867775, -3.036603835869808, -3.035992420314594, -3.0356257601965164, -3.035445093547889, -3.03544556040926, -3.035599687777311, -3.0358677735058435, -3.0362887194374637, -3.0367654313690444, -3.037274206533333, -3.037797431636196, -3.0383185609145205, -3.038820329541877, -3.0392917272899718, -3.039725020162837, -3.040115269311681, -3.040445575965509, -3.040735404000333, -3.040996999892905, -3.0468736747867493, -3.081575042262479, -3.132524381360942, 3.118145552346744, 3.120931766621043, -3.1247290535118086, -3.071391845045229, -3.041588298096877, -3.041588298096877, -3.04461794903107, -3.0368459187628805, -3.0246954145532206, -3.012279045612953, -2.9957303356997187, -2.979062044441613], "obs_positions": [[-62.472, -7.7656], [-60.482, -7.5659], [-58.492, -7.3663], [-56.502, -7.1666], [-54.512, -6.967], [-52.522, -6.7673], [-50.5319, -6.5676], [-48.5419, -6.368], [-46.5519, -6.1683], [-44.5619, -5.9687], [-42.5719, -5.769], [-40.5819, -5.5693], [-38.5919, -5.3697], [-36.6019, -5.17], [-34.6119, -4.9704], [-32.6219, -4.7707], [-30.6319, -4.571], [-28.6419, -4.3714], [-26.627, -4.2806], [-24.6273, -4.1482], [-22.6283, -3.9729], [-20.6229, -3.753], [-18.6377, -3.491], [-16.6456, -3.1828], [-14.6707, -2.8317], [-12.7073, -2.4368], [-10.7516, -1.9971], [-8.8043, -1.5123], [-6.8644, -0.982], [-4.9389, -0.4078], [-3.0232, 0.2116], [-1.1264, 0.8731], [0.7548, 1.5775], [2.6128, 2.3212], [4.4632, 3.1103], [6.2946, 3.9396], [8.1069, 4.8088], [9.9002, 5.7169], [11.6745, 6.6635], [13.419011788216029, 7.6415994943129855]], "obs_orientations": [0.0999, 0.0999, 0.0999, 0.1, 0.1, 0.0999, 0.0999, 0.0999, 0.0999, 0.1, 0.1, 0.0999, 0.0999, 0.0999, 0.0999, 0.1, 0.1, 6.3282, 6.3492, 6.3706, 0.1092, 0.1312, 0.1534, 0.1759, 0.1984, 0.2211, 0.2439, 0.2668, 0.2898, 0.3127, 0.3355, 0.3581, 0.3807, 0.403, 0.4252, 0.4471, 0.4687, 0.49, 0.511, 0.511], "objectives": {"extension_time": 1.7, "danger_difference": 0.05112142296869138, "parameter_difference": 172.0309052590925}, "attributes": {"generation_number": 0, "individual_number": 25, "crash": true, "goal_reached": true, "scenario_length": 40}}, "[[22.909418675653125], [41.53926287149882, 32.78075710071066, 528.5194843515263], [2.4420335942294757, 187.0403518337954], [1.7750187209209394, 23.299451652340448]]": {"ego_positions": [[46.3781, 6.5396], [44.88546185111367, 6.389792676508422], [43.3921523403401, 6.238988281284912], [41.897603809762714, 6.086602151244162], [40.40135676045419, 5.932446050236412], [38.90304103889405, 5.776536679840289], [37.40239195345765, 5.619004477960561], [35.89921909751778, 5.460109737642357], [34.393398837913104, 5.3001928386247705], [32.884863429436805, 5.139575618747555], [31.373606099114784, 4.978533938220448], [29.859660041363497, 4.817329342203868], [28.343093994022407, 4.656174663328228], [26.824003776142817, 4.495279627505429], [25.302499117854627, 4.334827154512515], [23.778715304159917, 4.174894333104221], [22.252797439464526, 4.015535866262308], [20.72489661614996, 3.856779060177048], [19.195166806882874, 3.6986249716499815], [17.663762223020132, 3.5410516865292068], [16.130834367816835, 3.3840233334515664], [14.596530224640249, 3.227492902428406], [13.060991483987623, 3.0713983057959697], [11.524353368565365, 2.9156673242533975], [9.986739078555958, 2.7602663128920626], [8.448315177040085, 2.6082138525045573], [6.9090903031917925, 2.483814317389186], [5.3692927480109365, 2.4311521258541657], [3.832909936568801, 2.4460360396903407], [2.3060260088746745, 2.4845861299314986], [0.7940751705492038, 2.4911528890493906], [-0.7010863494694959, 2.4260722097901497], [-2.1838089646803467, 2.2934267967533235], [-3.663875638023363, 2.1449182810996827], [-5.144052161229287, 2.000514306267496], [-6.624520576343786, 1.8515696130766015], [-8.105750922710776, 1.6869809604965869], [-9.5885133388795, 1.5033624746286987], [-11.073584491811983, 1.2986989205437363], [-12.561843220060087, 1.0666032375380952]], "ego_orientations": [3.2415, -3.0413344289533337, -3.0405004323759504, -3.0394520845001924, -3.0384098252350755, -3.0374267390867775, -3.036603835869808, -3.035992420314594, -3.0356257601965164, -3.035445093547889, -3.03544556040926, -3.035599687777311, -3.0358677735058435, -3.0362887194374637, -3.0367654313690444, -3.037274206533333, -3.037797431636196, -3.0383185609145205, -3.038820329541877, -3.0392917272899718, -3.039725020162837, -3.040115269311681, -3.040445575965509, -3.040735404000333, -3.040996999892905, -3.0468736747867493, -3.081575042262479, -3.132524381360942, 3.118145552346744, 3.120931766621043, -3.1247290535118086, -3.071391845045229, -3.041588298096877, -3.041588298096877, -3.04461794903107, -3.0368459187628805, -3.0246954145532206, -3.012279045612953, -2.9957303356997187, -2.979062044441613], "obs_positions": [[-62.472, -7.7656], [-60.482, -7.5659], [-58.492, -7.3663], [-56.502, -7.1666], [-54.512, -6.967], [-52.522, -6.7673], [-50.5319, -6.5676], [-48.5419, -6.368], [-46.5519, -6.1683], [-44.5619, -5.9687], [-42.5719, -5.769], [-40.5819, -5.5693], [-38.5919, -5.3697], [-36.6019, -5.17], [-34.6119, -4.9704], [-32.6219, -4.7707], [-30.6319, -4.571], [-28.6419, -4.3714], [-26.627, -4.2806], [-24.6273, -4.1482], [-22.6283, -3.9729], [-20.6229, -3.753], [-18.6377, -3.491], [-16.6456, -3.1828], [-14.6707, -2.8317], [-12.7073, -2.4368], [-10.7516, -1.9971], [-8.8043, -1.5123], [-6.8644, -0.982], [-4.9389, -0.4078], [-3.0232, 0.2116], [-1.1264, 0.8731], [0.7548, 1.5775], [2.6128, 2.3212], [4.4632, 3.1103], [6.2946, 3.9396], [8.1069, 4.8088], [9.9002, 5.7169], [11.6745, 6.6635], [13.419011788216029, 7.6415994943129855]], "obs_orientations": [0.0999, 0.0999, 0.0999, 0.1, 0.1, 0.0999, 0.0999, 0.0999, 0.0999, 0.1, 0.1, 0.0999, 0.0999, 0.0999, 0.0999, 0.1, 0.1, 6.3282, 6.3492, 6.3706, 0.1092, 0.1312, 0.1534, 0.1759, 0.1984, 0.2211, 0.2439, 0.2668, 0.2898, 0.3127, 0.3355, 0.3581, 0.3807, 0.403, 0.4252, 0.4471, 0.4687, 0.49, 0.511, 0.511], "objectives": {"extension_time": 1.7, "danger_difference": 0.05112142296869138, "parameter_difference": 172.03090651522555},