{"[[5.042691607051619], [24.329436369686956, 86.41058174108008, 976.2473490141208], [2.0929265444674696, 132.28768655274533], [0.01979446830017606, 18.72529935719816]]": {"ego_positions": [[44.8856, 6.3899], [43.39296317255581, 6.240104834141802], [41.899653212702454, 6.089340759787427], [40.405100552332826, 5.937028270743368], [38.90884552920753, 5.78292967537568], [37.41052836279856, 5.627051149899199], [35.909877074350035, 5.469560421721476], [34.40670038009367, 5.310711684299477], [32.9008763475594, 5.150811114468677], [31.392342633108697, 4.990177089208376], [29.881087555968815, 4.829108465124947], [28.367146773997188, 4.667849202381586], [26.850585425012305, 4.506671568609814], [25.33149401550982, 4.345781209413268], [23.809990220708737, 4.185313268128313], [22.286208408645294, 4.025356039347971], [20.760292788579555, 3.8659717638968143], [19.232394116623627, 3.7071896397182296], [17.702666423908155, 3.549010682403824], [16.171599210093582, 3.3914484121318877], [14.640579261930727, 3.234593384359239], [13.109736915157798, 3.078385239541744], [11.578857141069728, 2.9227290975301483], [10.04776642340415, 2.7675472500352742], [8.516212459073625, 2.619219365129592], [6.9837109528470664, 2.5089255878900993], [5.450766406284906, 2.467505165089441], [3.921080524864962, 2.483277712911511], [2.3999844485161708, 2.513892602109981], [0.8920995474707768, 2.5098193689895627], [-0.6010813350600899, 2.437645418934692], [-2.083450348263389, 2.3035071967579355], [-3.563537890092829, 2.1550056866990337], [-5.043786659890862, 2.017220653547519], [-6.5241877333772305, 1.8826598263114147], [-8.004875253163965, 1.7341721829093255], [-9.486481515269636, 1.5647615050549435], [-10.969737133728522, 1.3699123164991955], [-12.455493099309273, 1.140506105465011]], "ego_orientations": [3.2415, -3.0413523943847767, -3.040539369081544, -3.0395043374068638, -3.03843176228902, -3.037451394236527, -3.0366338303170046, -3.0360182655728853, -3.0356198291443337, -3.035431640209581, -3.0354182672072114, -3.0355659905050087, -3.0358785165557114, -3.0362839376056487, -3.036751597424557, -3.0372570481113166, -3.037780963175854, -3.038301979472585, -3.038804715444531, -3.0392768915158777, -3.0397102753346568, -3.040089323695083, -3.040431002479277, -3.040730305498568, -3.0528687248262694, -3.0909952866041763, -3.136671133054175, 3.120870477180892, 3.127760692617055, -3.118229525356673, -3.068634293732015, -3.041594384780524, -3.041594384780524, -3.052498481246023, -3.047542489303585, -3.035023391157261, -3.0204773281727917, -2.999785531158001, -2.978118236012911], "obs_positions": [[-60.482, -7.5659], [-58.492, -7.3662], [-56.502, -7.1666], [-54.512, -6.967], [-52.522, -6.7673], [-50.5319, -6.5676], [-48.5419, -6.368], [-46.5519, -6.1683], [-44.5619, -5.9686], [-42.5719, -5.769], [-40.5819, -5.5694], [-38.5919, -5.3697], [-36.6019, -5.17], [-34.6119, -4.9704], [-32.6219, -4.7707], [-30.6319, -4.571], [-28.6419, -4.3714], [-26.627, -4.2806], [-24.6273, -4.1482], [-22.6283, -3.9729], [-20.6229, -3.753], [-18.6377, -3.491], [-16.6456, -3.1828], [-14.6707, -2.8317], [-12.7073, -2.4368], [-10.7516, -1.9971], [-8.8043, -1.5123], [-6.8644, -0.982], [-4.9389, -0.4078], [-3.0232, 0.2116], [-1.1264, 0.8731], [0.7548, 1.5775], [2.6128, 2.3212], [4.4632, 3.1103], [6.2946, 3.9396], [8.1069, 4.8088], [9.9002, 5.7169], [11.6745, 6.6635], [13.419011788216029, 7.6415994943129855]], "obs_orientations": [0.1, 0.0999, 0.0999, 0.1, 0.1, 0.0999, 0.0999, 0.1, 0.0999, 0.0999, 0.1, 0.1, 0.0999, 0.0999, 0.1, 0.1, 6.3282, 6.3492, 6.3706, 0.1092, 0.1312, 0.1534, 0.1759, 0.1984, 0.2211, 0.2439, 0.2668, 0.2898, 0.3127, 0.3355, 0.3581, 0.3807, 0.403, 0.4252, 0.4471, 0.4687, 0.49, 0.511, 0.511], "objectives": {"extension_time": 1.6, "danger_difference": 0.040909045971034175, "parameter_difference": 350.58443484924294}, "attributes": {"generation_number": 0, "individual_number": 1, "crash": true, "goal_reached": true, "scenario_length": 39}}, "[[12.321885967960272], [47.213072478528396, 416.0301637736754, 641.099417934307], [0.5192850203111632, 66.2837101654127], [2.2187824308007, 42.7320585475445]]": {"ego_positions": [[44.8856, 6.3899], [43.39296317255581, 6.240104834141802], [41.899653212702454, 6.089340759787427], [40.405100552332826, 5.937028270743368], [38.90884552920753, 5.78292967537568], [37.41052836279856, 5.627051149899199], [35.909877074350035, 5.469560421721476], [34.40670038009367, 5.310711684299477], [32.9008763475594, 5.150811114468677], [31.392342633108697, 4.990177089208376], [29.881087555968815, 4.829108465124947], [28.367146773997188, 4.667849202381586], [26.850585425012305, 4.506671568609814], [25.33149401550982, 4.345781209413268], [23.809990220708737, 4.185313268128313], [22.286208408645294, 4.025356039347971], [20.760292788579555, 3.8659717638968143], [19.232394116623627, 3.7071896397182296], [17.702666423908155, 3.549010682403824], [16.171263746001237, 3.3914147550909717], [14.638337328206429, 3.2343684550512464], [13.10403526865196, 3.077813146529492], [11.568499114275198, 2.921689772180629], [10.03186142609713, 2.7659513924229757], [8.494189243729082, 2.6170097294679144], [6.9555323634619075, 2.5060983705638766], [5.417031929372579, 2.4641205138454074], [3.882855475068805, 2.47944211353716], [2.3585732717687637, 2.509737040284291], [0.848816164135209, 2.5054771798384112], [-0.6451398910810707, 2.433225570237498], [-2.127630892732522, 2.299074456617144], [-3.607718324143034, 2.150571846037179], [-5.088000273870129, 2.01278493366009], [-6.568491108780254, 1.8782151799014288], [-8.04930679000057, 1.7297142368974063], [-9.531065337827552, 1.560287645805896], [-11.014486551221333, 1.3654218838986103], [-12.500406474508459, 1.1359994151329196]], "ego_orientations": [3.2415, -3.0413523943847767, -3.040539369081544, -3.0395043374068638, -3.03843176228902, -3.037451394236527, -3.0366338303170046, -3.0360182655728853, -3.0356198291443337, -3.035431640209581, -3.0354182672072114, -3.0355659905050087, -3.0358785165557114, -3.0362839376056487, -3.036751597424557, -3.0372570481113166, -3.037780963175854, -3.038301979472585, -3.038804715444531, -3.039278402253695, -3.03971364234231, -3.040093302935069, -3.0404348827154335, -3.0407336686411064, -3.0528229215461784, -3.0908035975480797, -3.136355726740113, 3.121176159000796, 3.127948884377586, -3.1181645697268237, -3.0686278270402436, -3.041593641229163, -3.041593641229163, -3.0524980042981382, -3.0475420436793765, -3.035023483495944, -3.0204796504538924, -2.9997899413717044, -2.978125119671362], "obs_positions": [[-60.482, -7.5659], [-58.492, -7.3662], [-56.502, -7.1666], [-54.512, -6.967], [-52.522, -6.7673], [-50.5319, -6.5676], [-48.5419, -6.368], [-46.5519, -6.1683], [-44.5619, -5.9686], [-42.5719, -5.769], [-40.5819, -5.5694], [-38.5919, -5.3697], [-36.6019, -5.17], [-34.6119, -4.9704], [-32.6219, -4.7707], [-30.6319, -4.571], [-28.6419, -4.3714], [-26.627, -4.2806], [-24.6273, -4.1482], [-22.6283, -3.9729], [-20.6229, -3.753], [-18.6377, -3.491], [-16.6456, -3.1828], [-14.6707, -2.8317], [-12.7073, -2.4368], [-10.7516, -1.9971], [-8.8043, -1.5123], [-6.8644, -0.982], [-4.9389, -0.4078], [-3.0232, 0.2116], [-1.1264, 0.8731], [0.7548, 1.5775], [2.6128, 2.3212], [4.4632, 3.1103], [6.2946, 3.9396], [8.1069, 4.8088], [9.9002, 5.7169], [11.6745, 6.6635], [13.419011788216029, 7.6415994943129855]], "obs_orientations": [0.1, 0.0999, 0.0999, 0.1, 0.1, 0.0999, 0.0999, 0.1, 0.0999, 0.0999, 0.1, 0.1, 0.0999, 0.0999, 0.1, 0.1, 6.3282, 6.3492, 6.3706, 0.1092, 0.1312, 0.1534, 0.1759, 0.1984, 0.2211, 0.2439, 0.2668, 0.2898, 0.3127, 0.3355, 0.3581, 0.3807, 0.403, 0.4252, 0.4471, 0.4687, 0.49, 0.511, 0.511], "objectives": {"extension_time": 1.6, "danger_difference": 0.0535574883079164, "parameter_difference": 217.10650444164867}, "attributes": {"generation_number": 0, "individual_number": 4, "crash": true, "goal_reached": true, "scenario_length": 39}},