{"[[21.053412372647077], [13.405723341718478, 92.75342049975865, 943.2660792883538], [1.106980644833388, 59.40143327203413], [2.484875309727029, 41.37064473260574]]": {"ego_positions": [[43.393, 6.2401], [41.90036298185003, 6.090302448444487], [40.40705448433909, 5.939533625635155], [38.9125019837717, 5.787241156564535], [37.41624371862244, 5.633166647434875], [35.91792396581761, 5.477295319849989], [34.41727360254141, 5.319786817831273], [32.91409970620992, 5.1609181174868155], [31.408277631906653, 5.001027572765648], [29.899739748271532, 4.840414256303215], [28.388486427949136, 4.67932637532819], [26.874546375646403, 4.518074053896556], [25.357983110385454, 4.356915761666483], [23.83888993726862, 4.196038188446981], [22.317386222697213, 4.035568634937836], [20.793604721118655, 3.87560963435956], [19.267689359529793, 3.716223768463614], [17.73979098778008, 3.557439593805667], [16.210063573642923, 3.3992591163620633], [14.678660817963273, 3.241664719481983], [13.145735214587383, 3.0846106592061044], [11.611434471346527, 2.928043310552873], [10.075899180156267, 2.77191234418624], [8.538956310677763, 2.619199627494719], [6.998274578052072, 2.4939914210698926], [5.44946713570297, 2.4399217809138016], [3.8930059247052213, 2.452435863522931], [2.3333883349017306, 2.4874931623068255], [0.7763435667329381, 2.4894238843199212], [-0.7739670152247295, 2.4187625181527928], [-2.3178003351416114, 2.2799920046029167], [-3.860018559216754, 2.1252345995631687], [-5.403136307860651, 1.9745771788043656], [-6.946487105130347, 1.8194475470279299], [-8.4887842350341, 1.6488617342729275], [-10.029067285994476, 1.4553115088709114], [-11.565961714864931, 1.227260360793001]], "ego_orientations": [3.2415, -3.0413485867237036, -3.0405436623016713, -3.0395239781939525, -3.0384440005954234, -3.0374461682319027, -3.036619804281489, -3.0360108751324466, -3.035642745121113, -3.0354271853613315, -3.035411901407272, -3.0355784793606646, -3.035892435844819, -3.036286103922803, -3.0367499892026015, -3.0372560918691005, -3.037779801869374, -3.038300407245541, -3.0388051195679786, -3.0392771261931957, -3.0397051602658816, -3.0400861809119273, -3.0404333162365487, -3.0463983065788267, -3.0810828845745544, -3.1314217903150112, 3.120414267414409, 3.1240527340898656, -3.121951836797547, -3.0702575417840583, -3.0415801706522747, -3.0415801706522747, -3.0445616993168203, -3.0371244515651625, -3.0254258411338824, -3.0057726470204273, -2.983683731215172], "obs_positions": [[-58.492, -7.3663], [-56.502, -7.1666], [-54.512, -6.967], [-52.522, -6.7673], [-50.5319, -6.5676], [-48.5419, -6.368], [-46.5519, -6.1684], [-44.5619, -5.9687], [-42.5719, -5.769], [-40.5819, -5.5693], [-38.5919, -5.3697], [-36.6019, -5.17], [-34.6119, -4.9704], [-32.6219, -4.7707], [-30.6319, -4.571], [-28.6419, -4.3714], [-26.627, -4.2806], [-24.6273, -4.1482], [-22.6283, -3.9729], [-20.6229, -3.753], [-18.6377, -3.491], [-16.6456, -3.1828], [-14.6707, -2.8317], [-12.7073, -2.4368], [-10.7516, -1.9971], [-8.8043, -1.5123], [-6.8644, -0.982], [-4.9389, -0.4078], [-3.0232, 0.2116], [-1.1264, 0.8731], [0.7548, 1.5775], [2.6128, 2.3212], [4.4632, 3.1103], [6.2946, 3.9396], [8.1069, 4.8088], [9.9002, 5.7169], [11.664865717220243, 6.658151776342316]], "obs_orientations": [0.0999, 0.1, 0.1, 0.1, 0.0999, 0.0999, 0.1, 0.1, 0.1, 0.0999, 0.0999, 0.1, 0.1, 0.1, 0.1, 6.3282, 6.3492, 6.3706, 0.1092, 0.1312, 0.1534, 0.1759, 0.1984, 0.2211, 0.2439, 0.2668, 0.2898, 0.3127, 0.3355, 0.3581, 0.3807, 0.403, 0.4252, 0.4471, 0.4687, 0.49, 0.49], "objectives": {"extension_time": 1.5, "danger_difference": 0.5959349028200336, "parameter_difference": 337.32420604712934}, "attributes": {"generation_number": 0, "individual_number": 26, "crash": true, "goal_reached": true, "scenario_length": 37}}}