{"[[47.314750281463105], [1.421150187438197, 331.8956156509015, 839.6357534066947], [1.7117824908957906, 129.9697590488926], [2.3140754476617373, 24.596873371222117]]": {"ego_positions": [[35.9305, 5.4914], [34.43786394018731, 5.341611454366735], [32.944554025834535, 5.190868383670169], [31.44999981896503, 5.038595314419046], [29.953741339969536, 4.884542753228575], [28.455419332035675, 4.728692690294436], [26.954769660137377, 4.571189674737804], [25.45159503542647, 4.41234831144197], [23.94577000061671, 4.252460915124382], [22.437235925376605, 4.091832425103763], [20.925981577914133, 3.9307677759567645], [19.412038546315465, 3.7695414917922143], [17.89547367590044, 3.6083865371800288], [16.376381905777748, 3.4474937568561916], [14.854879471653522, 3.2870097502902595], [13.331099413451366, 3.1270328722174554], [11.805186849290374, 2.9676140614183923], [10.277292193577047, 2.8087925891247347], [8.747252116263947, 2.6536096241616463], [7.212674531240688, 2.5261039334123936], [5.668968955611612, 2.4696797564229858], [4.116447725245782, 2.4798386133035852], [2.5595436816773613, 2.512809211665296], [1.004077893161881, 2.5132156365242855], [-0.5455802571271952, 2.441823826983518], [-2.0893223319203282, 2.3029123758743926], [-3.631286269959862, 2.1481554421767712], [-5.174992266502251, 1.9975993197295034], [-6.71923358075334, 1.8426696673818312], [-8.262792100216599, 1.6722829393127445], [-9.805024296879642, 1.4830995168898342], [-11.345454692152128, 1.2731569217715815]], "ego_orientations": [3.2415, -3.0413618614654174, -3.0405599349559247, -3.0395350633258933, -3.0384621798717326, -3.037452874891254, -3.0366295887830237, -3.0360295893194427, -3.0356259992601493, -3.035432807088623, -3.035430238814996, -3.0355906224390217, -3.035881976229837, -3.0362766615686616, -3.036739641312443, -3.037240336461696, -3.0377517888465437, -3.038280301626806, -3.044476949216828, -3.079368257464626, -3.129847403813081, 3.1218265729903756, 3.125222484607602, -3.1212073316070597, -3.0700046177190554, -3.0415640899610437, -3.0415640899610437, -3.044712608019811, -3.0373334395343496, -3.025644332691993, -3.0136003018252855, -2.9974036058973064], "obs_positions": [[-48.5419, -6.368], [-46.5519, -6.1683], [-44.5619, -5.9686], [-42.5719, -5.769], [-40.5819, -5.5694], [-38.5919, -5.3697], [-36.6019, -5.17], [-34.6119, -4.9704], [-32.6219, -4.7707], [-30.6319, -4.571], [-28.6419, -4.3714], [-26.627, -4.2806], [-24.6273, -4.1482], [-22.6283, -3.9729], [-20.6229, -3.753], [-18.6377, -3.491], [-16.6456, -3.1828], [-14.6707, -2.8317], [-12.7073, -2.4368], [-10.7516, -1.9971], [-8.8043, -1.5123], [-6.8644, -0.982], [-4.9389, -0.4078], [-3.0232, 0.2116], [-1.1264, 0.8731], [0.7548, 1.5775], [2.6128, 2.3212], [4.4632, 3.1103], [6.2946, 3.9396], [8.1069, 4.8088], [9.9002, 5.7169], [11.664865717220243, 6.658151776342316]], "obs_orientations": [0.0999, 0.1, 0.0999, 0.0999, 0.1, 0.0999, 0.1, 0.0999, 0.1, 0.1, 6.3282, 6.3492, 6.3706, 0.1092, 0.1312, 0.1534, 0.1759, 0.1984, 0.2211, 0.2439, 0.2668, 0.2898, 0.3127, 0.3355, 0.3581, 0.3807, 0.403, 0.4252, 0.4471, 0.4687, 0.49, 0.49], "objectives": {"extension_time": 1.0, "danger_difference": 0.5940998724868791, "parameter_difference": 295.8626767264072}, "attributes": {"generation_number": 0, "individual_number": 43, "crash": true, "goal_reached": true, "scenario_length": 32}}, "[[38.32973691020419], [2.5, 166.295030544195, 2.5], [1.2026706150295383, 125.5281159398772], [0.6639436550389775, 25.05922831919591]]": {"ego_positions": [[35.9305, 5.4914], [34.43786394018731, 5.341611454366735], [32.944554025834535, 5.190868383670169], [31.44999981896503, 5.038595314419046], [29.953741339969536, 4.884542753228575], [28.455419332035675, 4.728692690294436], [26.954769660137377, 4.571189674737804], [25.45159503542647, 4.41234831144197], [23.94577000061671, 4.252460915124382], [22.437235925376605, 4.091832425103763], [20.925981577914133, 3.9307677759567645], [19.412038546315465, 3.7695414917922143], [17.89547367590044, 3.6083865371800288], [16.376381905777748, 3.4474937568561916], [14.854879471653522, 3.2870097502902595], [13.331099413451366, 3.1270328722174554], [11.805186849290374, 2.9676140614183923], [10.277292193577047, 2.8087925891247347], [8.747252116263947, 2.6536096241616463], [7.212674531240688, 2.5261039334123936], [5.668968955611612, 2.4696797564229858], [4.116447725245782, 2.4798386133035852], [2.5595436816773613, 2.512809211665296], [1.004077893161881, 2.5132156365242855], [-0.5455802571271952, 2.441823826983518], [-2.0893223319203282, 2.3029123758743926], [-3.631286269959862, 2.1481554421767712], [-5.174992266502251, 1.9975993197295034], [-6.71923358075334, 1.8426696673818312], [-8.262792100216599, 1.6722829393127445], [-9.805024296879642, 1.4830995168898342], [-11.345454692152128, 1.2731569217715815]], "ego_orientations": [3.2415, -3.0413618614654174, -3.0405599349559247, -3.0395350633258933, -3.0384621798717326, -3.037452874891254, -3.0366295887830237, -3.0360295893194427, -3.0356259992601493, -3.035432807088623, -3.035430238814996, -3.0355906224390217, -3.035881976229837, -3.0362766615686616, -3.036739641312443, -3.037240336461696, -3.0377517888465437, -3.038280301626806, -3.044476949216828, -3.079368257464626, -3.129847403813081, 3.1218265729903756, 3.125222484607602, -3.1212073316070597, -3.0700046177190554, -3.0415640899610437, -3.0415640899610437, -3.044712608019811, -3.0373334395343496, -3.025644332691993, -3.0136003018252855, -2.9974036058973064], "obs_positions": [[-48.5419, -6.368], [-46.5519, -6.1683], [-44.5619, -5.9686], [-42.5719, -5.769], [-40.5819, -5.5694], [-38.5919, -5.3697], [-36.6019, -5.17], [-34.6119, -4.9704], [-32.6219, -4.7707], [-30.6319, -4.571], [-28.6419, -4.3714], [-26.627, -4.2806], [-24.6273, -4.1482], [-22.6283, -3.9729], [-20.6229, -3.753], [-18.6377, -3.491], [-16.6456, -3.1828], [-14.6707, -2.8317], [-12.7073, -2.4368], [-10.7516, -1.9971], [-8.8043, -1.5123], [-6.8644, -0.982], [-4.9389, -0.4078], [-3.0232, 0.2116], [-1.1264, 0.8731], [0.7548, 1.5775], [2.6128, 2.3212], [4.4632, 3.1103], [6.2946, 3.9396], [8.1069, 4.8088], [9.9002, 5.7169], [11.664865717220243, 6.658151776342316]], "obs_orientations": [0.0999, 0.1, 0.0999, 0.0999, 0.1, 0.0999, 0.1, 0.0999, 0.1, 0.1, 6.3282, 6.3492, 6.3706, 0.1092, 0.1312, 0.1534, 0.1759, 0.1984, 0.2211, 0.2439, 0.2668, 0.2898, 0.3127, 0.3355, 0.3581, 0.3807, 0.403, 0.4252, 0.4471, 0.4687, 0.49, 0.49], "objectives": {"extension_time": 1.0, "danger_difference": 0.5940998724868791, "parameter_difference": 39.025479178799}, "attributes": {"generation_number": 2, "individual_number": 135, "crash": true, "goal_reached": true, "scenario_length": 32}},