{"[[27.803191569848202], [24.240049164913607, 168.03320530476344, 324.4372948880623], [2.117276938890813, 111.9111363176762], [1.6676022747739971, 5.363415169576746]]": {"ego_positions": [[56.8256, 7.5878], [55.33297863626361, 7.437863518232447], [53.83968310873762, 7.286982781413291], [52.345140887793725, 7.13460263773091], [50.848890599635105, 6.98047064879305], [49.350575521978406, 6.824576927702134], [47.84992539705333, 6.667080994744301], [46.346748647869035, 6.508241235855749], [44.84092316001922, 6.348361296921597], [43.33238699951875, 6.187755836490311], [41.8211293523201, 6.026725903261775], [40.30718218959071, 5.865542519242203], [38.790612566509644, 5.704437052661553], [37.27151559243049, 5.543596815764118], [35.750008092358634, 5.38316454424892], [34.22622296353586, 5.223240629031613], [32.700304216800916, 5.063887171551436], [31.172402680515532, 4.905133116493397], [29.642673044092444, 4.746970178115077], [28.111272499462732, 4.5893515619294485], [26.578347839391544, 4.4322887007597265], [25.04404500265237, 4.275741333275741], [23.508506062649417, 4.119644582698991], [21.971866066313797, 3.9639279436362367], [20.434250283858354, 3.808537600171868], [18.895775326781582, 3.653431338203474], [17.35655304365641, 3.498556305426877], [15.816688313545331, 3.343861998443771], [14.276277880781743, 3.189300938973752], [12.735410702528002, 3.03481983583956], [11.19416647549962, 2.880383069610156], [9.6526239731182, 2.725914882692886], [8.11054169536689, 2.574449961915026], [6.565555529058503, 2.4500700476124164], [5.013343318585914, 2.3963671628721177], [3.454395144451105, 2.4088557124378966], [1.8931597230013772, 2.443659688415983], [0.335232293491538, 2.445335630050255], [-1.2154417048316188, 2.3745035245372983], [-2.7593156793350313, 2.2356924822626385], [-4.301590011265645, 2.080933872538615], [-5.8442923007459076, 1.930133083030222], [-7.38670390605623, 1.774695551460621], [-8.927672357609598, 1.603790555235399], [-10.466392382030262, 1.4100176593387586], [-12.00168238701921, 1.1819489376283436]], "ego_orientations": [3.2416, -3.0412644516798912, -3.0404769878389577, -3.0394742076388503, -3.0384169346089833, -3.0374443787762826, -3.0366350059478058, -3.0360285718302173, -3.035636592899804, -3.035452300510636, -3.0354562044628226, -3.0356212166031757, -3.0359165919595212, -3.036310854895243, -3.036773875119635, -3.0372782484945606, -3.0378001233796055, -3.0383195960025287, -3.03880075950978, -3.0392620101594745, -3.0397102725065372, -3.0401087327557508, -3.04045103294359, -3.040744558071152, -3.041001026681644, -3.0412194725025596, -3.0413962608177645, -3.0415358846761174, -3.0416346299849835, -3.041704717569806, -3.041726064104079, -3.0417248675124973, -3.0473615745182037, -3.081616680603264, -3.1315374158536584, 3.1205546331117167, 3.1242483346880725, -3.12181794643551, -3.0701933806159953, -3.0415830115659097, -3.0415830115659097, -3.0443517093193138, -3.0368338723487134, -3.0251276679779706, -3.0055501587350597, -2.983582164046867], "obs_positions": [[-76.4021, -9.1632], [-74.4121, -8.9635], [-72.422, -8.7639], [-70.432, -8.5642], [-68.442, -8.3646], [-66.452, -8.1649], [-64.462, -7.9653], [-62.472, -7.7656], [-60.482, -7.566], [-58.492, -7.3663], [-56.502, -7.1667], [-54.512, -6.967], [-52.522, -6.7673], [-50.5319, -6.5676], [-48.5419, -6.368], [-46.5519, -6.1683], [-44.5619, -5.9687], [-42.5719, -5.769], [-40.5819, -5.5694], [-38.5919, -5.3697], [-36.6019, -5.1701], [-34.6119, -4.9704], [-32.6219, -4.7707], [-30.6319, -4.571], [-28.6419, -4.3714], [-26.627, -4.2806], [-24.6273, -4.1482], [-22.6283, -3.9729], [-20.6229, -3.753], [-18.6377, -3.491], [-16.6456, -3.1828], [-14.6707, -2.8317], [-12.7073, -2.4368], [-10.7516, -1.9971], [-8.8043, -1.5123], [-6.8644, -0.982], [-4.9389, -0.4078], [-3.0232, 0.2116], [-1.1264, 0.8731], [0.7548, 1.5775], [2.6128, 2.3212], [4.4632, 3.1103], [6.2946, 3.9396], [8.1069, 4.8088], [9.9002, 5.7169], [11.664865717220243, 6.658151776342316]], "obs_orientations": [0.0999, 0.0999, 0.0999, 0.0999, 0.0999, 0.0999, 0.0999, 0.0999, 0.0999, 0.0999, 0.1, 0.1, 0.1, 0.0999, 0.0999, 0.0999, 0.0999, 0.0999, 0.0999, 0.0999, 0.0999, 0.1, 0.1, 0.1, 6.3282, 6.3492, 6.3706, 0.1092, 0.1312, 0.1534, 0.1759, 0.1984, 0.2211, 0.2439, 0.2668, 0.2898, 0.3127, 0.3355, 0.3581, 0.3807, 0.403, 0.4252, 0.4471, 0.4687, 0.49, 0.49], "objectives": {"extension_time": 2.4, "danger_difference": 0.5976421123326645, "parameter_difference": 90.10746669119503}, "attributes": {"generation_number": 0, "individual_number": 38, "crash": true, "goal_reached": true, "scenario_length": 46}}}