{"[[5.877451275680218], [43.032623287952845, 312.7533706593209, 917.9362030165858], [1.377209618339661, 35.97625533499962], [2.2636005454218506, 17.014018024898682]]": {"ego_positions": [[64.2881, 8.3365], [62.79546294867734, 8.186702756520079], [61.302153293167116, 8.035932113661039], [59.807601270457695, 7.8836120590128775], [58.31134692862084, 7.72950802576372], [56.81302989800426, 7.5736254943822505], [55.31237916123819, 7.41612873638094], [53.80920297044804, 7.257277192499942], [52.30337904579023, 7.097377019054484], [50.794845172204646, 6.936745444407137], [49.2835902921587, 6.775685735753209], [47.76964617214172, 6.614470769177283], [46.25307970063725, 6.453333409578527], [44.73398585599569, 6.292462129927164], [43.2124813646402, 6.132000521860761], [41.6886990537974, 5.972049564361612], [40.162782888741866, 5.812671718591436], [38.63488367253634, 5.653896101029864], [37.105155376486934, 5.495724151490515], [35.57408753326548, 5.338168901943712], [34.04306742545673, 5.181316115891902], [32.51222443594921, 5.025115640869585], [30.981343280218788, 4.869473791930164], [29.450252541769967, 4.714292675405499], [27.9188187652116, 4.559473004437593], [26.386935301366027, 4.40497378415135], [24.854526163380168, 4.2507294551199575], [23.32154186501716, 4.096648690720702], [21.78795070163428, 3.9426642800461886], [20.253736283606802, 3.7887246445177407], [18.71889510540378, 3.6347888060792584], [17.183433921091588, 3.4808265809121313], [15.647702897112762, 3.3268527975634643], [14.112958610141789, 3.172980411790216], [12.579210705210672, 3.0191873878121247], [11.046132145322666, 2.8654351162266014], [9.513446811840204, 2.7117137875524726], [7.98080527139924, 2.564454894186185], [6.447615181052503, 2.4548653349417346], [4.898495850536091, 2.4444603596710426], [3.2927385215066174, 2.55769244053388], [1.649139856757927, 2.675436925454523], [-0.006062983662286636, 2.7040447945039436], [-1.6534243761122414, 2.593214021922946], [-3.2792518444139462, 2.328544991464551], [-4.878298269879178, 1.9409755593377116], [-6.456702505999793, 1.51822476296182], [-8.01552714121515, 1.113763796778401], [-9.560167867641026, 0.7524958652876461], [-11.096121263590623, 0.44589985127846243], [-12.62892180785995, 0.20399381726420734]], "ego_orientations": [3.2415, -3.041349191326374, -3.0405343784994168, -3.0394996313832996, -3.0384294059466215, -3.037447697244247, -3.036630648151216, -3.0360176716260576, -3.035620989257982, -3.0354335993908346, -3.035435763372771, -3.0356001451162964, -3.0358957637344384, -3.0362909274758128, -3.0367553144780373, -3.0372613559090427, -3.037785062810482, -3.0383064215211637, -3.0388094654291047, -3.039280169326066, -3.039711039841704, -3.0400993461284944, -3.040436810520432, -3.04071977157385, -3.040959737886494, -3.0411884728775442, -3.0413545848053234, -3.0414755941871627, -3.041559730236173, -3.041615106612691, -3.041646752464696, -3.041662556785247, -3.041667702377018, -3.041664074273862, -3.041642306237704, -3.041634242834825, -3.0416295810632445, -3.053491282602842, -3.091354808149327, 3.09890290485946, 3.0588733475620513, 3.0902769694766654, -3.119855197770522, -3.027362727664487, -2.9343388532756793, -2.8852220665706176, -2.879369372358074, -2.898273094859338, -2.92646162643576, -2.9648600176093978, -3.003710808928069], "obs_positions": [[-86.3521, -10.1615], [-84.3621, -9.9618], [-82.3721, -9.7622], [-80.3821, -9.5625], [-78.3921, -9.3628], [-76.4021, -9.1632], [-74.4121, -8.9635], [-72.4221, -8.7638], [-70.432, -8.5642], [-68.442, -8.3646], [-66.452, -8.1649], [-64.462, -7.9653], [-62.472, -7.7656], [-60.482, -7.566], [-58.492, -7.3663], [-56.502, -7.1666], [-54.512, -6.9669], [-52.522, -6.7673], [-50.5319, -6.5676], [-48.5419, -6.368], [-46.5519, -6.1683], [-44.5619, -5.9686], [-42.5719, -5.769], [-40.5819, -5.5693], [-38.5919, -5.3697], [-36.6019, -5.17], [-34.6119, -4.9704], [-32.6219, -4.7707], [-30.6319, -4.571], [-28.6419, -4.3714], [-26.627, -4.2806], [-24.6273, -4.1482], [-22.6283, -3.9729], [-20.6229, -3.753], [-18.6377, -3.491], [-16.6456, -3.1828], [-14.6707, -2.8317], [-12.7073, -2.4368], [-10.7516, -1.9971], [-8.8043, -1.5123], [-6.8644, -0.982], [-4.9389, -0.4078], [-3.0232, 0.2116], [-1.1264, 0.8731], [0.7548, 1.5775], [2.6128, 2.3212], [4.4632, 3.1103], [6.2946, 3.9396], [8.1069, 4.8088], [9.9002, 5.7169], [11.664865717220243, 6.658151776342316]], "obs_orientations": [0.0999, 0.0999, 0.0999, 0.1, 0.1, 0.1, 0.0999, 0.0999, 0.0999, 0.0999, 0.0999, 0.0999, 0.0999, 0.1, 0.1, 0.0999, 0.0999, 0.0999, 0.0999, 0.1, 0.1, 0.1, 0.0999, 0.0999, 0.0999, 0.1, 0.1, 0.1, 0.1, 6.3282, 6.3492, 6.3706, 0.1092, 0.1312, 0.1534, 0.1759, 0.1984, 0.2211, 0.2439, 0.2668, 0.2898, 0.3127, 0.3355, 0.3581, 0.3807, 0.403, 0.4252, 0.4471, 0.4687, 0.49, 0.49], "objectives": {"extension_time": 2.9, "danger_difference": 1.67256409852655, "parameter_difference": 327.53070801427094}, "attributes": {"generation_number": 0, "individual_number": 41, "crash": true, "goal_reached": true, "scenario_length": 51}}}