{"[[10.653201472929652], [44.77206903811647, 44.916190134988376, 552.1777299106909], [1.3175606719229007, 66.4254724385092], [0.40367908294496185, 13.196465612736164]]": {"ego_positions": [[50.8556, 6.9888], [49.3629638579946, 6.839012284828726], [47.86965131669932, 6.68827471458537], [46.37509492250148, 6.535980671108502], [44.87883729404499, 6.3818833001479724], [43.38051988386188, 6.225990867000661], [41.879869335859034, 6.0684808668891845], [40.37669386885586, 5.90961377605927], [38.87087035039927, 5.749717731392103], [37.362332798218326, 5.589106362234895], [35.851075053205385, 5.428052982480687], [34.33713064215176, 5.2668225451807045], [32.82056471037009, 5.105675932099015], [31.30146933012706, 4.944811563535501], [29.779962375666713, 4.784355558580352], [28.256182715180575, 4.62436163054581], [26.73027010239957, 4.464944917425548], [25.202372042830188, 4.306151811851341], [23.672643508968548, 4.147974786214787], [22.141239974130535, 3.9903808724510172], [20.608313094043016, 3.833333344612678], [19.074010020608895, 3.6767834745570807], [17.53847188215268, 3.5206751892843955], [16.00183245592335, 3.3649499566357353], [14.46421676182658, 3.2095562698986715], [12.925742624335914, 3.0544399212341236], [11.386522255682419, 2.8995441898494296], [9.846660672417288, 2.7448171624000683], [8.306202609868683, 2.5966750721871663], [6.765209520307582, 2.486322165121141], [5.2248613030185, 2.4446487837086424], [3.6893342146620665, 2.460060436032797], [2.164171308782078, 2.490314898067525], [0.6539279255841162, 2.4859762017536897], [-0.8402187848809247, 2.413665495612442], [-2.322740297266887, 2.2794983093555126], [-3.802827240095078, 2.130990839296231], [-5.282907904138723, 1.993118295452431], [-6.762886194206107, 1.8583562239690687], [-8.24297537406385, 1.7096537977017414], [-9.723869837653586, 1.5400723380538845], [-11.206366355520785, 1.3451361438283282], [-12.691382289287272, 1.1157639244166182]], "ego_orientations": [3.2415, -3.0413656222286507, -3.0405559220390526, -3.039511434739733, -3.038425719035324, -3.037439925564178, -3.03662096766978, -3.0360107394187335, -3.0356352226541317, -3.0354428722626583, -3.0354323772464795, -3.035588015972165, -3.035897371798573, -3.036299196658927, -3.0367425271923865, -3.0372281039997095, -3.0377687433245377, -3.038300790790033, -3.0388064122684884, -3.039278791376384, -3.0397128296959717, -3.0401020423204455, -3.0404442891704506, -3.04074078357502, -3.0409983374805774, -3.0412075209032126, -3.0413790192838297, -3.0415127149956214, -3.0534107024787307, -3.0911502711556866, -3.1364829142297244, 3.1211859849425583, 3.12800146295677, -3.11811620003273, -3.0686092173979365, -3.0415903579231687, -3.0415903579231687, -3.0523670086944654, -3.047362911661375, -3.0348419011381305, -3.0203271063956336, -2.9996945993113004, -2.9781028762342103], "obs_positions": [[-68.442, -8.3645], [-66.452, -8.1649], [-64.462, -7.9652], [-62.472, -7.7656], [-60.482, -7.5659], [-58.492, -7.3663], [-56.502, -7.1666], [-54.512, -6.967], [-52.522, -6.7673], [-50.5319, -6.5677], [-48.5419, -6.368], [-46.5519, -6.1683], [-44.5619, -5.9687], [-42.5719, -5.769], [-40.5819, -5.5693], [-38.5919, -5.3697], [-36.6019, -5.17], [-34.6119, -4.9703], [-32.6219, -4.7707], [-30.6319, -4.571], [-28.6419, -4.3714], [-26.627, -4.2806], [-24.6273, -4.1482], [-22.6283, -3.9729], [-20.6229, -3.753], [-18.6377, -3.491], [-16.6456, -3.1828], [-14.6707, -2.8317], [-12.7073, -2.4368], [-10.7516, -1.9971], [-8.8043, -1.5123], [-6.8644, -0.982], [-4.9389, -0.4078], [-3.0232, 0.2116], [-1.1264, 0.8731], [0.7548, 1.5775], [2.6128, 2.3212], [4.4632, 3.1103], [6.2946, 3.9396], [8.1069, 4.8088], [9.9002, 5.7169], [11.6745, 6.6635], [13.419011788216029, 7.6415994943129855]], "obs_orientations": [0.0999, 0.0999, 0.1, 0.0999, 0.0999, 0.0999, 0.0999, 0.0999, 0.0999, 0.1, 0.0999, 0.0999, 0.0999, 0.1, 0.1, 0.0999, 0.0999, 0.0999, 0.1, 0.0999, 6.3282, 6.3492, 6.3706, 0.1092, 0.1312, 0.1534, 0.1759, 0.1984, 0.2211, 0.2439, 0.2668, 0.2898, 0.3127, 0.3355, 0.3581, 0.3807, 0.403, 0.4252, 0.4471, 0.4687, 0.49, 0.511, 0.511], "objectives": {"extension_time": 2.0, "danger_difference": 0.05694251092182867, "parameter_difference": 181.56952287966212}, "attributes": {"generation_number": 0, "individual_number": 18, "crash": true, "goal_reached": true, "scenario_length": 43}}, "[[10.653201472929652], [2.5, 44.916190134988376, 552.1777299106909], [1.3175606719229007, 66.4254724385092], [0.40367908294496185, 13.196465612736164]]": {"ego_positions": [[50.8556, 6.9888], [49.3629638579946, 6.839012284828726], [47.86965131669932, 6.68827471458537], [46.37509492250148, 6.535980671108502], [44.87883729404499, 6.3818833001479724], [43.38051988386188, 6.225990867000661], [41.879869335859034, 6.0684808668891845], [40.37669386885586, 5.90961377605927], [38.87087035039927, 5.749717731392103], [37.362332798218326, 5.589106362234895], [35.851075053205385, 5.428052982480687], [34.33713064215176, 5.2668225451807045], [32.82056471037009, 5.105675932099015], [31.30146933012706, 4.944811563535501], [29.779962375666713, 4.784355558580352], [28.256182715180575, 4.62436163054581], [26.73027010239957, 4.464944917425548], [25.202372042830188, 4.306151811851341], [23.672643508968548, 4.147974786214787], [22.141239974130535, 3.9903808724510172], [20.608313094043016, 3.833333344612678], [19.074010020608895, 3.6767834745570807], [17.53847188215268, 3.5206751892843955], [16.00183245592335, 3.3649499566357353], [14.46421676182658, 3.2095562698986715], [12.925742470442348, 3.0544414549612835], [11.38652094334239, 2.899557268778085], [9.846656316146777, 2.7448605791430642], [8.305942890022347, 2.59332037114743], [6.762048917200671, 2.468984226959925], [5.210662305946324, 2.415445453589004], [3.6522919282820663, 2.4281838012453707], [2.091415821237581, 2.463247847636697], [0.533680897029766, 2.4651251430537995], [-1.0169217452414798, 2.394399792825831], [-2.5607836774906936, 2.2556135326223345], [-4.103058527395587, 2.1008600745129744], [-5.645883966182166, 1.9500912014752], [-7.188610324182091, 1.794737296079658], [-8.730027685888878, 1.6239193852908498], [-10.269276337973062, 1.4302009419564192], [-11.805108616112916, 1.2021283921394836]], "ego_orientations": [3.2415, -3.0413656222286507, -3.0405559220390526, -3.039511434739733, -3.038425719035324, -3.037439925564178, -3.03662096766978, -3.0360107394187335, -3.0356352226541317, -3.0354428722626583, -3.0354323772464795, -3.035588015972165, -3.035897371798573, -3.036299196658927, -3.0367425271923865, -3.0372281039997095, -3.0377687433245377, -3.038300790790033, -3.0388064122684884, -3.039278791376384, -3.0397128296959717, -3.0401020423204455, -3.0404442891704506, -3.04074078357502, -3.0409983374805774, -3.041210398396895, -3.041392864519664, -3.041536452804051, -3.0472770111856455, -3.0816480649898983, -3.13167129949204, 3.120375249582739, 3.1240927903695592, -3.1219191673705913, -3.070228058806075, -3.041586351904088, -3.041586351904088, -3.0444117265413624, -3.036919553117262, -3.025214818405857, -3.005615214673874, -2.9836141161323972], "obs_positions": [[-68.442, -8.3645], [-66.452, -8.1649], [-64.462, -7.9652], [-62.472, -7.7656], [-60.482, -7.5659], [-58.492, -7.3663], [-56.502, -7.1666], [-54.512, -6.967], [-52.522, -6.7673], [-50.5319, -6.5677], [-48.5419, -6.368], [-46.5519, -6.1683], [-44.5619, -5.9687], [-42.5719, -5.769], [-40.5819, -5.5693], [-38.5919, -5.3697], [-36.6019, -5.17], [-34.6119, -4.9703], [-32.6219, -4.7707], [-30.6319, -4.571], [-28.6419, -4.3714], [-26.627, -4.2806], [-24.6273, -4.1482], [-22.6283, -3.9729], [-20.6229, -3.753], [-18.6377, -3.491], [-16.6456, -3.1828], [-14.6707, -2.8317], [-12.7073, -2.4368], [-10.7516, -1.9971], [-8.8043, -1.5123], [-6.8644, -0.982], [-4.9389, -0.4078], [-3.0232, 0.2116], [-1.1264, 0.8731], [0.7548, 1.5775], [2.6128, 2.3212], [4.4632, 3.1103], [6.2946, 3.9396], [8.1069, 4.8088], [9.9002, 5.7169], [11.664865717220243, 6.658151776342316]],