{"[[7.61687244717133], [46.62939253029348, 80.3431898392838, 667.3401622245383], [1.1210847352149282, 32.70223257290476], [0.5923622409697998, 29.71975763652618]]": {"ego_positions": [[62.7956, 8.1868], [61.302963147724704, 8.03700520803321], [59.80965238048229, 7.886244777067132], [58.31509840564062, 7.73393376299876], [56.81884210243649, 7.579823632508268], [55.32052607104277, 7.423920163865812], [53.819876649933974, 7.266402285073225], [52.31670181235048, 7.107529114680081], [50.81087932238293, 6.947607418223669], [49.302346972195004, 6.786958304296374], [47.79109271416277, 6.625892508840756], [46.27714731836451, 6.464689403950783], [44.760578238630956, 6.303570843147817], [43.24148209201539, 6.142708604095039], [41.719978078226376, 5.9822345264067565], [40.1961967873777, 5.822269541386651], [38.670281512997796, 5.662879460276709], [37.14238303083213, 5.50409328680811], [35.612655275113056, 5.345913391575598], [34.08125175147825, 5.188324485948327], [32.54865892958939, 5.031329019833053], [31.016260158879266, 4.8749952589531285], [29.484181098165966, 4.719242820096799], [27.95220197500836, 4.563948769629872], [26.420136425681733, 4.409081960089129], [24.88784053596396, 4.254562769481219], [23.355204083555623, 4.100301472660475], [21.822144461098397, 3.9462133374332935], [20.288601124777028, 3.792234051045295], [18.754532768215398, 3.6383116905518125], [17.21991348103848, 3.484412564708542], [15.684731725783646, 3.330502605927506], [14.148986894091607, 3.1765564504338535], [12.612688554075351, 3.022542332257788], [11.075851004875586, 2.868456631854967], [9.538828821435967, 2.7143405545840555], [8.002141364641334, 2.577817761984674], [6.464645217758358, 2.5057720409633517], [4.913220236260071, 2.5076437592273613], [3.307809371922427, 2.598311996432175], [1.6623729280611594, 2.6880785748659357], [-0.0009199581871033313, 2.7032423951074485], [-1.6646574135649845, 2.6000079869079276], [-3.3156824016363644, 2.360079894333156], [-4.946902925116676, 2.00231918899093], [-6.556732662859547, 1.5891746510959117], [-8.137518580959867, 1.1718326176030944], [-9.699005169673539, 0.8417678532103683], [-11.246459812488007, 0.5904810856456306]], "ego_orientations": [3.2415, -3.041354057363974, -3.040541414354291, -3.0395026883181746, -3.0384174641559882, -3.037433602702914, -3.0366164611463335, -3.0360032505498573, -3.0356069131985257, -3.0354255927180254, -3.035437943049721, -3.035612189257, -3.0359097930176704, -3.036287699077023, -3.0367458741226074, -3.0372526920072067, -3.0377778073584607, -3.038299937304166, -3.038806776031625, -3.0392864385809295, -3.039727697540271, -3.0401156768277717, -3.040428512807157, -3.040715091169282, -3.040979954145806, -3.0411951099747605, -3.041355930928972, -3.04147558987302, -3.0415598893179596, -3.0416200211066884, -3.0416597145011735, -3.041680797584387, -3.0416826679528515, -3.0416693995752735, -3.041660156975556, -3.041656812904577, -3.0729835418525013, -3.112431426030721, 3.10473230295403, 3.077109153148934, 3.1041425227256116, -3.118180561133903, -3.0392334065848705, -2.9555670932936304, -2.905815535643186, -2.875640672857995, -2.9048738670512955, -2.9593080819573103, -2.999962310076397], "obs_positions": [[-84.3621, -9.9618], [-82.3721, -9.7622], [-80.3821, -9.5625], [-78.3921, -9.3628], [-76.4021, -9.1632], [-74.4121, -8.9636], [-72.422, -8.7639], [-70.432, -8.5642], [-68.442, -8.3646], [-66.452, -8.1649], [-64.462, -7.9652], [-62.472, -7.7656], [-60.482, -7.5659], [-58.492, -7.3663], [-56.502, -7.1666], [-54.512, -6.967], [-52.522, -6.7673], [-50.5319, -6.5676], [-48.5419, -6.368], [-46.5519, -6.1683], [-44.5619, -5.9687], [-42.5719, -5.769], [-40.5819, -5.5694], [-38.5919, -5.3697], [-36.6019, -5.17], [-34.6119, -4.9704], [-32.6219, -4.7707], [-30.6319, -4.571], [-28.6419, -4.3714], [-26.627, -4.2806], [-24.6273, -4.1482], [-22.6283, -3.9729], [-20.6229, -3.753], [-18.6377, -3.491], [-16.6456, -3.1828], [-14.6707, -2.8317], [-12.7073, -2.4368], [-10.7516, -1.9971], [-8.8043, -1.5123], [-6.8644, -0.982], [-4.9389, -0.4078], [-3.0232, 0.2116], [-1.1264, 0.8731], [0.7548, 1.5775], [2.6128, 2.3212], [4.4632, 3.1103], [6.2946, 3.9396], [8.1069, 4.8088], [9.891212573650785, 5.712253728484039]], "obs_orientations": [0.1, 0.1, 0.0999, 0.0999, 0.0999, 0.0999, 0.1, 0.1, 0.1, 0.1, 0.1, 0.1, 0.0999, 0.0999, 0.0999, 0.1, 0.1, 0.1, 0.0999, 0.0999, 0.0999, 0.0999, 0.1, 0.1, 0.1, 0.1, 0.1, 0.1, 6.3282, 6.3492, 6.3706, 0.1092, 0.1312, 0.1534, 0.1759, 0.1984, 0.2211, 0.2439, 0.2668, 0.2898, 0.3127, 0.3355, 0.3581, 0.3807, 0.403, 0.4252, 0.4471, 0.4687, 0.4687], "objectives": {"extension_time": 2.8, "danger_difference": 1.8322700600373025, "parameter_difference": 227.54676318462612}, "attributes": {"generation_number": 0, "individual_number": 7, "crash": true, "goal_reached": true, "scenario_length": 49}}, "[[20.534592218443898], [2.5, 80.3431898392838, 2.5], [1.8152763208397409, 32.70223257290476], [0.5882109884912345, 29.938138093744577]]": {"ego_positions": [[62.7956, 8.1868], [61.302963147724704, 8.03700520803321], [59.80965238048229, 7.886244777067132], [58.31509840564062, 7.73393376299876], [56.81884210243649, 7.579823632508268], [55.32052607104277, 7.423920163865812], [53.819876649933974, 7.266402285073225], [52.31670181235048, 7.107529114680081], [50.81087932238293, 6.947607418223669], [49.302346972195004, 6.786958304296374], [47.79109271416277, 6.625892508840756], [46.27714731836451, 6.464689403950783], [44.760578238630956, 6.303570843147817], [43.24148209201539, 6.142708604095039], [41.719978078226376, 5.9822345264067565], [40.1961967873777, 5.822269541386651], [38.670281512997796, 5.662879460276709], [37.14238303083213, 5.50409328680811], [35.612655275113056, 5.345913391575598], [34.08125175147825, 5.188324485948327], [32.54832346505144, 5.0312953671761065], [31.014018222656468, 4.874770355562986], [29.478479455927502, 4.718670683238657], [27.94184396394515, 4.562909288130574], [26.40423105481856, 4.407490658819867], [24.865756840077367, 4.252377209393873], [23.326534642188115, 4.097501674548291], [21.786671650931005, 3.9427904888649965], [20.24626402686564, 3.788201868958419], [18.70539840106137, 3.633705594944589], [17.164151975501007, 3.479291221951656], [15.622599468011575, 3.3249232071504387], [14.080809706615819, 3.1705566592423335], [12.538847784866652, 3.016069100569648], [10.996765480003226, 2.861342335238234], [9.454588669808537, 2.7065781965921154], [7.912038502411343, 2.5548741740474608], [6.366719809632394, 2.430312309339605], [4.814282148808395, 2.3764853760326092], [3.255190509421129, 2.3888975852898504], [1.6938750884001177, 2.4236697150600692], [0.13590520487221397, 2.4253385465696913], [-1.41478479060442, 2.35450513160035], [-2.958660786573454, 2.215689190752145], [-4.500793659248371, 2.060939551801818], [-6.043573781890339, 1.910157677478697], [-7.5858250059460115, 1.7547725454349585], [-9.126559835453438, 1.5839285310212616], [-10.665000567455278, 1.3902177204645096], [-12.199999804805655, 1.1621953059035688]],