{"[[16.381477010308128], [30.073415073948677, 298.8089698638965, 832.7864553465695], [0.7277539061480448, 18.578429398452133], [1.8573829004434645, 34.36273115264154]]": {"ego_positions": [[67.2732, 8.636], [65.78056343535609, 8.48620789825493], [64.28725245764821, 8.335456134384946], [62.7926978852566, 8.183158787676351], [61.29644061444372, 8.02907426487424], [59.79812093796544, 7.873201790905457], [58.29746938726851, 7.715701029079616], [56.79429323673068, 7.556842379018161], [55.28846946083202, 7.396933181343249], [53.77993598645604, 7.23629060772406], [52.26868167487443, 7.07521871741127], [50.7547382045682, 6.913991318817497], [49.2381723258126, 6.752842796076723], [47.71907890571702, 6.59196154102393], [46.19757485717288, 6.431489857745285], [44.6737931056252, 6.271527973459323], [43.14787763311642, 6.11213831734467], [41.61997919623844, 5.9533505868659615], [40.0902516479798, 5.795167314038755], [38.5588488893496, 5.637569370515064], [37.02592266474811, 5.480518487806746], [35.491619802726504, 5.323969534040189], [33.956080868904046, 5.167871766095048], [32.41943937666872, 5.012169162181608], [30.881821803946224, 4.856795989429771], [29.34334777150069, 4.701680426146344], [27.804129143756505, 4.546768872157811], [26.26426951420801, 4.392023508042469], [24.723865570373725, 4.2373975278538865], [23.18300844429455, 4.082816158367906], [21.641779739861917, 3.9282248168336986], [20.10025289792965, 3.773600747652974], [18.558492635841844, 3.6189399391854984], [17.016554232179725, 3.464247572911302], [15.474483303032034, 3.3095353166377524], [13.932319505488964, 3.1548089570750757], [12.39010052341265, 3.000067574457973], [10.847854351548117, 2.8453117241837136], [9.305595624863681, 2.69056521857585], [7.763382986041195, 2.5388880147153614], [6.221131093595969, 2.4146441896164688], [4.679028335155151, 2.361975858940317], [3.1410117905877892, 2.3767444281791867], [1.6130940636775357, 2.4151668308609646], [0.10057207012968827, 2.4216283546820696], [-1.3948053975395454, 2.3564866913003133], [-2.8775699071074206, 2.2238178602471637], [-4.3575731451285, 2.0752948152836352], [-5.837463251335749, 1.9308350747407381], [-7.317060381685334, 1.78173429769307], [-8.797047199572694, 1.6169875035639576], [-10.278319886174168, 1.4332729814258482], [-11.76179367056064, 1.2286076798518286]], "ego_orientations": [3.2415, -3.041358062716657, -3.0405490448481913, -3.0395146759208265, -3.0384402891140474, -3.0374488965862496, -3.0366263409925236, -3.0360124756221873, -3.0356142540633835, -3.0354258893232866, -3.035427613126268, -3.035592245823711, -3.0358892425556054, -3.036284430837545, -3.036748452390225, -3.0372539024210363, -3.037777064006414, -3.03829863194905, -3.03880286524094, -3.0392765884118806, -3.039711157599006, -3.040105283136001, -3.040456090553665, -3.0407556417067756, -3.0410070241443945, -3.0411972131092657, -3.041368558654848, -3.041499577135575, -3.041585620747227, -3.041618746977534, -3.0416241463458578, -3.0416173273994316, -3.0416079398310214, -3.0416008230982796, -3.0415991163913847, -3.041593434727739, -3.041586193710669, -3.0415840723553527, -3.0415962024337526, -3.047243624041895, -3.0817209642732113, -3.1324893352645593, 3.1182561568359066, 3.1210129637017583, -3.12467177292238, -3.071374356677231, -3.041574321062502, -3.041574321062502, -3.0444890806052185, -3.036657695672977, -3.024495766018038, -3.012110196078886, -2.995613034630767], "obs_positions": [[-90.3321, -10.5608], [-88.3421, -10.3612], [-86.3521, -10.1615], [-84.3621, -9.9618], [-82.3721, -9.7621], [-80.3821, -9.5625], [-78.3921, -9.3628], [-76.4021, -9.1632], [-74.4121, -8.9635], [-72.422, -8.7639], [-70.432, -8.5642], [-68.442, -8.3645], [-66.452, -8.1649], [-64.462, -7.9652], [-62.472, -7.7656], [-60.482, -7.5659], [-58.492, -7.3663], [-56.502, -7.1666], [-54.512, -6.967], [-52.522, -6.7673], [-50.5319, -6.5677], [-48.5419, -6.368], [-46.5519, -6.1683], [-44.5619, -5.9687], [-42.5719, -5.769], [-40.5819, -5.5694], [-38.5919, -5.3697], [-36.6019, -5.1701], [-34.6119, -4.9704], [-32.6219, -4.7707], [-30.6319, -4.571], [-28.6419, -4.3714], [-26.627, -4.2806], [-24.6273, -4.1482], [-22.6283, -3.9729], [-20.6229, -3.753], [-18.6377, -3.491], [-16.6456, -3.1828], [-14.6707, -2.8317], [-12.7073, -2.4368], [-10.7516, -1.9971], [-8.8043, -1.5123], [-6.8644, -0.982], [-4.9389, -0.4078], [-3.0232, 0.2116], [-1.1264, 0.8731], [0.7548, 1.5775], [2.6128, 2.3212], [4.4632, 3.1103], [6.2946, 3.9396], [8.1069, 4.8088], [9.9002, 5.7169], [11.664865717220243, 6.658151776342316]], "obs_orientations": [0.1, 0.1, 0.1, 0.0999, 0.0999, 0.0999, 0.0999, 0.0999, 0.0999, 0.0999, 0.0999, 0.0999, 0.0999, 0.0999, 0.0999, 0.0999, 0.0999, 0.0999, 0.0999, 0.0999, 0.0999, 0.0999, 0.0999, 0.0999, 0.0999, 0.0999, 0.0999, 0.1, 0.1, 0.1, 0.1, 6.3282, 6.3492, 6.3706, 0.1092, 0.1312, 0.1534, 0.1759, 0.1984, 0.2211, 0.2439, 0.2668, 0.2898, 0.3127, 0.3355, 0.3581, 0.3807, 0.403, 0.4252, 0.4471, 0.4687, 0.49, 0.49], "objectives": {"extension_time": 3.1, "danger_difference": 0.0549605990781572, "parameter_difference": 293.2894335257039}, "attributes": {"generation_number": 0, "individual_number": 10, "crash": true, "goal_reached": true, "scenario_length": 53}}, "[[28.231646570590662], [26.29579867071406, 154.6111516986768, 717.9462995133331], [1.6396241020682982, 184.710891852489], [2.2073732004250575, 34.77883769935501]]": {"ego_positions": [[67.2732, 8.636], [65.78056343535609, 8.48620789825493], [64.28725245764821, 8.335456134384946], [62.7926978852566, 8.183158787676351], [61.29644061444372, 8.02907426487424], [59.79812093796544, 7.873201790905457], [58.29746938726851, 7.715701029079616], [56.79429323673068, 7.556842379018161], [55.28846946083202, 7.396933181343249], [53.77993598645604, 7.23629060772406], [52.26868167487443, 7.07521871741127], [50.7547382045682, 6.913991318817497], [49.2381723258126, 6.752842796076723], [47.71907890571702, 6.59196154102393], [46.19757485717288, 6.431489857745285], [44.6737931056252, 6.271527973459323], [43.14787763311642, 6.11213831734467], [41.61997919623844, 5.9533505868659615], [40.0902516479798, 5.795167314038755], [38.5588488893496, 5.637569370515064], [37.02592266474811, 5.480518487806746], [35.491619802726504, 5.323969534040189], [33.956080868904046, 5.167871766095048], [32.41943937666872, 5.012169162181608], [30.881821803946224, 4.856795989429771], [29.34334777150069, 4.701680426146344], [27.80412874499213, 4.546772845860312], [26.264266602274642, 4.392052528759453], [24.72385656581292, 4.237487279211775], [23.182988151411788, 4.0830184213880445], [21.64174005837623, 3.9286203295276945], [20.100187265362127, 3.7742549182084364], [18.558398516002367, 3.6198780410027678], [17.016433028736998, 3.4654556119365094], [15.474337726779439, 3.310986313095728], [13.932156664109803, 3.156431963785929], [12.389937198801134, 3.001695273578656], [10.84769305331919, 2.8469191783328607], [9.305434473724326, 2.692171406079836], [7.763222157021416, 2.5404909975197087], [6.219797955325164, 2.416067373268357], [4.670192640935057, 2.362428508898753], [3.113991098691846, 2.37500823161398], [1.5550206819686234, 2.4099007251432085], [-0.001432962641583102, 2.411614067433661], [-1.55145989183133, 2.340805501052815], [-3.095223966000368, 2.2019757520978276], [-4.6374588840614965, 2.0472132350219296], [-6.179189010478501, 1.8965383687512496], [-7.718963498891431, 1.7413677093876052], [-9.256143410749543, 1.570844110529943], [-10.790389187950213, 1.377529511618374], [-12.321022986591945, 1.1499320605832088]],