{"[[8.980277146705813], [2.5, 83.9117266698038, 2.4943416817951034], [0.23175732088851997, 4.720461154650928], [0.702120665645048, 24.853941719817797]]": {"ego_positions": [[-32.4759, 1.468], [-31.18223754518156, 1.3382015111432821], [-29.888305338034513, 1.200198660591342], [-28.59454718552837, 1.0510330532012413], [-27.298385816393818, 0.9092417417997309], [-25.999077422522053, 0.7744556714162265], [-24.696887665429813, 0.6428983392744388], [-23.39197911594129, 0.5113300333839711], [-22.084385242316547, 0.379074489219312], [-20.77434771721969, 0.24512386025984106], [-19.463089089700638, 0.10539594190933105], [-18.151736740968886, -0.042941048438061166], [-16.8410782760634, -0.20081451035090148], [-15.531638181667123, -0.36783412843892777], [-14.223919711629271, -0.5437026594923576], [-12.919059662818578, -0.731654505903718], [-11.617874996863497, -0.9402610525910757], [-10.308577275647844, -1.201145399779122], [-8.953263840039527, -1.531116995737186], [-7.544633564170834, -1.8539630459974359], [-6.091596077651151, -2.132649993299397], [-4.6086699587156685, -2.344538400316833], [-3.113764431387983, -2.4798655094344744], [-1.6144063171565788, -2.5709183421705797], [-0.11284828796796847, -2.6354635500899084], [1.389156117234433, -2.6872417404775084], [2.889518882340997, -2.7430754019057044], [4.387719637512464, -2.806512816655184], [5.883666318673374, -2.877691560791427]], "ego_orientations": [6.1832, -0.1012044863120769, -0.11236432684032849, -0.11257631160643644, -0.10477288038108856, -0.10168272238074216, -0.10034366050353238, -0.10063083519731197, -0.10097139441631686, -0.10351047775301847, -0.10916741170550814, -0.11622766211323299, -0.12347630420668665, -0.13009975363309234, -0.13767327413263253, -0.14924734659322159, -0.17057031544784618, -0.2265142076532909, -0.23887506011041548, -0.20927857890551138, -0.16886778888170184, -0.11296977053202895, -0.07242746788588761, -0.050420508501571426, -0.036742153382173015, -0.03468238535194956, -0.03973563231223576, -0.04492034943792245, -0.05017803665116727], "obs_positions": [[35.2007, -1.2216], [33.2107, -1.0219], [31.2207, -0.8222], [29.2307, -0.6226], [27.2406, -0.424], [25.7179, -0.3688], [24.1948, -0.3173], [22.6712, -0.2703], [21.1472, -0.2281], [19.6227, -0.1916], [18.0974, -0.1611], [16.5715, -0.1373], [15.0448, -0.1208], [13.5175, -0.1122], [11.9893, -0.112], [10.46, -0.1208], [8.93, -0.1391], [7.3988, -0.1677], [5.8666, -0.207], [4.3333, -0.2577], [2.7987, -0.3202], [1.2629, -0.3954], [-0.2741, -0.4834], [-1.8126, -0.5853], [-3.3525, -0.7013], [-4.894, -0.8322], [-6.4369, -0.9784], [-7.9814, -1.1407], [-9.968164921891177, -1.3704066501926915]], "obs_orientations": [3.0415, 3.0415, 3.0416, 3.0421, 3.1052, 3.1078, 3.1107, 3.1139, 3.1174, 3.1216, 3.126, 3.1307, 3.1359, 3.1414, 3.1473, 3.1536, 3.1602, 3.1672, 3.1746, 3.1823, 3.1904, 3.1988, 3.2076, 3.2168, 3.2262, 3.2359, 3.2462, 3.2567, 3.2567], "objectives": {"extension_time": 0.4, "danger_difference": -0.4101310364633495, "parameter_difference": 39.01756423774783}, "attributes": {"generation_number": 8, "individual_number": 430, "crash": false, "goal_reached": true, "scenario_length": 29}}, "[[8.980277146705813], [2.5, 83.75908348050959, 2.4943416817951034], [0.23175732088851997, 4.720461154650928], [0.8020905235385656, 24.853941719817797]]": {"ego_positions": [[-32.4759, 1.468], [-31.18223754518156, 1.3382015111432821], [-29.888305338034513, 1.200198660591342], [-28.59454718552837, 1.0510330532012413], [-27.298385816393818, 0.9092417417997309], [-25.999077422522053, 0.7744556714162265], [-24.696887665429813, 0.6428983392744388], [-23.39197911594129, 0.5113300333839711], [-22.084385242316547, 0.379074489219312], [-20.77434771721969, 0.24512386025984106], [-19.463089089700638, 0.10539594190933105], [-18.151736740968886, -0.042941048438061166], [-16.8410782760634, -0.20081451035090148], [-15.531638181667123, -0.36783412843892777], [-14.223919711629271, -0.5437026594923576], [-12.919059662818578, -0.731654505903718], [-11.617874996863497, -0.9402610525910757], [-10.308577275647844, -1.201145399779122], [-8.953263840039527, -1.531116995737186], [-7.544633564170834, -1.8539630459974359], [-6.091596077651151, -2.132649993299397], [-4.6086699587156685, -2.344538400316833], [-3.113764431387983, -2.4798655094344744], [-1.6144063171565788, -2.5709183421705797], [-0.11284828796796847, -2.6354635500899084], [1.389156117234433, -2.6872417404775084], [2.889518882340997, -2.7430754019057044], [4.387719637512464, -2.806512816655184], [5.883666318673374, -2.877691560791427]], "ego_orientations": [6.1832, -0.1012044863120769, -0.11236432684032849, -0.11257631160643644, -0.10477288038108856, -0.10168272238074216, -0.10034366050353238, -0.10063083519731197, -0.10097139441631686, -0.10351047775301847, -0.10916741170550814, -0.11622766211323299, -0.12347630420668665, -0.13009975363309234, -0.13767327413263253, -0.14924734659322159, -0.17057031544784618, -0.2265142076532909, -0.23887506011041548, -0.20927857890551138, -0.16886778888170184, -0.11296977053202895, -0.07242746788588761, -0.050420508501571426, -0.036742153382173015, -0.03468238535194956, -0.03973563231223576, -0.04492034943792245, -0.05017803665116727], "obs_positions": [[35.2007, -1.2216], [33.2107, -1.0219], [31.2207, -0.8222], [29.2307, -0.6226], [27.2406, -0.424], [25.7179, -0.3688], [24.1948, -0.3173], [22.6712, -0.2703], [21.1472, -0.2281], [19.6227, -0.1916], [18.0974, -0.1611], [16.5715, -0.1373], [15.0448, -0.1208], [13.5175, -0.1122], [11.9893, -0.112], [10.46, -0.1208], [8.93, -0.1391], [7.3988, -0.1677], [5.8666, -0.207], [4.3333, -0.2577], [2.7987, -0.3202], [1.2629, -0.3954], [-0.2741, -0.4834], [-1.8126, -0.5853], [-3.3525, -0.7013], [-4.894, -0.8322], [-6.4369, -0.9784], [-7.9814, -1.1407], [-9.968164921891177, -1.3704066501926915]], "obs_orientations": [3.0415, 3.0415, 3.0416, 3.0421, 3.1052, 3.1078, 3.1107, 3.1139, 3.1174, 3.1216, 3.126, 3.1307, 3.1359, 3.1414, 3.1473, 3.1536, 3.1602, 3.1672, 3.1746, 3.1823, 3.1904, 3.1988, 3.2076, 3.2168, 3.2262, 3.2359, 3.2462, 3.2567, 3.2567], "objectives": {"extension_time": 0.4, "danger_difference": -0.4101310364633495, "parameter_difference": 39.01756144309779}, "attributes": {"generation_number": 9, "individual_number": 467, "crash": false, "goal_reached": true, "scenario_length": 29}}, "[[8.914080688187678], [2.5, 77.41012670100032, 2.5], [0.24056669283764381, 45.41694776226247], [1.120387128504841, 20.432970149783955]]": {"ego_positions": [[-32.4759, 1.468], [-31.182242099882323, 1.3381564269209312], [-29.888341830419687, 1.1998737401673005], [-28.594657693584217, 1.0500590634103244], [-27.29860126767894, 0.907198891018914], [-25.999432135892082, 0.7709813880254761], [-24.697392158470468, 0.6378704942396087], [-23.392630693427193, 0.5048346863360812], [-22.085162364715902, 0.37132880494183934], [-20.775221261206152, 0.23641803681485876], [-19.464026935227107, 0.09604924798945591], [-18.15270710749439, -0.05261197425682407], [-16.84205182947921, -0.2105173120470161], [-15.53258938817046, -0.3773142936478484], [-14.224826219864402, -0.5527374050467343], [-12.919896784155851, -0.7399979509882371], [-11.618607669129645, -0.9475639970525607], [-10.309128597392547, -1.2066402596650416], [-8.953528796691453, -1.5337575970818722], [-7.544583522504229, -1.8534642859417572], [-6.090419077964631, -2.1209190144072294], [-4.601096637734724, -2.2925954391364036], [-3.0882595958636476, -2.3589836686697865], [-1.5641605597076627, -2.3434974429941287], [-0.040304127555962035, -2.28898519017272], [1.4749960495574226, -2.239916244321188], [2.980141789383831, -2.218076626379777], [4.475295676984724, -2.235330786394323], [5.958292642729513, -2.3249319953042535]],