{"[[1.3831181580683582], [43.92856277364725, 200.0, 132.34053904489662], [0.1389032613064162, 45.30836823418839], [0.6983449767000991, 29.657009494060095]]": {"ego_positions": [[-38.9434, 2.1168], [-37.64976316917552, 1.986976386520224], [-36.35538686307828, 1.8568599356615607], [-35.05966036569526, 1.7262631606915178], [-33.76211368440062, 1.595052287862771], [-32.46239050775883, 1.4632006878149126], [-31.160236659565545, 1.3301531629319556], [-29.855908318147634, 1.191844800379874], [-28.54955810375042, 1.0464819543668136], [-27.241319403487672, 0.894619946047124], [-25.929451887120955, 0.7522526885574086], [-24.61385809456583, 0.6177003643913329], [-23.295636884375504, 0.48307027878553027], [-21.97492702466534, 0.3483166035207172], [-20.654573418057115, 0.19612229078335042], [-19.34278516091914, -0.01983400245285734], [-18.037503944645714, -0.2785157197323244], [-16.735152117957636, -0.5525779460862867], [-15.433164970130004, -0.8233732406306894], [-14.129652175620928, -1.0777389247774316], [-12.823355722153089, -1.3077346638950802], [-11.513541148318112, -1.5096903844373086], [-10.199975958396418, -1.6841211324675438], [-8.883065490319186, -1.8371578315655364], [-7.563250915923559, -1.9751390403982667], [-6.240887632102918, -2.103232433578247], [-4.916301937728818, -2.225589211038968], [-3.5897082693634315, -2.345445900332558], [-2.2612724668510804, -2.465170700267567], [-0.9311167319377647, -2.5863909013674826], [0.4006524896673466, -2.7100909455562694], [1.7337109737922287, -2.835551384507632], [3.067170658778647, -2.957809191466488], [4.401117394594472, -3.074613946152038], [5.735547029472955, -3.18885709474784]], "ego_orientations": [6.1832, -0.10008779000991819, -0.10030452728909545, -0.10061185810135242, -0.10094703509887104, -0.10124668616776322, -0.10363639870006658, -0.10801324751701724, -0.11418044315305753, -0.11275960559267517, -0.10189793479245068, -0.10182635595477318, -0.1017305568893434, -0.10162631794160415, -0.13796042946145537, -0.1835126836768186, -0.20434601121921503, -0.2082082402558516, -0.2002186874003824, -0.18421330385141843, -0.16388212192664664, -0.14201415725880562, -0.12297823498735294, -0.10920440453948199, -0.0997816676528025, -0.09387243235485698, -0.09076010864145179, -0.08974533370233218, -0.0902219757939351, -0.09166038889860673, -0.09363667885582672, -0.09324605241571238, -0.08916783216144708, -0.08627282693560545, -0.0840818660512559], "obs_positions": [[45.1507, -2.2199], [43.1607, -2.0202], [41.1707, -1.8206], [39.1807, -1.6209], [37.1907, -1.4212], [35.2007, -1.2216], [33.2107, -1.0219], [31.2207, -0.8222], [29.2307, -0.6226], [27.2406, -0.424], [25.7179, -0.3688], [24.1948, -0.3173], [22.6712, -0.2703], [21.1472, -0.2281], [19.6227, -0.1916], [18.0974, -0.1611], [16.5715, -0.1373], [15.0448, -0.1208], [13.5175, -0.1122], [11.9893, -0.112], [10.46, -0.1208], [8.93, -0.1391], [7.3988, -0.1677], [5.8666, -0.207], [4.3333, -0.2577], [2.7987, -0.3202], [1.2629, -0.3954], [-0.2741, -0.4834], [-1.8126, -0.5853], [-3.3525, -0.7013], [-4.894, -0.8322], [-6.4369, -0.9784], [-7.9814, -1.1407], [-9.5277, -1.3194], [-11.511893376361076, -1.5703514797821059]], "obs_orientations": [3.0415, 3.0416, 3.0415, 3.0415, 3.0416, 3.0415, 3.0415, 3.0416, 3.0421, 3.1052, 3.1078, 3.1107, 3.1139, 3.1174, 3.1216, 3.126, 3.1307, 3.1359, 3.1414, 3.1473, 3.1536, 3.1602, 3.1672, 3.1746, 3.1823, 3.1904, 3.1988, 3.2076, 3.2168, 3.2262, 3.2359, 3.2462, 3.2567, 3.2674, 3.2674], "objectives": {"extension_time": 0.9, "danger_difference": 122.76392338052071, "parameter_difference": 20.263970906661513}, "attributes": {"generation_number": 2, "individual_number": 101, "crash": true, "goal_reached": true, "scenario_length": 35}}, "[[49.33548146764624], [2.5, 78.35955196097477, 2.5], [1.697924818149751, 55.93087362653752], [1.3379713723985494, 40.47494981577525]]": {"ego_positions": [[-38.9434, 2.1168], [-37.64976316917552, 1.986976386520224], [-36.35538686307828, 1.8568599356615607], [-35.05966036569526, 1.7262631606915178], [-33.76211368440062, 1.595052287862771], [-32.46239050775883, 1.4632006878149126], [-31.16023251833598, 1.3301936478153404], [-29.855877458680776, 1.1921344047473026], [-28.549461858365564, 1.0473370709143204], [-27.241122398661574, 0.8963814131751557], [-25.92915284286086, 0.7552011608461531], [-24.613434950065134, 0.6219176500747677], [-23.2950946128933, 0.48847538947539615], [-21.974283953701242, 0.3547256014079909], [-20.651236476990878, 0.2196553186993193], [-19.32651647465521, 0.07906258458821697], [-18.000571464287447, -0.07001606783092724], [-16.673659663752943, -0.22862183987994728], [-15.345935063925948, -0.3967835860169125], [-14.017600611795059, -0.575205658601214], [-12.689011418837133, -0.7664718738144415], [-11.360937382927574, -0.9780384280783967], [-10.029264438021274, -1.2392393273257323], [-8.672061198335832, -1.5644828486905968], [-7.280335545157194, -1.875699441851812], [-5.85650114026558, -2.1233889003241107], [-4.403311757259131, -2.279449660737222], [-2.923877253800154, -2.3299485080919617], [-1.422187797567462, -2.2740158724994703], [0.09713956718301656, -2.1214997595552934], [1.6294144172458156, -1.9006056570785383], [3.1713737729290497, -1.6745156177933471], [4.719525224800763, -1.4931656321561633], [6.267686480176624, -1.3864972035833885], [7.8107588828938965, -1.370992530042718], [9.345910466217132, -1.4471103577401239], [10.872202422592958, -1.604066173014973], [12.38880730328834, -1.831857282931488], [13.893140569990363, -2.1316007694810484]], "ego_orientations": [6.1832, -0.10008779000991819, -0.10030452728909545, -0.10061185810135242, -0.10094703509887104, -0.10124668616776322, -0.10354576011915473, -0.10770866902177545, -0.11361637621325116, -0.11194349947757942, -0.10093943022336038, -0.10087741244884896, -0.10089042454059527, -0.10095326721759257, -0.10321638674298939, -0.10861292110046339, -0.11542991861829321, -0.12245491028797062, -0.1295705060614658, -0.13771659482965237, -0.1488876508911705, -0.16880159014632667, -0.222688713547182, -0.2357266448211508, -0.19974772659845286, -0.141785869960243, -0.07107552812486606, 0.002377100561452572, 0.070446616345758, 0.12725582241429656, 0.1509494431466063, 0.13504526516790438, 0.09516485741777103, 0.04036416073832516, -0.020382224908106927, -0.07755301121372504, -0.1255911234280287, -0.1739254425024228, -0.2166756217580419], "obs_positions": [[45.1507, -2.2199], [43.1607, -2.0202], [41.1707, -1.8206], [39.1807, -1.6209], [37.1907, -1.4212], [35.2007, -1.2216], [33.2107, -1.0219], [31.2207, -0.8222], [29.2307, -0.6226], [27.2406, -0.424], [25.7179, -0.3688], [24.1948, -0.3173], [22.6712, -0.2703], [21.1472, -0.2281], [19.6227, -0.1916], [18.0974, -0.1611], [16.5715, -0.1373], [15.0448, -0.1208], [13.5175, -0.1122], [11.9893, -0.112], [10.46, -0.1208], [8.93, -0.1391], [7.3988, -0.1677], [5.8666, -0.207], [4.3333, -0.2577], [2.7987, -0.3202], [1.2629, -0.3954], [-0.2741, -0.4834], [-1.8126, -0.5853], [-3.3525, -0.7013], [-4.894, -0.8322], [-6.4369, -0.9784], [-7.9814, -1.1407], [-9.5277, -1.3194], [-11.0756, -1.5154], [-12.6252, -1.729], [-14.1769, -1.961], [-15.7302, -2.2117], [-17.700686347760158, -2.554020833854489]], "obs_orientations": [3.0415, 3.0416, 3.0415, 3.0415, 3.0416, 3.0415, 3.0415, 3.0416, 3.0421, 3.1052, 3.1078, 3.1107, 3.1139, 3.1174, 3.1216, 3.126, 3.1307, 3.1359, 3.1414, 3.1473, 3.1536, 3.1602, 3.1672, 3.1746, 3.1823, 3.1904, 3.1988, 3.2076, 3.2168, 3.2262, 3.2359, 3.2462, 3.2567, 3.2674, 3.2784, 3.2899, 3.3016, 3.3136, 3.3136], "objectives": {"extension_time": 0.9, "danger_difference": 89.52599696364183, "parameter_difference": 39.02967318691168}, "attributes": {"generation_number": 2, "individual_number": 106, "crash": true, "goal_reached": true, "scenario_length": 39}},