{"[[18.131148319108163], [10.825316996853097, 269.9582209487506, 638.4275752898366], [0.9717262155456402, 151.4578116513951], [2.4141193413854185, 41.203067415004064]]": {"ego_positions": [[-35.0629, 1.7276], [-33.76927588007208, 1.5976491427503272], [-32.47491193568559, 1.4673995207428707], [-31.179201489124694, 1.3361650586496754], [-29.881955540965976, 1.2011187456770391], [-28.58316428359764, 1.0579925754151145], [-27.28319874809003, 0.9056237667835179], [-25.979665615710275, 0.7639772294452775], [-24.672224683248064, 0.6304112408443276], [-23.362012671678986, 0.49652043481741737], [-22.04906737936295, 0.36231827403540157], [-20.73370993264627, 0.22689041169551497], [-19.417232509390754, 0.08616205838678466], [-18.100820871800234, -0.06273160777744902], [-16.785308443930187, -0.22076625667674346], [-15.4712547105986, -0.3876105525342009], [-14.159195781612718, -0.5630163769373665], [-12.850326237282072, -0.7501929474244939], [-11.545551195056794, -0.9575792340439652], [-10.233222101577232, -1.216212183384186], [-8.875661779955037, -1.542486468154177], [-7.466166418792923, -1.8611683020878087], [-6.01620517134719, -2.12725582975294], [-4.541588117146827, -2.296867657065474], [-3.0586329293036107, -2.3601171913595262], [-1.5825658529075075, -2.3400445104589305], [-0.12614295715939472, -2.279218556411439], [1.3029635867769291, -2.2254619295877345], [2.7059885161990684, -2.212117952202835], [4.087236580373752, -2.249200711993672], [5.450549186350561, -2.34303644109039]], "ego_orientations": [6.1831, -0.1001843705462031, -0.1004138145523008, -0.10230791760570046, -0.1056391036611295, -0.11472346023362068, -0.11340103517361211, -0.10173898784042112, -0.10181790303947569, -0.10185490745415304, -0.10186007825276278, -0.10402646009219563, -0.1093229308482222, -0.11605581876993831, -0.12302249663864195, -0.12941972199840457, -0.13678418135222348, -0.14810198012099995, -0.16899911759458242, -0.22384907334190007, -0.23579637564952804, -0.20656043422703263, -0.15099384011018824, -0.07739743814186362, -0.010575118737879308, 0.033025319275851395, 0.04487994477265822, 0.026095744034579482, -0.008434801619710441, -0.044811871301950745, -0.09553384961850675], "obs_positions": [[39.1807, -1.6209], [37.1907, -1.4212], [35.2007, -1.2216], [33.2107, -1.0219], [31.2207, -0.8222], [29.2307, -0.6226], [27.2406, -0.424], [25.7179, -0.3688], [24.1948, -0.3173], [22.6712, -0.2703], [21.1472, -0.2281], [19.6227, -0.1916], [18.0974, -0.1611], [16.5715, -0.1373], [15.0448, -0.1208], [13.5175, -0.1122], [11.9893, -0.112], [10.46, -0.1208], [8.93, -0.1391], [7.3988, -0.1677], [5.8666, -0.207], [4.3333, -0.2577], [2.7987, -0.3202], [1.2629, -0.3954], [-0.2741, -0.4834], [-1.8126, -0.5853], [-3.3525, -0.7013], [-4.894, -0.8322], [-6.4369, -0.9784], [-7.9814, -1.1407], [-9.968164921891177, -1.3704066501926915]], "obs_orientations": [3.0415, 3.0416, 3.0415, 3.0415, 3.0416, 3.0421, 3.1052, 3.1078, 3.1107, 3.1139, 3.1174, 3.1216, 3.126, 3.1307, 3.1359, 3.1414, 3.1473, 3.1536, 3.1602, 3.1672, 3.1746, 3.1823, 3.1904, 3.1988, 3.2076, 3.2168, 3.2262, 3.2359, 3.2462, 3.2567, 3.2567], "objectives": {"extension_time": 0.6, "danger_difference": 89.52599696364183, "parameter_difference": 215.38798452731885}, "attributes": {"generation_number": 0, "individual_number": 37, "crash": true, "goal_reached": true, "scenario_length": 31}}}