{"[[18.131148319108163], [10.825316996853097, 269.9582209487506, 638.4275752898366], [70.47939895999578, 152.02567194017223], [2.4208038398062097, 32.735501985917445]]": {"ego_positions": [[-33.7694, 1.5978], [-32.475775840644324, 1.467849274814648], [-31.1814118670605, 1.337595518391946], [-29.88571749873394, 1.2043348183299183], [-28.58979692110688, 1.0542163322537814], [-27.292591690322826, 0.9030193084414556], [-25.990990938007194, 0.7673581560851612], [-24.68626084882617, 0.634084177501514], [-23.378795063619922, 0.5005639429406014], [-22.068582802596612, 0.3666704698800798], [-20.75590539755858, 0.231486095338031], [-19.44202513145811, 0.0909280045907381], [-18.12810303380753, -0.05785621572832261], [-16.81495360016136, -0.21582643113352418], [-15.50312350512407, -0.3826413902378002], [-14.193136750569764, -0.5580457148919815], [-12.88616149829498, -0.745249768878101], [-11.583054515330765, -0.9526996663303522], [-10.27208290906003, -1.2114916230156365], [-8.915464301145764, -1.538109339196294], [-7.506507629112382, -1.8571935291267567], [-6.056806604244166, -2.1236378587190314], [-4.582224769783936, -2.2934992910070164], [-3.099160446202702, -2.3568241909052867], [-1.6229188652500026, -2.3366695269666877], [-0.1663190551869823, -2.2756665827415494], [1.262946267754413, -2.221713967963128], [2.666096219814407, -2.2081955982005375], [4.046127225528433, -2.256151353227974], [5.405898257822852, -2.3770381053084564]], "ego_orientations": [6.1831, -0.1001835818905672, -0.10042037985239904, -0.10878215858102358, -0.12213951227251219, -0.1085722311511077, -0.10183210906505025, -0.1017120167760126, -0.1018129082624597, -0.10185644184449494, -0.10407915849506377, -0.10943010880952375, -0.1162046022183123, -0.12320127338480713, -0.12961861870971436, -0.13699855470695343, -0.14833577696016764, -0.1692588269346631, -0.2242248771571278, -0.23619690993271458, -0.20687408662363183, -0.15122286632498305, -0.07750584022956808, -0.010567563022513937, 0.03311900196684725, 0.045005928936110884, 0.026229863599897207, -0.008329216548853324, -0.0651416371734248, -0.1056151852555205], "obs_positions": [[37.1907, -1.4212], [35.2007, -1.2216], [33.2107, -1.0219], [31.2207, -0.8222], [29.2307, -0.6226], [27.2406, -0.424], [25.7179, -0.3688], [24.1948, -0.3173], [22.6712, -0.2703], [21.1472, -0.2281], [19.6227, -0.1916], [18.0974, -0.1611], [16.5715, -0.1373], [15.0448, -0.1208], [13.5175, -0.1122], [11.9893, -0.112], [10.46, -0.1208], [8.93, -0.1391], [7.3988, -0.1677], [5.8666, -0.207], [4.3333, -0.2577], [2.7987, -0.3202], [1.2629, -0.3954], [-0.2741, -0.4834], [-1.8126, -0.5853], [-3.3525, -0.7013], [-4.894, -0.8322], [-6.4369, -0.9784], [-7.9814, -1.1407], [-9.968164921891177, -1.3704066501926915]], "obs_orientations": [3.0416, 3.0415, 3.0415, 3.0416, 3.0421, 3.1052, 3.1078, 3.1107, 3.1139, 3.1174, 3.1216, 3.126, 3.1307, 3.1359, 3.1414, 3.1473, 3.1536, 3.1602, 3.1672, 3.1746, 3.1823, 3.1904, 3.1988, 3.2076, 3.2168, 3.2262, 3.2359, 3.2462, 3.2567, 3.2567], "objectives": {"extension_time": 0.5, "danger_difference": 89.52599696364183, "parameter_difference": 215.38749466684024}, "attributes": {"generation_number": 3, "individual_number": 156, "crash": true, "goal_reached": true, "scenario_length": 30}}, "[[0.6497038491149301], [2.5, 196.67894313424003, 132.34053904489662], [0.32231367276753753, 26.028951548848283], [1.1157645336453417, 23.09694329286954]]": {"ego_positions": [[-33.7694, 1.5978], [-32.475775840644324, 1.467849274814648], [-31.1814118670605, 1.337595518391946], [-29.88571749873394, 1.2043348183299183], [-28.58979692110688, 1.0542163322537814], [-27.292591690322826, 0.9030193084414556], [-25.990990938007194, 0.7673581560851612], [-24.68626084882617, 0.634084177501514], [-23.378795063619922, 0.5005639429406014], [-22.068582802596612, 0.3666704698800798], [-20.756021764751694, 0.23083664313937924], [-19.44285443713283, 0.08648701586420576], [-18.130550777546617, -0.07033279733992723], [-16.819943156915198, -0.23991177287019708], [-15.511261418754126, -0.41970387895006844], [-14.204583252640104, -0.6068163437579526], [-12.90035241617941, -0.8005639146223543], [-11.59911854282938, -1.0077848662919906], [-10.288644869683113, -1.2559579644167322], [-8.932109069427982, -1.5646507068965263], [-7.529143457814302, -1.8757168572563128], [-6.094940603869994, -2.138102927533239], [-4.642256424961877, -2.334212736484728], [-3.180777526298165, -2.445566408184284], [-1.7195184370165035, -2.4846572551539214], [-0.26582525243410693, -2.481283713637001], [1.175181709881965, -2.4398066567972774], [2.5971171806353026, -2.3364707138165066], [3.9981860412995904, -2.2080886367255657], [5.379357945216025, -2.0853553984571707]], "ego_orientations": [6.1831, -0.1001835818905672, -0.10042037985239904, -0.10878215858102358, -0.12213951227251219, -0.1085722311511077, -0.10183210906505025, -0.1017120167760126, -0.1018129082624597, -0.10185644184449494, -0.10551292366444276, -0.11394837571555616, -0.12398676162235223, -0.13298395792290751, -0.1396947873330152, -0.14450642199468788, -0.1511694920763489, -0.16631584690007006, -0.21131506817261414, -0.2282020195005101, -0.2021706596793873, -0.15971680717645054, -0.10544531326829887, -0.0484754395706366, -0.008571475557813457, 0.009715716311696987, 0.05404078866802475, 0.08619733352584102, 0.09300106201319736, 0.08175167190568455], "obs_positions": [[37.1907, -1.4212], [35.2007, -1.2216], [33.2107, -1.0219], [31.2207, -0.8222], [29.2307, -0.6226], [27.2406, -0.424], [25.7179, -0.3688], [24.1948, -0.3173], [22.6712, -0.2703], [21.1472, -0.2281], [19.6227, -0.1916], [18.0974, -0.1611], [16.5715, -0.1373], [15.0448, -0.1208], [13.5175, -0.1122], [11.9893, -0.112], [10.46, -0.1208], [8.93, -0.1391], [7.3988, -0.1677], [5.8666, -0.207], [4.3333, -0.2577], [2.7987, -0.3202], [1.2629, -0.3954], [-0.2741, -0.4834], [-1.8126, -0.5853], [-3.3525, -0.7013], [-4.894, -0.8322], [-6.4369, -0.9784], [-7.9814, -1.1407], [-9.968164921891177, -1.3704066501926915]], "obs_orientations": [3.0416, 3.0415, 3.0415, 3.0416, 3.0421, 3.1052, 3.1078, 3.1107, 3.1139, 3.1174, 3.1216, 3.126, 3.1307, 3.1359, 3.1414, 3.1473, 3.1536, 3.1602, 3.1672, 3.1746, 3.1823, 3.1904, 3.1988, 3.2076, 3.2168, 3.2262, 3.2359, 3.2462, 3.2567, 3.2567], "objectives": {"extension_time": 0.5, "danger_difference": 7.697745740489317, "parameter_difference": 13.000867560055267}, "attributes": {"generation_number": 9, "individual_number": 478, "crash": false, "goal_reached": true, "scenario_length": 30}}, "[[0.6497038491149301], [2.5, 199.991993046096, 2.5], [0.033671713474336035, 26.028951548848283], [1.1157645336453417, 23.09694329286954]]": {"ego_positions": [[-33.7694, 1.5978], [-32.475775840644324, 1.467849274814648], [-31.1814118670605, 1.337595518391946], [-29.88571749873394, 1.2043348183299183], [-28.58979692110688, 1.0542163322537814], [-27.292591690322826, 0.9030193084414556], [-25.990990938007194, 0.7673581560851612], [-24.68626084882617, 0.634084177501514], [-23.378795063619922, 0.5005639429406014], [-22.068582802596612, 0.3666704698800798], [-20.756243169180006, 0.2294715003343313], [-19.444212477126143, 0.07845330680535469], [-18.133660755860245, -0.08792669919607957], [-16.824848117213946, -0.26653557170962383], [-15.517834450674831, -0.4538170270222453], [-14.212609722651841, -0.6464715648804633], [-12.909423220381194, -0.8430205413579285], [-11.608685544963157, -1.0490894585823012], [-10.297849022375583, -1.2890727711431207], [-8.940296549951103, -1.580558273405553], [-7.536575986777996, -1.8755464283648378], [-6.09781829702099, -2.129820942292977], [-4.636958891947571, -2.2940407457474903], [-3.16797020041445, -2.3546173976699207], [-1.7044086029289036, -2.3325668275857803], [-0.2579763362157535, -2.2696777024310597], [1.1642311228328353, -2.208875562177011], [2.563370377684928, -2.166673270142412], [3.942322779383352, -2.1494587607657163], [5.303897511818519, -2.160275383169647]],