{"[[24.228917497517973], [2.6137747204191264, 294.6356401332558, 2.5], [0.843098437606899, 83.5331158306265], [2.1664860552016703, 25.561938466803685]]": {"ego_positions": [[-51.8785, 3.4147], [-50.58487584652136, 3.2847492254384925], [-49.29051177925429, 3.154496502903714], [-47.994799284387696, 3.023750857532009], [-46.697264658754655, 2.892414899466957], [-45.39755051885264, 2.760465328974441], [-44.09539975982428, 2.6279275073424158], [-42.790641052861375, 2.4948573296064893], [-41.483174779363466, 2.36133989012175], [-40.172960454308146, 2.2274676567793654], [-38.86001224815409, 2.0932919643646652], [-37.544382678450724, 1.9588837709069395], [-36.226154856375366, 1.824311920069783], [-34.905439106000735, 1.6896117841518736], [-33.58236194031182, 1.554832965136277], [-32.25706108355478, 1.4200255044106285], [-30.929684257481185, 1.285214162999075], [-29.60108993739247, 1.1430844892406227], [-28.272599476076696, 0.9847538262757504], [-26.941243751911717, 0.8379015061990688], [-25.607143452380996, 0.7026193680021863], [-24.271651981056355, 0.5679326919729237], [-22.934957220591738, 0.43336589157142175], [-21.597198123292632, 0.2988130618890989], [-20.255585080430574, 0.16396757908257126], [-18.90104406956113, 0.02146752816978347], [-17.53774464179813, -0.1472595235557027], [-16.167280070489145, -0.3342314453795735], [-14.78847162314373, -0.5318871129458627], [-13.402553024000834, -0.7426407665865322], [-12.008639201642652, -0.9596893496567225], [-10.608637776761562, -1.1803794672527126], [-9.20417039742004, -1.400454803404973], [-7.797392571645998, -1.6274918789545083], [-6.39413723176884, -1.8777432325750292], [-4.991121002721468, -2.1097710772885563], [-3.5773214302621508, -2.260650886431186], [-2.143611221420905, -2.2906961317850687], [-0.6845928517201051, -2.1885819808022102], [0.8019618909651844, -1.9656826697444345], [2.31568653954728, -1.650408354026103], [3.8529000704610654, -1.2867543994261808], [5.403808067597216, -0.9388148286761353], [6.957569356119558, -0.6670511377626738], [8.507029171450368, -0.499020263495348], [10.046358495146976, -0.460840822556829], [11.572867514288264, -0.5567570423967281], [13.086479878605108, -0.7719829196970371], [14.586921411548596, -1.0926415804353438], [16.07170070160994, -1.5233209081288537], [17.54453850724839, -2.02884170872415]], "ego_orientations": [6.1831, -0.10018319995946445, -0.10041872823623965, -0.10071944973525504, -0.10103063055671502, -0.10131323027988692, -0.10154584928014465, -0.10171768309888929, -0.10180243150257873, -0.10183861052315724, -0.10183492670293859, -0.10177668022150232, -0.10168958662702021, -0.10158723435678407, -0.10144557030072043, -0.10129314012518265, -0.10004657873029998, -0.11424524998437668, -0.11629751872734762, -0.10120812484700359, -0.10070849809432225, -0.1003867373552012, -0.10028072624056517, -0.10020944009724708, -0.1001359009326297, -0.11339337812158323, -0.13096007446846514, -0.13887938143850143, -0.14701734172656789, -0.15331159686250384, -0.15567357769351364, -0.15654614898981833, -0.15354376872982822, -0.1708035867068327, -0.17729385174074963, -0.1417456348653081, -0.06634805249746734, 0.025052724689013317, 0.11225584322407389, 0.1812474318942341, 0.22465838867801224, 0.2333692700172545, 0.2009875432559891, 0.14351676525962898, 0.06848619960373448, -0.01963073356251499, -0.10430244269219013, -0.17536035076788536, -0.24804601471218568, -0.3120194428124039, -0.3430682915919254], "obs_positions": [[65.0508, -4.2165], [63.0608, -4.0169], [61.0708, -3.8172], [59.0808, -3.6176], [57.0908, -3.4179], [55.1008, -3.2182], [53.1108, -3.0185], [51.1208, -2.8188], [49.1308, -2.6192], [47.1407, -2.4195], [45.1507, -2.2199], [43.1607, -2.0202], [41.1707, -1.8205], [39.1807, -1.6209], [37.1907, -1.4212], [35.2007, -1.2216], [33.2107, -1.0219], [31.2207, -0.8222], [29.2307, -0.6226], [27.2406, -0.424], [25.7179, -0.3688], [24.1948, -0.3173], [22.6712, -0.2703], [21.1472, -0.2281], [19.6227, -0.1916], [18.0974, -0.1611], [16.5715, -0.1373], [15.0448, -0.1208], [13.5175, -0.1122], [11.9893, -0.112], [10.46, -0.1208], [8.93, -0.1391], [7.3988, -0.1677], [5.8666, -0.207], [4.3333, -0.2577], [2.7987, -0.3202], [1.2629, -0.3954], [-0.2741, -0.4834], [-1.8126, -0.5853], [-3.3525, -0.7013], [-4.894, -0.8322], [-6.4369, -0.9784], [-7.9814, -1.1407], [-9.5277, -1.3194], [-11.0756, -1.5154], [-12.6252, -1.729], [-14.1769, -1.961], [-15.7302, -2.2117], [-17.2857, -2.4821], [-18.8431, -2.7724], [-20.804491728385337, -3.1634786210234287]], "obs_orientations": [3.0415, 3.0415, 3.0415, 3.0415, 3.0415, 3.0415, 3.0415, 3.0415, 3.0415, 3.0415, 3.0415, 3.0415, 3.0415, 3.0415, 3.0416, 3.0415, 3.0415, 3.0416, 3.0421, 3.1052, 3.1078, 3.1107, 3.1139, 3.1174, 3.1216, 3.126, 3.1307, 3.1359, 3.1414, 3.1473, 3.1536, 3.1602, 3.1672, 3.1746, 3.1823, 3.1904, 3.1988, 3.2076, 3.2168, 3.2262, 3.2359, 3.2462, 3.2567, 3.2674, 3.2784, 3.2899, 3.3016, 3.3136, 3.3258, 3.3384, 3.3384], "objectives": {"extension_time": 1.9, "danger_difference": 123.98097858541283, "parameter_difference": 39.03513608870015}, "attributes": {"generation_number": 3, "individual_number": 191, "crash": true, "goal_reached": true, "scenario_length": 51}}}