{"[[40.46187345045798], [2.5, 78.35955196097477, 89.62564496278569], [0.11600417226419679, 10.218059916044384], [1.362179087093916, 40.280547270385114]]": {"ego_positions": [[-47.998, 3.0254], [-46.704376006546674, 2.8954484794527664], [-45.41001152282542, 2.7652138622494022], [-44.11429518807721, 2.63451707769294], [-42.81675559546771, 2.5032380546745703], [-41.51703648537633, 2.3713433184493855], [-40.21488153903101, 2.238852863039139], [-38.91011897683331, 2.1058270894853472], [-37.60264987915917, 1.9723376622442839], [-36.2924361664389, 1.838460322191561], [-34.979490880216574, 1.704258143188799], [-33.66386582822001, 1.5698083797908007], [-32.345643424204674, 1.4351869985237105], [-31.024929967312033, 1.3004694040649518], [-29.702482231280776, 1.158481804182206], [-28.3797141137345, 1.000458582906015], [-27.053722789203665, 0.8537149504382824], [-25.72446426022719, 0.718649544518807], [-24.39335551699778, 0.5842620996996035], [-23.060617296671104, 0.44998853210557394], [-21.726413741546995, 0.3156811724719926], [-20.390991999093647, 0.18029576512415396], [-19.054913402048378, 0.03958880895818228], [-17.718606012878055, -0.10943130614279015], [-16.382297004613605, -0.2678355218189623], [-15.04610516645801, -0.4356900746049212], [-13.710210219640729, -0.6137230536865467], [-12.374968180914383, -0.8045154148671372], [-11.041199447122057, -1.0154475553409679], [-9.709676092080652, -1.253465463504463], [-8.379156375555734, -1.5056401764575302], [-7.048335283162534, -1.758365681549372], [-5.716297546424892, -2.0016170138264], [-4.382390087273314, -2.2285276944617634], [-3.046247479562406, -2.4349633939102726], [-1.7077498367540442, -2.6191939707696354], [-0.3669691332864864, -2.7815023821127465], [0.9757214018079333, -2.925223935347536], [2.3194123983038386, -3.058976027550271], [3.6634136807113253, -3.189543057376089], [5.0073636563327755, -3.320359108617589], [6.351140726504644, -3.452557026239835]], "ego_orientations": [6.1831, -0.10018342471371167, -0.10038982444398403, -0.10067690381799554, -0.10098585570967167, -0.10127414718263861, -0.1015108265794833, -0.10168387997673811, -0.1017951950575906, -0.10185219764891063, -0.10186272406481667, -0.10181241444468281, -0.10172342812605173, -0.10051618401488494, -0.11454802617966564, -0.11663960091339742, -0.10145722606810725, -0.10084872013284052, -0.10046916119577443, -0.10035711116283696, -0.10030154493061527, -0.10246150670899468, -0.10775637487323131, -0.11448381324528079, -0.12145339731926263, -0.12854395428963183, -0.1366791550283999, -0.14781612171718805, -0.16760458508774256, -0.1840079307441096, -0.18893320346685005, -0.18517208146841835, -0.1752332738303135, -0.1612476641026852, -0.14511652002327668, -0.12847990003982002, -0.11269888632068437, -0.10186130097113555, -0.09741732232950007, -0.09668382690014976, -0.09750363444473553, -0.09860232668202862], "obs_positions": [[59.0808, -3.6176], [57.0908, -3.4179], [55.1008, -3.2182], [53.1108, -3.0185], [51.1208, -2.8189], [49.1307, -2.6192], [47.1407, -2.4195], [45.1507, -2.2199], [43.1607, -2.0202], [41.1707, -1.8206], [39.1807, -1.6209], [37.1907, -1.4212], [35.2007, -1.2216], [33.2107, -1.0219], [31.2207, -0.8222], [29.2307, -0.6226], [27.2406, -0.424], [25.7179, -0.3688], [24.1948, -0.3173], [22.6712, -0.2703], [21.1472, -0.2281], [19.6227, -0.1916], [18.0974, -0.1611], [16.5715, -0.1373], [15.0448, -0.1208], [13.5175, -0.1122], [11.9893, -0.112], [10.46, -0.1208], [8.93, -0.1391], [7.3988, -0.1677], [5.8666, -0.207], [4.3333, -0.2577], [2.7987, -0.3202], [1.2629, -0.3954], [-0.2741, -0.4834], [-1.8126, -0.5853], [-3.3525, -0.7013], [-4.894, -0.8322], [-6.4369, -0.9784], [-7.9814, -1.1407], [-9.5277, -1.3194], [-11.511893376361076, -1.5703514797821059]], "obs_orientations": [3.0415, 3.0415, 3.0415, 3.0416, 3.0416, 3.0415, 3.0415, 3.0416, 3.0415, 3.0415, 3.0415, 3.0416, 3.0415, 3.0415, 3.0416, 3.0421, 3.1052, 3.1078, 3.1107, 3.1139, 3.1174, 3.1216, 3.126, 3.1307, 3.1359, 3.1414, 3.1473, 3.1536, 3.1602, 3.1672, 3.1746, 3.1823, 3.1904, 3.1988, 3.2076, 3.2168, 3.2262, 3.2359, 3.2462, 3.2567, 3.2674, 3.2674], "objectives": {"extension_time": 1.6, "danger_difference": 122.86690693363457, "parameter_difference": 4.3865986286427}, "attributes": {"generation_number": 10, "individual_number": 509, "crash": true, "goal_reached": true, "scenario_length": 42}}}