{"[[22.272520513976367], [9.234998306359705, 263.31696691540293, 772.4058937257796], [1.6929714093103896, 111.95183429033277], [0.9855013146879312, 33.69455947866886]]": {"ego_positions": [[2.5705, 35.1789], [2.5702649939305457, 33.57910229528032], [2.569547165955495, 31.98045421475267], [2.5674717839331933, 30.38446700509759], [2.5622504773422765, 28.79422480811421], [2.554638817951765, 27.211789151154562], [2.5457536252697226, 25.638515791516674], [2.5364484640808453, 24.075352479614658], [2.527350601362383, 22.522903378395917], [2.5188969740976703, 20.981486367059006], [2.5113681182092495, 19.451183710213776], [2.504956589907655, 17.932032142509982], [2.4998617129881104, 16.42440794379324], [2.496219871693554, 14.928814230596963], [2.494890480833742, 13.449368623656376], [2.49681058509246, 11.994734507172936], [2.500504542502887, 10.562417865967006], [2.5049262066687454, 9.148424016069612], [2.5094083175814115, 7.749409967694952], [2.5135025306853422, 6.36244689718238], [2.512897684611233, 4.984985738378683], [2.490441384573448, 3.6148234833784585], [2.4340563011933147, 2.2500705855439236], [2.339423246177601, 0.8891204708876917], [2.207616940257622, -0.46938064315362704], [2.042541128184788, -1.826989004806265], [1.853418412523789, -3.1861479822003225], [1.6622505387412274, -4.547843161076506], [1.4847680779739996, -5.913380955697861], [1.3320582443614497, -7.283594499234908], [1.2096325151487086, -8.65862869966827], [1.116754664216597, -10.038375568495297], [1.050102849906401, -11.423887408091359], [1.005364182118216, -12.816240453362312], [0.9653486205608002, -14.220406257683022], [0.8781117328240848, -15.656129958127776], [0.7176458204067684, -17.142210416767867], [0.5089742109368685, -18.685912248828302], [0.33832820704237054, -20.270434551991197], [0.2534336609410639, -21.883339335179198], [0.2571089291166251, -23.515482692404888], [0.2710082676776273, -25.15916590135663], [0.2813591497552035, -26.80950063921111], [0.28184586038109805, -28.4620959087717], [0.28025550020161916, -30.1147696740624], [0.2789092787444285, -31.767140237420122], [0.27808935138746094, -33.419165065516225], [0.2777701860441595, -35.07078914306567], [0.2778446192541515, -36.721882882338505], [0.2863786718368848, -38.373994334294395], [0.33121000611103124, -40.03209828624307]], "ego_orientations": [4.7123, -1.5710543409978728, -1.5714645641446117, -1.5730432290677392, -1.5749727484428862, -1.5761265151213975, -1.5766733631130831, -1.576758847054995, -1.5765070845923468, -1.5760224009027626, -1.5753909123850791, -1.574612640529871, -1.5737312662629614, -1.572690411958182, -1.5704788529018652, -1.5686872736165993, -1.5678511147884882, -1.5675649865615533, -1.5676746521972174, -1.5680491078475818, -1.57715531126445, -1.5986862654493121, -1.6260070447484125, -1.6542684653834128, -1.6801595784040568, -1.7027009768118893, -1.712111728867252, -1.7067373016094933, -1.69196598692929, -1.670891413512476, -1.6484950151724291, -1.6279528556534402, -1.6103342896749737, -1.5960827125585473, -1.6103542609209942, -1.6546560283023677, -1.7000778962788052, -1.6981528899552298, -1.6558067015945905, -1.587643717370006, -1.5615105691099407, -1.562527335623595, -1.5680104155326307, -1.5716766182985724, -1.571741833203732, -1.5714561914719782, -1.5711393843743444, -1.5708448307851492, -1.5706889827438655, -1.5564810172426897, -1.5310535367132205], "obs_positions": [[2.8, 24.6026], [2.8, 23.2938], [2.8, 21.985], [2.8, 20.6762], [2.8, 19.3673], [2.8, 18.0585], [2.8, 16.7497], [2.8, 15.4409], [2.8, 14.1321], [2.8, 12.8233], [2.8, 11.5145], [2.8, 10.2057], [2.8, 8.8969], [2.8, 7.588], [2.8, 6.2792], [2.8, 4.9704], [2.8, 3.6616], [2.8, 2.3528], [2.8, 1.044], [2.8, -0.2647], [2.8, -1.5735], [2.8, -2.8823], [2.8, -4.1911], [2.8, -5.5], [2.8729, -6.8075], [2.9455, -8.1147], [3.0181, -9.4223], [3.0907, -10.7299], [3.1632, -12.0374], [3.2375, -13.3297], [3.3055, -14.4476], [3.3258, -15.4851], [3.3018, -16.4293], [3.2379, -17.4645], [3.1355, -18.5792], [2.9977, -19.8676], [2.8618, -21.1799], [2.7559, -22.4744], [2.6801, -23.7107], [2.6335, -24.9108], [2.6173, -26.053], [2.6306, -27.1768], [2.6361, -28.3107], [2.6417, -29.4447], [2.6473, -30.5784], [2.6529, -31.7124], [2.6584, -32.8461], [2.6637, -33.9801], [2.6693, -35.1138], [2.6749, -36.2478], [2.680466611690716, -37.38468637199778]], "obs_orientations": [4.7123, 4.7123, 4.7123, 4.7123, 4.7123, 4.7123, 4.7123, 4.7123, 4.7123, 4.7123, 4.7123, 4.7123, 4.7123, 4.7123, 4.7123, 4.7123, 4.7123, 4.7123, 4.7123, 4.7123, 4.7123, 4.7123, 4.7123, -1.5153, -1.5153, -1.5153, -1.5153, -1.5153, -1.5134, -1.5101, -1.5512, -1.5963, -1.6325, -1.6623, -1.6774, -1.674, -1.6524, -1.632, -1.6096, -1.5849, -1.559, -1.5659, -1.5659, -1.5659, -1.5659, -1.5659, -1.5661, -1.5659, -1.5659, -1.5659, -1.5659], "objectives": {"extension_time": 0.3, "danger_difference": 0.19554824147402616, "parameter_difference": 308.98838239034217}, "attributes": {"generation_number": 0, "individual_number": 39, "crash": false, "goal_reached": true, "scenario_length": 51}}}