{"[[36.06159349535543], [33.37207232336476, 303.10905897345384, 604.9153287701916], [1.4412979013057368, 56.590149882560524], [1.4311080658986985, 14.82937958438854]]": {"ego_positions": [[2.5705, 15.9788]], "ego_orientations": [4.7123], "obs_positions": [[2.8, 8.8969]], "obs_orientations": [4.7123], "objectives": {"extension_time": -0.9, "danger_difference": 198.05735976216133, "parameter_difference": 242.3400888813178}, "attributes": {"generation_number": 0, "individual_number": 13, "crash": true, "goal_reached": false, "scenario_length": 1}}, "[[2.5697847100572826], [49.31993049875732, 167.91192857983572, 116.22230462591654], [1.0509322093599822, 99.01787185622727], [1.7675207859340156, 43.32384680054954]]": {"ego_positions": [[2.5705, 15.9788]], "ego_orientations": [4.7123], "obs_positions": [[2.8, 8.8969]], "obs_orientations": [4.7123], "objectives": {"extension_time": -0.9, "danger_difference": 198.05735976216133, "parameter_difference": 50.51644776721735}, "attributes": {"generation_number": 0, "individual_number": 44, "crash": true, "goal_reached": false, "scenario_length": 1}}, "[[36.48066542236724], [9.105503834100908, 99.60759208787483, 2.5], [1.7609488136602802, 12.416998426315073], [2.488003440641827, 46.932828577083]]": {"ego_positions": [[2.5705, 15.9788]], "ego_orientations": [4.7123], "obs_positions": [[2.8, 8.8969]], "obs_orientations": [4.7123], "objectives": {"extension_time": -0.9, "danger_difference": 198.05735976216133, "parameter_difference": 3.991263140115082}, "attributes": {"generation_number": 1, "individual_number": 78, "crash": true, "goal_reached": false, "scenario_length": 1}}, "[[36.22549207874628], [1.9242349019370746, 98.65647468088522, 2.5], [0.9413492374388559, 117.36212817264175], [2.4437661694506434, 46.932828577083]]": {"ego_positions": [[2.5705, 15.9788]], "ego_orientations": [4.7123], "obs_positions": [[2.8, 8.8969]], "obs_orientations": [4.7123], "objectives": {"extension_time": -0.9, "danger_difference": 198.05735976216133, "parameter_difference": 1.8163788489446882}, "attributes": {"generation_number": 2, "individual_number": 145, "crash": true, "goal_reached": false, "scenario_length": 1}}, "[[46.46267188006676], [1.9690546548224237, 5.633012498173787, 1.9038612861158315], [0.4345077031427089, 134.79195208291367], [0.5391170573617649, 12.566733285720268]]": {"ego_positions": [[2.5705, 15.9788]], "ego_orientations": [4.7123], "obs_positions": [[2.8, 8.8969]], "obs_orientations": [4.7123], "objectives": {"extension_time": -0.9, "danger_difference": 198.05735976216133, "parameter_difference": 1.4834299815506604}, "attributes": {"generation_number": 6, "individual_number": 306, "crash": true, "goal_reached": false, "scenario_length": 1}}, "[[5.652662816157953], [2.4782486634838414, 177.77088883069402, 0.5740739093356997], [1.9115751960325535, 7.170554758989908], [0.6049562809210279, 11.044041852328562]]": {"ego_positions": [[2.5705, 15.9788]], "ego_orientations": [4.7123], "obs_positions": [[2.8, 8.8969]], "obs_orientations": [4.7123], "objectives": {"extension_time": -0.9, "danger_difference": 198.05735976216133, "parameter_difference": 1.373823745188593}, "attributes": {"generation_number": 6, "individual_number": 314, "crash": true, "goal_reached": false, "scenario_length": 1}}, "[[47.69038624148549], [2.437592381286787, 6.542661126412479, 2.5], [1.111006897086103, 87.00394568164458], [7.410258723328429, 11.029209692599727]]": {"ego_positions": [[2.5705, 15.9788]], "ego_orientations": [4.7123], "obs_positions": [[2.8, 8.8969]], "obs_orientations": [4.7123], "objectives": {"extension_time": -0.9, "danger_difference": 198.05735976216133, "parameter_difference": 1.7211677826372447}, "attributes": {"generation_number": 8, "individual_number": 407, "crash": true, "goal_reached": false, "scenario_length": 1}}, "[[6.140266925366959], [2.4794120256628718, 11.221410353818456, 1.9061388306473905], [1.7587369773204369, 133.348926843598], [0.24427064285058897, 8.834555987285405]]": {"ego_positions": [[2.5705, 15.9788]], "ego_orientations": [4.7123], "obs_positions": [[2.8, 8.8969]], "obs_orientations": [4.7123], "objectives": {"extension_time": -0.9, "danger_difference": 198.05735976216133, "parameter_difference": 1.2982832847069874}, "attributes": {"generation_number": 10, "individual_number": 523, "crash": true, "goal_reached": false, "scenario_length": 1}}, "[[46.91205978750564], [0.48806960397401955, 4.173091524926022, 2.2444563336343393], [21.333730327577037, 8.732040256024867], [5.9225258890249926, 15.731101039950204]]": {"ego_positions": [[2.5705, 15.9788]], "ego_orientations": [4.7123], "obs_positions": [[2.8, 8.8969]], "obs_orientations": [4.7123], "objectives": {"extension_time": -0.9, "danger_difference": 198.05735976216133, "parameter_difference": 1.3559634801582123}, "attributes": {"generation_number": 10, "individual_number": 537, "crash": true, "goal_reached": false, "scenario_length": 1}}, "[[5.7049424310677095], [0.24696050683189325, 171.77730379303608, 0.8314965867365083], [1.9115751960325535, 7.15366293517847], [1.5363041899317333, 21.65768298342425]]": {"ego_positions": [[2.5705, 15.9788]], "ego_orientations": [4.7123], "obs_positions": [[2.8, 8.8969]], "obs_orientations": [4.7123], "objectives": {"extension_time": -0.9, "danger_difference": 198.05735976216133, "parameter_difference": 1.0294946862564167}, "attributes": {"generation_number": 10, "individual_number": 546, "crash": true, "goal_reached": false, "scenario_length": 1}}, "[[5.705720617937011], [0.4120397677261543, 5.180567073706484, 0.8314950280577919], [1.9115751960325535, 31.21582554436138], [1.5363041899317333, 21.67355754273743]]": {"ego_positions": [[2.5705, 15.9788]], "ego_orientations": [4.7123], "obs_positions": [[2.8, 8.8969]], "obs_orientations": [4.7123], "objectives": {"extension_time": -0.9, "danger_difference": 198.05735976216133, "parameter_difference": 0.5867039051464283}, "attributes": {"generation_number": 11, "individual_number": 552, "crash": true, "goal_reached": false, "scenario_length": 1}}, "[[5.7049424310677095], [0.2481928622270709, 171.77730379303608, 0.29190894682594054], [1.9115751960325535, 3.3272816444745343], [1.5363041899317333, 21.65768298342425]]": {"ego_positions": [[2.5705, 15.9788]], "ego_orientations": [4.7123], "obs_positions": [[2.8, 8.8969]], "obs_orientations": [4.7123], "objectives": {"extension_time": -0.9, "danger_difference": 198.05735976216133, "parameter_difference": 0.9812280096769264}, "attributes": {"generation_number": 11, "individual_number": 577, "crash": true, "goal_reached": false, "scenario_length": 1}}, "[[31.54394929486324], [0.24696050683189325, 27.74868410299888, 0.8314965867365083], [1.932947624225451, 7.165237823767577], [1.5363041899317333, 21.65768298342425]]": {"ego_positions": [[2.5705, 15.9788]], "ego_orientations": [4.7123], "obs_positions": [[2.8, 8.8969]], "obs_orientations": [4.7123], "objectives": {"extension_time": -0.9, "danger_difference": 198.05735976216133, "parameter_difference": 0.8522989416993474}, "attributes": {"generation_number": 11, "individual_number": 581, "crash": true, "goal_reached": false, "scenario_length": 1}}, "[[5.704972104147439], [0.24696050683189325, 15.149966941106157, 0.831561055466959], [1.9115751960325535, 7.1517965554665235], [1.5363041899317333, 21.65768298342425]]": {"ego_positions": [[2.5705, 15.9788]], "ego_orientations": [4.7123], "obs_positions": [[2.8, 8.8969]], "obs_orientations": [4.7123], "objectives": {"extension_time": -0.9, "danger_difference": 198.05735976216133, "parameter_difference": 0.5726503969191056}, "attributes": {"generation_number": 11, "individual_number": 588, "crash": true, "goal_reached": false, "scenario_length": 1}}, "[[6.341361754755164], [2.4759748664397847, 4.046444535680582, 0.21607139925674457], [21.442254223579162, 7.170517441826207], [1.0179368858794375, 22.34546648534776]]": {"ego_positions": [[2.5705, 15.9788]], "ego_orientations": [4.7123], "obs_positions": [[2.8, 8.8969]],