{"[[14.045793101472578], [2.5, 186.79262403426299, 96.91436264063024], [152.57716818054172, 91.06424052706454], [0.71775771144724, 37.85607102088247]]": {"ego_positions": [[36.0229, 16.25], [34.32016563189793, 16.275995193743586], [32.60513878153315, 16.366392708575567], [30.883085638251764, 16.43678042335146], [29.188193626741068, 16.44483269310484], [27.55587406971185, 16.46296328075686], [25.995523568350162, 16.491253125164818], [24.48542023537131, 16.5], [22.98542023537131, 16.5], [21.48542023537131, 16.5], [19.994022257960978, 16.480203455219275], [18.508742790088554, 16.47320506731828], [17.021201605135097, 16.483331328023052], [15.52939208978335, 16.494211208687638], [14.033826861194171, 16.499388050742866], [12.535543072558347, 16.50015327006364], [11.035798764037565, 16.5], [9.535798764037565, 16.5], [8.035798764037565, 16.5], [6.535798764037565, 16.5]], "ego_orientations": [3.1415, 3.102984769696367, 3.0844973175487653, 3.124770600320839, 3.1379931078722145, 3.1235789493317068, 3.127625158989414, -3.1415926535897927, -3.1415926535897927, -3.1415926535897927, -3.1282726075727645, 3.1385477565295083, 3.133195425819157, 3.136055192893424, 3.1399971852454005, -3.1414698464622544, 3.141592653589793, 3.141592653589793, 3.141592653589793, 3.141592653589793], "obs_positions": [[32.6662, 21.4627], [30.6341, 21.1784], [28.6588, 20.7472], [26.6699, 20.1387], [24.809, 19.3933], [22.9685, 18.472], [21.2044, 17.4026], [19.5455, 16.2178], [17.9884, 14.9371], [16.5126, 13.5635]], "obs_orientations": [3.2805, 3.3565, 3.4384, 3.5226, 3.6056, 3.6865, 3.7618, 3.8299, 3.891, 3.9457], "objectives": {"extension_time": -0.8, "danger_difference": -0.031593779772698394, "parameter_difference": 1.8706206233305274}, "attributes": {"generation_number": 11, "individual_number": 579, "crash": false, "goal_reached": true, "scenario_length": 20}}, "[[14.599593725340648], [2.0327800044897653, 200.0, 2.5], [6.2483956224707295, 4.345694373449248], [0.42122773384892076, 28.802431607535954]]": {"ego_positions": [[36.0229, 16.25], [34.322654016007434, 16.250969388406432], [32.621037980592654, 16.255946834742776], [30.918225313361464, 16.26523575335517], [29.228614367419418, 16.272115858363435], [27.587335362205646, 16.240047613826032], [25.993403953664203, 16.081711442525503], [24.436895721712453, 15.8210202979825], [22.908115607989515, 15.561808743433359], [21.397597915856295, 15.406537834190026], [19.89610631039544, 15.375], [18.39610631039544, 15.375], [16.89610631039544, 15.375], [15.396106310395439, 15.375], [13.896106310395439, 15.375], [12.396106310395439, 15.375], [10.896106310395439, 15.375], [9.396106310395439, 15.375], [7.896106310395439, 15.375], [6.396106310395439, 15.375]], "ego_orientations": [3.1415, 3.1401217910985295, 3.1370630878856973, 3.1359063552981223, 3.13991595028949, -3.0869031026562586, -3.0008969738258076, -2.9619514470119896, -2.9975860696730274, -3.0846584432691815, 3.1415926535897922, 3.141592653589793, 3.141592653589793, 3.141592653589793, 3.141592653589793, 3.141592653589793, 3.141592653589793, 3.141592653589793, 3.141592653589793, 3.141592653589793], "obs_positions": [[32.6662, 21.4627], [30.6341, 21.1784], [28.6588, 20.7472], [26.6699, 20.1387], [24.809, 19.3933], [22.9685, 18.472], [21.2044, 17.4026], [19.5455, 16.2178], [17.9884, 14.9371], [16.5126, 13.5635]], "obs_orientations": [3.2805, 3.3565, 3.4384, 3.5226, 3.6056, 3.6865, 3.7618, 3.8299, 3.891, 3.9457], "objectives": {"extension_time": -0.8, "danger_difference": -0.030368221943567697, "parameter_difference": 39.02865247786289}, "attributes": {"generation_number": 12, "individual_number": 648, "crash": false, "goal_reached": true, "scenario_length": 20}}, "[[2.198775048129592], [2.4913134703236235, 65.72268953486997, 96.91436264063024], [5.429812749535715, 2.1113873631352824], [1.6890789755105915, 31.6246774123198]]": {"ego_positions": [[36.0229, 16.25], [34.322654016007434, 16.250969388406432], [32.621037980592654, 16.255946834742776], [30.918225313361464, 16.26523575335517], [29.228614367419418, 16.296417626082526], [27.59344513512516, 16.38835262180492], [26.030043477704506, 16.477084305591628], [24.519248640157475, 16.5], [23.019248640157475, 16.5], [21.519248640157475, 16.5], [20.01369330560403, 16.4997351566835], [18.478317646508145, 16.499614115011507], [16.907949709389065, 16.499641283920454], [15.310931322620817, 16.499693733674654], [13.697513224158868, 16.49983102124723], [12.075777354355722, 16.499965057620674], [10.45111555892484, 16.5], [8.82611555892484, 16.5], [7.20111555892484, 16.5], [5.576115558924841, 16.5]], "ego_orientations": [3.1415, 3.1401217910985295, 3.1370630878856973, 3.1359063552981223, 3.1028317032008874, 3.075423067555841, 3.10338752231355, -3.1415926535897927, -3.1415926535897927, -3.1415926535897927, -3.141418123722081, -3.1415866606997076, 3.1415730396604906, 3.141532420834634, 3.141494382495726, 3.141537854574051, 3.141592653589793, 3.141592653589793, 3.141592653589793, 3.141592653589793], "obs_positions": [[32.6662, 21.4627], [30.6341, 21.1784], [28.6588, 20.7472], [26.6699, 20.1387], [24.809, 19.3933], [22.9685, 18.472], [21.2044, 17.4026], [19.5455, 16.2178], [17.9884, 14.9371], [16.5126, 13.5635]], "obs_orientations": [3.2805, 3.3565, 3.4384, 3.5226, 3.6056, 3.6865, 3.7618, 3.8299, 3.891, 3.9457], "objectives": {"extension_time": -0.8, "danger_difference": -0.04755177280116518, "parameter_difference": 1.6808777409538378}, "attributes": {"generation_number": 17, "individual_number": 893, "crash": false, "goal_reached": true, "scenario_length": 20}}, "[[10.146575397368919], [2.489975373183944, 52.917715933372904, 2.5], [14.584968203987255, 1.0107995932810292], [3.901806170893686, 22.99982791974081]]": {"ego_positions": [[36.0229, 16.25], [34.322654016007434, 16.250969388406432], [32.621037980592654, 16.255946834742776], [30.918225313361464, 16.26523575335517], [29.228614367419418, 16.296417626082526], [27.59344513512516, 16.38835262180492], [26.030043477704506, 16.477084305591628], [24.519248640157475, 16.5], [23.019248640157475, 16.5], [21.519248640157475, 16.5], [20.02052924310403, 16.4997351566835], [18.52272072268002, 16.499614115011507], [17.024575495216702, 16.499641283920454], [15.52579483156056, 16.499693733674654], [14.02645504621087, 16.49983102124723], [12.526710542555719, 16.499965057620674], [11.02674860793607, 16.5], [9.52674860793607, 16.5], [8.02674860793607, 16.5], [6.526748607936071, 16.5]], "ego_orientations": [3.1415, 3.1401217910985295, 3.1370630878856973, 3.1359063552981223, 3.1028317032008874, 3.075423067555841, 3.10338752231355, -3.1415926535897927, -3.1415926535897927, -3.1415926535897927, -3.141415848066118, -3.1415864375028435, 3.1415719009581142, 3.141528093229318, 3.141486575624404, 3.1415333246882584, 3.141592653589793, 3.141592653589793, 3.141592653589793, 3.141592653589793], "obs_positions": [[32.6662, 21.4627], [30.6341, 21.1784], [28.6588, 20.7472], [26.6699, 20.1387], [24.809, 19.3933], [22.9685, 18.472], [21.2044, 17.4026], [19.5455, 16.2178], [17.9884, 14.9371], [16.5126, 13.5635]], "obs_orientations": [3.2805, 3.3565, 3.4384, 3.5226, 3.6056, 3.6865, 3.7618, 3.8299, 3.891, 3.9457], "objectives": {"extension_time": -0.8, "danger_difference": -0.04755177280116518, "parameter_difference": 39.01481030519004}, "attributes": {"generation_number": 18, "individual_number": 945, "crash": false, "goal_reached": true, "scenario_length": 20}}}