{"[[1.249662827719206], [2.5, 194.1308177603276, 2.5], [1.047384676096552, 161.7293585749752], [2.3868559889006047, 27.861693122154378]]": {"ego_positions": [[37.723, 16.25], [36.02275401600744, 16.250969388406432], [34.32113798059265, 16.255946834742776], [32.617126752759035, 16.26659788663921], [30.911256278292452, 16.282829022250365], [29.218556364313034, 16.32008749945261], [27.581131808285086, 16.404251123346672], [26.016658474413102, 16.480691152566262], [24.505679786707876, 16.5], [23.005679786707876, 16.5], [21.505679786707876, 16.5], [20.000086637640948, 16.500963401194994], [18.464646267047875, 16.501303978570576], [16.894223560945726, 16.50081118289477], [15.297169168785842, 16.500281712214417], [13.683731575057337, 16.500029780583034], [12.061988160784608, 16.499992541094212], [10.437325241333319, 16.5], [8.812325241333319, 16.5], [7.187325241333319, 16.5], [5.562325241333319, 16.5]], "ego_orientations": [3.1415, 3.1401217910985295, 3.1370630878856973, 3.133641879757667, 3.1306195445153935, 3.1032261894266204, 3.0835360325326646, 3.109235440137521, -3.1415926535897927, -3.1415926535897927, -3.1415926535897927, 3.1409578046131665, -3.141450959982007, -3.1412086988887635, -3.141342116973226, -3.141520842417697, 3.1415871358641136, -3.141592653589793, -3.141592653589793, -3.141592653589793, -3.141592653589793], "obs_positions": [[34.7459, 21.6084], [32.6662, 21.4627], [30.6341, 21.1784], [28.6588, 20.7472], [26.6699, 20.1387], [24.809, 19.3933], [22.9685, 18.472], [21.2044, 17.4026], [19.5455, 16.2178], [17.9884, 14.9371], [16.5126, 13.5635]], "obs_orientations": [3.2115, 3.2805, 3.3565, 3.4384, 3.5226, 3.6056, 3.6865, 3.7618, 3.8299, 3.891, 3.9457], "objectives": {"extension_time": -0.7, "danger_difference": -0.041173305332955046, "parameter_difference": 39.02327775922713}, "attributes": {"generation_number": 5, "individual_number": 256, "crash": false, "goal_reached": true, "scenario_length": 21}}, "[[2.300949361399887], [2.499700142029852, 72.68622265422495, 2.5], [32.263500422167176, 0.4649184462386984], [2.252835387293672, 36.45901976072227]]": {"ego_positions": [[37.723, 16.25], [36.02026563189793, 16.275995193743586], [34.30523878153315, 16.366392708575567], [32.57634970075176, 16.45061086562782], [30.843890550569192, 16.488035462784246], [29.1426534407844, 16.486417962813565], [27.507121357963317, 16.488035692282278], [25.945603763586455, 16.496835553954796], [24.43533580665253, 16.5], [22.93533580665253, 16.5], [21.43533580665253, 16.5], [19.93858852642223, 16.48947433204975], [18.41828597894557, 16.485753343965776], [16.860675264745637, 16.491137397543646], [15.272043537389493, 16.496922144957008], [13.663166429966559, 16.499674631368535], [12.043187877441767, 16.500081492493486], [10.418787897696141, 16.5], [8.793787897696141, 16.5], [7.1687878976961406, 16.499999999999996], [5.54378789769614, 16.499999999999996]], "ego_orientations": [3.1415, 3.102984769696367, 3.0844973175487653, 3.1046682423274063, 3.1355653324256254, -3.1391506215138936, 3.137022010766458, 3.1366981636048683, 3.141592653589793, 3.141592653589793, 3.141592653589793, -3.134590915120083, 3.1400297860028905, 3.137369395188395, 3.1388445846649273, 3.140806638462906, -3.141532340570172, -3.1415926535897922, -3.1415926535897922, -3.1415926535897922, -3.1415926535897922], "obs_positions": [[34.7459, 21.6084], [32.6662, 21.4627], [30.6341, 21.1784], [28.6588, 20.7472], [26.6699, 20.1387], [24.809, 19.3933], [22.9685, 18.472], [21.2044, 17.4026], [19.5455, 16.2178], [17.9884, 14.9371], [16.5126, 13.5635]], "obs_orientations": [3.2115, 3.2805, 3.3565, 3.4384, 3.5226, 3.6056, 3.6865, 3.7618, 3.8299, 3.891, 3.9457], "objectives": {"extension_time": -0.7, "danger_difference": -0.007620601999349663, "parameter_difference": 39.018150190896705}, "attributes": {"generation_number": 13, "individual_number": 678, "crash": false, "goal_reached": true, "scenario_length": 21}}}