{"[[1.7487312223693652], [41.05287879045602, 384.9959902912728, 350.97269715320914], [2.071449099700578, 125.3804650142231], [1.3175021974866021, 33.12787527997141]]": {"ego_positions": [[54.723, 16.25], [53.022864921517694, 16.250490546593422], [51.32195844076413, 16.252729236966545], [49.61966127611181, 16.257717200586388], [47.91549240732951, 16.265804829958256], [46.20909384935561, 16.276901784361062], [44.500212363741056, 16.29063153922319], [42.78868307675881, 16.30645185900764], [41.07436523094909, 16.323875953360695], [39.35701044471779, 16.342748678278724], [37.636468984339515, 16.362592779393818], [35.91272019409561, 16.382684574542797], [34.185839971100876, 16.402266670041744], [32.45658881497768, 16.420674959850306], [30.733090426226518, 16.43333885681067], [29.03649681212724, 16.416823706741607], [27.37637265770966, 16.329221500608266], [25.75615397670903, 16.174455501326904], [24.175449819144816, 15.995218924815408], [22.630042271320768, 15.845871740655037], [21.1118864558249, 15.76533747275216], [19.609110531529502, 15.749999999999998], [18.102274594029502, 15.749999999999998], [16.557871517857627, 15.749999999999998], [14.961753544529993, 15.749999999999998], [13.370020565709192, 15.749999999999998], [11.820975956639368, 15.749999999999998], [10.31202190848264, 15.749999999999998], [8.81202190848264, 15.749999999999998], [7.31202190848264, 15.749999999999998], [5.81202190848264, 15.749999999999998]], "ego_orientations": [3.1415, 3.1409291674019504, 3.1395303222573663, 3.137763472226208, 3.135942100888366, 3.134276523656374, 3.1328955061236505, 3.1318652808104384, 3.130989896587017, 3.130268173199723, 3.129923739716574, 3.130025443263693, 3.130545995702731, 3.1313947293433007, 3.1385431365325043, -3.1129409445454304, -3.0649506335532144, -3.032043015978642, -3.0313087967437387, -3.064116033435642, -3.113464585120651, -3.1415926535897922, -3.1415926535897927, -3.141592653589793, 3.141592653589793, 3.141592653589793, 3.141592653589793, 3.141592653589793, 3.141592653589793, 3.141592653589793, 3.141592653589793], "obs_positions": [[55.0541, 20.4627], [53.0541, 20.4627], [51.0541, 20.4627], [49.0541, 20.4627], [47.0386, 20.6999], [44.9735, 20.9537], [42.9295, 21.1939], [40.8676, 21.4029], [38.794, 21.5567], [36.7855, 21.6306], [34.7459, 21.6084], [32.6662, 21.4627], [30.6341, 21.1784], [28.6588, 20.7472], [26.6699, 20.1387], [24.809, 19.3933], [22.9685, 18.472], [21.2044, 17.4026], [19.5455, 16.2178], [17.9884, 14.9371], [16.5126, 13.5635]], "obs_orientations": [3.1415, 3.1415, 3.1415, 3.0244, 3.0192, 3.0246, 3.0406, 3.0675, 3.1048, 3.1524, 3.2115, 3.2805, 3.3565, 3.4384, 3.5226, 3.6056, 3.6865, 3.7618, 3.8299, 3.891, 3.9457], "objectives": {"extension_time": 0.3, "danger_difference": 0.11716432438335556, "parameter_difference": 101.43523994187498}, "attributes": {"generation_number": 0, "individual_number": 0, "crash": false, "goal_reached": true, "scenario_length": 31}}, "[[35.35657391538087], [0.2560920980806014, 388.6344153475139, 2.5], [0.5479751374793576, 5.702868307144186], [0.7177684111538785, 38.15343244288179]]": {"ego_positions": [[54.723, 16.25], [53.022864921517694, 16.250490546593422], [51.32195844076413, 16.252729236966545], [49.61966127611181, 16.257717200586388], [47.91549240732951, 16.265804829958256], [46.20909384935561, 16.276901784361062], [44.500212363741056, 16.29063153922319], [42.78868307675881, 16.30645185900764], [41.07436523094909, 16.323875953360695], [39.35701044471779, 16.342748678278724], [37.636468984339515, 16.362592779393818], [35.91272019409561, 16.382684574542797], [34.185839971100876, 16.402266670041744], [32.45658881497768, 16.42035585968481], [30.733090426226518, 16.43198078014668], [29.03649681212724, 16.41534839149534], [27.37637265770966, 16.32818939459908], [25.75615397670903, 16.173928175767056], [24.175449819144816, 15.995035918691894], [22.630042271320768, 15.845840760845602], [21.1118864558249, 15.765337949875475], [19.609110531529502, 15.750000000000002], [18.109110531529502, 15.750000000000002], [16.609110531529502, 15.750000000000002], [15.109110531529502, 15.750000000000002], [13.609110531529504, 15.750000000000002], [12.109110531529506, 15.750000000000002], [10.609110531529506, 15.750000000000002], [9.109110531529506, 15.750000000000002], [7.609110531529506, 15.750000000000002], [6.109110531529506, 15.750000000000002]], "ego_orientations": [3.1415, 3.1409291674019504, 3.1395303222573663, 3.137763472226208, 3.135942100888366, 3.134276523656374, 3.1328955061236505, 3.1318652808104384, 3.130989896587017, 3.130268173199723, 3.129923739716574, 3.130025443263693, 3.130545995702731, 3.1319273931738287, 3.1389228173550916, -3.113103702154652, -3.0652725509567285, -3.0323164635296718, -3.0314618238524726, -3.0641650741525477, -3.113466996911122, -3.1415926535897922, -3.1415926535897922, 3.141592653589793, 3.141592653589793, 3.141592653589793, 3.141592653589793, 3.141592653589793, 3.141592653589793, 3.141592653589793, 3.141592653589793], "obs_positions": [[55.0541, 20.4627], [53.0541, 20.4627], [51.0541, 20.4627], [49.0541, 20.4627], [47.0386, 20.6999], [44.9735, 20.9537], [42.9295, 21.1939], [40.8676, 21.4029], [38.794, 21.5567], [36.7855, 21.6306], [34.7459, 21.6084], [32.6662, 21.4627], [30.6341, 21.1784], [28.6588, 20.7472], [26.6699, 20.1387], [24.809, 19.3933], [22.9685, 18.472], [21.2044, 17.4026], [19.5455, 16.2178], [17.9884, 14.9371], [16.5126, 13.5635]], "obs_orientations": [3.1415, 3.1415, 3.1415, 3.0244, 3.0192, 3.0246, 3.0406, 3.0675, 3.1048, 3.1524, 3.2115, 3.2805, 3.3565, 3.4384, 3.5226, 3.6056, 3.6865, 3.7618, 3.8299, 3.891, 3.9457], "objectives": {"extension_time": 0.3, "danger_difference": 0.11717132569702482, "parameter_difference": 39.09318037125144}, "attributes": {"generation_number": 4, "individual_number": 222, "crash": false, "goal_reached": true, "scenario_length": 31}}}