{"[[26.09130137163102], [16.08456957264489, 431.9881122585123, 466.69779063248484], [0.5504125787681422, 175.372107330068], [1.0268070560597622, 45.79873253757111]]": {"ego_positions": [[61.523, 16.25], [59.822865147968365, 16.25049132132246], [58.12196387963214, 16.25272310825576], [56.41966729382466, 16.25770324019345], [54.71550537994547, 16.265794069764034], [53.00911383062289, 16.27686395224489], [51.300236700735766, 16.290563879127593], [49.58871148724004, 16.306358085218235], [47.8744470838855, 16.323631178423263], [46.15741325446354, 16.34175908348158], [44.43762927104453, 16.360155445870806], [42.71515398194159, 16.37830153692346], [40.99005006565579, 16.395794197854027], [39.26231247574644, 16.412395755981006], [37.531983435228206, 16.427849920452967], [35.799168066629115, 16.44190782700232], [34.06401526523018, 16.454382332416984], [32.32812043941158, 16.465214777593808], [30.59850865670583, 16.45714798426993], [28.88305748559025, 16.37423592265577], [27.18706112813793, 16.213701545018292], [25.512734960230095, 16.02076088806658], [23.859215531556114, 15.85673936461618], [22.222560565613463, 15.76718805525347], [20.595748959707755, 15.749999999999998], [18.970748959707755, 15.749999999999996], [17.347858116976976, 15.749682580644127], [15.733303428553835, 15.74953751007914], [14.151296688478975, 15.749589999998665], [12.612742102806981, 15.749663981853745], [11.106168826216916, 15.749682580644127], [9.606168826216916, 15.749682580644127], [8.106168826216916, 15.749682580644127], [6.606168826216916, 15.749682580644127]], "ego_orientations": [3.1415, 3.140927186973007, 3.1395394788854842, 3.137759595761941, 3.1359507449915642, 3.1342946596264882, 3.1329120127240593, 3.1318791173694005, 3.1312164688417674, 3.1309117647720637, 3.1309309800805365, 3.13122714200495, 3.1316961111018475, 3.1322974871399443, 3.1330496138042143, 3.133928149857004, 3.134888050492763, 3.1357944305764067, -3.1187193133316278, -3.0676965554171565, -3.031271828090602, -3.0287896804989254, -3.0618015491646915, -3.1124941750650756, -3.141592653589792, -3.141592653589792, -3.1413969090660903, -3.141585687588374, 3.141537554308005, 3.141560814472185, -3.141592653589793, -3.141592653589793, -3.141592653589793, -3.141592653589793], "obs_positions": [[63.0541, 20.4627], [61.0541, 20.4627], [59.0541, 20.4627], [57.0541, 20.4627], [55.0541, 20.4627], [53.0541, 20.4627], [51.0541, 20.4627], [49.0541, 20.4627], [47.0386, 20.6999], [44.9735, 20.9537], [42.9295, 21.1939], [40.8676, 21.4029], [38.794, 21.5567], [36.7855, 21.6306], [34.7459, 21.6084], [32.6662, 21.4627], [30.6341, 21.1784], [28.6588, 20.7472], [26.6699, 20.1387], [24.809, 19.3933], [22.9685, 18.472], [21.2044, 17.4026], [19.5455, 16.2178], [17.9884, 14.9371], [16.5126, 13.5635]], "obs_orientations": [3.1415, 3.1415, 3.1415, 3.1415, 3.1415, 3.1415, 3.1415, 3.0244, 3.0192, 3.0246, 3.0406, 3.0675, 3.1048, 3.1524, 3.2115, 3.2805, 3.3565, 3.4384, 3.5226, 3.6056, 3.6865, 3.7618, 3.8299, 3.891, 3.9457], "objectives": {"extension_time": 0.7, "danger_difference": 110.61945605579034, "parameter_difference": 146.76174706708034}, "attributes": {"generation_number": 0, "individual_number": 33, "crash": true, "goal_reached": true, "scenario_length": 34}}, "[[14.531925561191663], [2.5, 200.0, 2.5], [0.5504125787681422, 88.59091425150865], [1.0268070560597622, 45.79873253757111]]": {"ego_positions": [[61.523, 16.25], [59.822865147968365, 16.25049132132246], [58.12196387963214, 16.25272310825576], [56.41966729382466, 16.25770324019345], [54.71550537994547, 16.265794069764034], [53.00911383062289, 16.27686395224489], [51.300236700735766, 16.290563879127593], [49.58871148724004, 16.306358085218235], [47.8744470838855, 16.323631178423263], [46.15741325446354, 16.34175908348158], [44.43762927104453, 16.360155445870806], [42.71515398194159, 16.37830153692346], [40.99005006565579, 16.395794197854027], [39.26231247574644, 16.412395755981006], [37.531983435228206, 16.427849920452967], [35.799168066629115, 16.44190782700232], [34.06401526523018, 16.454382332416984], [32.32812043941158, 16.465214777593808], [30.59850865670583, 16.45714798426993], [28.88305748559025, 16.37423592265577], [27.18706112813793, 16.213701545018292], [25.512734960230095, 16.02076088806658], [23.859215531556114, 15.85673936461618], [22.222560565613463, 15.76718805525347], [20.595748959707755, 15.749999999999998], [18.970748959707755, 15.749999999999996], [17.347858116976976, 15.749682580644127], [15.733303428553835, 15.74953751007914], [14.151296688478975, 15.749589999998665], [12.612742102806981, 15.749663981853745], [11.106168826216916, 15.749682580644127], [9.606168826216916, 15.749682580644127], [8.106168826216916, 15.749682580644127], [6.606168826216916, 15.749682580644127]], "ego_orientations": [3.1415, 3.140927186973007, 3.1395394788854842, 3.137759595761941, 3.1359507449915642, 3.1342946596264882, 3.1329120127240593, 3.1318791173694005, 3.1312164688417674, 3.1309117647720637, 3.1309309800805365, 3.13122714200495, 3.1316961111018475, 3.1322974871399443, 3.1330496138042143, 3.133928149857004, 3.134888050492763, 3.1357944305764067, -3.1187193133316278, -3.0676965554171565, -3.031271828090602, -3.0287896804989254, -3.0618015491646915, -3.1124941750650756, -3.141592653589792, -3.141592653589792, -3.1413969090660903, -3.141585687588374, 3.141537554308005, 3.141560814472185, -3.141592653589793, -3.141592653589793, -3.141592653589793, -3.141592653589793], "obs_positions": [[63.0541, 20.4627], [61.0541, 20.4627], [59.0541, 20.4627], [57.0541, 20.4627], [55.0541, 20.4627], [53.0541, 20.4627], [51.0541, 20.4627], [49.0541, 20.4627], [47.0386, 20.6999], [44.9735, 20.9537], [42.9295, 21.1939], [40.8676, 21.4029], [38.794, 21.5567], [36.7855, 21.6306], [34.7459, 21.6084], [32.6662, 21.4627], [30.6341, 21.1784], [28.6588, 20.7472], [26.6699, 20.1387], [24.809, 19.3933], [22.9685, 18.472], [21.2044, 17.4026], [19.5455, 16.2178], [17.9884, 14.9371], [16.5126, 13.5635]], "obs_orientations": [3.1415, 3.1415, 3.1415, 3.1415, 3.1415, 3.1415, 3.1415, 3.0244, 3.0192, 3.0246, 3.0406, 3.0675, 3.1048, 3.1524, 3.2115, 3.2805, 3.3565, 3.4384, 3.5226, 3.6056, 3.6865, 3.7618, 3.8299, 3.891, 3.9457], "objectives": {"extension_time": 0.7, "danger_difference": 110.61945605579034, "parameter_difference": 39.02926745390734}, "attributes": {"generation_number": 1, "individual_number": 88, "crash": true, "goal_reached": true, "scenario_length": 34}}, "[[14.531925561191663], [2.5, 200.0, 2.5], [1.8833559874837469, 70.38445182012819], [1.0268070560597622, 45.79873253757111]]": {"ego_positions": [[61.523, 16.25], [59.822865147968365, 16.25049132132246], [58.12196387963214, 16.25272310825576], [56.41966729382466, 16.25770324019345], [54.71550537994547, 16.265794069764034], [53.00911383062289, 16.27686395224489], [51.300236700735766, 16.290563879127593], [49.58871148724004, 16.306358085218235], [47.8744470838855, 16.323631178423263], [46.15741325446354, 16.34175908348158], [44.43762927104453, 16.360155445870806], [42.71515398194159, 16.37830153692346], [40.99005006565579, 16.395794197854027], [39.26231247574644, 16.412395755981006], [37.531983435228206, 16.427849920452967], [35.799168066629115, 16.44190782700232], [34.06401526523018, 16.454382332416984], [32.32812043941158, 16.465214777593808], [30.59850865670583, 16.45714798426993], [28.88305748559025, 16.37423592265577], [27.18706112813793, 16.213701545018292], [25.512734960230095, 16.02076088806658], [23.859215531556114, 15.85673936461618], [22.222560565613463, 15.76718805525347], [20.595748959707755, 15.749999999999998], [18.970748959707755, 15.749999999999996], [17.347858116976976, 15.749682580644127], [15.733303428553835, 15.74953751007914], [14.151296688478975, 15.749589999998665], [12.612742102806981, 15.749663981853745], [11.106168826216916, 15.749682580644127], [9.606168826216916, 15.749682580644127], [8.106168826216916, 15.749682580644127], [6.606168826216916, 15.749682580644127]],