{"[[19.583987447431735], [29.951901852906392, 419.5234324739418, 998.7743778657209], [2.3056407282277336, 118.8185576352069], [1.004137247725836, 14.481876928092163]]": {"ego_positions": [[66.623, 16.25], [64.92286514796837, 16.25049132132246], [63.22196387963214, 16.25272310825576], [61.51967177624941, 16.25768954837278], [59.81550776725211, 16.265748205305563], [58.10911266092543, 16.276816285729687], [56.4002341441436, 16.290532831017664], [54.68870932294093, 16.30634866128985], [52.974447062166824, 16.323631178423263], [51.25741325430721, 16.34175908348158], [49.537629270888196, 16.360155445870806], [47.81515398178526, 16.37830153692346], [46.09007718765283, 16.39576314481797], [44.36251220716807, 16.412197498380685], [42.63258951805932, 16.427352834490335], [40.900435744531016, 16.441060560708532], [39.16613270405276, 16.4532161041014], [37.42978515112877, 16.463764995096916], [35.69152913702671, 16.472709702115434], [33.951520110213984, 16.480109748114252], [32.21135834300312, 16.486070040507617], [30.47931262999207, 16.473284313000576], [28.768529349647736, 16.385752189262476], [27.08870407498506, 16.22093848822022], [25.44420706924763, 16.024474644636705], [23.8340832859076, 15.85806366892951], [22.252052368665804, 15.767385106989597], [20.68650865145169, 15.75], [19.12400865145169, 15.749999999999998], [17.5604235828139, 15.749723119818402], [15.983132275843506, 15.749596576922906], [14.38726350681046, 15.74964236309877], [12.7746629056505, 15.749706896370261], [11.151647155644106, 15.749723119818402], [9.526647155644106, 15.749723119818402], [7.901647155644106, 15.749723119818402], [6.276647155644106, 15.749723119818402]], "ego_orientations": [3.1415, 3.140927186973007, 3.1395394788854842, 3.137778883614748, 3.135960155088673, 3.134289050004839, 3.132899761049498, 3.131868357154654, 3.1312164688417674, 3.1309117647720637, 3.1309309800805365, 3.13122714200495, 3.1317470799832194, 3.132436438000058, 3.1332432314122927, 3.1341241779355467, 3.135048413516016, 3.135985588718991, 3.1369019123715605, 3.1377667689363413, 3.138553881233502, -3.1160000881469325, -3.0646239228362235, -3.027409165958296, -3.0244363448810394, -3.0582423223582462, -3.111049506980079, -3.1415926535897922, -3.1415926535897922, -3.1414161287104334, -3.141586518086161, 3.1415459293781254, 3.1415666036321976, -3.141592653589793, -3.141592653589793, -3.141592653589793, -3.141592653589793], "obs_positions": [[69.054, 20.4627], [67.054, 20.4627], [65.054, 20.4627], [63.054, 20.4627], [61.0541, 20.4627], [59.0541, 20.4627], [57.0541, 20.4627], [55.0541, 20.4627], [53.0541, 20.4627], [51.0541, 20.4627], [49.0541, 20.4627], [47.0386, 20.6999], [44.9735, 20.9537], [42.9295, 21.1939], [40.8676, 21.4029], [38.794, 21.5567], [36.7855, 21.6306], [34.7459, 21.6084], [32.6662, 21.4627], [30.6341, 21.1784], [28.6588, 20.7472], [26.6699, 20.1387], [24.809, 19.3933], [22.9685, 18.472], [21.2044, 17.4026], [19.5455, 16.2178], [17.9884, 14.9371], [16.5126, 13.5635]], "obs_orientations": [3.1415, 3.1415, 3.1415, 3.1415, 3.1415, 3.1415, 3.1415, 3.1415, 3.1415, 3.1415, 3.0244, 3.0192, 3.0246, 3.0406, 3.0675, 3.1048, 3.1524, 3.2115, 3.2805, 3.3565, 3.4384, 3.5226, 3.6056, 3.6865, 3.7618, 3.8299, 3.891, 3.9457], "objectives": {"extension_time": 1.0, "danger_difference": 110.55302270294104, "parameter_difference": 359.6532368477077}, "attributes": {"generation_number": 0, "individual_number": 11, "crash": true, "goal_reached": true, "scenario_length": 37}}, "[[36.73948656618376], [45.798841723442415, 175.5390808366224, 73.51377817320271], [1.2738877592708253, 175.57343651141954], [1.753417407268775, 9.263541431283851]]": {"ego_positions": [[66.623, 16.25], [64.92286514796837, 16.25049132132246], [63.22196387963214, 16.25272310825576], [61.51967177624941, 16.25768954837278], [59.81550776725211, 16.265748205305563], [58.10911266092543, 16.276816285729687], [56.4002341441436, 16.290532831017664], [54.68870932294093, 16.30634866128985], [52.974447062166824, 16.323631178423263], [51.25741325430721, 16.34175908348158], [49.537629270888196, 16.360155445870806], [47.81515398178526, 16.37830153692346], [46.09007718765283, 16.39576314481797], [44.36251220716807, 16.412197498380685], [42.63258951805932, 16.427352834490335], [40.900435744531016, 16.441060560708532], [39.16613270405276, 16.4532161041014], [37.42978515112877, 16.463764995096916], [35.69152913702671, 16.472709702115434], [33.951520110213984, 16.480109748114252], [32.21135834300312, 16.486070040507617], [30.47931262999207, 16.473284313000576], [28.768529349647736, 16.385752189262476], [27.08870407498506, 16.22093848822022], [25.44420706924763, 16.024474644636705], [23.8340832859076, 15.85806366892951], [22.252052368665804, 15.767385106989597], [20.68650865145169, 15.75], [19.12400865145169, 15.749999999999998], [17.5604235828139, 15.749723119818402], [15.983132275843506, 15.749596576922906], [14.38726350681046, 15.74964236309877], [12.7746629056505, 15.749706896370261], [11.151647155644106, 15.749723119818402], [9.526647155644106, 15.749723119818402], [7.901647155644106, 15.749723119818402], [6.276647155644106, 15.749723119818402]], "ego_orientations": [3.1415, 3.140927186973007, 3.1395394788854842, 3.137778883614748, 3.135960155088673, 3.134289050004839, 3.132899761049498, 3.131868357154654, 3.1312164688417674, 3.1309117647720637, 3.1309309800805365, 3.13122714200495, 3.1317470799832194, 3.132436438000058, 3.1332432314122927, 3.1341241779355467, 3.135048413516016, 3.135985588718991, 3.1369019123715605, 3.1377667689363413, 3.138553881233502, -3.1160000881469325, -3.0646239228362235, -3.027409165958296, -3.0244363448810394, -3.0582423223582462, -3.111049506980079, -3.1415926535897922, -3.1415926535897922, -3.1414161287104334, -3.141586518086161, 3.1415459293781254, 3.1415666036321976, -3.141592653589793, -3.141592653589793, -3.141592653589793, -3.141592653589793], "obs_positions": [[69.054, 20.4627], [67.054, 20.4627], [65.054, 20.4627], [63.054, 20.4627], [61.0541, 20.4627], [59.0541, 20.4627], [57.0541, 20.4627], [55.0541, 20.4627], [53.0541, 20.4627], [51.0541, 20.4627], [49.0541, 20.4627], [47.0386, 20.6999], [44.9735, 20.9537], [42.9295, 21.1939], [40.8676, 21.4029], [38.794, 21.5567], [36.7855, 21.6306], [34.7459, 21.6084], [32.6662, 21.4627], [30.6341, 21.1784], [28.6588, 20.7472], [26.6699, 20.1387], [24.809, 19.3933], [22.9685, 18.472], [21.2044, 17.4026], [19.5455, 16.2178], [17.9884, 14.9371], [16.5126, 13.5635]], "obs_orientations": [3.1415, 3.1415, 3.1415, 3.1415, 3.1415, 3.1415, 3.1415, 3.1415, 3.1415, 3.1415, 3.0244, 3.0192, 3.0246, 3.0406, 3.0675, 3.1048, 3.1524, 3.2115, 3.2805, 3.3565, 3.4384, 3.5226, 3.6056, 3.6865, 3.7618, 3.8299, 3.891, 3.9457], "objectives": {"extension_time": 1.0, "danger_difference": 110.55302270294104, "parameter_difference": 19.480051780973028}, "attributes": {"generation_number": 2, "individual_number": 139, "crash": true, "goal_reached": true, "scenario_length": 37}},