{"[[11.233002102493145], [8.589833585636697, 209.46509848402516, 939.5621946425673], [1.8375714167015398, 138.55315012149475], [1.5124728823643205, 6.952822063224451]]": {"ego_positions": [[27.523, 16.25]], "ego_orientations": [3.1415], "obs_positions": [[22.9685, 18.472]], "obs_orientations": [3.6865], "objectives": {"extension_time": -1.3, "danger_difference": 197.3653676974591, "parameter_difference": 335.82900432428454}, "attributes": {"generation_number": 0, "individual_number": 18, "crash": true, "goal_reached": false, "scenario_length": 1}}, "[[1.2047232142039241], [3.126588580245071, 200.0, 127.75603953632763], [0.5862183197159753, 132.43001624176313], [2.4634714401758293, 26.598635697735556]]": {"ego_positions": [[27.523, 16.25]], "ego_orientations": [3.1415], "obs_positions": [[22.9685, 18.472]], "obs_orientations": [3.6865], "objectives": {"extension_time": -1.3, "danger_difference": 197.3653676974591, "parameter_difference": 11.163895743865925}, "attributes": {"generation_number": 5, "individual_number": 277, "crash": true, "goal_reached": false, "scenario_length": 1}}, "[[19.788543946878924], [2.499726992370406, 200.0, 0.07402075842090028], [0.5862183197159753, 132.3210144042026], [1.6531378692403598, 27.69581094026301]]": {"ego_positions": [[27.523, 16.25]], "ego_orientations": [3.1415], "obs_positions": [[22.9685, 18.472]], "obs_orientations": [3.6865], "objectives": {"extension_time": -1.3, "danger_difference": 197.3653676974591, "parameter_difference": 39.9942458713652}, "attributes": {"generation_number": 6, "individual_number": 340, "crash": true, "goal_reached": false, "scenario_length": 1}}, "[[1.1930395690466291], [2.5, 194.71540665039194, 121.0874160578035], [0.5924470648489729, 156.58826183950555], [2.3467983049256675, 17.7215587711382]]": {"ego_positions": [[27.523, 16.25]], "ego_orientations": [3.1415], "obs_positions": [[22.9685, 18.472]], "obs_orientations": [3.6865], "objectives": {"extension_time": -1.3, "danger_difference": 197.3653676974591, "parameter_difference": 8.533413082698107}, "attributes": {"generation_number": 7, "individual_number": 398, "crash": true, "goal_reached": false, "scenario_length": 1}}, "[[1.1625184280327034], [2.5, 194.71540665039194, 2.389943263549683], [0.5924470648489729, 86.88943098804909], [2.3456573553619533, 17.31143929661225]]": {"ego_positions": [[27.523, 16.25]], "ego_orientations": [3.1415], "obs_positions": [[22.9685, 18.472]], "obs_orientations": [3.6865], "objectives": {"extension_time": -1.3, "danger_difference": 197.3653676974591, "parameter_difference": 39.06463163312778}, "attributes": {"generation_number": 8, "individual_number": 434, "crash": true, "goal_reached": false, "scenario_length": 1}}, "[[1.3417326469598665], [2.427888790109379, 194.71540665039194, 2.5], [0.5924470648489729, 156.58826183950555], [1.549352703591877, 16.793584931164908]]": {"ego_positions": [[27.523, 16.25]], "ego_orientations": [3.1415], "obs_positions": [[22.9685, 18.472]], "obs_orientations": [3.6865], "objectives": {"extension_time": -1.3, "danger_difference": 197.3653676974591, "parameter_difference": 39.022024219391504}, "attributes": {"generation_number": 9, "individual_number": 458, "crash": true, "goal_reached": false, "scenario_length": 1}}, "[[2.134693716666403], [2.4999381913912293, 72.68622265422495, 96.91436264063024], [31.39661139976802, 0.4733725477352011], [1.2455686786708104, 36.45901976072227]]": {"ego_positions": [[27.523, 16.25]], "ego_orientations": [3.1415], "obs_positions": [[22.9685, 18.472]], "obs_orientations": [3.6865], "objectives": {"extension_time": -1.3, "danger_difference": 197.3653676974591, "parameter_difference": 1.714160151153143}, "attributes": {"generation_number": 13, "individual_number": 680, "crash": true, "goal_reached": false, "scenario_length": 1}}, "[[3.8004820226953404], [2.449626368578761, 192.1368298012716, 96.91436264063024], [0.005617873479077606, 2.288860729725613], [2.3887317406918394, 30.68169410372036]]": {"ego_positions": [[27.523, 16.25]], "ego_orientations": [3.1415], "obs_positions": [[22.9685, 18.472]], "obs_orientations": [3.6865], "objectives": {"extension_time": -1.3, "danger_difference": 197.3653676974591, "parameter_difference": 1.8266477220525834}, "attributes": {"generation_number": 14, "individual_number": 717, "crash": true, "goal_reached": false, "scenario_length": 1}}, "[[4.2736112529889745], [2.4999381913912293, 74.04180046413131, 96.91436264063024], [31.39661139976802, 0.5406800332183574], [1.2455686786708104, 36.47274627200757]]": {"ego_positions": [[27.523, 16.25]], "ego_orientations": [3.1415], "obs_positions": [[22.9685, 18.472]], "obs_orientations": [3.6865], "objectives": {"extension_time": -1.3, "danger_difference": 197.3653676974591, "parameter_difference": 1.7138234191545105}, "attributes": {"generation_number": 14, "individual_number": 740, "crash": true, "goal_reached": false, "scenario_length": 1}}, "[[4.677373756061327], [2.499998631037366, 74.04180046413131, 2.5], [31.39661139976802, 0.011382421253292918], [1.2455686786708104, 35.25724216808581]]": {"ego_positions": [[27.523, 16.25]], "ego_orientations": [3.1415], "obs_positions": [[22.9685, 18.472]], "obs_orientations": [3.6865], "objectives": {"extension_time": -1.3, "danger_difference": 197.3653676974591, "parameter_difference": 39.01773517221962}, "attributes": {"generation_number": 15, "individual_number": 773, "crash": true, "goal_reached": false, "scenario_length": 1}}, "[[1.5198028345419057], [2.4993982501633187, 82.89307251076032, 96.91436264063024], [100.26983438838059, 1.735658526716577], [0.3135863486780308, 32.39714135905289]]": {"ego_positions": [[27.523, 16.25]], "ego_orientations": [3.1415], "obs_positions": [[22.9685, 18.472]], "obs_orientations": [3.6865], "objectives": {"extension_time": -1.3, "danger_difference": 197.3653676974591, "parameter_difference": 1.693322638918418}, "attributes": {"generation_number": 17, "individual_number": 862, "crash": true, "goal_reached": false, "scenario_length": 1}}, "[[2.0908886436364025], [2.319115417062436, 72.62858007933241, 96.91436264063024], [28.92636726640899, 1.6556161344245321], [1.3765790292478168, 28.952173767324883]]": {"ego_positions": [[27.523, 16.25]], "ego_orientations": [3.1415], "obs_positions": [[22.9685, 18.472]], "obs_orientations": [3.6865], "objectives": {"extension_time": -1.3, "danger_difference": 197.3653676974591, "parameter_difference": 1.7092902679966038}, "attributes": {"generation_number": 17, "individual_number": 883, "crash": true, "goal_reached": false, "scenario_length": 1}}, "[[10.146575397368919], [2.489975373183944, 103.04087621160159, 96.91436264063024], [3.91636501322758, 14.412538932985498], [3.8022655493697526, 31.63936689712041]]": {"ego_positions": [[27.523, 16.25]], "ego_orientations": [3.1415], "obs_positions": [[22.9685, 18.472]], "obs_orientations": [3.6865], "objectives": {"extension_time": -1.3, "danger_difference": 197.3653676974591, "parameter_difference": 1.7033488809943422}, "attributes": {"generation_number": 17, "individual_number": 889, "crash": true, "goal_reached": false, "scenario_length": 1}}, "[[3.6067480449241067], [2.4999995553999366, 63.067757900667864, 96.91436264063024], [6.670210609403579, 0.6019977682776627], [1.2401458666133944, 31.722287458639734]]": {"ego_positions": [[27.523, 16.25]], "ego_orientations": [3.1415], "obs_positions": [[22.9685, 18.472]], "obs_orientations": [3.6865], "objectives": {"extension_time": -1.3, "danger_difference": 197.3653676974591, "parameter_difference": 1.6780947539023072}, "attributes": {"generation_number": 18, "individual_number": 903, "crash": true, "goal_reached": false, "scenario_length": 1}}, "[[3.7412138304778306], [2.4999995553999366, 80.84358466858579, 2.5], [27.67543643701774, 0.6019977682776627], [1.216206168174594, 31.722287458639734]]": {"ego_positions": [[27.523, 16.25]], "ego_orientations": [3.1415], "obs_positions": [[22.9685, 18.472]], "obs_orientations": [3.6865],