{"[[0.834497243803134], [21.005672627806614, 395.2250749363167, 924.8976069466277], [1.5140846863855981, 4.2739584213933535], [1.400952378601964, 31.795935435913048]]": {"ego_positions": [[88.723, 16.25], [87.02286514796836, 16.25049132132246], [85.32196387963214, 16.25272310825576], [83.61967177624942, 16.25768954837278], [81.91550776725211, 16.265748205305563], [80.20911383020541, 16.27681395224489], [78.50023670031828, 16.29051387912759], [76.78871148682256, 16.306308085218234], [75.07444708346803, 16.32358117842326], [73.35741325404608, 16.34170908348158], [71.63762927062707, 16.360105445870804], [69.91515398152414, 16.378251536923457], [68.19007718739171, 16.395713144817968], [66.46251220690696, 16.412147498380683], [64.73258951779822, 16.427302834490334], [63.00045136426109, 16.441012799799502], [61.26658437604172, 16.45520537609291], [59.53238312097982, 16.476347747719796], [57.79798351711968, 16.5019865386757], [56.06317823029515, 16.528345817681117], [54.327806456117564, 16.55288938970553], [52.591747981204705, 16.574189379298694], [50.85491706134931, 16.59165378513036], [49.11725629919685, 16.605247782883787], [47.37873269851278, 16.615283036381374], [45.639670421134326, 16.62210403641314], [43.90131454741136, 16.625784119032037], [42.163663663973125, 16.627079867175564], [40.42635377423454, 16.626829249486573], [38.688968231975345, 16.62579550203863], [36.951167542018524, 16.624513961938025], [35.21271111280544, 16.62329823859914], [33.473438729516744, 16.622300169918088], [31.739674837380683, 16.60905681599064], [30.033464395200426, 16.555548181558034], [28.359414698213417, 16.462878980618264], [26.716914236681493, 16.34032666707524], [25.10460930622479, 16.201696194981015], [23.520404007821625, 16.0628366277484], [21.96146024780859, 15.939157747363566], [20.424197737880476, 15.843146663598679], [18.904293995090345, 15.7818844232245], [17.38962180457516, 15.75720262999168], [15.84360868683838, 15.759432167585993], [14.231018255529634, 15.761440716199514], [12.543395039267011, 15.758544185920247], [10.803807130457578, 15.757202629991676], [9.053807130457578, 15.757202629991676], [7.303807130457578, 15.757202629991676], [5.553807130457578, 15.757202629991676]], "ego_orientations": [3.1415, 3.140927186973007, 3.1395394788854842, 3.137778883614748, 3.135960155088673, 3.1342946596264882, 3.1329120127240593, 3.1318791173694005, 3.1312164688417674, 3.1309117647720637, 3.1309309800805365, 3.13122714200495, 3.1317470799832194, 3.132436438000058, 3.1332432314122927, 3.1341202128389547, 3.1316276724243304, 3.127677693800731, 3.1263051462342886, 3.1267391905065827, 3.128295854233824, 3.1304056293788913, 3.132670419042879, 3.1348366232354823, 3.13675448345663, 3.138611793979091, 3.1402464264060668, 3.1413703749709336, -3.141159444772574, -3.1408868537850076, -3.1408530809949644, -3.1409475735762156, -3.1410938809259585, -3.122745528148273, -3.097756994882705, -3.075579114809031, -3.0599454867429094, -3.0533080236948966, -3.056709034143605, -3.069625115717629, -3.0897722757266326, -3.112929030141922, -3.1374029805641, 3.1384679633984773, -3.1407925642387235, -3.1398307765291555, -3.141592653589793, -3.141592653589793, -3.141592653589793, -3.141592653589793], "obs_positions": [[95.0541, 20.4627], [93.0541, 20.4627], [91.0541, 20.4627], [89.0541, 20.4627], [87.0541, 20.4627], [85.0541, 20.4627], [83.0541, 20.4627], [81.0541, 20.4627], [79.0541, 20.4627], [77.0541, 20.4627], [75.0541, 20.4627], [73.0541, 20.4627], [71.0541, 20.4627], [69.0541, 20.4627], [67.0541, 20.4627], [65.0541, 20.4627], [63.0541, 20.4627], [61.0541, 20.4627], [59.0541, 20.4627], [57.0541, 20.4627], [55.0541, 20.4627], [53.0541, 20.4627], [51.0541, 20.4627], [49.0541, 20.4627], [47.0386, 20.6999], [44.9735, 20.9537], [42.9295, 21.1939], [40.8676, 21.4029], [38.794, 21.5567], [36.7855, 21.6306], [34.7459, 21.6084], [32.6662, 21.4627], [30.6341, 21.1784], [28.6588, 20.7472], [26.6699, 20.1387], [24.809, 19.3933], [22.9685, 18.472], [21.2044, 17.4026], [19.5455, 16.2178], [17.9884, 14.9371], [16.5126, 13.5635]], "obs_orientations": [3.1415, 3.1415, 3.1415, 3.1415, 3.1415, 3.1415, 3.1415, 3.1415, 3.1415, 3.1415, 3.1415, 3.1415, 3.1415, 3.1415, 3.1415, 3.1415, 3.1415, 3.1415, 3.1415, 3.1415, 3.1415, 3.1415, 3.1415, 3.0244, 3.0192, 3.0246, 3.0406, 3.0675, 3.1048, 3.1524, 3.2115, 3.2805, 3.3565, 3.4384, 3.5226, 3.6056, 3.6865, 3.7618, 3.8299, 3.891, 3.9457], "objectives": {"extension_time": 2.3, "danger_difference": 109.90156216452179, "parameter_difference": 330.02611129932035}, "attributes": {"generation_number": 0, "individual_number": 24, "crash": true, "goal_reached": true, "scenario_length": 50}}}