{"[[22.660395868046702], [15.608520086673499, 316.15033715341167, 595.831194796652], [0.14055258533618858, 174.44948266990173], [0.16962902365664861, 5.396985573899965]]": {"ego_positions": [[93.8229, 16.25], [92.12276514796838, 16.25049132132246], [90.42186387963216, 16.25272310825576], [88.71957177624942, 16.25768954837278], [87.01540776725211, 16.265748205305563], [85.3090138302054, 16.27681395224489], [83.60013670031827, 16.29051387912759], [81.88861148682255, 16.306308085218234], [80.17434708346802, 16.32358117842326], [78.45731325404607, 16.34170908348158], [76.73752927062706, 16.360105445870804], [75.01505398152413, 16.378251536923457], [73.2899771873917, 16.395713144817968], [71.56241220690696, 16.412147498380683], [69.83248951779821, 16.427302834490334], [68.10035136426109, 16.441012799799502], [66.36614722776937, 16.453187484239635], [64.63003006471693, 16.463802524775442], [62.89215322102598, 16.47288739764363], [61.15266790382738, 16.480514728577486], [59.411721310165184, 16.486791777249667], [57.66945505862283, 16.491845692034158], [55.926003976194785, 16.495806042551532], [54.181495276455124, 16.498802714350585], [52.43604819626277, 16.500968220399187], [50.68977458113048, 16.502410738641583], [48.94278044448224, 16.503246754363705], [47.195165102425236, 16.503602292446686], [45.447020067562846, 16.503600267991395], [43.6984285222194, 16.503339181026707], [41.94946624253734, 16.502876838085886], [40.20020402980413, 16.502303016503504], [38.45070587930775, 16.501712527462697], [36.701027313948856, 16.501177119692134], [34.95121489382328, 16.50071313320551], [33.2013086381442, 16.500319644765106], [31.45425905441004, 16.500077997454014], [29.723290386881512, 16.499958617484324], [28.02076383076675, 16.49991781365283], [26.354922235797925, 16.49992160099182], [24.72989010623122, 16.499944912135295], [23.145673600846887, 16.499970808685138], [21.598160532949205, 16.499989692577305], [20.079120370366493, 16.499998517448034], [18.576204235451026, 16.5], [17.076204235451026, 16.5], [15.576204235451026, 16.5], [14.076204235451028, 16.5], [12.576204235451028, 16.5], [11.076204235451032, 16.499999999999996], [9.576204235451032, 16.499999999999996], [8.076204235451032, 16.499999999999996], [6.576204235451032, 16.499999999999996]], "ego_orientations": [3.1415, 3.140927186973007, 3.1395394788854842, 3.137778883614748, 3.135960155088673, 3.1342946596264882, 3.1329120127240593, 3.1318791173694005, 3.1312164688417674, 3.1309117647720637, 3.1309309800805365, 3.13122714200495, 3.1317470799832194, 3.132436438000058, 3.1332432314122927, 3.1341202128389547, 3.135026287353421, 3.135927189421794, 3.136795605172536, 3.137608885983494, 3.1383521347960066, 3.1390192767653073, 3.139610499697878, 3.1401259068110634, 3.140569577661089, 3.140952224443472, 3.1412637581126157, 3.141502801767234, -3.141511163649284, -3.1413789094761273, -3.1412869141663573, -3.1412516793570306, -3.1412655331778194, -3.141311664079217, -3.141338297190757, -3.1414098307571012, -3.1414936629796033, -3.14154979837274, -3.1415845753868608, 3.1415823099092473, 3.141575955198718, 3.1415776886783666, 3.1415836068986054, 3.141589829667471, 3.1415926535897922, 3.141592653589793, 3.141592653589793, 3.141592653589793, 3.141592653589793, 3.141592653589793, 3.141592653589793, 3.141592653589793, 3.141592653589793], "obs_positions": [[101.054, 20.4627], [99.054, 20.4627], [97.054, 20.4627], [95.054, 20.4627], [93.054, 20.4627], [91.054, 20.4627], [89.054, 20.4627], [87.054, 20.4627], [85.054, 20.4627], [83.054, 20.4627], [81.054, 20.4627], [79.054, 20.4627], [77.054, 20.4627], [75.054, 20.4627], [73.054, 20.4627], [71.054, 20.4627], [69.054, 20.4627], [67.054, 20.4627], [65.054, 20.4627], [63.054, 20.4627], [61.054, 20.4627], [59.054, 20.4627], [57.054, 20.4627], [55.054, 20.4627], [53.054, 20.4627], [51.054, 20.4627], [49.0541, 20.4627], [47.0386, 20.6999], [44.9735, 20.9537], [42.9295, 21.1939], [40.8676, 21.4029], [38.794, 21.5567], [36.7855, 21.6306], [34.7459, 21.6084], [32.6662, 21.4627], [30.6341, 21.1784], [28.6588, 20.7472], [26.6699, 20.1387], [24.809, 19.3933], [22.9685, 18.472], [21.2044, 17.4026], [19.5455, 16.2178], [17.9884, 14.9371], [16.5126, 13.5635]], "obs_orientations": [3.1415, 3.1415, 3.1415, 3.1415, 3.1415, 3.1415, 3.1415, 3.1415, 3.1415, 3.1415, 3.1415, 3.1415, 3.1415, 3.1415, 3.1415, 3.1415, 3.1415, 3.1415, 3.1415, 3.1415, 3.1415, 3.1415, 3.1415, 3.1415, 3.1415, 3.1415, 3.0244, 3.0192, 3.0246, 3.0406, 3.0675, 3.1048, 3.1524, 3.2115, 3.2805, 3.3565, 3.4384, 3.5226, 3.6056, 3.6865, 3.7618, 3.8299, 3.891, 3.9457], "objectives": {"extension_time": 2.6, "danger_difference": 111.00625598037132, "parameter_difference": 198.38288597858536}, "attributes": {"generation_number": 0, "individual_number": 28, "crash": true, "goal_reached": true, "scenario_length": 53}}, "[[27.226504022075094], [3.255502689731399, 24.566153982881033, 980.59501223096], [0.5452633867984022, 135.25400231585886], [0.935931944219871, 18.846036472218636]]": {"ego_positions": [[93.8229, 16.25], [92.12276514796838, 16.25049132132246], [90.42186387963216, 16.25272310825576], [88.71957177624942, 16.25768954837278], [87.01540776725211, 16.265748205305563], [85.3090138302054, 16.27681395224489], [83.60013670031827, 16.29051387912759], [81.88861148682255, 16.306308085218234], [80.17434708346802, 16.32358117842326], [78.45731325404607, 16.34170908348158], [76.73752927062706, 16.360105445870804], [75.01505398152413, 16.378251536923457], [73.2899771873917, 16.395713144817968], [71.56241220690696, 16.412147498380683], [69.83248951779821, 16.427302834490334], [68.10035136426109, 16.441012799799502], [66.36614722776937, 16.453187484239635], [64.63003006471693, 16.463802524775442], [62.89215322102598, 16.47288739764363], [61.15266790382738, 16.480514728577486], [59.411721310165184, 16.486791777249667], [57.66945505862283, 16.491845692034158], [55.926003976194785, 16.495806042551532], [54.181495276455124, 16.498802714350585], [52.43604819626277, 16.500968220399187], [50.68977458113048, 16.502410738641583], [48.94278044448224, 16.503246754363705], [47.195165102425236, 16.503602292446686], [45.447020067562846, 16.503600267991395], [43.6984285222194, 16.503339181026707], [41.94946624253734, 16.502876838085886], [40.20020402980413, 16.502303016503504], [38.45070587930775, 16.501712527462697], [36.701027313948856, 16.501177119692134], [34.95121489382328, 16.50071313320551], [33.2013086381442, 16.500319644765106], [31.45425905441004, 16.500077997454014], [29.723290386881512, 16.499958617484324], [28.02076383076675, 16.49991781365283], [26.354922235797925, 16.49992160099182], [24.72989010623122, 16.499944912135295], [23.145673600846887, 16.499970808685138], [21.598160532949205, 16.499989692577305], [20.079120370366493, 16.499998517448034], [18.576204235451026, 16.5], [17.076204235451026, 16.5], [15.576204235451026, 16.5], [14.076204235451028, 16.5], [12.576204235451028, 16.5], [11.076204235451032, 16.499999999999996], [9.576204235451032, 16.499999999999996], [8.076204235451032, 16.499999999999996], [6.576204235451032, 16.499999999999996]],