{"[[5], [5, 50, 100], [0.25, 20], [0.25, 5]]": {"ego_positions": [[-13.685, 0.2933], [-12.136609099903339, 0.3686728995958347], [-10.585628988962448, 0.4138543769764782], [-9.031638587733864, 0.37832065987232993], [-7.474082035906566, 0.32086232580174284], [-5.911257574615359, 0.2590421695769962], [-4.342699822730947, 0.19554485919674983], [-2.7685848658806576, 0.1316240587303679], [-1.1886968930906268, 0.0713318205564638], [0.39806149958115833, 0.016600688453168137], [1.9905587977677945, -0.035797211000819326], [3.579825337111471, -0.08792478544454142], [5.1379455891541275, -0.13471692070801683], [6.652584730954058, -0.15364476081315154], [8.134355029075888, -0.14281236383230228], [9.609214240435506, -0.1224332895725183], [11.084073451795124, -0.10205421531273431], [12.558932663154742, -0.08167514105295033], [14.03379187451436, -0.06129606679316635], [15.508651085873979, -0.040916992533382365], [16.983510297233597, -0.020537918273598382], [18.458369508593215, -0.00015884401381441315], [19.933228719952833, 0.020220230245969556], [21.40808793131245, 0.040599304505753525], [22.88294714267207, 0.060978378765537494], [24.357806354031688, 0.08135745302532146], [18.285075022445792, 10.721279489606905], [18.149454265942374, 12.194999373427988], [18.01246042885262, 13.672804042014556], [17.874713437625783, 15.155765304143825], [17.678912154770494, 16.637916763208825], [17.394478566583714, 18.112360990384936]], "ego_orientations": [0.0509, 0.04524474609585907, -0.00043136350590966543, -0.034514952143256394, -0.03895340725565344, -0.04006312168120463, -0.04078394299133681, -0.039551643251581226, -0.0362065118012147, -0.03290830345116813, -0.03291027643824673, -0.03250724970910568, -0.02201793991654899, -0.0014870214294425712, 0.013816761137795598, 0.013816761137795598, 0.013816761137795598, 0.013816761137795598, 0.013816761137795598, 0.013816761137795598, 0.013816761137795598, 0.013816761137795598, 0.013816761137795598, 0.013816761137795598, 0.013816761137795598, 0.013816761137795598, 1.658327266769627, 1.663240966677447, 1.663228518384278, 1.671119762794106, 1.738898228962718, 1.7820379099983297], "obs_positions": [[48.191, -3.2421], [46.723, -2.9213], [45.255, -2.6014], [43.7871, -2.2827], [42.3192, -1.9661], [40.8514, -1.6518], [39.3835, -1.3407], [37.9075, -1.0314], [36.4312, -0.7263], [34.9548, -0.426], [33.478, -0.131], [32.001, 0.158], [30.5233, 0.4407], [29.0448, 0.7164], [27.565, 0.9846], [26.0834, 1.2448], [24.6002, 1.4964], [23.1168, 1.7385], [21.6329, 1.9706], [20.1482, 2.1921], [18.6581, 2.4031], [17.1712, 2.6017], [15.6816, 2.7881], [14.1906, 2.9615], [12.699, 3.1213], [11.1989, 3.2674], [9.6977, 3.3986], [8.194, 3.5141], [6.6895, 3.6133], [5.1847, 3.6954], [3.6795, 3.7599], [2.180206473775188, 3.805931752306101]], "obs_orientations": [2.9264, 2.9269, 2.9278, 2.929, 2.9307, 2.9326, 2.935, 2.9378, 2.9409, 2.9444, 2.9483, 2.9525, 2.9572, 2.9622, 2.9677, 2.9735, 2.9798, 2.9864, 2.9934, 3.0009, 3.0088, 3.017, 3.0257, 3.0349, 3.0444, 3.0544, 3.0649, 3.0757, 3.087, 3.0987, 3.1109, 3.1109], "attributes": {"crash": false, "goal_reached": true, "max_danger": 10.07169425262124, "scenario_length": 32, "lower_bound": -1.1, "upper_bound": -1.1}}}