{"[[32.80482192823474], [17.125826331604788, 202.31551365777278, 279.7350158990025], [2.4971481281725936, 199.7318915195056], [1.9255487067730224, 40.68571680133661]]": {"ego_positions": [[-5.9422, 0.2423], [-4.392925459545085, 0.17861320112504958], [-2.8405193696879953, 0.11554807243919718], [-1.2814679240143834, 0.05665929788195503], [0.289853619321635, 0.0023164412368210123], [1.8729968843549696, -0.04987202797446541], [3.4644649510253926, -0.10043821234714022], [5.060982108312768, -0.141430320299787], [6.6601697806061955, -0.15381766230908772], [8.26000050548729, -0.13885605563794573], [9.859433356590156, -0.10920931644733697], [11.458682016339303, -0.07956599138756912], [13.057746484734729, -0.04992608045864215], [14.656626761776435, -0.020289583660556082], [16.25532284746442, 0.009343499006689071], [17.85383474179869, 0.03897316754309335], [19.452162444779237, 0.0685994219486567], [21.050305956406064, 0.09822226222337918], [22.648265276679176, 0.12784168836726073], [24.246040405598563, 0.15745770038030138], [18.280816917393746, 10.74857216560114], [18.13310729768922, 12.350351514104203], [17.98442182418463, 13.954635611202175], [17.82984713985155, 15.558595658350713], [17.5863811633708, 17.148391257542407], [17.259265375013612, 18.719987972511806]], "ego_orientations": [6.2421, -0.04108263352534447, -0.03921249577116637, -0.03603993722887733, -0.032952874654043285, -0.03295349675191961, -0.029517211998576265, -0.016939282367527397, 0.0020849184310807486, 0.018533659962575437, 0.018533659962575437, 0.018533659962575437, 0.018533659962575437, 0.018533659962575437, 0.018533659962575437, 0.018533659962575437, 0.018533659962575437, 0.018533659962575437, 0.018533659962575437, 0.018533659962575437, 1.65884890096705, 1.6632415679926096, 1.6631879271458225, 1.6892613398696095, 1.7581288632803327, 1.7969015812753542], "obs_positions": [[40.8514, -1.6518], [39.3835, -1.3407], [37.9075, -1.0314], [36.4312, -0.7263], [34.9548, -0.426], [33.478, -0.131], [32.001, 0.158], [30.5233, 0.4407], [29.0448, 0.7164], [27.565, 0.9846], [26.0834, 1.2448], [24.6002, 1.4964], [23.1168, 1.7385], [21.6329, 1.9706], [20.1482, 2.1921], [18.6581, 2.4031], [17.1712, 2.6017], [15.6816, 2.7881], [14.1906, 2.9615], [12.699, 3.1213], [11.1989, 3.2674], [9.6977, 3.3986], [8.194, 3.5141], [6.6895, 3.6133], [5.1847, 3.6954], [3.6860796232626125, 3.7597192539407116]], "obs_orientations": [2.9326, 2.935, 2.9378, 2.9409, 2.9444, 2.9483, 2.9525, 2.9572, 2.9622, 2.9677, 2.9735, 2.9798, 2.9864, 2.9934, 3.0009, 3.0088, 3.017, 3.0257, 3.0349, 3.0444, 3.0544, 3.0649, 3.0757, 3.087, 3.0987, 3.0987], "objectives": {"extension_time": -0.5, "danger_difference": 2.301951509064896, "parameter_difference": 72.0680430617591}, "attributes": {"generation_number": 0, "individual_number": 35, "crash": false, "goal_reached": true, "scenario_length": 26}}, "[[44.85744581212249], [2.5, 19.768348944597307, 2.5], [1.3823872121624037, 210.85665119620492], [1.106231363128837, 9.68373005087202]]": {"ego_positions": [[-5.9422, 0.2423], [-4.392926363144635, 0.1785912123564217], [-2.8405240192559584, 0.11542992257896925], [-1.2814752310013817, 0.056457346151067254], [0.2898468407605142, 0.002111284401036101], [1.8729904452979873, -0.050067354512295284], [3.464459170391246, -0.10063283546213486], [5.060978637252629, -0.14162604628692843], [6.660170067334665, -0.1540132966978636], [8.260003940483791, -0.13905145809093558], [9.859467402618524, -0.10940415150090305], [11.45876595885795, -0.07975990157065202], [13.057899609202064, -0.05011870830018249], [14.656868353650875, -0.020480571689494464], [16.255672192204376, 0.009154508261412064], [17.85431112486257, 0.038786531552537085], [19.452785151625456, 0.0684154981838806], [21.051094272493035, 0.09804140815544263], [22.649238487465304, 0.12766426146722312], [24.24721779654227, 0.15728405811922216], [18.281013954034993, 10.748589346180497], [18.133300085007722, 12.350369407961738], [17.984598118666682, 13.954651974251211], [17.829838819589707, 15.559307279033812], [17.585351142091255, 17.15286028946606], [17.25628038232831, 18.73159318208227]], "ego_orientations": [6.2421, -0.041122619670946214, -0.039284992312309086, -0.03606309180829559, -0.0329452034526323, -0.032950521270932676, -0.029518008550892816, -0.016939550650407753, 0.0020851668159222437, 0.018533659962575437, 0.018533659962575437, 0.018533659962575437, 0.018533659962575437, 0.018533659962575437, 0.018533659962575437, 0.018533659962575437, 0.018533659962575437, 0.018533659962575437, 0.018533659962575437, 0.018533659962575437, 1.658848197994992, 1.6632479591029523, 1.6632017967062707, 1.6894307752472726, 1.758384769837471, 1.7972040320992173], "obs_positions": [[40.8514, -1.6518], [39.3835, -1.3407], [37.9075, -1.0314], [36.4312, -0.7263], [34.9548, -0.426], [33.478, -0.131], [32.001, 0.158], [30.5233, 0.4407], [29.0448, 0.7164], [27.565, 0.9846], [26.0834, 1.2448], [24.6002, 1.4964], [23.1168, 1.7385], [21.6329, 1.9706], [20.1482, 2.1921], [18.6581, 2.4031], [17.1712, 2.6017], [15.6816, 2.7881], [14.1906, 2.9615], [12.699, 3.1213], [11.1989, 3.2674], [9.6977, 3.3986], [8.194, 3.5141], [6.6895, 3.6133], [5.1847, 3.6954], [3.6860796232626125, 3.7597192539407116]], "obs_orientations": [2.9326, 2.935, 2.9378, 2.9409, 2.9444, 2.9483, 2.9525, 2.9572, 2.9622, 2.9677, 2.9735, 2.9798, 2.9864, 2.9934, 3.0009, 3.0088, 3.017, 3.0257, 3.0349, 3.0444, 3.0544, 3.0649, 3.0757, 3.087, 3.0987, 3.0987], "objectives": {"extension_time": -0.5, "danger_difference": 2.302343424772431, "parameter_difference": 39.02323756076709}, "attributes": {"generation_number": 2, "individual_number": 101, "crash": false, "goal_reached": true, "scenario_length": 26}}, "[[44.29763943010081], [2.5, 200.0, 2.5], [0.1635543496698615, 194.8807046025626], [0.2837519164862237, 36.355421484104944]]": {"ego_positions": [[-5.9422, 0.2423], [-4.392926363144635, 0.1785912123564217], [-2.8405240192559584, 0.11542992257896925], [-1.2814752310013817, 0.056457346151067254], [0.2898468407605142, 0.002111284401036101], [1.8729904452979873, -0.050067354512295284], [3.464459170391246, -0.10063283546213486], [5.060978637252629, -0.14162604628692843], [6.660170067334665, -0.1540132966978636], [8.260003940483791, -0.13905145809093558], [9.859467402618524, -0.10940415150090305], [11.45876595885795, -0.07975990157065202], [13.057899609202064, -0.05011870830018249], [14.656868353650875, -0.020480571689494464], [16.255672192204376, 0.009154508261412064], [17.85431112486257, 0.038786531552537085], [19.452785151625456, 0.0684154981838806], [21.051094272493035, 0.09804140815544263], [22.649238487465304, 0.12766426146722312], [24.24721779654227, 0.15728405811922216], [18.281013954034993, 10.748589346180497], [18.133300085007722, 12.350369407961738], [17.984598118666682, 13.954651974251211], [17.829838819589707, 15.559307279033812], [17.585351142091255, 17.15286028946606], [17.25628038232831, 18.73159318208227]], "ego_orientations": [6.2421, -0.041122619670946214, -0.039284992312309086, -0.03606309180829559, -0.0329452034526323, -0.032950521270932676, -0.029518008550892816, -0.016939550650407753, 0.0020851668159222437, 0.018533659962575437, 0.018533659962575437, 0.018533659962575437, 0.018533659962575437, 0.018533659962575437, 0.018533659962575437, 0.018533659962575437, 0.018533659962575437, 0.018533659962575437, 0.018533659962575437, 0.018533659962575437, 1.658848197994992, 1.6632479591029523, 1.6632017967062707, 1.6894307752472726, 1.758384769837471, 1.7972040320992173],