{"[[41.33011158397088], [6.250123616403752, 493.6638282502158, 787.749830178509], [0.5266941969485142, 9.394323133387793], [2.2676761417530704, 34.62912426681262]]": {"ego_positions": [[-26.0562, -0.5217], [-24.51214523622985, -0.3845396240538507], [-22.967116472728048, -0.24962688746906722], [-21.41977362429263, -0.12560292710989837], [-19.868464290356275, -0.03136083629822311], [-18.314203183577114, 0.05009178284243786], [-16.757461598577994, 0.1316612361198038], [-15.198018339416059, 0.21336175579256145], [-13.63552498596775, 0.295069960947396], [-12.069629391517887, 0.37436576776998026], [-10.49884610015884, 0.40432012516137794], [-8.924795322496864, 0.3612081308537781], [-7.347679179468531, 0.2989401422230537], [-5.7669360065476045, 0.2339562387632559], [-4.182680238166012, 0.16884830872408857], [-2.5949011305113645, 0.10576388548784885], [-1.003018527061987, 0.04736309451137692], [0.592268353548338, -0.006746549325523634], [2.189692064786174, -0.06014369098460735], [3.7814282313316148, -0.11342987438311912], [5.340885177633575, -0.14968428918954677], [6.85597945262351, -0.15323856119481477], [8.337758521699557, -0.1401188503910101], [9.812297932784267, -0.1032606741208943], [11.286837343868976, -0.06640249785077851], [12.761376754953686, -0.029544321580662697], [14.235916166038395, 0.007313854689453114], [15.710455577123104, 0.044172030959568925], [17.184994988207812, 0.08103020722968474], [18.659534399292525, 0.11788838349980055], [20.13407381037723, 0.1547465597699164], [21.608613221461944, 0.19160473604003217], [23.08315263254665, 0.22846291231014795], [18.382527501187102, 9.436764557800744], [18.26867906712256, 10.90841180022268], [18.132222342478766, 12.378587409014049], [17.99575489188978, 13.848878978778888], [17.851907432256045, 15.318330067972], [17.647555305735317, 16.780074805059233], [17.37573885254742, 18.23035739824842]], "ego_orientations": [0.0886, 0.08859631092259145, 0.08415042807464725, 0.07069548520458249, 0.05236300682584624, 0.05235353097600304, 0.05234624136825593, 0.05233955202221041, 0.05161044027558873, 0.04642193172532877, -0.013071542234108335, -0.0353418232771574, -0.04109598920768409, -0.041078747605803656, -0.0411174617336707, -0.03807309962445338, -0.03502645600218912, -0.03341468194884811, -0.03341453035152586, -0.034409165065736325, -0.010197435351135375, 0.0033081408229195825, 0.024991195416401827, 0.024991195416401827, 0.024991195416401827, 0.024991195416401827, 0.024991195416401827, 0.024991195416401827, 0.024991195416401827, 0.024991195416401827, 0.024991195416401827, 0.024991195416401827, 0.024991195416401827, 1.6283646546125123, 1.6633477859821295, 1.66334776390435, 1.6633477380572521, 1.6875229927241608, 1.73548937480215, 1.7804240052258264], "obs_positions": [[59.9775, -5.4908], [58.501, -5.2262], [57.0245, -4.9616], [55.548, -4.697], [54.0715, -4.4325], [52.5999, -4.1428], [51.1302, -3.8425], [49.6606, -3.5423], [48.191, -3.2421], [46.723, -2.9213], [45.255, -2.6014], [43.7871, -2.2827], [42.3192, -1.9661], [40.8514, -1.6518], [39.3835, -1.3407], [37.9075, -1.0314], [36.4312, -0.7263], [34.9548, -0.426], [33.478, -0.131], [32.001, 0.158], [30.5233, 0.4407], [29.0448, 0.7164], [27.565, 0.9846], [26.0834, 1.2448], [24.6002, 1.4964], [23.1168, 1.7385], [21.6329, 1.9706], [20.1482, 2.1921], [18.6581, 2.4031], [17.1712, 2.6017], [15.6816, 2.7881], [14.1906, 2.9615], [12.699, 3.1213], [11.1989, 3.2674], [9.6977, 3.3986], [8.194, 3.5141], [6.6895, 3.6133], [5.1847, 3.6954], [3.6795, 3.7599], [2.180206473775188, 3.805931752306101]], "obs_orientations": [2.9642, 2.9642, 2.9642, 2.9643, 2.9472, 2.94, 2.94, 2.94, 2.9264, 2.9269, 2.9278, 2.929, 2.9307, 2.9326, 2.935, 2.9378, 2.9409, 2.9444, 2.9483, 2.9525, 2.9572, 2.9622, 2.9677, 2.9735, 2.9798, 2.9864, 2.9934, 3.0009, 3.0088, 3.017, 3.0257, 3.0349, 3.0444, 3.0544, 3.0649, 3.0757, 3.087, 3.0987, 3.1109, 3.1109], "objectives": {"extension_time": 0.8, "danger_difference": 0.7131649422467738, "parameter_difference": 275.11093180417646}, "attributes": {"generation_number": 0, "individual_number": 16, "crash": false, "goal_reached": true, "scenario_length": 40}}, "[[29.25132235997896], [35.96738028197064, 450.5023329137242, 739.0813839200748], [1.110126374097883, 53.172427391297084], [2.4950179900716463, 30.95092647716665]]": {"ego_positions": [[-26.0562, -0.5217], [-24.51214523622985, -0.3845396240538507], [-22.967116472728048, -0.24962688746906722], [-21.41977362429263, -0.12560292710989837], [-19.868464290356275, -0.03136083629822311], [-18.314203306877197, 0.05009413242453384], [-16.75746248051363, 0.13167804211136844], [-15.198020793799687, 0.21340852604283864], [-13.635529238513822, 0.29515199167756584], [-12.069634885191281, 0.37447989154068767], [-10.498844616294031, 0.4044598668016015], [-8.924789837286315, 0.36136559657831596], [-7.347672310195313, 0.29910730350515874], [-5.7669289854420205, 0.23412709483113775], [-4.182673202794653, 0.16901951194443182], [-2.5948946132098643, 0.10593443623305054], [-1.0030125342576084, 0.04753353335921452], [0.5922740536527279, -0.006576025210372059], [2.1896977654983556, -0.0599731486867974], [3.7814333416543464, -0.11327699415455393], [5.340886111165299, -0.14959898426573429], [6.855979397994285, -0.1532208999852566], [8.337758521699557, -0.1401188503910101], [9.812297932784267, -0.1032606741208943], [11.286837343868976, -0.06640249785077851], [12.761376754953686, -0.029544321580662697], [14.235916166038395, 0.007313854689453114], [15.710455577123104, 0.044172030959568925], [17.184994988207812, 0.08103020722968474], [18.659534399292525, 0.11788838349980055], [20.13407381037723, 0.1547465597699164], [21.608613221461944, 0.19160473604003217], [23.08315263254665, 0.22846291231014795], [18.382506687372217, 9.437141792126166], [18.268412115026308, 10.91128755171442], [18.131369592712247, 12.387773577578251], [17.993845905374105, 13.869443571300042], [17.847497763391882, 15.356211863038512], [17.63736982270786, 16.841737187901924], [17.356211377570556, 18.32238929041905]], "ego_orientations": [0.0886, 0.08859631092259145, 0.08415042807464725, 0.07069548520458249, 0.05236300682584624, 0.05235793878901623, 0.05236104258397804, 0.052361647250990795, 0.051632558567443025, 0.04644046048143247, -0.013057670334551297, -0.035333183871937734, -0.04109202535023204, -0.04107773123106462, -0.04111781834861272, -0.03807337221686424, -0.03502642344947482, -0.03341464859300647, -0.03341453303218245, -0.03443764046626452, -0.010249453536811615, 0.003278041032591527, 0.024991195416401827, 0.024991195416401827, 0.024991195416401827, 0.024991195416401827, 0.024991195416401827, 0.024991195416401827, 0.024991195416401827, 0.024991195416401827, 0.024991195416401827, 0.024991195416401827, 0.024991195416401827, 1.6283760045054676, 1.6633478262846773, 1.6633478381541393, 1.6633478358933025, 1.6887726066196067, 1.7373956241118094, 1.7832818443814966], "obs_positions": [[59.9775, -5.4908], [58.501, -5.2262], [57.0245, -4.9616], [55.548, -4.697], [54.0715, -4.4325], [52.5999, -4.1428], [51.1302, -3.8425], [49.6606, -3.5423], [48.191, -3.2421], [46.723, -2.9213], [45.255, -2.6014], [43.7871, -2.2827], [42.3192, -1.9661], [40.8514, -1.6518], [39.3835, -1.3407], [37.9075, -1.0314], [36.4312, -0.7263], [34.9548, -0.426], [33.478, -0.131], [32.001, 0.158], [30.5233, 0.4407], [29.0448, 0.7164], [27.565, 0.9846], [26.0834, 1.2448], [24.6002, 1.4964], [23.1168, 1.7385], [21.6329, 1.9706], [20.1482, 2.1921], [18.6581, 2.4031], [17.1712, 2.6017], [15.6816, 2.7881], [14.1906, 2.9615], [12.699, 3.1213], [11.1989, 3.2674], [9.6977, 3.3986], [8.194, 3.5141], [6.6895, 3.6133], [5.1847, 3.6954], [3.6795, 3.7599], [2.180206473775188, 3.805931752306101]],