{"[[25.316491493743072], [12.61588623444107, 235.47596305394697, 892.873616477378], [1.0164261374430068, 44.27585452393339], [0.137457988068794, 37.58773472885193]]": {"ego_positions": [[-42.9974, -2.42]], "ego_orientations": [0.126], "obs_positions": [[76.2188, -8.4012]], "obs_orientations": [2.9642], "objectives": {"extension_time": 1.9, "danger_difference": 189.92830574737877, "parameter_difference": 317.1663664908448}, "attributes": {"generation_number": 1, "individual_number": 87, "crash": true, "goal_reached": false, "scenario_length": 1}}, "[[25.316491493743072], [12.61588623444107, 200.0, 892.873616477378], [1.0164261374430068, 44.27585452393339], [0.12611294857341362, 35.44132453762197]]": {"ego_positions": [[-42.9974, -2.42]], "ego_orientations": [0.126], "obs_positions": [[76.2188, -8.4012]], "obs_orientations": [2.9642], "objectives": {"extension_time": 1.9, "danger_difference": 189.92830574737877, "parameter_difference": 317.16581213344847}, "attributes": {"generation_number": 1, "individual_number": 79, "crash": true, "goal_reached": false, "scenario_length": 1}}, "[[28.73045723074588], [23.093639940584215, 299.024643161924, 2.5], [5.887550511197677, 143.97383509097844], [0.7513715833833651, 36.733176144812155]]": {"ego_positions": [[-42.9974, -2.42]], "ego_orientations": [0.126], "obs_positions": [[76.2188, -8.4012]], "obs_orientations": [2.9642], "objectives": {"extension_time": 1.9, "danger_difference": 189.92830574737877, "parameter_difference": 39.69408977211124}, "attributes": {"generation_number": 1, "individual_number": 98, "crash": true, "goal_reached": false, "scenario_length": 1}}}