{"[[25.99596571060409], [43.47823905223817, 25.343779635591257, 835.7784400962088], [1.3411485863111807, 196.066694219912], [1.2854362599196256, 10.136286437456887]]": {"ego_positions": [[-35.3089, -1.4454]], "ego_orientations": [0.126], "obs_positions": [[68.8364, -7.0783]], "obs_orientations": [2.9642], "objectives": {"extension_time": 1.4, "danger_difference": 189.92830574737877, "parameter_difference": 294.7141064787304}, "attributes": {"generation_number": 0, "individual_number": 6, "crash": true, "goal_reached": false, "scenario_length": 1}}, "[[9.092858654845692], [33.49423907944361, 476.55368087022055, 580.1692358456278], [0.8003880367748104, 105.37746626563127], [2.0661333939543796, 9.681423917089976]]": {"ego_positions": [[-35.3089, -1.4454]], "ego_orientations": [0.126], "obs_positions": [[68.8364, -7.0783]], "obs_orientations": [2.9642], "objectives": {"extension_time": 1.4, "danger_difference": 189.92830574737877, "parameter_difference": 192.41751822266068}, "attributes": {"generation_number": 0, "individual_number": 14, "crash": true, "goal_reached": false, "scenario_length": 1}}, "[[14.904340878580907], [32.527228498003765, 235.19487962843556, 634.1596553087913], [0.6070910286314954, 68.31484267162313], [1.570244255216641, 14.969961239837554]]": {"ego_positions": [[-35.3089, -1.4454]], "ego_orientations": [0.126], "obs_positions": [[68.8364, -7.0783]], "obs_orientations": [2.9642], "objectives": {"extension_time": 1.4, "danger_difference": 189.92830574737877, "parameter_difference": 213.9496019360817}, "attributes": {"generation_number": 0, "individual_number": 36, "crash": true, "goal_reached": false, "scenario_length": 1}}, "[[26.274846429226038], [2.5, 30.258881945142363, 2.5], [1.3411485863111807, 196.066694219912], [1.3134255337722416, 10.136286437456887]]": {"ego_positions": [[-35.3089, -1.4454]], "ego_orientations": [0.126], "obs_positions": [[68.8364, -7.0783]], "obs_orientations": [2.9642], "objectives": {"extension_time": 1.4, "danger_difference": 189.92830574737877, "parameter_difference": 39.01699366261499}, "attributes": {"generation_number": 1, "individual_number": 52, "crash": true, "goal_reached": false, "scenario_length": 1}}, "[[28.73045723074588], [2.5, 200.0, 2.5], [0.3447760698801311, 143.97383509097844], [0.7649566355956522, 9.040108325273543]]": {"ego_positions": [[-35.3089, -1.4454]], "ego_orientations": [0.126], "obs_positions": [[68.8364, -7.0783]], "obs_orientations": [2.9642], "objectives": {"extension_time": 1.4, "danger_difference": 189.92830574737877, "parameter_difference": 39.02378591267805}, "attributes": {"generation_number": 1, "individual_number": 54, "crash": true, "goal_reached": false, "scenario_length": 1}}, "[[14.904340878580907], [32.527228498003765, 235.19487962843556, 634.1596553087913], [0.27958434114500585, 68.31484267162313], [2.978447148721114, 14.969961239837554]]": {"ego_positions": [[-35.3089, -1.4454]], "ego_orientations": [0.126], "obs_positions": [[68.8364, -7.0783]], "obs_orientations": [2.9642], "objectives": {"extension_time": 1.4, "danger_difference": 189.92830574737877, "parameter_difference": 213.9496072654324}, "attributes": {"generation_number": 1, "individual_number": 83, "crash": true, "goal_reached": false, "scenario_length": 1}}}