{"[[12.5852521376007], [37.36737272559192, 4.559345598991182, 615.8833405021015], [2.2243596865112862, 151.93641753367316], [1.7011400595979722, 37.874784659871366]]": {"ego_positions": [[-32.2319, -1.0706], [-30.687789868226254, -0.929882841628035], [-29.142416558679763, -0.7847548054582419], [-27.595598518336903, -0.6318057016432124], [-26.046671188466455, -0.4749282971409147], [-24.495156729003796, -0.3171796909895016], [-22.94036611716166, -0.1623441331723252], [-21.379953903283635, -0.021056266237098442], [-19.812325490332324, 0.0803340847980277], [-18.241872922839065, 0.16697371704137126], [-16.66776499763712, 0.2501331483868076], [-15.090346338852244, 0.33084689570988585], [-13.50930395630514, 0.4106675697654437], [-11.921535811760625, 0.4900960086410314], [-10.322976579036517, 0.5013497755037016], [-8.726033439350429, 0.4469332572865471], [-7.129327429685456, 0.36521689445796807], [-5.532515361091853, 0.265750356700188], [-3.9348548563817776, 0.16840728157906631], [-2.3359336690836963, 0.09051163670911133], [-0.7362496867301075, 0.03380599247227252], [0.8634067480190231, -0.017666912899337306], [2.462773129688173, -0.07167696190989119], [4.055206471176287, -0.12467923333604006], [5.615004269237375, -0.15297987555916573], [7.130084111985389, -0.1560792609706793], [8.61184326500725, -0.1357110849930211], [10.08614049113382, -0.08441767399091063], [11.560437960001787, -0.033124254543397125], [13.034735671611152, 0.018169173349519396], [14.509033625961912, 0.06946260968783896], [15.983331823054073, 0.12075605447156157], [17.457630262887626, 0.17204950770068717], [18.93192894546258, 0.2233429693752158], [20.406227870778935, 0.2746364394951475], [21.880527038836682, 0.3259299180604822], [23.35482644963583, 0.37722340507122], [18.370880841122357, 9.723693916125493], [18.244814262837775, 11.195412556004111], [18.106487223561757, 12.669395500513085], [17.96763055912724, 14.14796083900978], [17.8097124546898, 15.63004765898343], [17.591401709752287, 17.11055437569529], [17.29563379325976, 18.584154531031555]], "ego_orientations": [0.0886, 0.09156855413591884, 0.0964869478413188, 0.10014955707017584, 0.10139568506011201, 0.10104981133541778, 0.09679439873009398, 0.07695970543403957, 0.0566254763432031, 0.05378361920147855, 0.051923375319868834, 0.05026001378484647, 0.051356697893782395, 0.035174983001955255, -0.025096813206371138, -0.043607430712225614, -0.05831451081380479, -0.06330914688902034, -0.05643041955854322, -0.039897863754581486, -0.032370274300852486, -0.033077047923488756, -0.03380506383933746, -0.028087873362361293, -0.006111057797206776, 0.002964225691240096, 0.034777742764134985, 0.034777742764134985, 0.034777742764134985, 0.034777742764134985, 0.034777742764134985, 0.034777742764134985, 0.034777742764134985, 0.034777742764134985, 0.034777742764134985, 0.034777742764134985, 0.034777742764134985, 1.6352054676060412, 1.6642837948602283, 1.6644245735086483, 1.664425915717599, 1.6975563125286652, 1.7442815113329047, 1.796276300749193], "obs_positions": [[65.8834, -6.5491], [64.4069, -6.2845], [62.9304, -6.02], [61.4539, -5.7554], [59.9775, -5.4908], [58.501, -5.2262], [57.0245, -4.9616], [55.548, -4.697], [54.0715, -4.4325], [52.5999, -4.1428], [51.1302, -3.8425], [49.6606, -3.5423], [48.191, -3.2421], [46.723, -2.9213], [45.255, -2.6014], [43.7871, -2.2827], [42.3192, -1.9661], [40.8514, -1.6518], [39.3835, -1.3407], [37.9075, -1.0314], [36.4312, -0.7263], [34.9548, -0.426], [33.478, -0.131], [32.001, 0.158], [30.5233, 0.4407], [29.0448, 0.7164], [27.565, 0.9846], [26.0834, 1.2448], [24.6002, 1.4964], [23.1168, 1.7385], [21.6329, 1.9706], [20.1482, 2.1921], [18.6581, 2.4031], [17.1712, 2.6017], [15.6816, 2.7881], [14.1906, 2.9615], [12.699, 3.1213], [11.1989, 3.2674], [9.6977, 3.3986], [8.194, 3.5141], [6.6895, 3.6133], [5.1847, 3.6954], [3.6795, 3.7599], [2.180206473775188, 3.805931752306101]], "obs_orientations": [2.9642, 2.9642, 2.9643, 2.9642, 2.9642, 2.9642, 2.9642, 2.9643, 2.9472, 2.94, 2.94, 2.94, 2.9264, 2.9269, 2.9278, 2.929, 2.9307, 2.9326, 2.935, 2.9378, 2.9409, 2.9444, 2.9483, 2.9525, 2.9572, 2.9622, 2.9677, 2.9735, 2.9798, 2.9864, 2.9934, 3.0009, 3.0088, 3.017, 3.0257, 3.0349, 3.0444, 3.0544, 3.0649, 3.0757, 3.087, 3.0987, 3.1109, 3.1109], "objectives": {"extension_time": 1.2, "danger_difference": 1.6304303879988389, "parameter_difference": 206.76049009273962}, "attributes": {"generation_number": 0, "individual_number": 25, "crash": false, "goal_reached": true, "scenario_length": 44}}}