{"[[14.904340878580907], [32.527228498003765, 235.19487962843556, 2.5], [22.225713490326708, 68.31484267162313], [1.570244255216641, 11.670238064134791]]": {"ego_positions": [[-33.7712, -1.2505], [-32.23049630407987, -1.0804382625398141], [-30.686948203314245, -0.9286423427814224], [-29.142137314222758, -0.7738434451872103], [-27.59552371998185, -0.6166872682137808], [-26.046148393181547, -0.4607227849176433], [-24.493572567057033, -0.3075886101012371], [-22.93652813514704, -0.16056032552750393], [-21.37296994637381, -0.03200780410584042], [-19.802519246109174, 0.0666228057052295], [-18.229010952548897, 0.14771197151300583], [-16.651999720886195, 0.22678951311456907], [-15.07181855463866, 0.30432841989530524], [-13.488635131195553, 0.3801852778850507], [-11.902190465490547, 0.4479009042242822], [-10.308973809495352, 0.46617309215282066], [-8.716833090669827, 0.41136381316062504], [-7.124463608880182, 0.34520681814561505], [-5.530771555749341, 0.2790216063996002], [-3.9357435486539605, 0.21626711256463507], [-2.339666377348731, 0.1518203425245115], [-0.7427015639609209, 0.08091924706693472], [0.8554923023082387, 0.022767589726267103], [2.454259041741751, -0.031349597272103485], [4.04628308874928, -0.08721032380170496], [5.60505070347931, -0.13453832808947375], [7.119906299584848, -0.149562518748312], [8.601598112078888, -0.13275857717027376], [10.075818536700066, -0.08480923275606689], [11.550038961321246, -0.036859888341860034], [13.024259385942424, 0.01108945607234682], [14.498479810563602, 0.05903880048655369], [15.972700235184782, 0.10698814490076056], [17.44692065980596, 0.1549374893149674], [18.921141084427138, 0.20288683372917424], [20.395361509048314, 0.2508361781433811], [21.869581933669494, 0.29878552255758795], [23.343802358290674, 0.3467348669717948], [18.364709350107617, 9.71107498046701], [18.246355927367016, 11.183852842425907], [18.112335714597435, 12.6589228194581], [17.977971853693127, 14.138764594668254], [17.832042567043874, 15.623450121056463], [17.60683372001859, 17.104784924457753], [17.309905331534136, 18.58018491656671]], "ego_orientations": [0.1163, 0.10051227298781384, 0.09881533295992724, 0.10090047774520475, 0.1011014070212545, 0.0994253007934709, 0.09712036741148503, 0.088354107591636, 0.07271933691447462, 0.0524380608924784, 0.05069887478303854, 0.049547744453923154, 0.04851430282686012, 0.04587545856847866, 0.03901095124779286, -0.020622366543393333, -0.03970203543955986, -0.041975920517566045, -0.04064112008085008, -0.03787522067077287, -0.0446693345344622, -0.04042445008790896, -0.034055863544087295, -0.03362580274071103, -0.037940248066642646, -0.01964777963241371, 0.00031953791236218314, 0.032513758431950174, 0.032513758431950174, 0.032513758431950174, 0.032513758431950174, 0.032513758431950174, 0.032513758431950174, 0.032513758431950174, 0.032513758431950174, 0.032513758431950174, 0.032513758431950174, 0.032513758431950174, 1.6369520693594257, 1.6615387610602503, 1.6613271792453248, 1.6613990909048417, 1.6938419603780774, 1.750945540077272, 1.7911409470776272], "obs_positions": [[67.3599, -6.8137], [65.8834, -6.5491], [64.4069, -6.2845], [62.9304, -6.0199], [61.454, -5.7554], [59.9775, -5.4908], [58.501, -5.2262], [57.0245, -4.9616], [55.548, -4.697], [54.0715, -4.4325], [52.5999, -4.1428], [51.1302, -3.8425], [49.6606, -3.5423], [48.191, -3.2421], [46.723, -2.9213], [45.255, -2.6014], [43.7871, -2.2827], [42.3192, -1.9661], [40.8514, -1.6518], [39.3835, -1.3407], [37.9075, -1.0314], [36.4312, -0.7263], [34.9548, -0.426], [33.478, -0.131], [32.001, 0.158], [30.5233, 0.4407], [29.0448, 0.7164], [27.565, 0.9846], [26.0834, 1.2448], [24.6002, 1.4964], [23.1168, 1.7385], [21.6329, 1.9706], [20.1482, 2.1921], [18.6581, 2.4031], [17.1712, 2.6017], [15.6816, 2.7881], [14.1906, 2.9615], [12.699, 3.1213], [11.1989, 3.2674], [9.6977, 3.3986], [8.194, 3.5141], [6.6895, 3.6133], [5.1847, 3.6954], [3.6795, 3.7599], [2.180206473775188, 3.805931752306101]], "obs_orientations": [2.9642, 2.9642, 2.9642, 2.9642, 2.9643, 2.9642, 2.9642, 2.9642, 2.9643, 2.9472, 2.94, 2.94, 2.94, 2.9264, 2.9269, 2.9278, 2.929, 2.9307, 2.9326, 2.935, 2.9378, 2.9409, 2.9444, 2.9483, 2.9525, 2.9572, 2.9622, 2.9677, 2.9735, 2.9798, 2.9864, 2.9934, 3.0009, 3.0088, 3.017, 3.0257, 3.0349, 3.0444, 3.0544, 3.0649, 3.0757, 3.087, 3.0987, 3.1109, 3.1109], "objectives": {"extension_time": 1.3, "danger_difference": 1.5384736700516104, "parameter_difference": 40.53596811049026}, "attributes": {"generation_number": 1, "individual_number": 82, "crash": false, "goal_reached": true, "scenario_length": 45}}}