{"[[21.368633786498954], [17.77114354032991, 114.34338333624167, 484.90086113130747], [2.0364744385317306, 54.1674373709045], [2.214185470072275, 2.0613489972813315]]": {"ego_positions": [[-38.3843, -1.8352]], "ego_orientations": [0.126], "obs_positions": [[71.7893, -7.6074]], "obs_orientations": [2.9643], "objectives": {"extension_time": 1.6, "danger_difference": 189.92830574737877, "parameter_difference": 154.04578652491458}, "attributes": {"generation_number": 0, "individual_number": 8, "crash": true, "goal_reached": false, "scenario_length": 1}}, "[[41.38175046671827], [29.102920492462868, 266.7809470920719, 49.224177172902614], [1.663881495445665, 62.582265592327516], [2.2162621179170747, 32.54644825264947]]": {"ego_positions": [[-38.3843, -1.8352]], "ego_orientations": [0.126], "obs_positions": [[71.7893, -7.6074]], "obs_orientations": [2.9643], "objectives": {"extension_time": 1.6, "danger_difference": 189.92830574737877, "parameter_difference": 22.527277243013177}, "attributes": {"generation_number": 1, "individual_number": 97, "crash": true, "goal_reached": false, "scenario_length": 1}}, "[[44.0794152356959], [2.5, 114.34338333624167, 484.90086113130747], [2.053539888573906, 153.95437263353634], [2.214185470072275, 49.802698027631564]]": {"ego_positions": [[-38.3843, -1.8352]], "ego_orientations": [0.126], "obs_positions": [[71.7893, -7.6074]], "obs_orientations": [2.9643], "objectives": {"extension_time": 1.6, "danger_difference": 189.92830574737877, "parameter_difference": 153.9687574810249}, "attributes": {"generation_number": 1, "individual_number": 67, "crash": true, "goal_reached": false, "scenario_length": 1}}, "[[41.38175046671827], [29.102920492462868, 266.7809470920719, 49.224177172902614], [1.663881495445665, 62.582265592327516], [2.0004754345347564, 32.54644825264947]]": {"ego_positions": [[-38.3843, -1.8352]], "ego_orientations": [0.126], "obs_positions": [[71.7893, -7.6074]], "obs_orientations": [2.9643], "objectives": {"extension_time": 1.6, "danger_difference": 189.92830574737877, "parameter_difference": 22.52727012255572}, "attributes": {"generation_number": 1, "individual_number": 93, "crash": true, "goal_reached": false, "scenario_length": 1}}, "[[6.006679940462398], [24.11160978038301, 197.34055493924717, 2.5], [1.8899855163343073, 103.56557774121565], [0.5905237101112939, 32.59984391121941]]": {"ego_positions": [[-38.3843, -1.8352]], "ego_orientations": [0.126], "obs_positions": [[71.7893, -7.6074]], "obs_orientations": [2.9643], "objectives": {"extension_time": 1.6, "danger_difference": 189.92830574737877, "parameter_difference": 39.75319357400712}, "attributes": {"generation_number": 2, "individual_number": 122, "crash": true, "goal_reached": false, "scenario_length": 1}}, "[[41.38175046671827], [29.102920492462868, 266.7809470920719, 49.224177172902614], [0.6762810078178607, 62.582265592327516], [2.0004754345347564, 32.54644825264947]]": {"ego_positions": [[-38.3843, -1.8352]], "ego_orientations": [0.126], "obs_positions": [[71.7893, -7.6074]], "obs_orientations": [2.9643], "objectives": {"extension_time": 1.6, "danger_difference": 189.92830574737877, "parameter_difference": 22.527270082219154}, "attributes": {"generation_number": 2, "individual_number": 139, "crash": true, "goal_reached": false, "scenario_length": 1}}, "[[41.38175046671827], [29.102920492462868, 266.7809470920719, 2.5], [1.721696135387312, 62.582265592327516], [2.2162621179170747, 32.54644825264947]]": {"ego_positions": [[-38.3843, -1.8352]], "ego_orientations": [0.126], "obs_positions": [[71.7893, -7.6074]], "obs_orientations": [2.9643], "objectives": {"extension_time": 1.6, "danger_difference": 189.92830574737877, "parameter_difference": 40.199113805498286}, "attributes": {"generation_number": 2, "individual_number": 145, "crash": true, "goal_reached": false, "scenario_length": 1}}, "[[6.073054345153517], [2.5, 197.15111054197413, 117.3527880669487], [1.8899855163343073, 104.63763798515267], [0.5354508755871487, 43.071523375803636]]": {"ego_positions": [[-38.3843, -1.8352]], "ego_orientations": [0.126], "obs_positions": [[71.7893, -7.6074]], "obs_orientations": [2.9643], "objectives": {"extension_time": 1.6, "danger_difference": 189.92830574737877, "parameter_difference": 7.094317667075139}, "attributes": {"generation_number": 3, "individual_number": 170, "crash": true, "goal_reached": false, "scenario_length": 1}}, "[[6.073054345153517], [2.5, 197.15111054197413, 2.5], [1.8899855163343073, 104.63763798515267], [0.5369986660258063, 42.42927731131224]]": {"ego_positions": [[-38.3843, -1.8352]], "ego_orientations": [0.126], "obs_positions": [[71.7893, -7.6074]], "obs_orientations": [2.9643], "objectives": {"extension_time": 1.6, "danger_difference": 189.92830574737877, "parameter_difference": 39.02730924477774}, "attributes": {"generation_number": 4, "individual_number": 202, "crash": true, "goal_reached": false, "scenario_length": 1}}, "[[6.073054345153517], [2.5, 197.15556259888703, 117.3527880669487], [1.8899855163343073, 104.63763798515267], [0.024446187636381844, 43.169827441350385]]": {"ego_positions": [[-38.3843, -1.8352]], "ego_orientations": [0.126], "obs_positions": [[71.7893, -7.6074]], "obs_orientations": [2.9643], "objectives": {"extension_time": 1.6, "danger_difference": 189.92830574737877, "parameter_difference": 7.0945304008759535}, "attributes": {"generation_number": 4, "individual_number": 229, "crash": true, "goal_reached": false, "scenario_length": 1}}, "[[41.72693313714289], [2.5, 200.0, 49.224177172902614], [115.27742064389834, 62.582265592327516], [2.0004754345347564, 45.71916305847874]]": {"ego_positions": [[-38.3843, -1.8352]], "ego_orientations": [0.126], "obs_positions": [[71.7893, -7.6074]], "obs_orientations": [2.9643], "objectives": {"extension_time": 1.6, "danger_difference": 189.92830574737877, "parameter_difference": 20.37882348215209}, "attributes": {"generation_number": 4, "individual_number": 235, "crash": true, "goal_reached": false, "scenario_length": 1}}, "[[12.865822930651401], [1.1070631061337686, 197.15556259888703, 117.3527880669487], [66.5968238037361, 116.74493712430403], [0.024446187636381844, 43.169827441350385]]": {"ego_positions": [[-38.3843, -1.8352]], "ego_orientations": [0.126], "obs_positions": [[71.7893, -7.6074]], "obs_orientations": [2.9643], "objectives": {"extension_time": 1.6, "danger_difference": 189.92830574737877, "parameter_difference": 7.196848348287662}, "attributes": {"generation_number": 5, "individual_number": 261, "crash": true, "goal_reached": false, "scenario_length": 1}}}