{"[[1.4876676630782737], [27.62698450757361, 411.62994676800196, 729.3140953833164], [2.4494331671286824, 177.93008352905534], [1.9794927594351197, 48.08107568168086]]": {"ego_positions": [[-47.6105, -3.0047]], "ego_orientations": [0.126], "obs_positions": [[80.6482, -9.1949]], "obs_orientations": [2.9642], "objectives": {"extension_time": 2.2, "danger_difference": 189.92830574737877, "parameter_difference": 251.8964697505491}, "attributes": {"generation_number": 0, "individual_number": 19, "crash": true, "goal_reached": false, "scenario_length": 1}}}