{"[[28.483151672298323], [48.57082158812931, 48.97031817735942, 839.531654688547], [1.212662909920492, 28.932706911301032], [0.605234471597989, 0.9378289474690105]]": {"ego_positions": [[-53.7613, -3.7844]], "ego_orientations": [0.126], "obs_positions": [[86.5541, -10.2533]], "obs_orientations": [2.9642], "objectives": {"extension_time": 2.6, "danger_difference": 189.92830574737877, "parameter_difference": 296.3260115915916}, "attributes": {"generation_number": 0, "individual_number": 11, "crash": true, "goal_reached": false, "scenario_length": 1}}, "[[28.292828364912374], [2.5, 45.980918070292674, 839.531654688547], [0.6846461587092213, 143.40926860145345], [1.4273067917296225, 1.3606017957119674]]": {"ego_positions": [[-53.7613, -3.7844]], "ego_orientations": [0.126], "obs_positions": [[86.5541, -10.2533]], "obs_orientations": [2.9642], "objectives": {"extension_time": 2.6, "danger_difference": 189.92830574737877, "parameter_difference": 295.814832495051}, "attributes": {"generation_number": 1, "individual_number": 75, "crash": true, "goal_reached": false, "scenario_length": 1}}}