{"[[9.888076472722654], [2.5, 33.20980084684717, 31.635178895053294], [1.21943409143649, 104.36057439903364], [0.5960443275080799, 26.006015557966947]]": {"ego_positions": [[-52.2235, -3.5895]], "ego_orientations": [0.1261], "obs_positions": [[85.0777, -9.9887]], "obs_orientations": [2.9642], "objectives": {"extension_time": 2.5, "danger_difference": 189.92830574737877, "parameter_difference": 27.368255775268608}, "attributes": {"generation_number": 1, "individual_number": 56, "crash": true, "goal_reached": false, "scenario_length": 1}}}