{"[[8.737686283173474], [17.306708808707967, 345.1202641110422, 993.1565821171347], [2.1721889328345076, 20.09749461387642], [2.4366225414430627, 35.44091604472119]]": {"ego_positions": [[-49.1482, -3.1997]], "ego_orientations": [0.126], "obs_positions": [[82.1247, -9.4595]], "obs_orientations": [2.9642], "objectives": {"extension_time": 2.3, "danger_difference": 189.92830574737877, "parameter_difference": 357.3001220334566}, "attributes": {"generation_number": 0, "individual_number": 22, "crash": true, "goal_reached": false, "scenario_length": 1}}}