{"[[20.122202367735014], [6.752664086912363, 230.06801290802397, 119.59356321121895], [0.1699513318500137, 134.2950355483584], [0.42855790468362603, 43.933312667425604]]": {"ego_positions": [[-67.6005, -5.5387]], "ego_orientations": [0.1261], "obs_positions": [[99.8425, -12.6345]], "obs_orientations": [2.9642], "objectives": {"extension_time": 3.5, "danger_difference": 189.92830574737877, "parameter_difference": 7.967270552833996}, "attributes": {"generation_number": 4, "individual_number": 219, "crash": true, "goal_reached": false, "scenario_length": 1}}, "[[19.843321649113065], [2.5, 200.0, 2.5], [0.1699513318500137, 134.2950355483584], [0.40056866469547947, 43.933312667425604]]": {"ego_positions": [[-67.6005, -5.5387]], "ego_orientations": [0.1261], "obs_positions": [[99.8425, -12.6345]], "obs_orientations": [2.9642], "objectives": {"extension_time": 3.5, "danger_difference": 189.92830574737877, "parameter_difference": 39.029594070506505}, "attributes": {"generation_number": 1, "individual_number": 53, "crash": true, "goal_reached": false, "scenario_length": 1}}, "[[20.122202367735014], [2.5, 230.06801290802397, 2.5], [1.1270135846570628, 133.98135318741743], [0.42855790468362603, 43.933312667425604]]": {"ego_positions": [[-67.6005, -5.5387]], "ego_orientations": [0.1261], "obs_positions": [[99.8425, -12.6345]], "obs_orientations": [2.9642], "objectives": {"extension_time": 3.5, "danger_difference": 189.92830574737877, "parameter_difference": 39.03281166256821}, "attributes": {"generation_number": 1, "individual_number": 81, "crash": true, "goal_reached": false, "scenario_length": 1}}, "[[20.122202367735014], [6.752664086912363, 230.06801290802397, 2.5], [0.9821371021095386, 134.2950355483584], [0.42855790468362603, 43.933312667425604]]": {"ego_positions": [[-67.6005, -5.5387]], "ego_orientations": [0.1261], "obs_positions": [[99.8425, -12.6345]], "obs_orientations": [2.9642], "objectives": {"extension_time": 3.5, "danger_difference": 189.92830574737877, "parameter_difference": 39.026300945666726}, "attributes": {"generation_number": 2, "individual_number": 105, "crash": true, "goal_reached": false, "scenario_length": 1}}, "[[20.122202367735014], [2.5, 200.0, 119.59356321121895], [117.40589027757628, 134.2950355483584], [0.42855790468362603, 36.648474178377725]]": {"ego_positions": [[-67.6005, -5.5387]], "ego_orientations": [0.1261], "obs_positions": [[99.8425, -12.6345]], "obs_orientations": [2.9642], "objectives": {"extension_time": 3.5, "danger_difference": 189.92830574737877, "parameter_difference": 7.971565061845394}, "attributes": {"generation_number": 2, "individual_number": 112, "crash": true, "goal_reached": false, "scenario_length": 1}}, "[[8.28002001963294], [2.4585904723267142, 78.8089341625359, 2.5], [0.42443054380381806, 18.768273392544174], [0.21228522836949604, 41.41555250919051]]": {"ego_positions": [[-67.6005, -5.5387]], "ego_orientations": [0.1261], "obs_positions": [[99.8425, -12.6345]], "obs_orientations": [2.9642], "objectives": {"extension_time": 3.5, "danger_difference": 189.92830574737877, "parameter_difference": 39.020365168915404}, "attributes": {"generation_number": 3, "individual_number": 176, "crash": true, "goal_reached": false, "scenario_length": 1}}, "[[20.11456311030152], [2.5, 195.12993952183803, 119.59356321121895], [117.40589027757628, 134.2950355483584], [0.42855790468362603, 36.86484452552309]]": {"ego_positions": [[-67.6005, -5.5387]], "ego_orientations": [0.1261], "obs_positions": [[99.8425, -12.6345]], "obs_orientations": [2.9642], "objectives": {"extension_time": 3.5, "danger_difference": 189.92830574737877, "parameter_difference": 7.969650028942728}, "attributes": {"generation_number": 4, "individual_number": 210, "crash": true, "goal_reached": false, "scenario_length": 1}}, "[[21.429803145074146], [2.5, 200.0, 119.59356321121895], [116.79181627192295, 134.2950355483584], [1.7811962299034811, 36.648474178377725]]": {"ego_positions": [[-67.6005, -5.5387]], "ego_orientations": [0.1261], "obs_positions": [[99.8425, -12.6345]], "obs_orientations": [2.9642], "objectives": {"extension_time": 3.5, "danger_difference": 189.92830574737877, "parameter_difference": 7.972649124971518}, "attributes": {"generation_number": 4, "individual_number": 243, "crash": true, "goal_reached": false, "scenario_length": 1}}, "[[21.42329585613099], [6.752664086912363, 230.06801290802397, 119.59356321121895], [0.1699513318500137, 103.92824880957053], [0.4119445611652871, 43.89543854187273]]": {"ego_positions": [[-67.6005, -5.5387]], "ego_orientations": [0.1261], "obs_positions": [[99.8425, -12.6345]], "obs_orientations": [2.9642], "objectives": {"extension_time": 3.5, "danger_difference": 189.92830574737877, "parameter_difference": 7.966715669651068}, "attributes": {"generation_number": 4, "individual_number": 248, "crash": true, "goal_reached": false, "scenario_length": 1}}}