{"[[24.44279283168278], [35.85569641078873, 191.43443935055743, 865.3538887754265], [0.16147895214815966, 186.2273853309459], [0.8050415265508648, 27.51835303697009]]": {"ego_positions": [[-62.9874, -4.9539]], "ego_orientations": [0.126], "obs_positions": [[95.413, -11.8407]], "obs_orientations": [2.9642], "objectives": {"extension_time": 3.2, "danger_difference": 189.92830574737877, "parameter_difference": 306.39182207043217}, "attributes": {"generation_number": 0, "individual_number": 3, "crash": true, "goal_reached": false, "scenario_length": 1}}, "[[47.29159075370193], [43.256822737999414, 365.41901162877275, 984.5971184317606], [1.1488090937868742, 186.84450130829526], [0.4357269346020598, 2.4297554353107156]]": {"ego_positions": [[-62.9874, -4.9539]], "ego_orientations": [0.126], "obs_positions": [[95.413, -11.8407]], "obs_orientations": [2.9642], "objectives": {"extension_time": 3.2, "danger_difference": 189.92830574737877, "parameter_difference": 354.1742792658803}, "attributes": {"generation_number": 0, "individual_number": 9, "crash": true, "goal_reached": false, "scenario_length": 1}}, "[[24.44279283168278], [2.5, 191.39265764886284, 865.3538887754265], [0.12992106303454048, 186.76880882583396], [1.4014211642528358, 27.51835303697009]]": {"ego_positions": [[-62.9874, -4.9539]], "ego_orientations": [0.126], "obs_positions": [[95.413, -11.8407]], "obs_orientations": [2.9642], "objectives": {"extension_time": 3.2, "danger_difference": 189.92830574737877, "parameter_difference": 306.14476579603564}, "attributes": {"generation_number": 1, "individual_number": 58, "crash": true, "goal_reached": false, "scenario_length": 1}}, "[[47.64251117839481], [43.256822737999414, 365.41901162877275, 984.5971184317606], [1.1488090937868742, 186.84450130829526], [0.4357269346020598, 2.4297554353107156]]": {"ego_positions": [[-62.9874, -4.9539]], "ego_orientations": [0.126], "obs_positions": [[95.413, -11.8407]], "obs_orientations": [2.9642], "objectives": {"extension_time": 3.2, "danger_difference": 189.92830574737877, "parameter_difference": 354.17429609663964}, "attributes": {"generation_number": 1, "individual_number": 92, "crash": true, "goal_reached": false, "scenario_length": 1}}}