{"[[9.348426646063796], [1.4670823336588978, 248.5557653483909, 582.1938789299561], [2.3645987778456083, 163.3931001113861], [1.7660470113245372, 33.33879568298636]]": {"ego_positions": [[-59.912, -4.5641]], "ego_orientations": [0.126], "obs_positions": [[92.4601, -11.3116]], "obs_orientations": [2.9642], "objectives": {"extension_time": 3.0, "danger_difference": 189.92830574737877, "parameter_difference": 192.8863513055735}, "attributes": {"generation_number": 0, "individual_number": 12, "crash": true, "goal_reached": false, "scenario_length": 1}}}