{"[[37.84891804373037], [14.475721897107812, 157.85309933534586, 236.527344389727], [0.44594868280044303, 46.27731645817435], [0.36429702875567377, 31.279109297811225]]": {"ego_positions": [[50.7791, 4.7777], [48.987899549074385, 4.598572230740096], [47.19571686025109, 4.421557379730309], [45.401805131286764, 4.247844097986763], [43.60564036418616, 4.077834749276822], [41.80687436094043, 3.9113947337823136], [40.00531753278636, 3.748003822510973], [38.200845107378406, 3.5869752056422617], [36.39347052079654, 3.427572513497086], [34.583228279722775, 3.2689290831670896], [32.77054780304969, 3.1104379991341022], [30.956395854432678, 2.955506071313456], [29.139191900495593, 2.820540689177467], [27.317535299206757, 2.7170725869535333], [25.490848120944147, 2.6490923015399614], [23.659132866600007, 2.6153769760675294], [21.822780980460497, 2.6113535956231164], [19.98241048611559, 2.630517627726789], [18.138757551118033, 2.6655092261518596], [16.292580208446637, 2.70890543484217], [14.444844390708285, 2.7517716920650765], [12.597073109440998, 2.7795932586367393], [10.750443730412599, 2.7813382103854254], [8.905652352012053, 2.750902480781445], [7.063023491653652, 2.6859329489718524], [5.222610995896264, 2.5868264574392272], [3.3842797058673613, 2.4558956345869363], [1.5479683916130913, 2.2946750661704343], [-0.28580757154367975, 2.098929801023049], [-2.1168101866572346, 1.8671660924660671], [-3.945435753085894, 1.6042358705931699], [-5.772670453828503, 1.3206412468925695], [-7.5978705813708665, 1.0106188230845992], [-9.420853946498587, 0.6730502376312095], [-11.242123328837085, 0.3137406299327441], [-13.062050196871457, -0.0629646166059663], [-14.880170201156298, -0.46120648276071474], [-16.6977038398087, -0.8682965116989134], [-18.516577932813902, -1.264487059837725]], "ego_orientations": [3.2415, -3.0423692538060214, -3.0440264115994102, -3.046129319423193, -3.048303076653709, -3.0503018589669844, -3.0519220342439684, -3.053194567679502, -3.053963671823831, -3.0543472084807344, -3.05433637807428, -3.0604459509587545, -3.0754947923955815, -3.094543354151329, -3.1140958464979103, -3.13182872564859, 3.1368294658396345, 3.126214806230472, 3.1196960125034456, 3.117115931688115, 3.1212178247876405, 3.132840161458789, -3.134183140346893, -3.1157976249811528, -3.09693709741738, -3.0788662836485123, -3.062441346049155, -3.044986858368118, -3.0254015615591996, -3.0061968048623706, -2.9930797563044322, -2.9810213866957245, -2.9656236087560144, -2.951930005802684, -2.9425237310305414, -2.9313752374942452, -2.9218972197321507, -2.9224765820152054, -2.9332638607311505], "obs_positions": [[-5.5904, -0.6036], [-5.5904, -0.6036], [-5.5904, -0.6036], [-5.5904, -0.6036], [-5.5904, -0.6036], [-5.5904, -0.6036], [-5.5904, -0.6036], [-5.5904, -0.6036], [-5.5904, -0.6036], [-5.5904, -0.6036], [-5.5904, -0.6036], [-5.5904, -0.6036], [-5.5904, -0.6036], [-5.5904, -0.6036], [-5.5904, -0.6036], [-5.5904, -0.6036], [-5.5904, -0.6036], [-5.5904, -0.6036], [-5.5904, -0.6036], [-5.5904, -0.6036], [-5.5904, -0.6036], [-5.5904, -0.6036], [-5.5904, -0.6036], [-5.5904, -0.6036], [-5.5904, -0.6036], [-5.5904, -0.6036], [-5.5904, -0.6036], [-5.5904, -0.6036], [-5.5904, -0.6036], [-5.5904, -0.6036], [-5.5904, -0.6036], [-5.5904, -0.6036], [-5.5904, -0.6036], [-5.5904, -0.6036], [-5.5904, -0.6036], [-5.5904, -0.6036], [-5.5904, -0.6036], [-5.5904, -0.6036], [-5.5904, -0.6036]], "obs_orientations": [3.2415, 3.2415, 3.2415, 3.2415, 3.2415, 3.2415, 3.2415, 3.2415, 3.2415, 3.2415, 3.2415, 3.2415, 3.2415, 3.2415, 3.2415, 3.2415, 3.2415, 3.2415, 3.2415, 3.2415, 3.2415, 3.2415, 3.2415, 3.2415, 3.2415, 3.2415, 3.2415, 3.2415, 3.2415, 3.2415, 3.2415, 3.2415, 3.2415, 3.2415, 3.2415, 3.2415, 3.2415, 3.2415, 3.2415], "objectives": {"extension_time": 1.4, "danger_difference": 3.0141720394630003, "parameter_difference": 94.79637606964818}, "attributes": {"generation_number": 0, "individual_number": 11, "crash": false, "goal_reached": true, "scenario_length": 39}}, "[[43.94537070724589], [2.5, 369.9382739144547, 2.5], [0.44753950218251537, 37.63535468273231], [0.3479714573005944, 31.235995330998783]]": {"ego_positions": [[50.7791, 4.7777], [48.987899549074385, 4.598572230740096], [47.19571686025109, 4.421557379730309], [45.401805131286764, 4.247844097986763], [43.60564036418616, 4.077834749276822], [41.80687436094043, 3.9113947337823136], [40.00531753278636, 3.748003822510973], [38.200845107378406, 3.5869752056422617], [36.39347052079654, 3.427572513497086], [34.583228279722775, 3.2689290831670896], [32.77054780304969, 3.1104379991341022], [30.956395854432678, 2.955506071313456], [29.139191900495593, 2.820540689177467], [27.317535299206757, 2.7170725869535333], [25.490848120944147, 2.6490923015399614], [23.659132866600007, 2.6153769760675294], [21.822780980460497, 2.6113535956231164], [19.98241048611559, 2.630517627726789], [18.138757551118033, 2.6655092261518596], [16.292580208446637, 2.70890543484217], [14.444844390708285, 2.7517716920650765], [12.597073109440998, 2.7795932586367393], [10.750443730412599, 2.7813382103854254], [8.905652352012053, 2.750902480781445], [7.063023491653652, 2.6859329489718524], [5.222610995896264, 2.5868264574392272], [3.3842797058673613, 2.4558956345869363], [1.5479683916130913, 2.2946750661704343], [-0.28580757154367975, 2.098929801023049], [-2.1168101866572346, 1.8671660924660671], [-3.945435753085894, 1.6042358705931699], [-5.772670453828503, 1.3206412468925695], [-7.5978705813708665, 1.0106188230845992], [-9.420853946498587, 0.6730502376312095], [-11.242123328837085, 0.3137406299327441], [-13.062050196871457, -0.0629646166059663], [-14.880170201156298, -0.46120648276071474], [-16.6977038398087, -0.8682965116989134], [-18.516577932813902, -1.264487059837725]], "ego_orientations": [3.2415, -3.0423692538060214, -3.0440264115994102, -3.046129319423193, -3.048303076653709, -3.0503018589669844, -3.0519220342439684, -3.053194567679502, -3.053963671823831, -3.0543472084807344, -3.05433637807428, -3.0604459509587545, -3.0754947923955815, -3.094543354151329, -3.1140958464979103, -3.13182872564859, 3.1368294658396345, 3.126214806230472, 3.1196960125034456, 3.117115931688115, 3.1212178247876405, 3.132840161458789, -3.134183140346893, -3.1157976249811528, -3.09693709741738, -3.0788662836485123, -3.062441346049155, -3.044986858368118, -3.0254015615591996, -3.0061968048623706, -2.9930797563044322, -2.9810213866957245, -2.9656236087560144, -2.951930005802684, -2.9425237310305414, -2.9313752374942452, -2.9218972197321507, -2.9224765820152054, -2.9332638607311505], "obs_positions": [[-5.5904, -0.6036], [-5.5904, -0.6036], [-5.5904, -0.6036], [-5.5904, -0.6036], [-5.5904, -0.6036], [-5.5904, -0.6036], [-5.5904, -0.6036], [-5.5904, -0.6036], [-5.5904, -0.6036], [-5.5904, -0.6036], [-5.5904, -0.6036], [-5.5904, -0.6036], [-5.5904, -0.6036], [-5.5904, -0.6036], [-5.5904, -0.6036], [-5.5904, -0.6036], [-5.5904, -0.6036], [-5.5904, -0.6036], [-5.5904, -0.6036], [-5.5904, -0.6036], [-5.5904, -0.6036], [-5.5904, -0.6036], [-5.5904, -0.6036], [-5.5904, -0.6036], [-5.5904, -0.6036], [-5.5904, -0.6036], [-5.5904, -0.6036], [-5.5904, -0.6036], [-5.5904, -0.6036], [-5.5904, -0.6036], [-5.5904, -0.6036], [-5.5904, -0.6036], [-5.5904, -0.6036], [-5.5904, -0.6036], [-5.5904, -0.6036], [-5.5904, -0.6036], [-5.5904, -0.6036], [-5.5904, -0.6036], [-5.5904, -0.6036]], "obs_orientations": [3.2415, 3.2415, 3.2415, 3.2415, 3.2415, 3.2415, 3.2415, 3.2415, 3.2415, 3.2415, 3.2415, 3.2415, 3.2415, 3.2415, 3.2415, 3.2415, 3.2415, 3.2415, 3.2415, 3.2415, 3.2415, 3.2415, 3.2415, 3.2415, 3.2415, 3.2415, 3.2415, 3.2415, 3.2415, 3.2415, 3.2415, 3.2415, 3.2415, 3.2415, 3.2415, 3.2415, 3.2415, 3.2415, 3.2415], "objectives": {"extension_time": 1.4, "danger_difference": 3.0141720394630003, "parameter_difference": 2.56706557778923}, "attributes": {"generation_number": 1, "individual_number": 99, "crash": false, "goal_reached": true, "scenario_length": 39}},