{"[[31.919560446085676], [1.2112861782974471, 0.5496200125985666, 2.4705672513428367], [0.022865696326310636, 42.36358765743486], [0.42685165128460745, 33.67385442667952]]": {"ego_positions": [[74.0622, 7.1137], [72.27099784787694, 6.934572792821055], [70.47881000761565, 6.757566467499643], [68.68489223632827, 6.583867765869588], [66.88872163120999, 6.413873740597566], [65.08995307903614, 6.2474381464301425], [63.288378791313825, 6.0840720759798135], [61.48390458558053, 5.923088434354781], [59.6765196237336, 5.763699711628025], [57.8662747754167, 5.605101526353931], [56.05326179314723, 5.446541733516241], [54.237602349699316, 5.287388550217788], [52.41944084453909, 5.127112911081498], [50.598933442158234, 4.965296958647872], [48.77624153230702, 4.801638001355528], [46.95152647605569, 4.6359494957999825], [45.12494793392933, 4.468141653649867], [43.29666240769922, 4.298193343543812], [41.46681987704943, 4.1261411173472045], [39.63556203018982, 3.9520828007032893], [37.80302115487643, 3.776173363527145], [35.96932171526087, 3.5985944764570545], [34.13458200853395, 3.419515253158773], [32.299522285236876, 3.2391863244400327], [30.4660834050292, 3.061885266787099], [28.632615907011303, 2.9047738565742507], [26.797354596891083, 2.779995531178779], [24.95938880616769, 2.692008865426173], [23.118418838318064, 2.6399261431580396], [21.274566689826067, 2.619392888499969], [19.428199186919326, 2.62400904277845], [17.57983930854801, 2.6464243238709644], [15.730063398977263, 2.6791725535216866], [13.879661011660462, 2.713226163204615], [12.030008277570486, 2.733922056968793], [10.182155006899514, 2.73006200186017], [8.336685765073888, 2.695360686175146], [6.493829319749386, 2.627281475960953], [4.653555703582052, 2.5260404514936585], [2.8156590270049713, 2.393779842708475], [0.9800142678314876, 2.2318757303226806], [-0.852915390129881, 2.0359504462888247], [-2.682937204221904, 1.804384896456949], [-4.509996779456314, 1.5370540660951497], [-6.333706392509097, 1.2300576693235805], [-8.15437520525424, 0.8867261311062277], [-9.97290837589909, 0.5164297636394223], [-11.790426746979866, 0.13085453263278235], [-13.607727667380328, -0.26166420082423025], [-15.424855475198603, -0.6605451624458818], [-17.24291020213642, -1.054489701249518], [-19.063321290129522, -1.4287428574934777]], "ego_orientations": [3.2415, -3.0423715741060215, -3.044033557251845, -3.0461383601041256, -3.0483104518909316, -3.0502984030895677, -3.051957462377182, -3.053198935901256, -3.0539913874457723, -3.0543447513379847, -3.054313380568914, -3.0539580488634948, -3.0533376724904846, -3.0525151720038175, -3.051553887659217, -3.050514629658542, -3.049443530219961, -3.048368609911872, -3.047324298609466, -3.046345848429994, -3.0454594062743596, -3.044655928890213, -3.0439606266124435, -3.043306322348122, -3.049112631015726, -3.0641948937496695, -3.083606504999261, -3.1038043522609855, -3.1223945097797676, -3.137920077972423, 3.1335972770024063, 3.1260170362327466, 3.122401378915645, 3.1255341693890912, 3.136274193462575, -3.13153124338303, -3.1138221256148255, -3.0955329237924167, -3.0779328440192635, -3.061886376333212, -3.0447257204717975, -3.0253590344898944, -3.0063092124415243, -2.985659170650808, -2.964354114761156, -2.946957124893223, -2.9355543031010742, -2.9305975464934524, -2.926682209286759, -2.925507901071008, -2.932306758021024, -2.946360864106703], "obs_positions": [[-5.5904, -0.6036], [-5.5904, -0.6036], [-5.5904, -0.6036], [-5.5904, -0.6036], [-5.5904, -0.6036], [-5.5904, -0.6036], [-5.5904, -0.6036], [-5.5904, -0.6036], [-5.5904, -0.6036], [-5.5904, -0.6036], [-5.5904, -0.6036], [-5.5904, -0.6036], [-5.5904, -0.6036], [-5.5904, -0.6036], [-5.5904, -0.6036], [-5.5904, -0.6036], [-5.5904, -0.6036], [-5.5904, -0.6036], [-5.5904, -0.6036], [-5.5904, -0.6036], [-5.5904, -0.6036], [-5.5904, -0.6036], [-5.5904, -0.6036], [-5.5904, -0.6036], [-5.5904, -0.6036], [-5.5904, -0.6036], [-5.5904, -0.6036], [-5.5904, -0.6036], [-5.5904, -0.6036], [-5.5904, -0.6036], [-5.5904, -0.6036], [-5.5904, -0.6036], [-5.5904, -0.6036], [-5.5904, -0.6036], [-5.5904, -0.6036], [-5.5904, -0.6036], [-5.5904, -0.6036], [-5.5904, -0.6036], [-5.5904, -0.6036], [-5.5904, -0.6036], [-5.5904, -0.6036], [-5.5904, -0.6036], [-5.5904, -0.6036], [-5.5904, -0.6036], [-5.5904, -0.6036], [-5.5904, -0.6036], [-5.5904, -0.6036], [-5.5904, -0.6036], [-5.5904, -0.6036], [-5.5904, -0.6036], [-5.5904, -0.6036], [-5.5904, -0.6036]], "obs_orientations": [3.2415, 3.2415, 3.2415, 3.2415, 3.2415, 3.2415, 3.2415, 3.2415, 3.2415, 3.2415, 3.2415, 3.2415, 3.2415, 3.2415, 3.2415, 3.2415, 3.2415, 3.2415, 3.2415, 3.2415, 3.2415, 3.2415, 3.2415, 3.2415, 3.2415, 3.2415, 3.2415, 3.2415, 3.2415, 3.2415, 3.2415, 3.2415, 3.2415, 3.2415, 3.2415, 3.2415, 3.2415, 3.2415, 3.2415, 3.2415, 3.2415, 3.2415, 3.2415, 3.2415, 3.2415, 3.2415, 3.2415, 3.2415, 3.2415, 3.2415, 3.2415, 3.2415], "objectives": {"extension_time": 2.7, "danger_difference": 2.797700060740329, "parameter_difference": 1.4421236188404463}, "attributes": {"generation_number": 10, "individual_number": 506, "crash": false, "goal_reached": true, "scenario_length": 52}}}