{"[[16.448084658674144], [2.5, 52.90862575606268, 2.5], [143.7867243263364, 161.22589571544106], [0.3955459749161889, 0.5736748619645953]]": {"ego_positions": [[68.6892, 6.5746], [66.8921997148529, 6.42723359450942], [65.07485405543221, 6.359507555970423], [63.24449304443669, 6.282652362367271], [61.40902809767262, 6.152435504411714], [59.57120414848765, 5.98217524462992], [57.73168833406499, 5.796213467400751], [55.89101075566185, 5.6083598282348035], [54.0497920365665, 5.422311787106482], [52.20847501353849, 5.237619059188333], [50.36722524527097, 5.053334956436228], [48.52614580350554, 4.868809576259703], [46.685208074946246, 4.684097866828068], [44.84437273906152, 4.4993163479235], [43.003613962223234, 4.314510813783304], [41.16291433933901, 4.129705356880413], [39.32226522853619, 3.944864164807368], [37.48164659718088, 3.760080953407818], [35.64105433085458, 3.575306559303867], [33.8004775087845, 3.390571467495529], [31.96135592901324, 3.2060393608766944], [30.131407246047562, 3.0224526228408637], [28.31923121397674, 2.844758133345446], [26.521422851118736, 2.689693623909034], [24.73319823210628, 2.5688554424384336], [22.952341626880468, 2.4863739442530104], [21.177660420536757, 2.4411227754130387], [19.408404758094267, 2.4285085249570364], [17.644122673674353, 2.4419327513796225], [15.884540231391306, 2.473883459789328], [14.129053852051182, 2.5146996216366153], [12.375915744129355, 2.548559212212977], [10.625648982224575, 2.5631689208538537], [8.879050191703836, 2.5511357647145307], [7.136515638706482, 2.508789861409563], [5.397654106920522, 2.434102424422038], [3.6606589274794734, 2.323699927906641], [1.9257023716380952, 2.17862159248751], [0.19312977942948656, 2.003598249751977], [-1.538196692804839, 1.802734695352443], [-3.272694036650477, 1.5763072581998263], [-5.010444481480732, 1.3316106395031537], [-6.748965672580156, 1.072254115360518], [-8.486006439583596, 0.7945550301394191], [-10.215228535074491, 0.455057978346739], [-11.935275146634336, 0.05378078122724461], [-13.6485276834157, -0.3791952223029117], [-15.358253369583391, -0.8096946006064812], [-17.064563748697005, -1.2335289032417132], [-18.76602915985834, -1.6539627574984799]], "ego_orientations": [3.2415, -3.0875893390069513, -3.1096441482313493, -3.085635205930617, -3.057622643909763, -3.0432188100254, -3.0396988406459307, -3.0403457065637274, -3.0413457333196523, -3.041818899993195, -3.0417833448442013, -3.041632440547955, -3.04156352575419, -3.041537118706594, -3.041528936400826, -3.0415192788462266, -3.0415091196033264, -3.0415530415274254, -3.04153011549484, -3.041592138601598, -3.0415896527409947, -3.041619039384474, -3.0481445976798787, -3.0641012550460367, -3.0845757009636436, -3.105977773874984, -3.125814431091703, 3.140681431771272, 3.127987901249272, 3.1196002785838277, 3.1188653380673275, 3.126850085517471, 3.1403465587340973, -3.1262056476512416, -3.108303486063805, -3.0885424973640005, -3.0678252170311016, -3.0489775237405525, -3.0334850001120275, -3.018379615809124, -3.006332332408392, -2.996867333764412, -2.991642794361489, -2.9679473512178522, -2.928009712757295, -2.8999003164542825, -2.891542370533131, -2.9008381245149417, -2.8909464714490807, -2.9189946471312016], "obs_positions": [[-5.5904, -0.6036], [-5.5904, -0.6036], [-5.5904, -0.6036], [-5.5904, -0.6036], [-5.5904, -0.6036], [-5.5904, -0.6036], [-5.5904, -0.6036], [-5.5904, -0.6036], [-5.5904, -0.6036], [-5.5904, -0.6036], [-5.5904, -0.6036], [-5.5904, -0.6036], [-5.5904, -0.6036], [-5.5904, -0.6036], [-5.5904, -0.6036], [-5.5904, -0.6036], [-5.5904, -0.6036], [-5.5904, -0.6036], [-5.5904, -0.6036], [-5.5904, -0.6036], [-5.5904, -0.6036], [-5.5904, -0.6036], [-5.5904, -0.6036], [-5.5904, -0.6036], [-5.5904, -0.6036], [-5.5904, -0.6036], [-5.5904, -0.6036], [-5.5904, -0.6036], [-5.5904, -0.6036], [-5.5904, -0.6036], [-5.5904, -0.6036], [-5.5904, -0.6036], [-5.5904, -0.6036], [-5.5904, -0.6036], [-5.5904, -0.6036], [-5.5904, -0.6036], [-5.5904, -0.6036], [-5.5904, -0.6036], [-5.5904, -0.6036], [-5.5904, -0.6036], [-5.5904, -0.6036], [-5.5904, -0.6036], [-5.5904, -0.6036], [-5.5904, -0.6036], [-5.5904, -0.6036], [-5.5904, -0.6036], [-5.5904, -0.6036], [-5.5904, -0.6036], [-5.5904, -0.6036], [-5.5904, -0.6036]], "obs_orientations": [3.2415, 3.2415, 3.2415, 3.2415, 3.2415, 3.2415, 3.2415, 3.2415, 3.2415, 3.2415, 3.2415, 3.2415, 3.2415, 3.2415, 3.2415, 3.2415, 3.2415, 3.2415, 3.2415, 3.2415, 3.2415, 3.2415, 3.2415, 3.2415, 3.2415, 3.2415, 3.2415, 3.2415, 3.2415, 3.2415, 3.2415, 3.2415, 3.2415, 3.2415, 3.2415, 3.2415, 3.2415, 3.2415, 3.2415, 3.2415, 3.2415, 3.2415, 3.2415, 3.2415, 3.2415, 3.2415, 3.2415, 3.2415, 3.2415, 3.2415], "objectives": {"extension_time": 2.4, "danger_difference": 2.137997065558743, "parameter_difference": 1.5175779605134407}, "attributes": {"generation_number": 6, "individual_number": 335, "crash": false, "goal_reached": true, "scenario_length": 50}}}