{"[[33.23713619910694], [2.4167691642906135, 0.4132653439939039, 2.4842506005729246], [34.594407964341165, 0.9160797611006402], [0.06950330899205026, 3.096743898260756]]": {"ego_positions": [[72.2712, 6.934], [70.47999956037174, 6.754872095003356], [68.68781684518065, 6.577856446869741], [66.89390484932754, 6.404142513615123], [65.09774006014965, 6.234132503432136], [63.29897710728136, 6.067683267270394], [61.49741142335631, 5.904299157638985], [59.69294622264976, 5.743284591669969], [57.88556859560219, 5.583858967144581], [56.07532723163823, 5.425234784367273], [54.26231526843905, 5.26667677064084], [52.44665670046622, 5.107538542636801], [50.628495665931176, 4.9472829977811035], [48.807988174610585, 4.785490293473502], [46.98529583363037, 4.621856684113393], [45.16058118654132, 4.456186958628081], [43.33400433407931, 4.288382727415198], [41.5057198306789, 4.118433268225782], [39.67587878813986, 3.9463792862703606], [37.84462061410345, 3.772326741381953], [36.01207790792408, 3.5964477014813863], [34.17837944681192, 3.41886452668059], [32.34424849133918, 3.2398682713693456], [30.513208267653447, 3.059859749879364], [28.68920908084301, 2.8834845328785885], [26.869925420459243, 2.7278257567401853], [25.052447677693014, 2.604884496168485], [23.234885897282954, 2.519007274263574], [21.41611271813687, 2.4692296201561543], [19.595541555543107, 2.45110575588015], [17.772971188718557, 2.4581570824810965], [15.94844430833742, 2.4829899611589936], [14.122371680664068, 2.5160971877338714], [12.295873851475111, 2.5419884968249873], [10.469840033019333, 2.5484385375131975], [8.644767269968908, 2.5280431313147633], [6.8208533926599415, 2.4771261433143543], [4.998148909336634, 2.3937061968485054], [3.1767423176202176, 2.2746048199907944], [1.356380144884052, 2.120814830324014], [-0.46344622571924504, 1.9369699567532725], [-2.283140212681631, 1.7276181197780593], [-4.102084772589957, 1.4916819530855476], [-5.918725975906204, 1.2274811637287746], [-7.7325512063730875, 0.9299532974225893], [-9.54405953917337, 0.6009644969583852], [-11.353703864632758, 0.24234575705220807], [-13.161134335089855, -0.15346900906891214], [-14.968056630425679, -0.571819568265546], [-16.776988631605402, -0.9878821676938047], [-18.589982359995997, -1.3801987668319027]], "ego_orientations": [3.2415, -3.0423690322434047, -3.044025957944971, -3.0461290717519693, -3.048301842744938, -3.05029172495265, -3.0519427751554757, -3.0531782710131994, -3.053972226030421, -3.0543389430878056, -3.0543188729891284, -3.053967955242001, -3.053349567244489, -3.0525285416045556, -3.0515669165125177, -3.050521104991874, -3.0494402817999293, -3.048370851746622, -3.0473184614634206, -3.0463652825747416, -3.0454587873118, -3.0446704935014552, -3.043941385067406, -3.0432757814970106, -3.0491688764514926, -3.064420140400841, -3.0840853490008087, -3.104576690094961, -3.1234613565052793, -3.139204472710219, 3.13215756658967, 3.12450435258759, 3.124075280846296, 3.1318648950585715, -3.1382617949214064, -3.122240982279482, -3.1050611385410067, -3.0862134237615244, -3.0665010717124934, -3.048571652988004, -3.0338600684404464, -3.019941606773491, -3.005309389540888, -2.98829817284746, -2.9699542473189298, -2.9546768510617007, -2.9356919830416017, -2.9179314870860287, -2.912588698128083, -2.9204294690060473, -2.9377348815952584], "obs_positions": [[-5.5904, -0.6036], [-5.5904, -0.6036], [-5.5904, -0.6036], [-5.5904, -0.6036], [-5.5904, -0.6036], [-5.5904, -0.6036], [-5.5904, -0.6036], [-5.5904, -0.6036], [-5.5904, -0.6036], [-5.5904, -0.6036], [-5.5904, -0.6036], [-5.5904, -0.6036], [-5.5904, -0.6036], [-5.5904, -0.6036], [-5.5904, -0.6036], [-5.5904, -0.6036], [-5.5904, -0.6036], [-5.5904, -0.6036], [-5.5904, -0.6036], [-5.5904, -0.6036], [-5.5904, -0.6036], [-5.5904, -0.6036], [-5.5904, -0.6036], [-5.5904, -0.6036], [-5.5904, -0.6036], [-5.5904, -0.6036], [-5.5904, -0.6036], [-5.5904, -0.6036], [-5.5904, -0.6036], [-5.5904, -0.6036], [-5.5904, -0.6036], [-5.5904, -0.6036], [-5.5904, -0.6036], [-5.5904, -0.6036], [-5.5904, -0.6036], [-5.5904, -0.6036], [-5.5904, -0.6036], [-5.5904, -0.6036], [-5.5904, -0.6036], [-5.5904, -0.6036], [-5.5904, -0.6036], [-5.5904, -0.6036], [-5.5904, -0.6036], [-5.5904, -0.6036], [-5.5904, -0.6036], [-5.5904, -0.6036], [-5.5904, -0.6036], [-5.5904, -0.6036], [-5.5904, -0.6036], [-5.5904, -0.6036], [-5.5904, -0.6036]], "obs_orientations": [3.2415, 3.2415, 3.2415, 3.2415, 3.2415, 3.2415, 3.2415, 3.2415, 3.2415, 3.2415, 3.2415, 3.2415, 3.2415, 3.2415, 3.2415, 3.2415, 3.2415, 3.2415, 3.2415, 3.2415, 3.2415, 3.2415, 3.2415, 3.2415, 3.2415, 3.2415, 3.2415, 3.2415, 3.2415, 3.2415, 3.2415, 3.2415, 3.2415, 3.2415, 3.2415, 3.2415, 3.2415, 3.2415, 3.2415, 3.2415, 3.2415, 3.2415, 3.2415, 3.2415, 3.2415, 3.2415, 3.2415, 3.2415, 3.2415, 3.2415, 3.2415], "objectives": {"extension_time": 2.6, "danger_difference": 3.3156722225029096, "parameter_difference": 1.5391195627510026}, "attributes": {"generation_number": 17, "individual_number": 894, "crash": false, "goal_reached": true, "scenario_length": 51}}}