{"[[33.11892411680735], [0.4517299346846728, 197.595438948362, 2.499998648971469], [0.8916036639989646, 1.520699949853055], [0.7851971139261685, 26.34295316816924]]": {"ego_positions": [[66.8981, 6.395], [65.10694169881518, 6.2154501502399215], [63.31502164765922, 6.035813493236565], [61.52171990030694, 5.856019552496394], [59.72651600719924, 5.676436937157181], [57.92887521974782, 5.498805637111798], [56.12841892985247, 5.324359368939875], [54.32497854727485, 5.153129577962234], [52.51864533490118, 4.983294103703742], [50.709551282119115, 4.8132344764198205], [48.89781583260896, 4.641953216506188], [47.08355107703058, 4.468922584342364], [45.266866495994165, 4.293950916683009], [43.447872176697985, 4.117071691521059], [41.62668197844307, 3.9384629818873775], [39.803424163739244, 3.758328141750806], [37.978195258741046, 3.5769836721616275], [36.15116159395603, 3.394669715960196], [34.322417399573666, 3.2115944966999788], [32.49168451625183, 3.0323405946166018], [30.657262331397444, 2.875218162069946], [28.81798183165211, 2.7532727058267943], [26.973502754280204, 2.671264958134321], [25.1240547057945, 2.628188713303105], [23.270235770784524, 2.619285385015996], [21.41285554212256, 2.637626605965635], [19.552811066229342, 2.6752777315435816], [17.690999498345207, 2.72416461249997], [15.828257290046725, 2.7766759379457566], [13.965367286285199, 2.8260991083728957], [12.102952836015264, 2.8668168121458617], [10.24152198436429, 2.894379986100926], [8.38145631264509, 2.905512307005981], [6.523022547626421, 2.8980400171946528], [4.666488073084037, 2.869752418605832], [2.812339059160886, 2.816197203193209], [0.9607720621799469, 2.7357401977991245], [-0.8882673811617354, 2.6292206004502274], [-2.734767726322122, 2.496926233784104], [-4.57833111596403, 2.3356203808134417], [-6.4188427274526525, 2.145073609007975], [-8.257697563696937, 1.9390123598057842], [-10.096106468042866, 1.7292793937307918], [-11.935040136517605, 1.52553950431118], [-13.774759276496578, 1.3301461869297198], [-15.615093765784255, 1.1412077129234093], [-17.455766964479032, 0.95582565288276], [-19.296523345019764, 0.7714368109336971]], "ego_orientations": [3.2415, -3.0416820714600368, -3.0416737476833196, -3.0416617156274572, -3.042332767184718, -3.04397740380474, -3.0460690440941525, -3.047570537318049, -3.0479734654457236, -3.04766697596108, -3.046951678183274, -3.0460476132669623, -3.045106215562131, -3.044225719149238, -3.0434559051709718, -3.042801024599915, -3.04234999440818, -3.0419370610864047, -3.0417192246368465, -3.0484296515056992, -3.06501621850058, -3.086154087643194, -3.1080358871734477, -3.128108176685481, 3.1383649726010483, 3.1258032668068028, 3.1176377027221354, 3.1137293251953815, 3.1136895247454297, 3.1169511141641477, 3.1229148477919324, 3.130953346096036, 3.1404603995148697, -3.1323091858242056, -3.1198616126508796, -3.105434606295551, -3.091025337223254, -3.077125732799385, -3.062909954517863, -3.0453254896220434, -3.033010060838397, -3.0279514826951757, -3.029083835947712, -3.033571127084931, -3.037782574959437, -3.040519872570107, -3.0416688465293116, -3.041726452933473], "obs_positions": [[-5.5904, -0.6036], [-5.5904, -0.6036], [-5.5904, -0.6036], [-5.5904, -0.6036], [-5.5904, -0.6036], [-5.5904, -0.6036], [-5.5904, -0.6036], [-5.5904, -0.6036], [-5.5904, -0.6036], [-5.5904, -0.6036], [-5.5904, -0.6036], [-5.5904, -0.6036], [-5.5904, -0.6036], [-5.5904, -0.6036], [-5.5904, -0.6036], [-5.5904, -0.6036], [-5.5904, -0.6036], [-5.5904, -0.6036], [-5.5904, -0.6036], [-5.5904, -0.6036], [-5.5904, -0.6036], [-5.5904, -0.6036], [-5.5904, -0.6036], [-5.5904, -0.6036], [-5.5904, -0.6036], [-5.5904, -0.6036], [-5.5904, -0.6036], [-5.5904, -0.6036], [-5.5904, -0.6036], [-5.5904, -0.6036], [-5.5904, -0.6036], [-5.5904, -0.6036], [-5.5904, -0.6036], [-5.5904, -0.6036], [-5.5904, -0.6036], [-5.5904, -0.6036], [-5.5904, -0.6036], [-5.5904, -0.6036], [-5.5904, -0.6036], [-5.5904, -0.6036], [-5.5904, -0.6036], [-5.5904, -0.6036], [-5.5904, -0.6036], [-5.5904, -0.6036], [-5.5904, -0.6036], [-5.5904, -0.6036], [-5.5904, -0.6036], [-5.5904, -0.6036]], "obs_orientations": [3.2415, 3.2415, 3.2415, 3.2415, 3.2415, 3.2415, 3.2415, 3.2415, 3.2415, 3.2415, 3.2415, 3.2415, 3.2415, 3.2415, 3.2415, 3.2415, 3.2415, 3.2415, 3.2415, 3.2415, 3.2415, 3.2415, 3.2415, 3.2415, 3.2415, 3.2415, 3.2415, 3.2415, 3.2415, 3.2415, 3.2415, 3.2415, 3.2415, 3.2415, 3.2415, 3.2415, 3.2415, 3.2415, 3.2415, 3.2415, 3.2415, 3.2415, 3.2415, 3.2415, 3.2415, 3.2415, 3.2415, 3.2415], "objectives": {"extension_time": 2.3, "danger_difference": -0.11238368540178811, "parameter_difference": 1.6508573019232795}, "attributes": {"generation_number": 9, "individual_number": 493, "crash": false, "goal_reached": true, "scenario_length": 48}}}