{"[[0], [0, 0, 0], [0, 0], [0, 0]]": {"ego_positions": [[33.005, 6.4211], [32.99531976093547, 7.820116028522182], [32.94128095450881, 9.214021972229085], [32.83061224404144, 10.599748313510052], [32.6461221370695, 11.974031740582655], [32.4056223689715, 13.336104715886078], [32.14887231157103, 14.68243404969202], [31.88823651124118, 16.014659301458813], [31.640239657230598, 17.333889930005462], [31.428175459853193, 18.64021477055545], [31.27331724740493, 19.93348861854194], [31.134230769791017, 21.217955586217762], [31.02152102121908, 22.492645510949508], [30.913855112918885, 23.756375689609257], [30.849998634419613, 25.00932693662191], [30.856888084300437, 26.25206000111261], [30.934010138205768, 27.4852952291305], [31.06179766752595, 28.709912563648746], [31.210025758078014, 29.92695154456453], [31.346207728786393, 31.13761130869905], [31.443991150363644, 32.34325058979751], [31.49155386399118, 33.545387718529156], [31.5, 34.745700622487185], [31.5, 35.86426389843908], [31.5, 36.90554042493791], [31.5, 37.86953020198369], [31.5, 38.756233229576424], [31.5, 39.565649507716095], [31.5, 40.29777903640271], [31.5, 40.95262181563628], [31.5, 41.53017784541678], [31.5, 42.03044712574423], [31.5, 42.45342965661863], [31.5, 42.79912543803998], [31.5, 43.06753447000826], [31.5, 43.25865675252349], [31.5, 43.37249228558568], [31.5, 43.4090410691948], [31.5, 43.4090410691948], [23.41616796803429, 48.405355924326265], [22.22533148673657, 48.52105394919761]], "ego_orientations": [1.5707, 1.590981174276949, 1.6278840119758375, 1.6769067788829175, 1.7294891779492252, 1.755300231418234, 1.7630666144975797, 1.7624026675587408, 1.7490722738581643, 1.7072835369172676, 1.6836131647121981, 1.6669768644275613, 1.6588474899627117, 1.6445404545879039, 1.5951601156466653, 1.5352988941966212, 1.4840299198602165, 1.4537613187060436, 1.4499446950948272, 1.4714122732037767, 1.5102096801524323, 1.5509614936144165, 1.5707963267948966, 1.5707963267948966, 1.5707963267948966, 1.5707963267948966, 1.5707963267948966, 1.5707963267948966, 1.5707963267948966, 1.5707963267948966, 1.5707963267948966, 1.5707963267948966, 1.5707963267948966, 1.5707963267948966, 1.5707963267948966, 1.5707963267948966, 1.5707963267948966, 1.5707963267948966, 1.5707963267948966, 3.075532472432494, 3.017712580382514], "obs_positions": [[36.2084, 6.2992], [35.8405, 8.5837], [35.5801, 10.2477], [35.3569, 11.7119], [35.1181, 13.3136], [34.8717, 15.0043], [34.625, 16.739], [34.3839, 18.4811], [34.1529, 20.2042], [33.9344, 21.8922], [33.7298, 23.538], [33.5388, 25.1412], [33.3604, 26.7058], [33.1931, 28.2369], [33.0348, 29.7388], [32.8345, 31.6979], [32.6428, 33.5998], [32.4567, 35.4234], [32.2743, 37.1386], [32.0949, 38.713], [31.9184, 40.122], [31.7021, 41.6422], [31.491, 42.9341], [31.2467, 44.3074], [31.2075, 44.5272]], "obs_orientations": [1.7304, 1.726, 1.722, 1.7188, 1.7155, 1.712, 1.7082, 1.7041, 1.6994, 1.6945, 1.6893, 1.6842, 1.6796, 1.6757, 1.6726, 1.6712, 1.6725, 1.6767, 1.6842, 1.6954, 1.7121, 1.7327, 1.7468, 1.7473, 1.7473], "attributes": {"crash": false, "goal_reached": true, "max_danger": 1.4039237861505884, "scenario_length": 41, "lower_bound": -0.4, "upper_bound": -0.4}}}