{"[[45.48057736625361], [21.090621071650144, 268.6412054677833, 466.05300772649036], [0.801236578857854, 108.86959437817742], [1.3354200622991883, 28.201928347391924]]": {"ego_positions": [[33.005, -22.9788], [33.00512590946798, -21.578665147168742], [33.005204905018694, -20.177763878045184], [33.00520929103658, -18.77547177389743], [33.005127919024446, -17.371307764165103], [33.00496133388971, -15.964913826419142], [33.00471786016374, -14.556036695872585], [33.00441051802326, -13.144511481759892], [33.004054658668274, -11.730247077832303], [33.00366621180587, -10.313213247881706], [33.00326044388874, -8.893429263978156], [33.002851133605056, -7.47095397443384], [33.00245008023864, -6.045877179901751], [33.00206687032869, -4.618312199057236], [33.001719220721895, -3.188389540925868], [33.00142735601833, -1.756251395333703], [33.00116724849041, -0.32204724438834814], [33.00092677302573, 1.1140699382830508], [33.00070423930888, 2.5519467870463535], [33.00051450951444, 3.9914320675708472], [33.000356935785454, 5.432378616530334], [33.00022894954107, 6.874644867227962], [32.99033285913895, 8.317482691658318], [32.93209721527831, 9.757961258730198], [32.80399656021091, 11.193330800016518], [32.60323274706481, 12.620884782976807], [32.34539104846189, 14.037278045853661], [32.05168217242775, 15.442817324384713], [31.73762808876201, 16.841488874035328], [31.405834163401742, 18.23878550764264], [31.07626980362022, 19.637244525266816], [30.77443020585292, 21.031419267674075], [30.517868002472362, 22.41230425375327], [30.31091683566221, 23.77771198580745], [30.155292258176196, 25.133622948365762], [30.05518647464782, 26.498718497692714], [30.004742499210636, 27.888859675000425], [29.99014384503355, 29.31291193486137], [29.99492734434652, 30.77274514520834], [30.00268388882269, 32.263233587332344], [30.00457074494742, 33.765313986123566], [30.00018652760197, 35.1349472465652], [29.996055599256806, 36.42545280599187], [29.992177959911928, 37.636830664403575], [29.988553609567333, 38.769080821800316], [29.985182548223026, 39.82220327818209], [29.982064775879007, 40.796198033548905], [29.97920029253527, 41.69106508790075], [29.97658909819182, 42.506804441237634], [29.974231192848656, 43.24341609355956], [29.97212657650578, 43.90090004486652], [29.970275249163187, 44.47925629515851], [29.96867721082088, 44.97848484443554], [29.967332461478858, 45.39858569269761], [29.966241001137124, 45.739558839944706], [22.010367524441968, 46.94744828671337]], "ego_orientations": [1.5707, 1.5707186870601402, 1.5707643951486174, 1.5708232314923383, 1.5708851596181241, 1.570943311057639, 1.5709933493625274, 1.5710329024494085, 1.5710610707519739, 1.5710780124033814, 1.5710846023564384, 1.5710821595915827, 1.571072235003114, 1.5710564518778218, 1.5710182196631575, 1.5709874021528616, 1.5709692090814706, 1.570959670945827, 1.5709398726176613, 1.5709166315287462, 1.570895042645562, 1.5708754455990241, 1.5904645686260386, 1.634142119270749, 1.6860549399127176, 1.7329624259073169, 1.7663267478370208, 1.78479004025538, 1.7991636292877737, 1.8059962851056985, 1.7955748820414426, 1.7703615530039283, 1.738107008871706, 1.7040931838235527, 1.6647246855283218, 1.6241165524348669, 1.5920900572646213, 1.5721584120090044, 1.5649376198972436, 1.567287619048765, 1.5739973313980071, 1.5739973313980071, 1.5739973313980071, 1.5739973313980071, 1.5739973313980071, 1.5739973313980071, 1.5739973313980071, 1.5739973313980071, 1.5739973313980071, 1.5739973313980071, 1.5739973313980071, 1.5739973313980071, 1.5739973313980071, 1.5739973313980071, 1.5739973313980071, 3.106276683537214], "obs_positions": [[36.2084, -29.6933], [36.2084, -27.9793], [36.2084, -26.2654], [36.2084, -24.5515], [36.2084, -22.8376], [36.2084, -21.1236], [36.2084, -19.4097], [36.2084, -17.6958], [36.2084, -15.9818], [36.2084, -14.2679], [36.2084, -12.554], [36.2084, -10.84], [36.2084, -9.1261], [36.2084, -7.4122], [36.2084, -5.6983], [36.2084, -3.9843], [36.2084, -2.2704], [36.2084, -0.5565], [36.2084, 1.1574], [36.2084, 2.8713], [36.2084, 4.5852], [36.2084, 6.2992], [35.8405, 8.5837], [35.5801, 10.2477], [35.3569, 11.7119], [35.1181, 13.3136], [34.8717, 15.0043], [34.625, 16.739], [34.3839, 18.4811], [34.1529, 20.2042], [33.9344, 21.8922], [33.7298, 23.538], [33.5388, 25.1412], [33.3604, 26.7058], [33.1931, 28.2369], [33.0348, 29.7388], [32.8345, 31.6979], [32.6428, 33.5998], [32.4567, 35.4234], [32.2743, 37.1386], [32.0949, 38.713], [31.9184, 40.122], [31.7021, 41.6422], [31.491, 42.9341], [31.2467, 44.3074], [31.2075, 44.5272]], "obs_orientations": [1.5707, 1.5707, 1.5707, 1.5707, 1.5707, 1.5707, 1.5707, 1.5707, 1.5707, 1.5707, 1.5707, 1.5707, 1.5707, 1.5707, 1.5707, 1.5707, 1.5707, 1.5707, 1.5707, 1.5707, 1.5707, 1.7304, 1.726, 1.722, 1.7188, 1.7155, 1.712, 1.7082, 1.7041, 1.6994, 1.6945, 1.6893, 1.6842, 1.6796, 1.6757, 1.6726, 1.6712, 1.6725, 1.6767, 1.6842, 1.6954, 1.7121, 1.7327, 1.7468, 1.7473, 1.7473], "objectives": {"extension_time": 2.1, "danger_difference": 0.3119978685310827, "parameter_difference": 186.62002333279855}, "attributes": {"generation_number": 0, "individual_number": 15, "crash": false, "goal_reached": true, "scenario_length": 56}}, "[[41.2995887048354], [43.8961604223572, 161.26663903743383, 2.5], [1.6617446547207548, 10.855016449532195], [1.5538427687265437, 24.577522579506304]]": {"ego_positions": [[33.005, -22.9788], [33.00513277030028, -21.578665147168742], [33.00525458328194, -20.177763878045184], [33.00535911797961, -18.77547177389743], [33.00544397523315, -17.371307764165103], [33.00550937853692, -15.964913826419142], [33.005557147236416, -14.556036695872585], [33.00558992621371, -13.144511481759892], [33.005610640122455, -11.730247077832303], [33.00562213309165, -10.313213247881706], [33.00562695379681, -8.893429263978156], [33.00562724863594, -7.47095397443384], [33.00562473071659, -6.045877179901751], [33.00562069821247, -4.618312199057236], [33.00562646418769, -3.1883896084056427], [33.00565769547832, -1.7562515067638518], [33.0056875235915, -0.32204733734051816], [33.00570251017965, 1.114069913169665], [33.00570095443042, 2.5519467870463535], [33.00569877099216, 3.9914320675708472], [33.005697188579845, 5.432378616530334], [33.005696113103895, 6.874644867227962], [32.99588181952064, 8.317482691658318], [32.93761157123552, 9.757961258730198], [32.80932168161836, 11.193330800016518], [32.60821186980238, 12.620884782976807], [32.34990073484202, 14.037278045853661], [32.05564289685417, 15.442817324384713], [31.740992759540894, 16.841488874035328], [31.40856255922249, 18.23878550764264], [31.07836216239978, 19.637244525266816], [30.775937739712525, 21.031419267674075], [30.51887712770946, 22.41230425375327], [30.31152310383991, 23.77771198580745], [30.15559510250942, 25.133622948365762], [30.055293965707836, 26.498718497692714], [30.004751533441244, 27.888859675000425], [29.99012441550045, 29.31291193486137], [29.99491725108241, 30.77274514520834], [30.002688912883187, 32.263233587332344], [30.00457977915376, 33.765314007061306], [30.00019556042903, 35.13494769839112], [29.996064629940623, 36.425453927369226], [29.992186987688534, 37.63683269399562], [29.988562633672768, 38.769083998270304], [29.985191567893324, 39.82220784019328], [29.9820737903502, 40.79620421976454], [29.979209301043394, 41.691073136984095], [29.97659809997291, 42.506814591851935], [29.97424018713875, 43.24342858436806], [29.97213556254091, 43.90091511453248], [29.970284226179388, 44.479274182345186], [29.968686178054188, 44.978505787806185], [29.96734141816531, 45.39860993091547], [29.966249946512754, 45.73958661167304], [22.011322899807418, 46.95467824428072]],