{"[[2.744758062467764], [1.0966341104372743, 158.23156335727435, 1.4456180560771683], [127.63015626060204, 69.0736168311557], [0.7944245466665083, 0.8804225787061206]]": {"ego_positions": [[92.7639, 12.951], [91.3797990417682, 13.121963448987412], [90.0155137534089, 13.328533776143868], [88.65978730737056, 13.6192138813359], [87.2817729116375, 13.867036693482104], [85.87890842645146, 14.049544006595024], [84.45593885805526, 14.178790383147657], [83.01856081479133, 14.271498761383189], [81.57385019037342, 14.353272505113061], [80.12517618797084, 14.432572151952966], [78.67528853020751, 14.5107225302715], [77.22533840095194, 14.583981307674156], [75.77609187488946, 14.659766318864193], [74.32711062198966, 14.730030001037376], [72.87810316529357, 14.791458507969907], [71.42930101865922, 14.852694947064725], [69.97984766190797, 14.89169835939115], [68.53020489031005, 14.922193904300256], [67.08090248253444, 14.966156536971027], [65.63143432185176, 15.00455042613509], [64.18186196962759, 15.039218607967332], [62.73233741366818, 15.076006458228136], [61.28333826403717, 15.11975917323385], [59.83840161680846, 15.149454151926767], [58.41143788231933, 15.182490141985198], [57.01574782902913, 15.277983513985998], [55.651624559956126, 15.445712658565688], [54.3119757396263, 15.659783953018378], [52.98713591482148, 15.894651805496636], [51.67541785365931, 16.12325806253292], [50.395759348335154, 16.352324749092226], [49.093140472426384, 16.56945297434718], [47.77197475679174, 16.720506154747454], [46.533816796472955, 16.83853482668167], [45.276646161081416, 16.943896328554384], [43.9919993399511, 17.004558528661615], [42.72540326989029, 17.024017098418778], [41.45361347613425, 17.00980248842032], [40.16619300372294, 16.922717212820665], [38.918415465534785, 16.726915903216874], [37.665271531237394, 16.458548028762895], [36.36539398577567, 16.1372734960663], [35.06492991676916, 15.797961138856648]], "ego_orientations": [3.0218, 3.0194587673465056, 2.9518411726587743, 2.9347433364832893, 2.990299323918954, 3.0291846108036817, 3.068706794286275, 3.082673691689512, 3.0869622113183843, 3.0867739827111325, 3.0897853789080667, 3.09059815120212, 3.089183677049524, 3.0977755473382618, 3.0988883761006116, 3.1054073313662824, 3.12615856275749, 3.113993224710468, 3.112629716942559, 3.1171898780728142, 3.1182650103849063, 3.112699683329765, 3.115188682682683, 3.127524490352931, 3.1003087497740807, 3.0441653322997873, 2.997539129204624, 2.9707223486930703, 2.9655853747678775, 2.9691214286100798, 2.9632506145349673, 2.9976313937353414, 3.0471469499714603, 3.0507644523085897, 3.0745680974655607, 3.11360500779972, 3.137973105073231, -3.109352343320671, -3.0276497478716133, -2.956041737895949, -2.9132887984584546, -2.8846958617932366, -2.890365703842145], "obs_positions": [[93.6747, 7.2957], [91.6893, 7.5364], [89.7026, 7.7632], [87.7069, 7.8933], [85.7121, 8.0225], [83.7171, 8.1623], [82.3952, 8.3052], [81.0733, 8.4324], [79.7513, 8.5472], [78.4294, 8.6525], [77.1075, 8.7514], [75.7855, 8.8472], [74.4636, 8.9427], [73.1417, 9.0412], [71.8197, 9.1458], [70.4978, 9.2595], [69.1759, 9.3854], [67.8539, 9.5266], [66.532, 9.6863], [65.2101, 9.8675], [63.8881, 10.0733], [62.5662, 10.3068], [61.2443, 10.5711], [59.9223, 10.8692], [58.6004, 11.2044], [57.2785, 11.5797], [55.9565, 11.9982], [54.6346, 12.4629], [53.3126, 12.977], [51.9907, 13.5436], [50.6688, 14.1657], [49.3468, 14.8465], [48.0249, 15.589], [46.703, 16.3964], [45.381, 17.2717], [44.0591, 18.2181]], "obs_orientations": [3.0209, 3.0278, 3.0765, 3.0769, 3.0716, 3.0339, 3.0456, 3.055, 3.0621, 3.0668, 3.0693, 3.0694, 3.0672, 3.0626, 3.0558, 3.0466, 3.0351, 3.0213, 3.0053, 2.9871, 2.9667, 2.9442, 2.9197, 2.8932, 2.8649, 2.835, 2.8035, 2.7706, 2.7366, 2.7017, 2.666, 2.6298, 2.5932, 2.5567, 2.5202, 2.5202], "objectives": {"extension_time": 0.5, "danger_difference": -1.3109153248468743, "parameter_difference": 1.0916353128468974}, "attributes": {"generation_number": 13, "individual_number": 670, "crash": true, "goal_reached": true, "scenario_length": 43}}, "[[2.744758062467764], [1.0966341104372743, 158.23156335727435, 1.4487487675772235], [127.63015626060204, 69.0736168311557], [0.7917865133690061, 0.8804225787061206]]": {"ego_positions": [[92.7639, 12.951], [91.3797990417682, 13.121963448987412], [90.0155137534089, 13.328533776143868], [88.65978730737056, 13.6192138813359], [87.2817729116375, 13.867036693482104], [85.87890842645146, 14.049544006595024], [84.45593885805526, 14.178790383147657], [83.01856081479133, 14.271498761383189], [81.57385019037342, 14.353272505113061], [80.12517618797084, 14.432572151952966], [78.67528853020751, 14.5107225302715], [77.22533840095194, 14.583981307674156], [75.77609187488946, 14.659766318864193], [74.32711062198966, 14.730030001037376], [72.87810316529357, 14.791458507969907], [71.42930101865922, 14.852694947064725], [69.97984766190797, 14.89169835939115], [68.53020489031005, 14.922193904300256], [67.08090248253444, 14.966156536971027], [65.63143432185176, 15.00455042613509], [64.18186196962759, 15.039218607967332], [62.73233741366818, 15.076006458228136], [61.28333826403717, 15.11975917323385], [59.83840161680846, 15.149454151926767], [58.41143788231933, 15.182490141985198], [57.01574782902913, 15.277983513985998], [55.651624559956126, 15.445712658565688], [54.3119757396263, 15.659783953018378], [52.98713591482148, 15.894651805496636], [51.67541785365931, 16.12325806253292], [50.395759348335154, 16.352324749092226], [49.093140472426384, 16.56945297434718], [47.77197475679174, 16.720506154747454], [46.533816796472955, 16.83853482668167], [45.276646161081416, 16.943896328554384], [43.9919993399511, 17.004558528661615], [42.72540326989029, 17.024017098418778], [41.45361347613425, 17.00980248842032], [40.16619300372294, 16.922717212820665], [38.918415465534785, 16.726915903216874], [37.665271531237394, 16.458548028762895], [36.36539398577567, 16.1372734960663], [35.06492991676916, 15.797961138856648]], "ego_orientations": [3.0218, 3.0194587673465056, 2.9518411726587743, 2.9347433364832893, 2.990299323918954, 3.0291846108036817, 3.068706794286275, 3.082673691689512, 3.0869622113183843, 3.0867739827111325, 3.0897853789080667, 3.09059815120212, 3.089183677049524, 3.0977755473382618, 3.0988883761006116, 3.1054073313662824, 3.12615856275749, 3.113993224710468, 3.112629716942559, 3.1171898780728142, 3.1182650103849063, 3.112699683329765, 3.115188682682683, 3.127524490352931, 3.1003087497740807, 3.0441653322997873, 2.997539129204624, 2.9707223486930703, 2.9655853747678775, 2.9691214286100798, 2.9632506145349673, 2.9976313937353414, 3.0471469499714603, 3.0507644523085897, 3.0745680974655607, 3.11360500779972, 3.137973105073231, -3.109352343320671, -3.0276497478716133, -2.956041737895949, -2.9132887984584546, -2.8846958617932366, -2.890365703842145], "obs_positions": [[93.6747, 7.2957], [91.6893, 7.5364], [89.7026, 7.7632], [87.7069, 7.8933], [85.7121, 8.0225], [83.7171, 8.1623], [82.3952, 8.3052], [81.0733, 8.4324], [79.7513, 8.5472], [78.4294, 8.6525], [77.1075, 8.7514], [75.7855, 8.8472], [74.4636, 8.9427], [73.1417, 9.0412], [71.8197, 9.1458], [70.4978, 9.2595], [69.1759, 9.3854], [67.8539, 9.5266], [66.532, 9.6863], [65.2101, 9.8675], [63.8881, 10.0733], [62.5662, 10.3068], [61.2443, 10.5711], [59.9223, 10.8692], [58.6004, 11.2044], [57.2785, 11.5797], [55.9565, 11.9982], [54.6346, 12.4629], [53.3126, 12.977], [51.9907, 13.5436], [50.6688, 14.1657], [49.3468, 14.8465], [48.0249, 15.589], [46.703, 16.3964], [45.381, 17.2717], [44.0591, 18.2181]], "obs_orientations": [3.0209, 3.0278, 3.0765, 3.0769, 3.0716, 3.0339, 3.0456, 3.055, 3.0621, 3.0668, 3.0693, 3.0694, 3.0672, 3.0626, 3.0558, 3.0466, 3.0351, 3.0213, 3.0053, 2.9871, 2.9667, 2.9442, 2.9197, 2.8932, 2.8649, 2.835, 2.8035, 2.7706, 2.7366, 2.7017, 2.666, 2.6298, 2.5932, 2.5567, 2.5202, 2.5202], "objectives": {"extension_time": 0.5, "danger_difference": -1.3109153248468743, "parameter_difference": 1.0922984074250668},