{"[[5.12861516113224], [2.5, 180.39958879727175, 2.5], [6.456768329745947, 46.50370731399982], [2.3778317975820897, 41.976588116295936]]": {"ego_positions": [[99.7131, 12.1087], [98.3249012367342, 12.283330949203284], [96.94547790700973, 12.525821738527652], [95.56883869503356, 12.888498758941488], [94.17437977150234, 13.229077652210126], [92.75769763352473, 13.48425029176012], [91.32467401960835, 13.666830249282802], [89.88243939659081, 13.801515312705053], [88.43563103949111, 13.899417684317257], [86.98834840628248, 13.997536335975107], [85.54131694051048, 14.099197420776738], [84.0941330586496, 14.196076847336663], [82.64703970689627, 14.291675596680653], [81.19930579387982, 14.374813431855399], [79.75125529805754, 14.45067384706463], [78.30406223992003, 14.540935950393783], [76.85618708708402, 14.61920928401361], [75.40758256322279, 14.68258788882141], [73.95874518515197, 14.74036778748045], [72.51050405577634, 14.811557558630982], [71.0617605815222, 14.87158791929842], [69.61232239867113, 14.9116227541815], [68.16257373758066, 14.93844029609348], [66.71314890366556, 14.978925319333596], [65.26359838902104, 15.014674254045982], [63.813869556142066, 15.042364719183741], [62.364515890138556, 15.085517542596781], [60.916351811878876, 15.118268017239663], [59.4746655306785, 15.160863650141273], [58.04154258280433, 15.279148508453094], [56.62603904550083, 15.476791937356502], [55.243400299148725, 15.766117199721666], [53.89695585943366, 16.12201272900464], [52.587919858617745, 16.488729541967487], [51.31264272422664, 16.806919802579085], [50.05847502240824, 17.02804133378666], [48.82222680821996, 17.12758971089508], [47.593788885385884, 17.130212990251728], [46.36825339496219, 17.106151765644587], [45.14270954539371, 17.082090376920398], [43.91715733668043, 17.058028824079173], [42.69159676882238, 17.0339671071209], [41.60513536066277, 17.047215601664128], [40.41237061783567, 17.061856213633597], [39.216050782352106, 17.02778323452035], [38.06340214124842, 16.93410767263145], [36.92667557576271, 16.803324339674315], [35.73273920154718, 16.618156205439515]], "ego_orientations": [3.0209, 3.008348173862379, 2.9124954687945466, 2.878475451569987, 2.9325983170736176, 2.991481878209348, 3.0348528833545365, 3.0639578428026417, 3.0776956686889205, 3.069559581009888, 3.073536984227995, 3.0752684481926753, 3.0783229269739114, 3.091209687950104, 3.0829973816845158, 3.081727899101234, 3.094246800660761, 3.102149867750295, 3.0967476876412845, 3.0934625427517766, 3.1083450049157677, 3.1206922003962996, 3.119235680891307, 3.1110169373325864, 3.1239399166496855, 3.1161246264269367, 3.113422850414238, 3.125098808489684, 3.088924406237277, 3.0321707819130714, 2.9699822874029613, 2.903878160051924, 2.8691828564104984, 2.8753445253578063, 2.924873002282192, 3.0124368425458887, 3.1066856517557397, -3.121961942009081, -3.121961942009081, -3.121961942009081, -3.121961942009081, -3.121961942009081, 3.122618104278357, -3.1382311976270945, -3.0841299575467915, -3.0443719575077712, -3.0167446793998214, -2.9478535078264145], "obs_positions": [[103.6021, 6.0924], [101.6166, 6.333], [99.6311, 6.5737], [97.6457, 6.8144], [95.6602, 7.055], [93.6747, 7.2957], [91.6893, 7.5364], [89.7026, 7.7632], [87.7069, 7.8933], [85.7121, 8.0225], [83.7171, 8.1623], [82.3952, 8.3052], [81.0733, 8.4324], [79.7513, 8.5472], [78.4294, 8.6525], [77.1075, 8.7514], [75.7855, 8.8472], [74.4636, 8.9427], [73.1417, 9.0412], [71.8197, 9.1458], [70.4978, 9.2595], [69.1759, 9.3854], [67.8539, 9.5266], [66.532, 9.6863], [65.2101, 9.8675], [63.8881, 10.0733], [62.5662, 10.3068], [61.2443, 10.5711], [59.9223, 10.8692], [58.6004, 11.2044], [57.2785, 11.5797], [55.9565, 11.9982], [54.6346, 12.4629], [53.3126, 12.977], [51.9907, 13.5436], [50.6688, 14.1657], [49.3468, 14.8465], [48.0249, 15.589], [46.703, 16.3964], [45.381, 17.2717], [44.0591, 18.2181]], "obs_orientations": [3.0209, 3.0209, 3.0209, 3.0209, 3.0209, 3.0209, 3.0278, 3.0765, 3.0769, 3.0716, 3.0339, 3.0456, 3.055, 3.0621, 3.0668, 3.0693, 3.0694, 3.0672, 3.0626, 3.0558, 3.0466, 3.0351, 3.0213, 3.0053, 2.9871, 2.9667, 2.9442, 2.9197, 2.8932, 2.8649, 2.835, 2.8035, 2.7706, 2.7366, 2.7017, 2.666, 2.6298, 2.5932, 2.5567, 2.5202, 2.5202], "objectives": {"extension_time": 1.0, "danger_difference": 0.399467232980129, "parameter_difference": 1.8814591813149084}, "attributes": {"generation_number": 1, "individual_number": 98, "crash": true, "goal_reached": true, "scenario_length": 48}}, "[[5.12861516113224], [2.5, 200.0, 2.4726243317900716], [6.414490668879303, 46.50370731399982], [2.3778317975820897, 43.29160421381538]]": {"ego_positions": [[99.7131, 12.1087], [98.3249012367342, 12.283330949203284], [96.94547790700973, 12.525821738527652], [95.56883869503356, 12.888498758941488], [94.17437977150234, 13.229077652210126], [92.75769763352473, 13.48425029176012], [91.32467401960835, 13.666830249282802], [89.88243939659081, 13.801515312705053], [88.43563103949111, 13.899417684317257], [86.98834840628248, 13.997536335975107], [85.54131694051048, 14.099197420776738], [84.0941330586496, 14.196076847336663], [82.64703970689627, 14.291675596680653], [81.19930579387982, 14.374813431855399], [79.75125529805754, 14.45067384706463], [78.30406223992003, 14.540935950393783], [76.85618708708402, 14.61920928401361], [75.40758256322279, 14.68258788882141], [73.95874518515197, 14.74036778748045], [72.51050405577634, 14.811557558630982], [71.0617605815222, 14.87158791929842], [69.61232239867113, 14.9116227541815], [68.16257373758066, 14.93844029609348], [66.71314890366556, 14.978925319333596], [65.26359838902104, 15.014674254045982], [63.813869556142066, 15.042364719183741], [62.364515890138556, 15.085517542596781], [60.916351811878876, 15.118268017239663], [59.4746655306785, 15.160863650141273], [58.04154258280433, 15.279148508453094], [56.62603904550083, 15.476791937356502], [55.243400299148725, 15.766117199721666], [53.89695585943366, 16.12201272900464], [52.587919858617745, 16.488729541967487], [51.31264272422664, 16.806919802579085], [50.05847502240824, 17.02804133378666], [48.82222680821996, 17.12758971089508], [47.593788885385884, 17.130212990251728], [46.36825339496219, 17.106151765644587], [45.14270954539371, 17.082090376920398], [43.91715733668043, 17.058028824079173], [42.69159676882238, 17.0339671071209], [41.60513536066277, 17.047215601664128], [40.41237061783567, 17.061856213633597], [39.216050782352106, 17.02778323452035], [38.06340214124842, 16.93410767263145], [36.92667557576271, 16.803324339674315], [35.73273920154718, 16.618156205439515]], "ego_orientations": [3.0209, 3.008348173862379, 2.9124954687945466, 2.878475451569987, 2.9325983170736176, 2.991481878209348, 3.0348528833545365, 3.0639578428026417, 3.0776956686889205, 3.069559581009888, 3.073536984227995, 3.0752684481926753, 3.0783229269739114, 3.091209687950104, 3.0829973816845158, 3.081727899101234, 3.094246800660761, 3.102149867750295, 3.0967476876412845, 3.0934625427517766, 3.1083450049157677, 3.1206922003962996, 3.119235680891307, 3.1110169373325864, 3.1239399166496855, 3.1161246264269367, 3.113422850414238, 3.125098808489684, 3.088924406237277, 3.0321707819130714, 2.9699822874029613, 2.903878160051924, 2.8691828564104984, 2.8753445253578063, 2.924873002282192, 3.0124368425458887, 3.1066856517557397, -3.121961942009081, -3.121961942009081, -3.121961942009081, -3.121961942009081, -3.121961942009081, 3.122618104278357, -3.1382311976270945, -3.0841299575467915, -3.0443719575077712, -3.0167446793998214, -2.9478535078264145],