{"[[46.52779478150537], [16.167545192975393, 373.05042561895596, 632.819569363915], [2.1141262927124895, 148.85429130164735], [1.010245779637623, 5.4174008565363145]]": {"ego_positions": [[105.2724, 11.4348], [103.88275770605254, 11.609607809665063], [102.49330327244115, 11.811724234390185], [101.10250064445079, 12.04279086584978], [99.70862062621147, 12.289877238363285], [98.31050008842108, 12.54140558650313], [96.90736528433571, 12.78912539926887], [95.49845065950885, 13.032625552270911], [94.08188564407915, 13.273430301382875], [92.6557760073065, 13.489597508504156], [91.22069158228209, 13.66754006243237], [89.77813229217013, 13.79900370701867], [88.33142791716236, 13.891464575882878], [86.88413304687347, 13.985466212360155], [85.43809561976573, 14.096555186754504], [83.9913029542258, 14.195963651421307], [82.54429209139622, 14.291665241137991], [81.0968832443913, 14.378707888653164], [79.64871256249438, 14.452452893279137], [78.20095502489927, 14.53395820704356], [76.75321775599946, 14.614443169996044], [75.30496143509379, 14.683558562275767], [73.85592912106357, 14.735979055216108], [72.40743066868323, 14.803265636651657], [70.95885629949898, 14.864145801164968], [69.509426914867, 14.902836054700614], [68.05986107689455, 14.93829321243848], [66.61046595733556, 14.98072021578746], [65.16103146806252, 15.02031428198383], [63.71128445808732, 15.047311180009288], [62.2618637707186, 15.088364545584215], [60.8191468890261, 15.123291867109065], [59.40395994474961, 15.16232758459468], [58.012872828680095, 15.276322942315547], [56.64648221153062, 15.470354233876941], [55.30423890894102, 15.717289094117694], [53.98255563039281, 15.991176078668909], [52.677003456929185, 16.26663568204776], [51.39790545882995, 16.531401656986517], [50.122187873624576, 16.779718798519234], [48.818191530130136, 16.972945299709536], [47.56582745853821, 17.109874500860755], [46.341039969690826, 17.220999315929834], [45.10603250852757, 17.300306930921238], [43.88245328460697, 17.34655183676131], [42.66955342989435, 17.36780797693573], [41.45354700029656, 17.3595565899166], [40.24152108368777, 17.298632271598425], [39.03753526310674, 17.19546296702454], [37.844400189150186, 17.025408042498288], [36.65962750466412, 16.76983911163989], [35.44430852013715, 16.556740324392926]], "ego_orientations": [3.0209, 3.0083848358807725, 2.9859001910410092, 2.969932222953838, 2.963739217687367, 2.964363594034784, 2.9700895670867618, 2.969354393049589, 2.980646504752528, 3.0016516983193977, 3.0371620637759116, 3.0659287370096706, 3.0858989389604625, 3.0662158677027036, 3.0690640483313056, 3.075313227120495, 3.0758215643720503, 3.0883134989751078, 3.0884822208391753, 3.0840007256901125, 3.088497089671531, 3.1016443058080054, 3.1019234053933706, 3.090630456987063, 3.110250592568602, 3.116677331179366, 3.115392524443878, 3.1081699794534314, 3.121050599298223, 3.118686298599669, 3.111462003776944, 3.124414609581892, 3.0916157910741844, 3.027858723915949, 2.9770940611809653, 2.9453340131851036, 2.932678508995379, 2.936813646013067, 2.940962794216069, 2.965348269181203, 3.0165016727026135, 3.042472700670853, 3.0627838636780402, 3.0912163925808973, 3.114774700704971, 3.1326511425888537, -3.113359486972818, -3.0714900357448025, -3.0407681269130635, -2.9492452490633543, -2.936723911280642, -2.9973008971441812], "obs_positions": [[111.5439, 5.1297], [109.5585, 5.3704], [107.573, 5.6111], [105.5875, 5.8517], [103.6021, 6.0923], [101.6166, 6.333], [99.6311, 6.5737], [97.6457, 6.8144], [95.6602, 7.055], [93.6747, 7.2957], [91.6893, 7.5364], [89.7026, 7.7632], [87.7069, 7.8933], [85.7121, 8.0225], [83.7171, 8.1623], [82.3952, 8.3052], [81.0733, 8.4324], [79.7513, 8.5472], [78.4294, 8.6525], [77.1075, 8.7514], [75.7855, 8.8472], [74.4636, 8.9427], [73.1417, 9.0412], [71.8197, 9.1458], [70.4978, 9.2595], [69.1759, 9.3854], [67.8539, 9.5266], [66.532, 9.6863], [65.2101, 9.8675], [63.8881, 10.0733], [62.5662, 10.3068], [61.2443, 10.5711], [59.9223, 10.8692], [58.6004, 11.2044], [57.2785, 11.5797], [55.9565, 11.9982], [54.6346, 12.4629], [53.3126, 12.977], [51.9907, 13.5436], [50.6688, 14.1657], [49.3468, 14.8465], [48.0249, 15.589], [46.703, 16.3964], [45.381, 17.2717], [44.0591, 18.2181]], "obs_orientations": [3.0209, 3.0209, 3.0209, 3.0209, 3.0209, 3.0209, 3.0209, 3.0209, 3.0209, 3.0209, 3.0278, 3.0765, 3.0769, 3.0716, 3.0339, 3.0456, 3.055, 3.0621, 3.0668, 3.0693, 3.0694, 3.0672, 3.0626, 3.0558, 3.0466, 3.0351, 3.0213, 3.0053, 2.9871, 2.9667, 2.9442, 2.9197, 2.8932, 2.8649, 2.835, 2.8035, 2.7706, 2.7366, 2.7017, 2.666, 2.6298, 2.5932, 2.5567, 2.5202, 2.5202], "objectives": {"extension_time": 1.4, "danger_difference": -0.43185484294305354, "parameter_difference": 253.21920421677538}, "attributes": {"generation_number": 0, "individual_number": 23, "crash": true, "goal_reached": true, "scenario_length": 52}}, "[[22.905072303805902], [18.67245430653493, 378.00019220101206, 62.40576107383311], [2.383177632429383, 92.79411243490945], [1.620663300904614, 24.35494082818725]]": {"ego_positions": [[105.2724, 11.4348], [103.88275770605254, 11.609607809665063], [102.49330327244115, 11.811724234390185], [101.10250064445079, 12.04279086584978], [99.70862062621147, 12.289877238363285], [98.31050008842108, 12.54140558650313], [96.90736528433571, 12.78912539926887], [95.49845065950885, 13.032625552270911], [94.08026850772252, 13.260076803172353], [92.64860280028881, 13.430599014967745], [91.21077527210075, 13.574665673780318], [89.77012224432475, 13.705561211653992], [88.32566106281251, 13.801879303813003], [86.87653872415552, 13.896203842057353], [85.43052574540832, 14.00681807473347], [83.98428988242027, 14.106184105555851], [82.53733720700032, 14.202048949352553], [81.09101548610676, 14.289038279342542], [79.64294280657772, 14.36275802975857], [78.19531646814106, 14.454212169768745], [76.74931209180842, 14.56044979387615], [75.30189850434326, 14.633428111108056], [73.85282575135007, 14.682921418406572], [72.40361902827392, 14.74968546090188], [70.95630520674649, 14.817020759179089], [69.50776768665897, 14.876735148624766], [68.05862491908331, 14.929978720391068], [66.6093926286372, 14.979525007229231], [65.1599588714443, 15.018512204484944], [63.710197564580696, 15.044971449649926], [62.26076312387765, 15.086227810485486], [60.818083711738296, 15.121666636855279], [59.40291336673003, 15.161520405066879], [58.011837834383975, 15.27629965102034], [56.645454913078645, 15.470904052083489], [55.30321775578411, 15.71821136824167], [53.98153386202906, 15.992302954556408], [52.67597772496465, 16.267831797748304], [51.39689467689009, 16.532574827945506], [50.12112968313635, 16.780787822973114], [48.81710192207263, 16.97383740297299], [47.56479086663874, 17.110593590321468], [46.33999202752892, 17.221549367104714], [45.10498502975289, 17.300688243793022], [43.881414114864924, 17.34678916531324], [42.66851633703661, 17.36793352873962], [41.4525023648708, 17.35959925218565], [40.24048176829645, 17.298620712241235], [39.036496947047965, 17.195420960953633], [37.841898097177584, 17.062235104247033], [36.6515119476875, 16.91818745053301], [35.416716978382844, 16.79050411513716]],