{"[[5.597036844278936], [2.87488659406433, 457.56555761749803, 8.487326588856202], [0.8553421155787588, 2.6829159624935484], [0.552018465412236, 9.231779140137492]]": {"ego_positions": [[108.052, 11.0979], [106.66193982038203, 11.26648686972236], [105.27097213793019, 11.441440993913838], [103.87863367700226, 11.637689348748955], [102.48202283237947, 11.843257891372314], [101.08150611992473, 12.065704839974874], [99.67393310561573, 12.285425454369063], [98.2521237175989, 12.460998963030855], [96.82155076975285, 12.62868683216467], [95.39105548766082, 12.84025489019606], [93.96936691081125, 13.148720981139219], [92.54526293556847, 13.446994948673526], [91.112154964223, 13.676886173753367], [89.66960023189095, 13.82657343188651], [88.22217427743398, 13.918417777599771], [86.77462152803304, 14.00576296645905], [85.32788620416001, 14.104589615966045], [83.881508459696, 14.207464676455658], [82.43454203062211, 14.301109558893371], [80.98657186971224, 14.377476205008508], [79.53894550018207, 14.460434875088179], [78.09168778294169, 14.549266344238092], [76.6435001756696, 14.621489621808232], [75.19497320602126, 14.686762391224233], [73.74655517246451, 14.754473427039015], [72.2982337050223, 14.824013217691709], [70.84920203816745, 14.87651005805486], [69.39959693676518, 14.90960374108053], [67.94991826147987, 14.939843052213572], [66.50056504956817, 14.983038518136567], [65.05084998558927, 15.011239651873014], [63.601266567475975, 15.04569585638754], [62.15195586961778, 15.090308132996414], [60.70922377688951, 15.125473369372433], [59.295702892446954, 15.172161894722489], [57.91136600829879, 15.282760942912786], [56.55664489453479, 15.463063244025125], [55.234383679316295, 15.712692712533423], [53.934622755115186, 16.001937348863414], [52.65129243328466, 16.30158708472932], [51.37782679464351, 16.584075038593213], [50.13124499417515, 16.839404283968502], [48.88152197081168, 17.062041066439647], [47.60261733721497, 17.218109465200715], [46.38905305788967, 17.311926451360314], [45.207388049475824, 17.379754666670067], [43.99574135242988, 17.415112719874056], [42.78854883236223, 17.417903535314935], [41.58481588859313, 17.40067888664], [40.35273907141169, 17.365688516120777], [39.11873420517172, 17.295591915203033], [37.97147279798128, 17.203222634887922], [36.78961810269317, 17.11305122836657], [35.55559764416387, 16.97467759477468]], "ego_orientations": [3.0209, 3.020905296938393, 3.0084143486783788, 2.998283700145364, 2.9905279987140148, 2.9778785894987583, 3.004922128032986, 3.0254650114479955, 3.023012228135181, 2.9528968546583085, 2.9198848929377097, 2.9579379579667515, 3.009066027981152, 3.0671242866889736, 3.0819282737580425, 3.0779577583050455, 3.068593262681415, 3.0732149502115425, 3.083465622773598, 3.0901439051796964, 3.0774590530960446, 3.086807554556469, 3.095049222700883, 3.0973760643828108, 3.091876553634359, 3.099557299959092, 3.112579106153548, 3.1267657142447116, 3.1137252562909317, 3.116428555331089, 3.1239953932761666, 3.1104752634488095, 3.114316043355468, 3.1195237083388445, 3.0880141922114572, 3.0361517254100203, 2.9798454656044138, 2.93407930352013, 2.9139326595502544, 2.9143985351906956, 2.9318413946708977, 2.9493705002663755, 2.986447910075045, 3.04627463457508, 3.075843688239972, 3.0962338113872607, 3.1273585792117933, -3.1338940717984527, -3.1216173352587577, -3.100683434044637, -3.0656996306769653, -3.0662348193239923, -3.056430150181169, -2.9874257742225963], "obs_positions": [[115.5149, 4.6484], [113.5294, 4.8891], [111.5439, 5.1298], [109.5585, 5.3704], [107.573, 5.611], [105.5875, 5.8517], [103.6021, 6.0924], [101.6166, 6.333], [99.6311, 6.5737], [97.6457, 6.8144], [95.6602, 7.055], [93.6747, 7.2957], [91.6893, 7.5364], [89.7026, 7.7632], [87.7069, 7.8933], [85.7121, 8.0225], [83.7171, 8.1623], [82.3952, 8.3052], [81.0733, 8.4324], [79.7513, 8.5472], [78.4294, 8.6525], [77.1075, 8.7514], [75.7855, 8.8472], [74.4636, 8.9427], [73.1417, 9.0412], [71.8197, 9.1458], [70.4978, 9.2595], [69.1759, 9.3854], [67.8539, 9.5266], [66.532, 9.6863], [65.2101, 9.8675], [63.8881, 10.0733], [62.5662, 10.3068], [61.2443, 10.5711], [59.9223, 10.8692], [58.6004, 11.2044], [57.2785, 11.5797], [55.9565, 11.9982], [54.6346, 12.4629], [53.3126, 12.977], [51.9907, 13.5436], [50.6688, 14.1657], [49.3468, 14.8465], [48.0249, 15.589], [46.703, 16.3964], [45.381, 17.2717], [44.0591, 18.2181]], "obs_orientations": [3.0209, 3.0209, 3.0209, 3.0209, 3.0209, 3.0209, 3.0209, 3.0209, 3.0209, 3.0209, 3.0209, 3.0209, 3.0278, 3.0765, 3.0769, 3.0716, 3.0339, 3.0456, 3.055, 3.0621, 3.0668, 3.0693, 3.0694, 3.0672, 3.0626, 3.0558, 3.0466, 3.0351, 3.0213, 3.0053, 2.9871, 2.9667, 2.9442, 2.9197, 2.8932, 2.8649, 2.835, 2.8035, 2.7706, 2.7366, 2.7017, 2.666, 2.6298, 2.5932, 2.5567, 2.5202, 2.5202], "objectives": {"extension_time": 1.6, "danger_difference": -0.30804533004632617, "parameter_difference": 4.2578020288894765}, "attributes": {"generation_number": 0, "individual_number": 19, "crash": true, "goal_reached": true, "scenario_length": 54}}}