{"[[5.12861516113224], [2.5, 181.47053538482945, 2.5], [6.456768329745947, 46.50370731399982], [2.3778317975820897, 41.976588116295936]]": {"ego_positions": [[101.1029, 11.9402], [99.71469688373917, 12.114830939843761], [98.33526106093467, 12.357330755739074], [96.95861105110204, 12.720024533020656], [95.56414928323257, 13.060616036336661], [94.14745251932331, 13.315771665577325], [92.71544639160807, 13.508072885843415], [91.27472896509687, 13.667057738046074], [89.82926826271265, 13.795633687320644], [88.38105513595214, 13.890302098869464], [86.93256073622089, 13.977908107071704], [85.4864640140358, 14.093285690037735], [84.03986846969345, 14.197111109687832], [82.59297384476551, 14.293842315462134], [81.14575614317582, 14.383621432571722], [79.69769537800735, 14.457973763525745], [78.24976172856343, 14.534812116119445], [76.80192438171072, 14.613534168401793], [75.35376998686652, 14.686209397420972], [73.9048878592236, 14.74275718369767], [72.45627235989068, 14.805965693523], [71.00759274159911, 14.867184667965747], [69.55805896520887, 14.903632438088788], [68.10849710283586, 14.939309273629666], [66.65907697263516, 14.980314349332852], [65.20966530136482, 15.021407388241457], [63.75993549562387, 15.04924685419252], [62.31046046220503, 15.087981011650818], [60.86243164669006, 15.126138066578761], [59.42060171050823, 15.165475388920626], [57.98726651228834, 15.276115237896894], [56.5742494633881, 15.47374028666139], [55.19010637909517, 15.737821866629666], [53.839303865803444, 16.02916025523803], [52.522062390704235, 16.303959555548072], [51.25432637740708, 16.530823522673284], [50.01042836563069, 16.694064741594854], [48.74777412832564, 16.754584013199338], [47.54194166509913, 16.733529016653687], [46.36631691205577, 16.708101921573466], [45.19067810461184, 16.682674522516507], [44.015025242767344, 16.657246819482808], [42.83935832652227, 16.631818812472368], [41.54118662172261, 16.667481780699028], [40.329157256333076, 16.67820483323546], [39.13504446808847, 16.648112451313327], [37.938228694731464, 16.53330615303766], [36.729905612167535, 16.343658260378024], [35.50569215807759, 16.09250462191525]], "ego_orientations": [3.0209, 3.008347499914206, 2.912489436871936, 2.878463121201389, 2.932609262973305, 2.990244886483504, 3.021668111466449, 3.044047289222398, 3.064781476134573, 3.092658696931614, 3.067933726690244, 3.0646126659163913, 3.074319855039823, 3.075544013382748, 3.08609222339765, 3.09074094552843, 3.086431042793872, 3.0883153932510323, 3.0976635227888796, 3.102950421495265, 3.0900069080771977, 3.1101338466271407, 3.117976143889692, 3.1154033048564713, 3.110846293410818, 3.118883055990984, 3.120394282254979, 3.109273549410755, 3.1223824147172756, 3.094409707247124, 3.0332940818327323, 2.973818048553013, 2.9365544165760182, 2.9270928163495666, 2.948608072557421, 2.9843747416953437, 3.0478462091095464, 3.136531089344338, -3.1199674443270253, -3.1199674443270253, -3.1199674443270253, -3.1199674443270253, -3.1199674443270253, 3.1274189127002754, -3.139337530230282, -3.0830850953618634, -3.013665699098713, -2.9592761196095085, -2.9176094967989212], "obs_positions": [[105.5875, 5.8517], [103.6021, 6.0924], [101.6166, 6.3331], [99.6311, 6.5737], [97.6457, 6.8144], [95.6602, 7.055], [93.6747, 7.2957], [91.6893, 7.5364], [89.7026, 7.7632], [87.7069, 7.8933], [85.7121, 8.0225], [83.7171, 8.1623], [82.3952, 8.3052], [81.0733, 8.4324], [79.7513, 8.5472], [78.4294, 8.6525], [77.1075, 8.7514], [75.7855, 8.8472], [74.4636, 8.9427], [73.1417, 9.0412], [71.8197, 9.1458], [70.4978, 9.2595], [69.1759, 9.3854], [67.8539, 9.5266], [66.532, 9.6863], [65.2101, 9.8675], [63.8881, 10.0733], [62.5662, 10.3068], [61.2443, 10.5711], [59.9223, 10.8692], [58.6004, 11.2044], [57.2785, 11.5797], [55.9565, 11.9982], [54.6346, 12.4629], [53.3126, 12.977], [51.9907, 13.5436], [50.6688, 14.1657], [49.3468, 14.8465], [48.0249, 15.589], [46.703, 16.3964], [45.381, 17.2717], [44.0591, 18.2181]], "obs_orientations": [3.0209, 3.0209, 3.0209, 3.0209, 3.0209, 3.0209, 3.0209, 3.0278, 3.0765, 3.0769, 3.0716, 3.0339, 3.0456, 3.055, 3.0621, 3.0668, 3.0693, 3.0694, 3.0672, 3.0626, 3.0558, 3.0466, 3.0351, 3.0213, 3.0053, 2.9871, 2.9667, 2.9442, 2.9197, 2.8932, 2.8649, 2.835, 2.8035, 2.7706, 2.7366, 2.7017, 2.666, 2.6298, 2.5932, 2.5567, 2.5202, 2.5202], "objectives": {"extension_time": 1.1, "danger_difference": 0.1795411852691302, "parameter_difference": 1.8840321760309624}, "attributes": {"generation_number": 2, "individual_number": 105, "crash": true, "goal_reached": true, "scenario_length": 49}}, "[[1.3992526379454593], [2.5, 198.44796090612033, 2.5], [0.14652011827605976, 20.479681969346274], [1.063572396377235, 23.328251212014635]]": {"ego_positions": [[101.1029, 11.9402], [99.71036314063134, 12.10906285182677], [98.31233459987247, 12.334828637769464], [96.91731529603935, 12.700606921808749], [95.51037824030607, 13.054500138930294], [94.08497799280443, 13.30876987899657], [92.64443321814068, 13.46611415013112], [91.19980930692105, 13.593520457075979], [89.75615895951866, 13.721207083621149], [88.31101825575749, 13.826889553199713], [86.86311904210565, 13.938485314788931], [85.41741189252558, 14.056644125841514], [83.97105262642856, 14.155032624808532], [82.52401661748249, 14.247701208276748], [81.07760581803267, 14.3418775152391], [79.6304626669392, 14.429932404773412], [78.1824675731419, 14.508086188690337], [76.73443955119494, 14.582198427699511], [75.28654575030949, 14.65348617557744], [73.83786222584037, 14.710383771693984], [72.3891136759771, 14.778619774222827], [70.94123744309118, 14.848076691561175], [69.49188465547782, 14.885326529914993], [68.04230246642749, 14.922160285205182], [66.59296246553171, 14.968599119534245], [65.14366890487925, 15.010115321096668], [63.693971121564665, 15.038575753018531], [62.24453373444859, 15.082723796526945], [60.80204808799161, 15.124698859493801], [59.38687613871534, 15.165836550846986], [57.99456992718232, 15.27043486342103], [56.62401765597652, 15.435451043648174], [55.274459971934014, 15.646568007839917], [53.94474490883751, 15.885067989981607], [52.63214404029962, 16.13158075850356], [51.34898582257587, 16.374258846572832], [50.08146744206183, 16.609823849835685], [48.78210530345781, 16.792803918211586], [47.53739757170034, 16.908935019202545], [46.34068428511407, 16.997885718351927], [45.115147530192054, 17.049546306956994], [43.89980142458094, 17.05559223355833], [42.69876669830505, 17.037161246628642], [41.488523021781496, 17.005921776163664], [40.2712337051779, 16.934938305479072], [39.072150230772195, 16.819584526944457], [37.8592280563653, 16.658908097065847], [36.626530568034546, 16.427905450635798], [35.372319705346975, 16.137597863382997]], "ego_orientations": [3.0209, 3.0209480063306744, 2.9212093166822592, 2.873780691911684, 2.9252639220195853, 3.005554540235039, 3.0509126336123282, 3.0531320387380623, 3.0618620340406206, 3.0751165235407383, 3.058179661084472, 3.0673906428868585, 3.0781034128471516, 3.076761197087339, 3.077051010639427, 3.0848749135120266, 3.0893793796611706, 3.0902903479741117, 3.0979610223208387, 3.1018373701606157, 3.0843592552412105, 3.1073169755743084, 3.1185281615753118, 3.1120502381826918, 3.108420585590036, 3.1196877021772074, 3.117793834779502, 3.1061102760644235, 3.1203418854487452, 3.0925138785886, 3.0427389812985344, 3.0017604035090386, 2.973354540983096, 2.9574928601694537, 2.9556954738318164, 2.9542006833360763, 2.9706462783231276, 3.0270968884490124, 3.0593952678421874, 3.0783373968286063, 3.1196281055843404, -3.133036166213315, -3.122603848456117, -3.1021282625221813, -3.0618913691806786, -3.0313786499935795, -2.9838216584931034, -2.9312229968142196, -2.895092208855153],