{"[[25.931896253622106], [33.66898290440378, 61.56638275490417, 5.7127602547960565], [1.11997118679264, 199.63134691711932], [1.0698550806137805, 36.996933506842474]]": {"ego_positions": [[106.6622, 11.2663], [105.27255407632177, 11.44110774225369], [103.88311999627082, 11.640893429965857], [102.49277775272463, 11.86121546509527], [101.10047110653869, 12.093608351972813], [99.70543486930175, 12.331481332600701], [98.30708354333015, 12.569635644170212], [96.90482211029554, 12.80359105637192], [95.49831400636309, 13.030406989825533], [94.08718437899327, 13.246797673385155], [92.67064651134518, 13.446801116117104], [91.24926013928992, 13.628851972449146], [89.82074139890436, 13.766860177684617], [88.38591768032556, 13.865806468913275], [86.94685816985235, 13.947785758082508], [85.50730610579556, 14.055267871186619], [84.06669974706499, 14.161367190647772], [82.62337900183617, 14.258480019914009], [81.17847320394358, 14.356930790099478], [79.73221131286631, 14.451001703836543], [78.28469088063052, 14.53420816298004], [76.83639478088662, 14.607397472913185], [75.38811576825431, 14.681652149725583], [73.93944932380106, 14.74721725748543], [72.4906152016139, 14.80783556173152], [71.04172174102749, 14.86568011629973], [69.59207065056253, 14.897912974277089], [68.14249147850417, 14.933126492847475], [66.69315580754582, 14.977071576761187], [65.24362592616073, 15.013919775140419], [63.79403303781572, 15.04820213800453], [62.34456637287396, 15.087380580663158], [60.89664215414552, 15.129451868265908], [59.456312148149365, 15.171824087989751], [58.02995229088945, 15.27753448125867], [56.62942702745622, 15.467712071862074], [55.26187810114718, 15.733612916095556], [53.927820424845514, 16.030690144712132], [52.61639580661477, 16.309345967743873], [51.34706425472438, 16.528018105354814], [50.12607578279105, 16.684587256050293], [48.87388298423372, 16.75892925087855], [47.63773254122512, 16.739683083062772], [46.470035652660364, 16.70328921918402], [45.302350331819824, 16.666895715839054], [44.13467657870351, 16.630502573027872], [42.967014393311416, 16.59410979075048], [41.65822267343677, 16.68225239161861], [40.44693641481293, 16.717317850108266], [39.25453040358182, 16.729966066715477], [38.0796690603873, 16.715735413444275], [36.858070675611174, 16.64425619289236], [35.622464084798395, 16.463720292401497]], "ego_orientations": [3.0209, 3.008383517820076, 2.9904651577075865, 2.979424299405368, 2.973773219582577, 2.972219975201184, 2.97414213856248, 2.978742481760022, 2.9848348671736646, 2.995100633736803, 3.0071449858121406, 3.0290983103120386, 3.062926620184279, 3.0838204236513684, 3.076005401638568, 3.063493095091106, 3.073875956380414, 3.073688947303069, 3.0745418350483704, 3.079693032890428, 3.0893058603247083, 3.0907480766448385, 3.092619195377578, 3.100646656264742, 3.0987389755218446, 3.1108038751550025, 3.1228619104549473, 3.1106993230091042, 3.1140680286282585, 3.1174601995617555, 3.1176441361121294, 3.110901131659312, 3.118628903831068, 3.0953911641900986, 3.0406897718050843, 2.9741584357802164, 2.9310709369082497, 2.9190062261650285, 2.948148697233698, 2.9916243210270657, 3.040105620953324, 3.1259055606884063, -3.1104355212722568, -3.1104355212722568, -3.1104355212722568, -3.1104355212722568, -3.1104355212722568, 3.1136719291355046, 3.118308441146034, 3.140797457725772, -3.116399058235959, -3.039378224143671, -2.9542887127049813], "obs_positions": [[113.5294, 4.8891], [111.5439, 5.1297], [109.5585, 5.3704], [107.573, 5.6111], [105.5875, 5.8517], [103.6021, 6.0924], [101.6166, 6.333], [99.6311, 6.5737], [97.6457, 6.8144], [95.6602, 7.055], [93.6747, 7.2957], [91.6893, 7.5364], [89.7026, 7.7632], [87.7069, 7.8933], [85.7121, 8.0225], [83.7171, 8.1623], [82.3952, 8.3052], [81.0733, 8.4324], [79.7513, 8.5472], [78.4294, 8.6525], [77.1075, 8.7514], [75.7855, 8.8472], [74.4636, 8.9427], [73.1417, 9.0412], [71.8197, 9.1458], [70.4978, 9.2595], [69.1759, 9.3854], [67.8539, 9.5266], [66.532, 9.6863], [65.2101, 9.8675], [63.8881, 10.0733], [62.5662, 10.3068], [61.2443, 10.5711], [59.9223, 10.8692], [58.6004, 11.2044], [57.2785, 11.5797], [55.9565, 11.9982], [54.6346, 12.4629], [53.3126, 12.977], [51.9907, 13.5436], [50.6688, 14.1657], [49.3468, 14.8465], [48.0249, 15.589], [46.703, 16.3964], [45.381, 17.2717], [44.0591, 18.2181]], "obs_orientations": [3.0209, 3.0209, 3.0209, 3.0209, 3.0209, 3.0209, 3.0209, 3.0209, 3.0209, 3.0209, 3.0209, 3.0278, 3.0765, 3.0769, 3.0716, 3.0339, 3.0456, 3.055, 3.0621, 3.0668, 3.0693, 3.0694, 3.0672, 3.0626, 3.0558, 3.0466, 3.0351, 3.0213, 3.0053, 2.9871, 2.9667, 2.9442, 2.9197, 2.8932, 2.8649, 2.835, 2.8035, 2.7706, 2.7366, 2.7017, 2.666, 2.6298, 2.5932, 2.5567, 2.5202, 2.5202], "objectives": {"extension_time": 1.5, "danger_difference": 0.7112595007585725, "parameter_difference": 13.699229581853713}, "attributes": {"generation_number": 1, "individual_number": 69, "crash": true, "goal_reached": true, "scenario_length": 53}}, "[[25.931896253622106], [33.66898290440378, 88.92529682850079, 5.7127602547960565], [1.11997118679264, 199.63134691711932], [6.2864669426966895, 36.996933506842474]]": {"ego_positions": [[106.6622, 11.2663], [105.27255407632177, 11.44110774225369], [103.88311999627082, 11.640893429965857], [102.49277775272463, 11.86121546509527], [101.10047110653869, 12.093608351972813], [99.70543486930175, 12.331481332600701], [98.30708354333015, 12.569635644170212], [96.90482211029554, 12.80359105637192], [95.49803090495968, 13.03675582840972], [94.08382198495376, 13.273053381330852], [92.65878427830665, 13.481954700963115], [91.22370828187229, 13.6487415965623], [89.78197248058152, 13.775357477003487], [88.33630687212367, 13.875220256434362], [86.88883409792152, 13.967370266393493], [85.4425601028867, 14.078629588023505], [83.99626944262539, 14.183373266637902], [82.54929442304203, 14.278121331654654], [81.10216879661829, 14.370307323311431], [79.65480266946257, 14.45832114469815], [78.20696949856108, 14.537640307369006], [76.75879425907372, 14.610183419359347], [75.31072063658817, 14.684729188522113], [73.86220423030703, 14.750159142121161], [72.41349554670788, 14.811202055170435], [70.96463555840427, 14.868205741835599], [69.51499114232885, 14.899433219179075], [68.06544880673151, 14.9355457776143], [66.6161088380603, 14.979217576905322], [65.16657005830935, 15.015745297340477], [63.716974518485074, 15.049992089977886], [62.26752071400692, 15.089714285177257], [60.81958026854477, 15.131227252164926], [59.37859857371586, 15.157486585995464], [57.950282717502525, 15.19712129604848], [56.548391516403896, 15.317796918638797], [55.18398932432584, 15.53852898490658], [53.860008424597076, 15.81333504607428], [52.566868260918106, 16.074795956269735], [51.31742272336636, 16.263614067823013], [50.11065000668576, 16.370447827356255], [48.879022425641566, 16.39535174423138], [47.64252974898211, 16.3815683096749], [46.40603916019317, 16.367784898392333], [45.16955065927474, 16.354001510383682], [43.93306424622683, 16.34021814564895], [42.69657992104943, 16.326434804188132], [41.67015559650886, 16.2740268777658], [40.46509738699716, 16.227512819137523], [39.27601237893803, 16.14593098454886], [38.094749651267655, 16.052664321834307], [36.88030302599035, 15.938980073306885], [35.652527271344134, 15.776733203267781]],