{"[[16.179952914551972], [0.2760423733634059, 42.52015456222785, 0.9249164094779366], [91.1862655056935, 99.02878853540867], [3.7763200797759566, 18.020156301760142]]": {"ego_positions": [[33.0092, -1.5832], [31.21873798699649, -1.370631456069248], [29.42543760157119, -1.0700689612030991], [27.620980150564062, -0.7652263490346339], [25.799488573634946, -0.5296039054264223], [23.96592560753687, -0.342243489001507], [22.12684258739471, -0.16741522565073103], [20.285991253164433, 0.010803299548836735], [18.44479545280101, 0.1938175246305935], [16.603626568737035, 0.37893698009082294], [14.762544753974083, 0.5643280044456253], [12.921533160095874, 0.7495738575344064], [11.081062651026262, 0.9394814477787777], [9.24314192153258, 1.1541894291513701], [7.40918448857199, 1.4078982731102188], [5.579600568858719, 1.7048039114890507], [3.754001103803293, 2.041112236971009], [1.9313959783521617, 2.4070299621184343], [0.1085595302957772, 2.7704766733982673], [-1.7222687966863988, 3.054154477914228], [-3.5633911257872706, 3.235124955506099], [-5.412787830313603, 3.3335852336042544]], "ego_orientations": [3.0415, 2.9956104043245575, 2.9645546779735383, 2.9925286691323505, 3.0301992307471033, 3.0457076614965573, 3.0465186320177313, 3.04360704320843, 3.041714511533821, 3.041229899169132, 3.041258876287963, 3.0413641153976885, 3.0338273036094163, 3.0155053114529324, 2.99239534088663, 2.969410008272834, 2.9503378462389502, 2.9378459295532147, 2.9612064688358477, 3.0162456413151375, 3.068867127763758, 3.1046347465850004], "obs_positions": [[-42.0777, 2.8379], [-39.0927, 2.5384], [-36.1077, 2.2389], [-33.1227, 1.9394], [-30.1377, 1.6399], [-27.1977, 1.0412], [-24.2221, 0.5292], [-21.251, 0.1132], [-18.2485, -0.2094], [-15.2371, -0.4333], [-12.2395, -0.556], [-9.2202, -0.5776], [-6.2209, -0.4968], [-3.2075, -0.3121], [-0.2204, -0.026], [2.7729, 0.3645], [5.7337, 0.8536], [8.6937, 1.4457], [11.6154, 2.1315], [14.5299, 2.9166], [17.4015, 3.7894], [20.243492831570556, 4.750168830313283]], "obs_orientations": [6.1831, 6.1832, 6.1831, 6.1831, 6.0823, 6.1127, 6.144, 6.1761, -0.0743, -0.041, -0.0072, 0.0269, 0.061, 0.0955, 0.1296, 0.1636, 0.1973, 0.2305, 0.2631, 0.295, 0.326, 0.326], "objectives": {"extension_time": 0.4, "danger_difference": 47.90458104083629, "parameter_difference": 0.6943478880207516}, "attributes": {"generation_number": 14, "individual_number": 735, "crash": true, "goal_reached": true, "scenario_length": 22}}}