{"[[20.255041231462833], [14.88089887366949, 147.9142868828953, 183.5900465524206], [0.08576423366370545, 97.59043534110225], [2.2335458915547663, 14.166383635167861]]": {"ego_positions": [[38.3822, -2.1224], [36.59111853392685, -1.9421018395106315], [34.799492493325225, -1.7595432788114582], [33.006829144935864, -1.5733601908747872], [31.21271295937056, -1.383150195499774], [29.416736285985845, -1.1889806348398395], [27.61862037304633, -0.9912444634710493], [25.81813509341351, -0.7905979476030319], [24.01511244510865, -0.5878069744161166], [22.20944275214577, -0.3836564635202249], [20.401071018393438, -0.17888554270521323], [18.589990312781012, 0.025847543710422527], [16.77623521878477, 0.22998810062790526], [14.959875354367464, 0.43309401373340195], [13.141008695967352, 0.6348335162926945], [11.321413600070096, 0.8523946044068132], [9.50845001979662, 1.161304323494895], [7.709192499595093, 1.6328643222188473], [5.923878522793194, 2.2691210991338426], [4.146896769379927, 3.012907985469518], [2.369444236859593, 3.7744543344140036], [0.5831034195728295, 4.467040008614761], [-1.2155250624057947, 5.053584977750885], [-3.0273662106987214, 5.521856229668224], [-4.8521922972573535, 5.871600218301108]], "ego_orientations": [3.0415, 3.040818520398065, 3.039153529370049, 3.0370332466267302, 3.034915110111687, 3.032925768284371, 3.031267526827609, 3.030026310674643, 3.029229006295169, 3.028859455491057, 3.028876727361357, 3.029224795726494, 3.0298401093575045, 3.0306583608732085, 3.031618682900629, 3.0057852240487604, 2.932371742885236, 2.838977776808321, 2.765351523395704, 2.7328822923112512, 2.7488943095767673, 2.7972136606738753, 2.8568797367904533, 2.920748626654612, 2.9831212329905084], "obs_positions": [[-51.0327, 3.7363], [-48.0477, 3.4368], [-45.0627, 3.1373], [-42.0777, 2.8379], [-39.0927, 2.5384], [-36.1077, 2.2389], [-33.1227, 1.9394], [-30.1377, 1.6399], [-27.1977, 1.0412], [-24.2221, 0.5292], [-21.251, 0.1132], [-18.2485, -0.2094], [-15.2371, -0.4333], [-12.2395, -0.556], [-9.2202, -0.5776], [-6.2209, -0.4968], [-3.2075, -0.3121], [-0.2204, -0.026], [2.7729, 0.3645], [5.7337, 0.8536], [8.6937, 1.4457], [11.6154, 2.1315], [14.5299, 2.9166], [17.4015, 3.7894], [20.243492831570556, 4.750168830313283]], "obs_orientations": [6.1831, 6.1831, 6.1832, 6.1831, 6.1832, 6.1831, 6.1831, 6.0823, 6.1127, 6.144, 6.1761, -0.0743, -0.041, -0.0072, 0.0269, 0.061, 0.0955, 0.1296, 0.1636, 0.1973, 0.2305, 0.2631, 0.295, 0.326, 0.326], "objectives": {"extension_time": 0.7, "danger_difference": 0.0, "parameter_difference": 73.68250031948364}, "attributes": {"generation_number": 0, "individual_number": 24, "crash": true, "goal_reached": true, "scenario_length": 25}}, "[[20.255041231462833], [14.88089887366949, 147.9142868828953, 183.5900465524206], [0.3604822626793657, 97.59043534110225], [2.2335458915547663, 14.166383635167861]]": {"ego_positions": [[38.3822, -2.1224], [36.59111853392685, -1.9421018395106315], [34.799492493325225, -1.7595432788114582], [33.006829144935864, -1.5733601908747872], [31.21271295937056, -1.383150195499774], [29.416736285985845, -1.1889806348398395], [27.61862037304633, -0.9912444634710493], [25.81813509341351, -0.7905979476030319], [24.01511244510865, -0.5878069744161166], [22.20944275214577, -0.3836564635202249], [20.401071018393438, -0.17888554270521323], [18.589990312781012, 0.025847543710422527], [16.77623521878477, 0.22998810062790526], [14.959875354367464, 0.43309401373340195], [13.141008695967352, 0.6348335162926945], [11.321413600070096, 0.8523946044068132], [9.50845001979662, 1.161304323494895], [7.709192499595093, 1.6328643222188473], [5.923878522793194, 2.2691210991338426], [4.146896769379927, 3.012907985469518], [2.369444236859593, 3.7744543344140036], [0.5831034195728295, 4.467040008614761], [-1.2155250624057947, 5.053584977750885], [-3.0273662106987214, 5.521856229668224], [-4.8521922972573535, 5.871600218301108]], "ego_orientations": [3.0415, 3.040818520398065, 3.039153529370049, 3.0370332466267302, 3.034915110111687, 3.032925768284371, 3.031267526827609, 3.030026310674643, 3.029229006295169, 3.028859455491057, 3.028876727361357, 3.029224795726494, 3.0298401093575045, 3.0306583608732085, 3.031618682900629, 3.0057852240487604, 2.932371742885236, 2.838977776808321, 2.765351523395704, 2.7328822923112512, 2.7488943095767673, 2.7972136606738753, 2.8568797367904533, 2.920748626654612, 2.9831212329905084], "obs_positions": [[-51.0327, 3.7363], [-48.0477, 3.4368], [-45.0627, 3.1373], [-42.0777, 2.8379], [-39.0927, 2.5384], [-36.1077, 2.2389], [-33.1227, 1.9394], [-30.1377, 1.6399], [-27.1977, 1.0412], [-24.2221, 0.5292], [-21.251, 0.1132], [-18.2485, -0.2094], [-15.2371, -0.4333], [-12.2395, -0.556], [-9.2202, -0.5776], [-6.2209, -0.4968], [-3.2075, -0.3121], [-0.2204, -0.026], [2.7729, 0.3645], [5.7337, 0.8536], [8.6937, 1.4457], [11.6154, 2.1315], [14.5299, 2.9166], [17.4015, 3.7894], [20.243492831570556, 4.750168830313283]], "obs_orientations": [6.1831, 6.1831, 6.1832, 6.1831, 6.1832, 6.1831, 6.1831, 6.0823, 6.1127, 6.144, 6.1761, -0.0743, -0.041, -0.0072, 0.0269, 0.061, 0.0955, 0.1296, 0.1636, 0.1973, 0.2305, 0.2631, 0.295, 0.326, 0.326], "objectives": {"extension_time": 0.7, "danger_difference": 0.0, "parameter_difference": 73.68250032031554}, "attributes": {"generation_number": 1, "individual_number": 73, "crash": true, "goal_reached": true, "scenario_length": 25}}, "[[11.216270740237977], [2.5, 200.0, 362.5227519887968], [0.9790033670885954, 137.0886458424337], [0.3016636331449644, 18.902588026840665]]": {"ego_positions": [[38.3822, -2.1224], [36.59111853392685, -1.9421018395106315], [34.799492493325225, -1.7595432788114582], [33.006829144935864, -1.5733601908747872], [31.21271295937056, -1.383150195499774], [29.416736285985845, -1.1889806348398395], [27.61862037304633, -0.9912444634710493], [25.81813509341351, -0.7905979476030319], [24.01511244510865, -0.5878069744161166], [22.20944275214577, -0.3836564635202249], [20.401071018393438, -0.17888554270521323], [18.589990312781012, 0.025847543710422527], [16.77623521878477, 0.22998810062790526], [14.959875354367464, 0.43309401373340195], [13.141008695967352, 0.6348335162926945], [11.321413600070096, 0.8523946044068132], [9.50845001979662, 1.161304323494895], [7.709192499595093, 1.6328643222188473], [5.923878522793194, 2.2691210991338426], [4.146896769379927, 3.012907985469518], [2.369444236859593, 3.7744543344140036], [0.5831034195728295, 4.467040008614761], [-1.2155250624057947, 5.053584977750885], [-3.0273662106987214, 5.521856229668224], [-4.8521922972573535, 5.871600218301108]], "ego_orientations": [3.0415, 3.040818520398065, 3.039153529370049, 3.0370332466267302, 3.034915110111687, 3.032925768284371, 3.031267526827609, 3.030026310674643, 3.029229006295169, 3.028859455491057, 3.028876727361357, 3.029224795726494, 3.0298401093575045, 3.0306583608732085, 3.031618682900629, 3.0057852240487604, 2.932371742885236, 2.838977776808321, 2.765351523395704, 2.7328822923112512, 2.7488943095767673, 2.7972136606738753, 2.8568797367904533, 2.920748626654612, 2.9831212329905084], "obs_positions": [[-51.0327, 3.7363], [-48.0477, 3.4368], [-45.0627, 3.1373], [-42.0777, 2.8379], [-39.0927, 2.5384], [-36.1077, 2.2389], [-33.1227, 1.9394], [-30.1377, 1.6399], [-27.1977, 1.0412], [-24.2221, 0.5292], [-21.251, 0.1132], [-18.2485, -0.2094], [-15.2371, -0.4333], [-12.2395, -0.556], [-9.2202, -0.5776], [-6.2209, -0.4968], [-3.2075, -0.3121], [-0.2204, -0.026], [2.7729, 0.3645], [5.7337, 0.8536], [8.6937, 1.4457], [11.6154, 2.1315], [14.5299, 2.9166], [17.4015, 3.7894], [20.243492831570556, 4.750168830313283]], "obs_orientations": [6.1831, 6.1831, 6.1832, 6.1831, 6.1832, 6.1831, 6.1831, 6.0823, 6.1127, 6.144, 6.1761, -0.0743, -0.041, -0.0072, 0.0269, 0.061, 0.0955, 0.1296, 0.1636, 0.1973, 0.2305, 0.2631, 0.295, 0.326, 0.326], "objectives": {"extension_time": 0.7, "danger_difference": 0.0, "parameter_difference": 145.01692235424244}, "attributes": {"generation_number": 1, "individual_number": 89,