{"[[16.447430575827088], [0.25805881159143307, 63.196484190467125, 0.8044581971763358], [0.7650414789074689, 63.00423029602886], [3.7774717421539483, 33.02807473184738]]": {"ego_positions": [[36.5912, -1.9427], [34.80011235538033, -1.762393959110557], [33.008489190938135, -1.5797637552555337], [31.215842216921168, -1.3936180587256015], [29.421703387059882, -1.2034346489042567], [27.625724455845038, -1.0092437497859057], [25.82760781242905, -0.8114840482589591], [24.02712219943752, -0.6108189130830042], [22.224098122267296, -0.40801665011789523], [20.418426648618677, -0.20385844855387528], [18.610052982402017, 0.0009168595933592705], [16.798970255006473, 0.20565185619698273], [14.98521326697213, 0.40979274002285426], [13.168851479312384, 0.6128953012741236], [11.35163513015076, 0.8321386390956703], [9.540873231343939, 1.1432554224737799], [7.743582347771036, 1.61744269697903], [5.959950409073955, 2.2565077947725194], [4.18433153548989, 3.0030137361813645], [2.407904779341635, 3.766927838476579], [0.6222637237937926, 4.461361665018881], [-1.1759445927774017, 5.049275241270743], [-2.987596084789067, 5.518517304683831], [-4.812422099089395, 5.868908070909817]], "ego_orientations": [3.0415, 3.040796687327107, 3.039128754502422, 3.0370764022498715, 3.034905251587836, 3.032912311948876, 3.0312553522200925, 3.030018685326653, 3.029223954349624, 3.028856311620263, 3.0288751931017397, 3.029224292966368, 3.0298409232858923, 3.03066141661021, 3.0045692868697382, 2.930836603617877, 2.8372814643981217, 2.76369277395136, 2.731411388936278, 2.747709730652895, 2.796327723161018, 2.856245269863645, 2.9203208767300985, 2.982857481037633], "obs_positions": [[-48.0477, 3.4368], [-45.0627, 3.1373], [-42.0777, 2.8379], [-39.0927, 2.5384], [-36.1077, 2.2389], [-33.1227, 1.9394], [-30.1377, 1.6399], [-27.1977, 1.0412], [-24.2221, 0.5292], [-21.251, 0.1132], [-18.2485, -0.2094], [-15.2371, -0.4333], [-12.2395, -0.556], [-9.2202, -0.5776], [-6.2209, -0.4968], [-3.2075, -0.3121], [-0.2204, -0.026], [2.7729, 0.3645], [5.7337, 0.8536], [8.6937, 1.4457], [11.6154, 2.1315], [14.5299, 2.9166], [17.4015, 3.7894], [20.243492831570556, 4.750168830313283]], "obs_orientations": [6.1831, 6.1832, 6.1831, 6.1832, 6.1831, 6.1831, 6.0823, 6.1127, 6.144, 6.1761, -0.0743, -0.041, -0.0072, 0.0269, 0.061, 0.0955, 0.1296, 0.1636, 0.1973, 0.2305, 0.2631, 0.295, 0.326, 0.326], "objectives": {"extension_time": 0.6, "danger_difference": 0.0, "parameter_difference": 0.8832777460685742}, "attributes": {"generation_number": 10, "individual_number": 542, "crash": true, "goal_reached": true, "scenario_length": 24}}, "[[13.229098796402452], [0.24523470574930561, 63.521795333208686, 2.4954930893403082], [43.89414337195525, 12.428829378515099], [0.8562693725241597, 20.60024922729011]]": {"ego_positions": [[36.5912, -1.9427], [34.79998648543232, -1.7591601973845297], [33.007444237349674, -1.5608904025285677], [31.212734381331515, -1.3505911060201385], [29.415304540204836, -1.1331821716150003], [27.614819846177678, -0.9124798664407126], [25.811070711598706, -0.6913860447595285], [24.00396447931565, -0.47199582622908304], [22.193502695064083, -0.25572776687114185], [20.37976323548191, -0.043442705728703096], [18.562849100042992, 0.16429963036586756], [16.742804949148773, 0.36689375748040437], [14.919757701383778, 0.5642867464617711], [13.093920383969422, 0.7569188709886746], [11.266045584842349, 0.9503837332999996], [9.44407915352095, 1.225311802094493], [7.637848087273986, 1.6903977685853817], [5.826990678653705, 2.1446667148811205], [3.993664420825403, 2.398728596145663], [2.1529061838802965, 2.5834090729007504], [0.3112634269656064, 2.767493958720536], [-1.5347246860562194, 2.919858012133279], [-3.385683358273252, 3.028587710110288], [-5.240000049898548, 3.1058584489516914]], "ego_orientations": [3.0415, 3.0358051599566593, 3.027661965980014, 3.02268841277004, 3.0201126892217287, 3.019397294062701, 3.0200451261087764, 3.0216406947362744, 3.023836570002709, 3.026357453058582, 3.029210152867383, 3.0322609618368803, 3.0351661999829562, 3.037719315570881, 3.032127721518887, 2.934048523269298, 2.867405038801466, 2.945410194955999, 3.0415987835367555, 3.0415987835367555, 3.047775980511302, 3.0714918912298264, 3.0930582628997, 3.105020482421104], "obs_positions": [[-48.0477, 3.4368], [-45.0627, 3.1373], [-42.0777, 2.8379], [-39.0927, 2.5384], [-36.1077, 2.2389], [-33.1227, 1.9394], [-30.1377, 1.6399], [-27.1977, 1.0412], [-24.2221, 0.5292], [-21.251, 0.1132], [-18.2485, -0.2094], [-15.2371, -0.4333], [-12.2395, -0.556], [-9.2202, -0.5776], [-6.2209, -0.4968], [-3.2075, -0.3121], [-0.2204, -0.026], [2.7729, 0.3645], [5.7337, 0.8536], [8.6937, 1.4457], [11.6154, 2.1315], [14.5299, 2.9166], [17.4015, 3.7894], [20.243492831570556, 4.750168830313283]], "obs_orientations": [6.1831, 6.1832, 6.1831, 6.1832, 6.1831, 6.1831, 6.0823, 6.1127, 6.144, 6.1761, -0.0743, -0.041, -0.0072, 0.0269, 0.061, 0.0955, 0.1296, 0.1636, 0.1973, 0.2305, 0.2631, 0.295, 0.326, 0.326], "objectives": {"extension_time": 0.6, "danger_difference": 47.83226559859821, "parameter_difference": 1.1616734482753173}, "attributes": {"generation_number": 11, "individual_number": 554, "crash": true, "goal_reached": true, "scenario_length": 24}}}