{"[[35.27991900702318], [6.166874873355111, 27.216271784511804, 564.8384065468347], [2.464077485946736, 57.98428562780056], [1.7873674398739063, 38.16372205167204]]": {"ego_positions": [[59.8743, -4.2786], [58.08321764110356, -4.098300939677545], [56.2915953102753, -3.915738201389772], [54.49893632246484, -3.7296269786705296], [52.70479958722258, -3.5394646650156094], [50.90882044137522, -3.3453055433869254], [49.110702716014515, -3.1475847177530762], [47.31021210786231, -2.9469511823180823], [45.50718785111133, -2.7441586733029255], [43.70151798969057, -2.540012183777956], [41.89314434832244, -2.33526097315878], [40.082060329452936, -2.130557599817571], [38.26829982026312, -1.926455672677864], [36.45193558919077, -1.723362628804707], [34.633068570999654, -1.5216074833896014], [32.81181878587358, -1.3214122212219606], [30.988320695549277, -1.122967350784984], [29.162715267297155, -0.9263302132501202], [27.335166197361566, -0.7314345456252839], [25.50583379466091, -0.5382019230161506], [23.674876726900735, -0.3465241980099723], [21.842451124162064, -0.15626273459526638], [20.00870826282029, 0.03273969532871913], [18.17379257669778, 0.22064768473962806], [16.337839388995242, 0.40761519845462724], [14.500973159173325, 0.5937625957715323], [12.66331595185671, 0.7792445233844718], [10.826705221780545, 0.9814067972944638], [9.000650013937332, 1.2946739562055047], [7.1895991524295475, 1.7642621574645632], [5.374305143092506, 2.197950910097801], [3.539807552965492, 2.444263355316717], [1.6990487085791834, 2.6289438275212245], [-0.13881323193492806, 2.8449714446543806], [-1.9740739509356482, 3.090992471776718], [-3.8091788644645415, 3.3416362179181744], [-5.645432606407489, 3.583181824904009]], "ego_orientations": [3.0415, 3.0408160889942204, 3.0391663904462884, 3.0370838524843378, 3.034920800286705, 3.0329318967071064, 3.031278828702249, 3.030027339937233, 3.029228685434508, 3.0288664494209194, 3.028890680123283, 3.029244568634356, 3.0298564528361442, 3.0306564688317708, 3.0316015315749416, 3.032633559520381, 3.0337563820457594, 3.0348308795063574, 3.0358614994248727, 3.036832144807305, 3.0377243793934356, 3.0385256707535997, 3.0392301363962795, 3.0398364408735623, 3.040364818238143, 3.040815500681939, 3.0411654948807834, 3.015097786155188, 2.920284354780777, 2.8758822429373394, 2.9553701726266004, 3.041598818762201, 3.041598818762201, 3.0129883730014244, 3.0055580534751263, 3.007364229816529, 3.014962333343882], "obs_positions": [[-86.8529, 7.3302], [-83.8679, 7.0307], [-80.8829, 6.7312], [-77.8979, 6.4317], [-74.9129, 6.1322], [-71.9278, 5.8327], [-68.9428, 5.5333], [-65.9578, 5.2338], [-62.9728, 4.9343], [-59.9878, 4.6348], [-57.0028, 4.3353], [-54.0178, 4.0359], [-51.0327, 3.7363], [-48.0477, 3.4368], [-45.0627, 3.1373], [-42.0777, 2.8379], [-39.0927, 2.5384], [-36.1077, 2.2389], [-33.1227, 1.9394], [-30.1377, 1.6399], [-27.1977, 1.0412], [-24.2221, 0.5292], [-21.251, 0.1132], [-18.2485, -0.2094], [-15.2371, -0.4333], [-12.2395, -0.556], [-9.2202, -0.5776], [-6.2209, -0.4968], [-3.2075, -0.3121], [-0.2204, -0.026], [2.7729, 0.3645], [5.7337, 0.8536], [8.6937, 1.4457], [11.6154, 2.1315], [14.5299, 2.9166], [17.4015, 3.7894], [20.243492831570556, 4.750168830313283]], "obs_orientations": [6.1831, 6.1831, 6.1831, 6.1831, 6.1831, 6.1831, 6.1831, 6.1831, 6.1831, 6.1831, 6.1831, 6.1831, 6.1831, 6.1831, 6.1832, 6.1831, 6.1832, 6.1831, 6.1831, 6.0823, 6.1127, 6.144, 6.1761, -0.0743, -0.041, -0.0072, 0.0269, 0.061, 0.0955, 0.1296, 0.1636, 0.1973, 0.2305, 0.2631, 0.295, 0.326, 0.326], "objectives": {"extension_time": 1.9, "danger_difference": 47.86709497349136, "parameter_difference": 225.95129263783406}, "attributes": {"generation_number": 0, "individual_number": 12, "crash": true, "goal_reached": true, "scenario_length": 37}}, "[[36.56170243220126], [2.5, 29.478113162307533, 564.8384065468347], [2.464077485946736, 57.98428562780056], [1.7873674398739063, 38.16372205167204]]": {"ego_positions": [[59.8743, -4.2786], [58.08321764110356, -4.098300939677545], [56.2915953102753, -3.915738201389772], [54.49893632246484, -3.7296269786705296], [52.70479958722258, -3.5394646650156094], [50.90882044137522, -3.3453055433869254], [49.110702716014515, -3.1475847177530762], [47.31021210786231, -2.9469511823180823], [45.50718785111133, -2.7441586733029255], [43.70151798969057, -2.540012183777956], [41.89314434832244, -2.33526097315878], [40.082060329452936, -2.130557599817571], [38.26829982026312, -1.926455672677864], [36.45193558919077, -1.723362628804707], [34.633068570999654, -1.5216074833896014], [32.81181878587358, -1.3214122212219606], [30.988320695549277, -1.122967350784984], [29.162715267297155, -0.9263302132501202], [27.335166197361566, -0.7314345456252839], [25.50583379466091, -0.5382019230161506], [23.674876726900735, -0.3465241980099723], [21.842451124162064, -0.15626273459526638], [20.00870826282029, 0.03273969532871913], [18.17379257669778, 0.22064768473962806], [16.337839388995242, 0.40761519845462724], [14.500973159173325, 0.5937625957715323], [12.66331595185671, 0.7792445233844718], [10.826705221780545, 0.9814067972944638], [9.000650013937332, 1.2946739562055047], [7.1895991524295475, 1.7642621574645632], [5.374305143092506, 2.197950910097801], [3.539807552965492, 2.444263355316717], [1.6990487085791834, 2.6289438275212245], [-0.13881323193492806, 2.8449714446543806], [-1.9740739509356482, 3.090992471776718], [-3.8091788644645415, 3.3416362179181744], [-5.645432606407489, 3.583181824904009]], "ego_orientations": [3.0415, 3.0408160889942204, 3.0391663904462884, 3.0370838524843378, 3.034920800286705, 3.0329318967071064, 3.031278828702249, 3.030027339937233, 3.029228685434508, 3.0288664494209194, 3.028890680123283, 3.029244568634356, 3.0298564528361442, 3.0306564688317708, 3.0316015315749416, 3.032633559520381, 3.0337563820457594, 3.0348308795063574, 3.0358614994248727, 3.036832144807305, 3.0377243793934356, 3.0385256707535997, 3.0392301363962795, 3.0398364408735623, 3.040364818238143, 3.040815500681939, 3.0411654948807834, 3.015097786155188, 2.920284354780777, 2.8758822429373394, 2.9553701726266004, 3.041598818762201, 3.041598818762201, 3.0129883730014244, 3.0055580534751263, 3.007364229816529, 3.014962333343882], "obs_positions": [[-86.8529, 7.3302], [-83.8679, 7.0307], [-80.8829, 6.7312], [-77.8979, 6.4317], [-74.9129, 6.1322], [-71.9278, 5.8327], [-68.9428, 5.5333], [-65.9578, 5.2338], [-62.9728, 4.9343], [-59.9878, 4.6348], [-57.0028, 4.3353], [-54.0178, 4.0359], [-51.0327, 3.7363], [-48.0477, 3.4368], [-45.0627, 3.1373], [-42.0777, 2.8379], [-39.0927, 2.5384], [-36.1077, 2.2389], [-33.1227, 1.9394], [-30.1377, 1.6399], [-27.1977, 1.0412], [-24.2221, 0.5292], [-21.251, 0.1132], [-18.2485, -0.2094], [-15.2371, -0.4333], [-12.2395, -0.556], [-9.2202, -0.5776], [-6.2209, -0.4968], [-3.2075, -0.3121], [-0.2204, -0.026], [2.7729, 0.3645], [5.7337, 0.8536], [8.6937, 1.4457], [11.6154, 2.1315], [14.5299, 2.9166], [17.4015, 3.7894], [20.243492831570556, 4.750168830313283]], "obs_orientations": [6.1831, 6.1831, 6.1831, 6.1831, 6.1831, 6.1831, 6.1831, 6.1831, 6.1831, 6.1831, 6.1831, 6.1831, 6.1831, 6.1831, 6.1832, 6.1831, 6.1832, 6.1831, 6.1831, 6.0823, 6.1127, 6.144, 6.1761, -0.0743, -0.041, -0.0072, 0.0269, 0.061, 0.0955, 0.1296, 0.1636, 0.1973, 0.2305, 0.2631, 0.295, 0.326, 0.326], "objectives": {"extension_time": 1.9, "danger_difference": 47.86709497349136, "parameter_difference": 225.9401288602758}, "attributes": {"generation_number": 1, "individual_number": 94, "crash": true, "goal_reached": true, "scenario_length": 37}}}