{"[[18.78604292619886], [26.27303558627189, 21.0616202091814, 768.8825939811679], [0.557730403673373, 71.6364438239337], [0.6277605499407037, 19.107547101645206]]": {"ego_positions": [[50.9193, -3.3802], [49.12821645693517, -3.199900486997387], [47.336589049891316, -3.017330838471789], [45.543924142196786, -2.831174068964519], [43.749790625693244, -2.6409592106370754], [41.953810373794404, -2.446746612782583], [40.155698468783555, -2.2489870606369626], [38.355206153863456, -2.0483467692137918], [36.55217692359095, -1.8455508171808077], [34.7464996954362, -1.6413704902304107], [32.9381335050266, -1.4365263472489973], [31.127055144925986, -1.2317893390795853], [29.313295088191502, -1.0276741326199885], [27.496929048503237, -0.8245991448432559], [25.678056813069997, -0.6228857341504618], [23.856799030046506, -0.42276187668254783], [22.0332922101598, -0.22435903911356275], [20.207685469087497, -0.02772315434225975], [18.380135093836646, 0.16716741888544281], [16.550800661409212, 0.3603884997735769], [14.719841740834413, 0.5520556052055088], [12.88741452111139, 0.7423076220327178], [11.054155923411114, 0.9361588727475222], [9.22221365068601, 1.1538150462219727], [7.393133161130117, 1.4095517012104803], [5.567453812676101, 1.707673771495968], [3.7449119618341618, 2.0445208966882134], [1.9246382421572306, 2.4104489261866453], [0.10474668892345854, 2.785727783583303], [-1.7182089270169865, 3.1351164747872264], [-3.5454322958021653, 3.4458519935467047], [-5.377143158325608, 3.7151490888424106]], "ego_orientations": [3.0415, 3.0408150088220185, 3.039154304346056, 3.0370509976761997, 3.0348946362057716, 3.0328986011638444, 3.03127046625635, 3.030026842347131, 3.0292230003536047, 3.028824070850606, 3.0288544475658714, 3.0292344420840758, 3.029856830078283, 3.0306747594492616, 3.0316315681557504, 3.032676913851002, 3.0337571984018186, 3.034831523876736, 3.035867267383311, 3.0368383340460507, 3.0377298448122736, 3.038530753539314, 3.03159113096061, 3.0138081148180667, 2.991187034945159, 2.9686355366227817, 2.9499320719266855, 2.9377339151380264, 2.9429472685176794, 2.9622247835889093, 2.98431687211937, 3.006833517604049], "obs_positions": [[-71.9278, 5.8328], [-68.9428, 5.5333], [-65.9578, 5.2338], [-62.9728, 4.9343], [-59.9878, 4.6348], [-57.0028, 4.3353], [-54.0178, 4.0358], [-51.0327, 3.7363], [-48.0477, 3.4368], [-45.0627, 3.1373], [-42.0777, 2.8379], [-39.0927, 2.5384], [-36.1077, 2.2389], [-33.1227, 1.9394], [-30.1377, 1.6399], [-27.1977, 1.0412], [-24.2221, 0.5292], [-21.251, 0.1132], [-18.2485, -0.2094], [-15.2371, -0.4333], [-12.2395, -0.556], [-9.2202, -0.5776], [-6.2209, -0.4968], [-3.2075, -0.3121], [-0.2204, -0.026], [2.7729, 0.3645], [5.7337, 0.8536], [8.6937, 1.4457], [11.6154, 2.1315], [14.5299, 2.9166], [17.4015, 3.7894], [20.243492831570556, 4.750168830313283]], "obs_orientations": [6.1831, 6.1831, 6.1831, 6.1831, 6.1831, 6.1832, 6.1831, 6.1831, 6.1831, 6.1832, 6.1831, 6.1832, 6.1831, 6.1831, 6.0823, 6.1127, 6.144, 6.1761, -0.0743, -0.041, -0.0072, 0.0269, 0.061, 0.0955, 0.1296, 0.1636, 0.1973, 0.2305, 0.2631, 0.295, 0.326, 0.326], "objectives": {"extension_time": 1.4, "danger_difference": 47.86969371934211, "parameter_difference": 307.7330555799087}, "attributes": {"generation_number": 0, "individual_number": 18, "crash": true, "goal_reached": true, "scenario_length": 32}}, "[[31.859103749883637], [21.296101986963112, 193.88778245777033, 183.91447314021235], [0.7963048700391575, 157.9184100887927], [0.22172822014968258, 20.762276172768452]]": {"ego_positions": [[50.9193, -3.3802], [49.12821645693517, -3.199900486997387], [47.336589049891316, -3.017330838471789], [45.543924142196786, -2.831174068964519], [43.749790625693244, -2.6409592106370754], [41.953810373794404, -2.446746612782583], [40.155698468783555, -2.2489870606369626], [38.355206153863456, -2.0483467692137918], [36.55217692359095, -1.8455508171808077], [34.7464996954362, -1.6413704902304107], [32.9381335050266, -1.4365263472489973], [31.127055144925986, -1.2317893390795853], [29.313295088191502, -1.0276741326199885], [27.496929048503237, -0.8245991448432559], [25.678056813069997, -0.6228857341504618], [23.856799030046506, -0.42276187668254783], [22.0332922101598, -0.22435903911356275], [20.207685469087497, -0.02772315434225975], [18.380135093836646, 0.16716741888544281], [16.550800661409212, 0.3603884997735769], [14.719841740834413, 0.5520556052055088], [12.88741452111139, 0.7423076220327178], [11.054155923411114, 0.9361588727475222], [9.22221365068601, 1.1538150462219727], [7.393133161130117, 1.4095517012104803], [5.567453812676101, 1.707673771495968], [3.7449119618341618, 2.0445208966882134], [1.9246382421572306, 2.4104489261866453], [0.1051260963390283, 2.7895312640255305], [-1.7159204272689477, 3.158070689932874], [-3.540172780384393, 3.4986381373859974], [-5.368537666144934, 3.801577507038402]], "ego_orientations": [3.0415, 3.0408150088220185, 3.039154304346056, 3.0370509976761997, 3.0348946362057716, 3.0328986011638444, 3.03127046625635, 3.030026842347131, 3.0292230003536047, 3.028824070850606, 3.0288544475658714, 3.0292344420840758, 3.029856830078283, 3.0306747594492616, 3.0316315681557504, 3.032676913851002, 3.0337571984018186, 3.034831523876736, 3.035867267383311, 3.0368383340460507, 3.0377298448122736, 3.038530753539314, 3.03159113096061, 3.0138081148180667, 2.991187034945159, 2.9686355366227817, 2.9499320719266855, 2.9377339151380264, 2.9370811615939223, 2.948288843556935, 2.9666301314153816, 2.9885045279844804], "obs_positions": [[-71.9278, 5.8328], [-68.9428, 5.5333], [-65.9578, 5.2338], [-62.9728, 4.9343], [-59.9878, 4.6348], [-57.0028, 4.3353], [-54.0178, 4.0358], [-51.0327, 3.7363], [-48.0477, 3.4368], [-45.0627, 3.1373], [-42.0777, 2.8379], [-39.0927, 2.5384], [-36.1077, 2.2389], [-33.1227, 1.9394], [-30.1377, 1.6399], [-27.1977, 1.0412], [-24.2221, 0.5292], [-21.251, 0.1132], [-18.2485, -0.2094], [-15.2371, -0.4333], [-12.2395, -0.556], [-9.2202, -0.5776], [-6.2209, -0.4968], [-3.2075, -0.3121], [-0.2204, -0.026], [2.7729, 0.3645], [5.7337, 0.8536], [8.6937, 1.4457], [11.6154, 2.1315], [14.5299, 2.9166], [17.4015, 3.7894], [20.243492831570556, 4.750168830313283]], "obs_orientations": [6.1831, 6.1831, 6.1831, 6.1831, 6.1831, 6.1832, 6.1831, 6.1831, 6.1831, 6.1832, 6.1831, 6.1832, 6.1831, 6.1831, 6.0823, 6.1127, 6.144, 6.1761, -0.0743, -0.041, -0.0072, 0.0269, 0.061, 0.0955, 0.1296, 0.1636, 0.1973, 0.2305, 0.2631, 0.295, 0.326, 0.326], "objectives": {"extension_time": 1.4, "danger_difference": 47.86969371934211, "parameter_difference": 74.06826039058508}, "attributes": {"generation_number": 0, "individual_number": 35, "crash": true, "goal_reached": true, "scenario_length": 32}},