{"[[3.9861295968752373], [32.82406780421811, 402.5961938500561, 226.81212628713143], [0.4537814312834354, 115.3552966316002], [0.9993340422914851, 8.4276740793492]]": {"ego_positions": [[77.7844, -6.0755], [75.99331705145504, -5.8952010548184495], [74.201690906466, -5.712638885115836], [72.40902563922793, -5.526501942834288], [70.61488773395308, -5.336293632565159], [68.81890999830817, -5.142085343115512], [67.02079331391184, -4.944319383674512], [65.22030573703316, -4.743656010852435], [63.41727941460477, -4.5408582283429615], [61.61160562367267, -4.336707568453753], [59.80322947486253, -4.131943394011067], [57.9921440821785, -3.9272233418239693], [56.17838406233937, -3.723101933937], [54.36201923465785, -3.5200219763728553], [52.54314635436438, -3.318328487492494], [50.72188486927081, -3.1182400606151512], [48.89837382594385, -2.919875540616269], [47.0727638005978, -2.7232597350396044], [45.24521357338768, -2.5283666060615686], [43.41587889640553, -2.335150028008804], [41.58491785274017, -2.1435043056997145], [39.75282300982068, -1.9533162041296028], [37.920981714137596, -1.7645467049985175], [36.089524441780405, -1.5769933363573236], [34.258230447690465, -1.3904605867532043], [32.426920740793626, -1.2047597525272162], [30.59544431357155, -1.019795238906195], [28.76369165945718, -0.8353880017237908], [26.931580236801203, -0.6513687546647462], [25.099046797284554, -0.467619253251193], [23.266046548398684, -0.2840454175253595], [21.432550865170814, -0.10056767432178886], [19.598544427879155, 0.08287898626821144], [17.764022719946123, 0.26634519040325316], [15.928990010422948, 0.4498693506752155], [14.093457377408948, 0.6334774048375027], [12.257441189041955, 0.8171846156350582], [10.42266578314616, 1.0182178485800186], [8.59531300089329, 1.2990155816176947], [6.7775970162555375, 1.682340622678917], [4.9672040546725755, 2.1454365562983853], [3.159127408035003, 2.63824240574559], [1.3474819292058018, 3.101589091684908], [-0.47170291348531673, 3.4916438387854267], [-2.2970876556596824, 3.805020743045872], [-4.126560943210541, 4.049592385284621], [-5.95944985967197, 4.235292598492555]], "ego_orientations": [3.0415, 3.040816887711251, 3.039161827365219, 3.0370618901295625, 3.0348927738207947, 3.0329059261407294, 3.0312552055923625, 3.0300204837119376, 3.029227322172744, 3.0288615596717214, 3.028882460506417, 3.02923390982581, 3.029852565224211, 3.030677280495783, 3.0316494663543843, 3.032697811810899, 3.0337780213309493, 3.0348313617063147, 3.03586602117851, 3.0368465422121536, 3.0377441009141113, 3.038548431707225, 3.039240293059886, 3.039827890109893, 3.0403229923271757, 3.0407459356986157, 3.041119339746123, 3.0413845272039968, 3.041579857748371, 3.041723304419378, 3.0418218171091205, 3.041882043606439, 3.041911801509382, 3.041917455570435, 3.041905518718962, 3.041881926603434, 3.0418516388734265, 3.0153943347006766, 2.9610433801882228, 2.908826501201993, 2.8781761637513976, 2.8781979004108695, 2.908863662363847, 2.9515425889848155, 2.99093733512245, 3.0255941883832604, 3.054685763520808], "obs_positions": [[-116.703, 10.3251], [-113.718, 10.0256], [-110.733, 9.7261], [-107.748, 9.4266], [-104.763, 9.1271], [-101.778, 8.8276], [-98.793, 8.5281], [-95.8079, 8.2287], [-92.8229, 7.9292], [-89.8379, 7.6297], [-86.8529, 7.3302], [-83.8679, 7.0307], [-80.8829, 6.7312], [-77.8979, 6.4318], [-74.9128, 6.1323], [-71.9278, 5.8327], [-68.9428, 5.5332], [-65.9578, 5.2337], [-62.9728, 4.9342], [-59.9878, 4.6348], [-57.0028, 4.3353], [-54.0178, 4.0358], [-51.0327, 3.7363], [-48.0477, 3.4368], [-45.0627, 3.1373], [-42.0777, 2.8379], [-39.0927, 2.5384], [-36.1077, 2.2389], [-33.1227, 1.9394], [-30.1377, 1.6399], [-27.1977, 1.0412], [-24.2221, 0.5292], [-21.251, 0.1132], [-18.2485, -0.2094], [-15.2371, -0.4333], [-12.2395, -0.556], [-9.2202, -0.5776], [-6.2209, -0.4968], [-3.2075, -0.3121], [-0.2204, -0.026], [2.7729, 0.3645], [5.7337, 0.8536], [8.6937, 1.4457], [11.6154, 2.1315], [14.5299, 2.9166], [17.4015, 3.7894], [20.243492831570556, 4.750168830313283]], "obs_orientations": [6.1831, 6.1831, 6.1831, 6.1831, 6.1831, 6.1831, 6.1831, 6.1831, 6.1831, 6.1831, 6.1831, 6.1831, 6.1831, 6.1831, 6.1831, 6.1831, 6.1831, 6.1831, 6.1831, 6.1831, 6.1831, 6.1831, 6.1831, 6.1831, 6.1832, 6.1831, 6.1832, 6.1831, 6.1831, 6.0823, 6.1127, 6.144, 6.1761, -0.0743, -0.041, -0.0072, 0.0269, 0.061, 0.0955, 0.1296, 0.1636, 0.1973, 0.2305, 0.2631, 0.295, 0.326, 0.326], "objectives": {"extension_time": 2.9, "danger_difference": 47.6820760023102, "parameter_difference": 91.69256291923816}, "attributes": {"generation_number": 0, "individual_number": 11, "crash": true, "goal_reached": true, "scenario_length": 47}}, "[[29.978708147634215], [2.5, 200.0, 532.165185200761], [2.058975575589669, 4.549905550308729], [1.2973273810545292, 8.880562442560642]]": {"ego_positions": [[77.7844, -6.0755], [75.99331705145504, -5.8952010548184495], [74.201690906466, -5.712638885115836], [72.40902563922793, -5.526501942834288], [70.61488773395308, -5.336293632565159], [68.81890999830817, -5.142085343115512], [67.02079331391184, -4.944319383674512], [65.22030573703316, -4.743656010852435], [63.41727941460477, -4.5408582283429615], [61.61160562367267, -4.336707568453753], [59.80322947486253, -4.131943394011067], [57.9921440821785, -3.9272233418239693], [56.17838406233937, -3.723101933937], [54.36201923465785, -3.5200219763728553], [52.54314635436438, -3.318328487492494], [50.72188486927081, -3.1182400606151512], [48.89837382594385, -2.919875540616269], [47.0727638005978, -2.7232597350396044], [45.24521357338768, -2.5283666060615686], [43.41587889640553, -2.335150028008804], [41.58491785274017, -2.1435043056997145], [39.75248754530693, -1.953282551341424], [37.91873977990037, -1.764321780403886], [36.083822799205265, -1.576421205089369], [34.24787139743777, -1.3894322937279755], [32.411009918821925, -1.2032347153257537], [30.57335251078998, -1.017750992651708], [28.735020124660643, -0.8327732422758453], [26.896125158030884, -0.6480970397445673], [25.056766079556862, -0.4635737346528227], [23.21703155433147, -0.2790787581274883], [21.376999345832022, -0.09454634652657619], [19.536735539140345, 0.09004112238636511], [17.69629524660718, 0.2746767493110334], [15.85572390517196, 0.4593470286369693], [14.015060216869049, 0.6440368629233152], [12.174340311691184, 0.8287316151371167], [10.335312198172723, 1.0305865171995825], [8.504230818523192, 1.3118191973719209], [6.683378912068862, 1.6951070116185867], [4.870485064211748, 2.1577654166339686], [3.0605520139918427, 2.64990338008766], [1.2476657110933058, 3.1125580159516186], [-0.572391966821055, 3.5036747550696923], [-2.3992865158639614, 3.826595210028265], [-4.233531467913489, 4.076101643272048], [-6.0764260053416965, 4.239456628370757]], "ego_orientations": [3.0415, 3.040816887711251, 3.039161827365219, 3.0370618901295625, 3.0348927738207947, 3.0329059261407294, 3.0312552055923625, 3.0300204837119376, 3.029227322172744, 3.0288615596717214, 3.028882460506417, 3.02923390982581, 3.029852565224211, 3.030677280495783, 3.0316494663543843, 3.032697811810899, 3.0337780213309493, 3.0348313617063147, 3.03586602117851, 3.0368465422121536, 3.0377441009141113, 3.038550098197898, 3.039243799759888, 3.0398317759106375, 3.04034390179387, 3.0407955822827297, 3.04117741905918, 3.041420134402919, 3.041567079390082, 3.0416348470238477, 3.0416452717683695, 3.041631323010125, 3.0416132925042856, 3.0415990376372095, 3.0415901564756513, 3.0415883798274024, 3.0415900607367106, 3.015313567592258, 2.9612714404236793, 2.9093107736706902, 2.878780228555588, 2.878779778055727, 2.909314068392946, 2.949398086687633, 2.982830149477858, 3.034015952601939, 3.0648323316687103],