{"[[10.092609445251865], [29.111835392291834, 424.92076302868475, 507.8458267898739], [1.06316054284074, 180.90738968503408], [2.200332584886842, 4.0660257229034436]]": {"ego_positions": [[70.6204, -5.3567], [68.82929921360162, -5.176577606360943], [67.03765646689226, -4.99417777025966], [65.24497688160122, -4.808180256216102], [63.45082706948159, -4.618084091929184], [61.65483741170549, -4.423940805681798], [59.85671864804606, -4.226195638749314], [58.056233105012865, -4.0255355148502705], [56.25320910813708, -3.82273746528286], [54.44753632061062, -3.6185826685509164], [52.63916168745349, -3.41380157793486], [50.828078835990915, -3.209054415191193], [49.01432179985705, -3.0048981840518776], [47.19796066834233, -2.801768115752508], [45.37909475419705, -2.599991747427321], [43.55784251991396, -2.3998241287992252], [41.73433875421546, -2.2013822253855535], [39.90873562895036, -2.0047186085798727], [38.08118585104568, -1.809815100371878], [36.25185429957023, -1.6165619887327092], [34.42090086007913, -1.4248335631187936], [32.58848475873222, -1.2344751798068792], [30.75474263136857, -1.0454621371131454], [28.91982602044142, -0.857558172669966], [27.083872056226024, -0.67059420096678], [25.247005130173743, -0.4844504534687965], [23.409344724704017, -0.29899774216762837], [21.571005367811004, -0.11408947109524585], [19.732093662011764, 0.07042017368695175], [17.8927048550261, 0.2546472724562934], [16.05292179565653, 0.43865848389230594], [14.21282631015265, 0.6225602531865397], [12.372493860830703, 0.8064636244922035], [10.533715745924617, 1.0076653462879754], [8.71625330738324, 1.3199419855627634], [6.964077423154536, 1.784989353770817], [5.2752910851759305, 2.2074854813554237], [3.617120809459856, 2.4365066365262114], [1.9629253614640692, 2.6024694933045853], [0.31092361626040865, 2.800142186437423], [-1.3429032149053415, 3.028606867118886], [-3.0033934616798375, 3.2625230912180845], [-4.673283192066246, 3.4881772779068845], [-6.354350513516876, 3.697441485102743]], "ego_orientations": [3.0416, 3.040912536952189, 3.0392465623844926, 3.0371322503326277, 3.0349455547364714, 3.032924678545162, 3.031259749687911, 3.0300211919336415, 3.02922702268812, 3.028855694968492, 3.028870004319942, 3.029216802319913, 3.029829752654559, 3.03064162502631, 3.031599070160775, 3.0326597768360193, 3.033731450780236, 3.03482828329197, 3.0358530591429855, 3.036818212090062, 3.037672008454975, 3.038499229899648, 3.0392317103506423, 3.039838705773444, 3.0403657382985463, 3.040821151192051, 3.041194868938396, 3.0414817472539037, 3.041687470670448, 3.0418461833146972, 3.0419552364264364, 3.0419976327349336, 3.041981939960068, 3.015566229864242, 2.918051069551895, 2.866321936798338, 2.9467722778543455, 3.0415988187622007, 3.0415988187622007, 3.0095015499734745, 3.0012571130990673, 3.003391615554835, 3.0119425680175382, 3.0239012139596726], "obs_positions": [[-104.763, 9.1271], [-101.778, 8.8276], [-98.793, 8.5282], [-95.8079, 8.2287], [-92.8229, 7.9292], [-89.8379, 7.6297], [-86.8529, 7.3302], [-83.8679, 7.0307], [-80.8829, 6.7313], [-77.8979, 6.4317], [-74.9129, 6.1322], [-71.9278, 5.8327], [-68.9428, 5.5332], [-65.9578, 5.2337], [-62.9728, 4.9342], [-59.9878, 4.6348], [-57.0028, 4.3353], [-54.0178, 4.0358], [-51.0327, 3.7363], [-48.0477, 3.4368], [-45.0627, 3.1373], [-42.0777, 2.8379], [-39.0927, 2.5384], [-36.1077, 2.2389], [-33.1227, 1.9394], [-30.1377, 1.6399], [-27.1977, 1.0412], [-24.2221, 0.5292], [-21.251, 0.1132], [-18.2485, -0.2094], [-15.2371, -0.4333], [-12.2395, -0.556], [-9.2202, -0.5776], [-6.2209, -0.4968], [-3.2075, -0.3121], [-0.2204, -0.026], [2.7729, 0.3645], [5.7337, 0.8536], [8.6937, 1.4457], [11.6154, 2.1315], [14.5299, 2.9166], [17.4015, 3.7894], [20.2607, 4.7566], [23.07228148748194, 5.803027034842292]], "obs_orientations": [6.1831, 6.1831, 6.1831, 6.1831, 6.1831, 6.1831, 6.1831, 6.1831, 6.1831, 6.1831, 6.1831, 6.1831, 6.1831, 6.1831, 6.1831, 6.1831, 6.1831, 6.1831, 6.1831, 6.1831, 6.1832, 6.1831, 6.1832, 6.1831, 6.1831, 6.0823, 6.1127, 6.144, 6.1761, -0.0743, -0.041, -0.0072, 0.0269, 0.061, 0.0955, 0.1296, 0.1636, 0.1973, 0.2305, 0.2631, 0.295, 0.326, 0.3563, 0.3563], "objectives": {"extension_time": 2.5, "danger_difference": 46.299642168227365, "parameter_difference": 203.48335407595778}, "attributes": {"generation_number": 0, "individual_number": 17, "crash": true, "goal_reached": true, "scenario_length": 44}}}