{"[[7.149775120507085], [10.577125540117766, 100.50372933667056, 794.704038870795], [1.3522550092461258, 34.40505514756518], [1.330915730002192, 29.465271685596505]]": {"ego_positions": [[63.4563, -4.638], [61.665197264885606, -4.457875688547782], [59.87355082300777, -4.275455139689426], [58.08086978982724, -4.089413156059501], [56.28672289999326, -3.8992648448168663], [54.49073903164657, -3.705089924254629], [52.69261970196071, -3.5073374235449393], [50.89213271512415, -3.3066848378371048], [49.08910299776582, -3.103903683055041], [47.28342443430557, -2.8997468256446726], [45.47504988913795, -2.6949373220426596], [43.66396812373485, -2.490172529154734], [41.850211663449464, -2.2860075831211026], [40.03384875068136, -2.0829003877417396], [38.21497703534767, -1.881165358145531], [36.39372055931353, -1.6810002630291323], [34.570219338021744, -1.4825180461456753], [32.744621737597896, -1.2857898689341316], [30.917077651706336, -1.0908411506615234], [29.087744405073217, -0.8976033407307479], [27.256785990877493, -0.7059240777639884], [25.424360068916645, -0.5156537661306867], [23.590616962934156, -0.3266440048122276], [21.755700940120256, -0.13873119882504684], [19.91974721309755, 0.04823773896804062], [18.08288025571277, 0.23438346010100108], [16.245222460315148, 0.41986395425367784], [14.4068920505441, 0.6048628111241409], [12.567998256185028, 0.7895520988950276], [10.730360904029867, 0.9912360091689958], [8.906904849616476, 1.3039594568377648], [7.115271029997514, 1.771594472432004], [5.3420330942578325, 2.2011574621989736], [3.5662885412730354, 2.441606558941686], [1.7877174956835895, 2.620047826004148], [0.012314381115320898, 2.833482201899308], [-1.7598890051977214, 3.0913756760679014], [-3.5325894222411662, 3.3640307641356717], [-5.30834832978695, 3.631355773231837]], "ego_orientations": [3.0416, 3.0409072597432054, 3.039228329176102, 3.0371032040868733, 3.034918724829943, 3.0329175739935046, 3.031259270623203, 3.030031093824876, 3.029232490038357, 3.0288449439600242, 3.028856513037778, 3.029209564257164, 3.0298325885673827, 3.0306618950065687, 3.0316174665908058, 3.032644302178267, 3.033701917242134, 3.034786360856916, 3.03585211608081, 3.036832006838798, 3.037720860648976, 3.03852108254061, 3.039226854093061, 3.0398347772445695, 3.0403650398662894, 3.040816655950302, 3.0411656567214753, 3.041409832962848, 3.0415633281719803, 3.015345315618841, 2.9197554537568835, 2.873076953151206, 2.9528159696454344, 3.0415988187622003, 3.0415988187622003, 3.0062069364985002, 2.990738709634307, 2.9890855330815507, 2.996416413090026], "obs_positions": [[-92.8229, 7.9292], [-89.8379, 7.6296], [-86.8529, 7.3301], [-83.8679, 7.0307], [-80.8829, 6.7312], [-77.8979, 6.4317], [-74.9129, 6.1322], [-71.9278, 5.8327], [-68.9428, 5.5332], [-65.9578, 5.2337], [-62.9728, 4.9343], [-59.9878, 4.6348], [-57.0028, 4.3353], [-54.0178, 4.0358], [-51.0327, 3.7363], [-48.0477, 3.4368], [-45.0627, 3.1373], [-42.0777, 2.8379], [-39.0927, 2.5384], [-36.1077, 2.2389], [-33.1227, 1.9394], [-30.1377, 1.6399], [-27.1977, 1.0412], [-24.2221, 0.5292], [-21.251, 0.1132], [-18.2485, -0.2094], [-15.2371, -0.4333], [-12.2395, -0.556], [-9.2202, -0.5776], [-6.2209, -0.4968], [-3.2075, -0.3121], [-0.2204, -0.026], [2.7729, 0.3645], [5.7337, 0.8536], [8.6937, 1.4457], [11.6154, 2.1315], [14.5299, 2.9166], [17.4015, 3.7894], [20.243492831570556, 4.750168830313283]], "obs_orientations": [6.1831, 6.1831, 6.1831, 6.1831, 6.1831, 6.1831, 6.1831, 6.1831, 6.1831, 6.1831, 6.1831, 6.1831, 6.1831, 6.1831, 6.1831, 6.1831, 6.1832, 6.1831, 6.1832, 6.1831, 6.1831, 6.0823, 6.1127, 6.144, 6.1761, -0.0743, -0.041, -0.0072, 0.0269, 0.061, 0.0955, 0.1296, 0.1636, 0.1973, 0.2305, 0.2631, 0.295, 0.326, 0.326], "objectives": {"extension_time": 2.1, "danger_difference": 47.34520990807761, "parameter_difference": 317.91075366516304}, "attributes": {"generation_number": 0, "individual_number": 5, "crash": true, "goal_reached": true, "scenario_length": 39}}}