{"[[41.0998421141577], [31.085544764701282, 162.45093046081809, 864.3802824559118], [2.243790269824447, 178.56423706827437], [1.2473333901047354, 14.463240528879506]]": {"ego_positions": [[75.9934, -5.8958], [74.202299327563, -5.715677599712809], [72.4106568134124, -5.533278337403021], [70.6179766556515, -5.347281312566668], [68.82382497925353, -5.157167503465517], [67.02784179397774, -4.96301276209948], [65.22972327808412, -4.765274234359074], [63.42923723210053, -4.564624508371823], [61.626210893113466, -4.361834446265393], [59.82053791796736, -4.157674687398229], [58.01216396839426, -3.952887113908022], [56.20108183558381, -3.7481331144113543], [54.387325786599234, -3.543970729747677], [52.57096505180766, -3.340845093198958], [50.75209744988945, -3.139088271997199], [48.93084326793395, -2.938925680924808], [47.10734032883187, -2.7404759809462305], [45.281738934663814, -2.5437853644284036], [43.454193242362365, -2.3488521650260905], [41.62486082094614, -2.155610869894954], [39.79390270915533, -1.963935762494911], [37.96147492258167, -1.773687012011157], [36.12773280473939, -1.5846700994010727], [34.29282021095534, -1.3967263260858773], [32.45687420427155, -1.2096839456264672], [30.620008280416233, -1.0235295784104324], [28.78234636610019, -0.8380918603674746], [26.94400616756403, -0.653192168369163], [25.10509426395866, -0.46868460818322827], [23.265705436762, -0.28445770305729934], [21.425922190946743, -0.10044829552623988], [19.58582634240452, 0.08344984855262068], [17.745493620432704, 0.26735046148483743], [15.904988464780295, 0.4513396490630364], [14.064359284945715, 0.6354335272662507], [12.223645613093936, 0.819625230518592], [10.384620025827148, 1.0212249519985046], [8.553561497997565, 1.3026000883279782], [6.732761520192021, 1.6864412097949297], [4.919943177000897, 2.149949749056251], [3.110095534919005, 2.643052156954739], [1.2972875119719696, 3.1065845977905786], [-0.5228705671100724, 3.4967674713833405], [-2.3507013662579044, 3.810394048318767], [-4.185391206307037, 4.055478106394578], [-6.025965942667034, 4.241927757299745]], "ego_orientations": [3.0416, 3.04091268992486, 3.0392470370908504, 3.0371296852039045, 3.0349309407045486, 3.0329273553761085, 3.031264582818108, 3.0300280065706557, 3.029226835058176, 3.0288522468934467, 3.028866308809512, 3.0292129723267704, 3.0298286847817733, 3.030648400063671, 3.0316098500121758, 3.0326552711224903, 3.033727090604089, 3.0348016479488584, 3.035852400647244, 3.0368297144992753, 3.0377317743992913, 3.038524817706314, 3.0392167910402383, 3.0398039042360168, 3.0403362390757325, 3.040829369093125, 3.0412019146470004, 3.041484056794415, 3.0416874625299792, 3.0418464101880907, 3.0419570730635974, 3.041999622373725, 3.0419826461626784, 3.0419265274685365, 3.041894391121839, 3.041809474029294, 3.015351238539551, 2.961078090857573, 2.908923028597361, 2.8782839298457326, 2.878277077437419, 2.908901884730285, 2.9516027000794143, 2.991043933619255, 3.025660311386275, 3.0546367166889747], "obs_positions": [[-113.718, 10.0256], [-110.733, 9.7261], [-107.748, 9.4266], [-104.763, 9.1271], [-101.778, 8.8277], [-98.793, 8.5282], [-95.8079, 8.2286], [-92.8229, 7.9292], [-89.8379, 7.6297], [-86.8529, 7.3302], [-83.8679, 7.0307], [-80.8829, 6.7312], [-77.8979, 6.4317], [-74.9129, 6.1322], [-71.9278, 5.8327], [-68.9428, 5.5333], [-65.9578, 5.2338], [-62.9728, 4.9343], [-59.9878, 4.6348], [-57.0028, 4.3353], [-54.0178, 4.0358], [-51.0327, 3.7363], [-48.0477, 3.4368], [-45.0627, 3.1373], [-42.0777, 2.8379], [-39.0927, 2.5384], [-36.1077, 2.2389], [-33.1227, 1.9394], [-30.1377, 1.6399], [-27.1977, 1.0412], [-24.2221, 0.5292], [-21.251, 0.1132], [-18.2485, -0.2094], [-15.2371, -0.4333], [-12.2395, -0.556], [-9.2202, -0.5776], [-6.2209, -0.4968], [-3.2075, -0.3121], [-0.2204, -0.026], [2.7729, 0.3645], [5.7337, 0.8536], [8.6937, 1.4457], [11.6154, 2.1315], [14.5299, 2.9166], [17.4015, 3.7894], [20.243492831570556, 4.750168830313283]], "obs_orientations": [6.1831, 6.1831, 6.1831, 6.1831, 6.1831, 6.1831, 6.1831, 6.1831, 6.1831, 6.1831, 6.1831, 6.1831, 6.1831, 6.1831, 6.1831, 6.1831, 6.1831, 6.1831, 6.1831, 6.1831, 6.1831, 6.1831, 6.1831, 6.1832, 6.1831, 6.1832, 6.1831, 6.1831, 6.0823, 6.1127, 6.144, 6.1761, -0.0743, -0.041, -0.0072, 0.0269, 0.061, 0.0955, 0.1296, 0.1636, 0.1973, 0.2305, 0.2631, 0.295, 0.326, 0.326], "objectives": {"extension_time": 2.8, "danger_difference": 47.703015618517895, "parameter_difference": 345.9778615538547}, "attributes": {"generation_number": 0, "individual_number": 0, "crash": true, "goal_reached": true, "scenario_length": 46}}, "[[29.30735749143735], [37.76498806880952, 164.0526208967736, 406.8565948037813], [2.023869447170242, 85.37359947766197], [2.326217816143224, 14.505626733990585]]": {"ego_positions": [[75.9934, -5.8958], [74.202299327563, -5.715677599712809], [72.4106568134124, -5.533278337403021], [70.6179766556515, -5.347281312566668], [68.82382497925353, -5.157167503465517], [67.02784179397774, -4.96301276209948], [65.22972327808412, -4.765274234359074], [63.42923723210053, -4.564624508371823], [61.626210893113466, -4.361834446265393], [59.82053791796736, -4.157674687398229], [58.01216396839426, -3.952887113908022], [56.20108183558381, -3.7481331144113543], [54.387325786599234, -3.543970729747677], [52.57096505180766, -3.340845093198958], [50.75209744988945, -3.139088271997199], [48.93084326793395, -2.938925680924808], [47.10734032883187, -2.7404759809462305], [45.281738934663814, -2.5437853644284036], [43.454193242362365, -2.3488521650260905], [41.62486082094614, -2.155610869894954], [39.79390270915533, -1.963935762494911], [37.96147492258167, -1.773687012011157], [36.12773280473939, -1.5846700994010727], [34.29282021095534, -1.3967263260858773], [32.45687420427155, -1.2096839456264672], [30.620008673141317, -1.0235256639788484], [28.78234869799094, -0.8380686178352181], [26.944011245842542, -0.6531415544142533], [25.10510204521238, -0.46860705627988675], [23.265715272634388, -0.284359673786951], [21.425932819634586, -0.10034236465674723], [19.5858364925539, 0.08355101006613641], [17.745502390931417, 0.26743787220259846], [15.904998008566686, 0.45143476580249514], [14.064390948485402, 0.6357490960637233], [12.223728047922387, 0.8204468082006686], [10.384737081187078, 1.0223915819927938], [8.553688918032615, 1.3038700257394655], [6.732878518275615, 1.6876073064246222], [4.92003556743049, 2.1508706287701713], [3.110157226563344, 2.643667053801095], [1.2973203455503899, 3.1069118587031617], [-0.5228595203077798, 3.4968775777675165], [-2.3507053693934252, 3.8103541480140515], [-4.185404897386094, 4.055341653395059], [-6.0259851557218145, 4.241736273433298]], "ego_orientations": [3.0416, 3.04091268992486, 3.0392470370908504, 3.0371296852039045, 3.0349309407045486, 3.0329273553761085, 3.031264582818108, 3.0300280065706557, 3.029226835058176, 3.0288522468934467, 3.028866308809512, 3.0292129723267704, 3.0298286847817733, 3.030648400063671, 3.0316098500121758, 3.0326552711224903, 3.033727090604089, 3.0348016479488584, 3.035852400647244, 3.0368297144992753, 3.0377317743992913, 3.038524817706314, 3.0392167910402383, 3.0398039042360168, 3.0403362390757325, 3.0408232181479757, 3.0411882414363567, 3.041468709254833, 3.041673933952912, 3.041838401325232, 3.041956452088708, 3.042005063115703, 3.0419917242370995, 3.0418971835079365, 3.041657791568321, 3.0415560943084468, 3.015230811574754, 2.9610830432102127, 2.9090229846426667, 2.878437021670201, 2.878440534850337, 2.9090383820802184, 2.951700316684682, 2.991109578268809, 3.025700474368407, 3.0546572560291856],