{"[[11.093118527446071], [37.34174172755956, 481.4449004102364, 163.46772320144464], [0.3813115900913408, 111.65820448253896], [1.1510911122261582, 36.86918415449141]]": {"ego_positions": [[88.5304, -7.1536], [86.73931696738072, -6.973301099455463], [84.9476906149517, -6.790738997603446], [83.15502499403699, -6.604602532967937], [81.36088643094249, -6.414393055502735], [79.5649085806247, -6.220182219254645], [77.76679199739267, -6.022413964058022], [75.96630459211268, -5.821749817086778], [74.16327817655055, -5.618953505715649], [72.3576040311346, -5.414805768478706], [70.5492274470437, -5.210044942790132], [68.73814167755323, -5.0053286574002644], [66.92438111232828, -4.801212882289652], [65.10801530480174, -4.598138125900248], [63.28914251842298, -4.396433200090442], [61.467883363660924, -4.196320572419445], [59.64437533342431, -3.997927781371398], [57.81876750564764, -3.8013013785723655], [55.99121605433961, -3.6064203776874435], [54.16187996359284, -3.41321776626135], [52.330917102175, -3.2215888708757734], [50.49848577444437, -3.0313760506073555], [48.664737707271264, -2.842418177472664], [46.829818773730544, -2.6545367801424926], [44.9938642316636, -2.467578452421363], [43.156994351127835, -2.2814636354402174], [41.319331766778795, -2.0960325801408084], [39.480988584715305, -1.9111616036972738], [37.64207392109497, -1.7266821080333927], [35.80268461565577, -1.5424603262461976], [33.96290657140667, -1.3584008673748567], [32.12281707934577, -1.1744375555706585], [30.282483207215108, -0.9905480766270662], [28.441976706912754, -0.8065723571967564], [26.601346607938375, -0.6224877139796912], [24.760632768578354, -0.438297709110343], [22.919883190457263, -0.2538987241287843], [21.079124783573306, -0.06930231099375433], [19.238366019278835, 0.11540606219021507], [17.397604253613185, 0.30011334558062297], [15.556842052691463, 0.48480946304904693], [13.716081498542584, 0.6695059364607354], [11.875322428720978, 0.8542025358077516], [10.036291459534525, 1.0561104740207006], [8.205249627224136, 1.3376342181312706], [6.384477174611578, 1.721518556810219], [4.571691275204398, 2.1850112283722756], [2.761872457285944, 2.6780737261008816], [0.9490867766058363, 3.141564072355492], [-0.8707216805204094, 3.5316813574524106], [-2.696635773516303, 3.8450953875916616], [-4.527868307294, 4.0898216282468445], [-6.363789746350913, 4.275796431083213]], "ego_orientations": [3.0415, 3.040816909851243, 3.039161963032906, 3.037061985916536, 3.0348914584617925, 3.032904388196913, 3.031254197623959, 3.030020759973163, 3.0292286480674986, 3.028863334878242, 3.0288843785103503, 3.0292364987388867, 3.0298559119883435, 3.030676868656679, 3.0316380592293353, 3.0326827318349157, 3.0337623818613415, 3.0348367388528046, 3.0358725376226667, 3.036856069176564, 3.0377513356555474, 3.0385518732611914, 3.0392497899691926, 3.0398448821539445, 3.040373555658514, 3.0408383201151463, 3.0412068213301966, 3.0415064612395755, 3.0416950505038747, 3.0418438836427413, 3.041901742276629, 3.041996464807391, 3.041990260092267, 3.0419330212573565, 3.0418969508702802, 3.0418095249629005, 3.041692562860113, 3.041601270053689, 3.0415795313621747, 3.0415890478919176, 3.0415906943174265, 3.041590040702263, 3.0415903673442566, 3.0152340099563584, 2.961028518590356, 2.9089165851409744, 2.8782957574390284, 2.8782961827902036, 2.908919317484018, 2.9515671385654474, 2.990974753546261, 3.0256306378018496, 3.054675889013635], "obs_positions": [[-134.6131, 12.122], [-131.6281, 11.8225], [-128.6431, 11.5231], [-125.6581, 11.2236], [-122.6731, 10.9241], [-119.6881, 10.6246], [-116.703, 10.3251], [-113.718, 10.0256], [-110.733, 9.7261], [-107.748, 9.4266], [-104.763, 9.1271], [-101.778, 8.8276], [-98.793, 8.5281], [-95.8079, 8.2286], [-92.8229, 7.9291], [-89.8379, 7.6297], [-86.8529, 7.3302], [-83.8679, 7.0307], [-80.8829, 6.7312], [-77.8979, 6.4317], [-74.9128, 6.1322], [-71.9278, 5.8328], [-68.9428, 5.5333], [-65.9578, 5.2338], [-62.9728, 4.9343], [-59.9878, 4.6348], [-57.0028, 4.3353], [-54.0178, 4.0358], [-51.0327, 3.7363], [-48.0477, 3.4368], [-45.0627, 3.1373], [-42.0777, 2.8379], [-39.0927, 2.5384], [-36.1077, 2.2389], [-33.1227, 1.9394], [-30.1377, 1.6399], [-27.1977, 1.0412], [-24.2221, 0.5292], [-21.251, 0.1132], [-18.2485, -0.2094], [-15.2371, -0.4333], [-12.2395, -0.556], [-9.2202, -0.5776], [-6.2209, -0.4968], [-3.2075, -0.3121], [-0.2204, -0.026], [2.7729, 0.3645], [5.7337, 0.8536], [8.6937, 1.4457], [11.6154, 2.1315], [14.5299, 2.9166], [17.4015, 3.7894], [20.243492831570556, 4.750168830313283]], "obs_orientations": [6.1831, 6.1831, 6.1831, 6.1831, 6.1831, 6.1831, 6.1831, 6.1831, 6.1831, 6.1831, 6.1831, 6.1831, 6.1831, 6.1831, 6.1831, 6.1831, 6.1831, 6.1831, 6.1831, 6.1831, 6.1831, 6.1831, 6.1831, 6.1831, 6.1831, 6.1831, 6.1831, 6.1831, 6.1831, 6.1831, 6.1832, 6.1831, 6.1832, 6.1831, 6.1831, 6.0823, 6.1127, 6.144, 6.1761, -0.0743, -0.041, -0.0072, 0.0269, 0.061, 0.0955, 0.1296, 0.1636, 0.1973, 0.2305, 0.2631, 0.295, 0.326, 0.326], "objectives": {"extension_time": 3.5, "danger_difference": 47.70270809523987, "parameter_difference": 67.11940435079069}, "attributes": {"generation_number": 0, "individual_number": 28, "crash": true, "goal_reached": true, "scenario_length": 53}}, "[[20.978174571834995], [3.3151338926094622, 389.41889900154126, 793.615990147621], [1.6155314636926421, 102.1547471712275], [1.8377647396944998, 15.595298704218113]]": {"ego_positions": [[88.5304, -7.1536], [86.73931696738072, -6.973301099455463], [84.9476906149517, -6.790738997603446], [83.15502499403699, -6.604602532967937], [81.36088643094249, -6.414393055502735], [79.5649085806247, -6.220182219254645], [77.76679199739267, -6.022413964058022], [75.96630459211268, -5.821749817086778], [74.16327817655055, -5.618953505715649], [72.3576040311346, -5.414805768478706], [70.5492274470437, -5.210044942790132], [68.73814167755323, -5.0053286574002644], [66.92438111232828, -4.801212882289652], [65.10801530480174, -4.598138125900248], [63.28914251842298, -4.396433200090442], [61.467883363660924, -4.196320572419445], [59.64437533342431, -3.997927781371398], [57.81876750564764, -3.8013013785723655], [55.99121605433961, -3.6064203776874435], [54.16187996359284, -3.41321776626135], [52.330917102175, -3.2215888708757734], [50.49848577444437, -3.0313760506073555], [48.664737707271264, -2.842418177472664], [46.829818773730544, -2.6545367801424926], [44.9938642316636, -2.467578452421363], [43.156994351127835, -2.2814636354402174], [41.319331766778795, -2.0960325801408084], [39.480988584715305, -1.9111616036972738], [37.64207392109497, -1.7266821080333927], [35.80268461565577, -1.5424603262461976], [33.96290657140667, -1.3584008673748567], [32.12281707934577, -1.1744375555706585], [30.282483207215108, -0.9905480766270662], [28.441976706912754, -0.8065723571967564], [26.601346607938375, -0.6224877139796912], [24.760642069810025, -0.43820500833931975], [22.919920815344913, -0.25352373550163626], [21.07917689557226, -0.06878293650080627], [19.238417034646055, 0.1159145068014586], [17.39765351174379, 0.30060427419209246], [15.556891379812448, 0.485301072654481], [13.716131093818813, 0.6700002188755912], [11.875372212995249, 0.8546987059943207], [10.036340791108344, 1.056602136972126], [8.20529578816858, 1.3380942814102903], [6.384516696070948, 1.7219124669262156], [4.571721466341015, 2.1853121502512547], [2.76189231392851, 2.6782716424803787], [0.949097283934716, 3.1416688016662606], [-0.8710535970034985, 3.531750374505632], [-2.6988788945692437, 3.845308387762091], [-4.533574133658612, 4.090351880060071], [-6.374153628491313, 4.276777400325088]],