{"[[5], [5, 50, 100], [0.25, 20], [0.25, 5]]": {"ego_positions": [[85.7924, 13.5408], [84.39059064546966, 13.591452368352462], [82.97931313249741, 13.692775202635936], [81.56466798638425, 13.825855110393823], [80.13365287459789, 13.949126903203314], [78.68952261183682, 14.040648180904668], [77.25101651534276, 14.121567701915891], [75.8081179893033, 14.210621964565902], [74.3616260175784, 14.348933245565132], [72.91601474318983, 14.581648664330219], [71.47439559630318, 14.784308418488006], [70.02690851090615, 14.894091784318208], [68.57711348854615, 14.937317905326971], [67.12740146038036, 14.970206950746409], [65.67781704830836, 15.00743135673555], [64.22806342799656, 15.033782493246141], [62.77866867937959, 15.074157861020295], [61.32950343495431, 15.111543516412441], [59.882318511399134, 15.14084174799845], [58.44126411777433, 15.20628185799504], [57.01069896099926, 15.338439917135842], [55.59790311472417, 15.535928620919783], [54.20601281242932, 15.790883020823951], [52.83607448050789, 16.07903567679481], [51.48732574953957, 16.377903549917505], [50.15487156144691, 16.66541395868219], [48.83691660385159, 16.916548232197545], [47.531749566078304, 17.114565125276584], [46.265109898186054, 17.25206122716083], [45.04162521100572, 17.34487913730991], [43.82633333820099, 17.39469456591428], [42.61964794350878, 17.405731499017783], [41.406566963203844, 17.376809474901965], [40.157493467725175, 17.283779937932007], [38.861935496166105, 17.16110465632514], [37.5729258483164, 17.111210509686693], [36.19728877428398, 17.092650580709183], [34.74628427648116, 17.01918253050185]], "ego_orientations": [3.1162, 3.0880578794540843, 3.053631760840408, 3.0452297553929015, 3.06980314942321, 3.0823832034701906, 3.0857212886815617, 3.07394994817183, 3.005056752641364, 2.9751009072995096, 3.0351890575257996, 3.093873645776334, 3.1214305225876093, 3.1134530106429064, 3.1212629132113308, 3.1195517653042715, 3.1099897213469267, 3.122636646459686, 3.114407935648939, 3.0737282664932715, 3.0280787397299576, 2.9790873633583064, 2.9449784378088184, 2.9260419738612278, 2.922708283443655, 2.9375208765133665, 2.9676300565760485, 3.0110015296010997, 3.0504115145791295, 3.082567915459707, 3.1180433014102884, -3.137533559910863, -3.092496112953676, -3.039771431191509, -3.0686206964948766, -3.1268839884736046, -3.1139378573388217, -3.0686661282263565], "obs_positions": [[83.7171, 8.1623], [82.3952, 8.3052], [81.0733, 8.4324], [79.7513, 8.5472], [78.4294, 8.6525], [77.1075, 8.7514], [75.7855, 8.8472], [74.4636, 8.9427], [73.1417, 9.0412], [71.8197, 9.1458], [70.4978, 9.2595], [69.1759, 9.3854], [67.8539, 9.5266], [66.532, 9.6863], [65.2101, 9.8675], [63.8881, 10.0733], [62.5662, 10.3068], [61.2443, 10.5711], [59.9223, 10.8692], [58.6004, 11.2044], [57.2785, 11.5797], [55.9565, 11.9982], [54.6346, 12.4629], [53.3126, 12.977], [51.9907, 13.5436], [50.6688, 14.1657], [49.3468, 14.8465], [48.0249, 15.589], [46.703, 16.3964], [45.381, 17.2717], [44.0591, 18.2181]], "obs_orientations": [3.0339, 3.0456, 3.055, 3.0621, 3.0668, 3.0693, 3.0694, 3.0672, 3.0626, 3.0558, 3.0466, 3.0351, 3.0213, 3.0053, 2.9871, 2.9667, 2.9442, 2.9197, 2.8932, 2.8649, 2.835, 2.8035, 2.7706, 2.7366, 2.7017, 2.666, 2.6298, 2.5932, 2.5567, 2.5202, 2.5202], "attributes": {"crash": true, "goal_reached": true, "max_danger": 111.64791914671743, "scenario_length": 38, "lower_bound": -0.9, "upper_bound": -1000.0}}}