{"[[31.461991576475757], [2.5, 32.34429243198274, 2.5], [0.5819781715804659, 65.17259258717326], [0.3278848688956132, 5.422690238904735]]": {"ego_positions": [[91.3739, 13.1182], [89.9865605088261, 13.25487679738429], [88.61901820476415, 13.360475818098879], [87.25034138077297, 13.46287445274476], [85.90176478572874, 13.568470681767542], [84.57320200554197, 13.66661019844168], [83.2505538728282, 13.781721708560577], [81.93661335172077, 13.921992577469283], [80.62853541343597, 14.065079448726529], [79.31548876063863, 14.18795499471641], [77.9993691011168, 14.26546200853387], [76.68201367733369, 14.32968430183368], [75.36465309821881, 14.386999989415798], [74.04325832508225, 14.43474636945006], [72.71622728230474, 14.497240674038444], [71.39677837712956, 14.570285978264776], [70.07599438721932, 14.61186546974197], [68.75257102548504, 14.671270710503308], [67.42931794324733, 14.805331168019706], [66.10693083022201, 14.925490624049283], [64.78325181906536, 14.965831378269586], [63.458303326004824, 15.001243446456128], [62.13366263561129, 15.042136247975103], [60.80960959738185, 15.07040923218013], [59.48497223126704, 15.094462006085342], [58.16049747757319, 15.138949896715955], [56.836474413636076, 15.216742578767203], [55.51534224366165, 15.369639421513416], [54.20532860649383, 15.608279717196847], [52.911149177222384, 15.903418084162242], [51.64323866228744, 16.210935991468503], [50.3993302392687, 16.488713315194975], [49.134964942158796, 16.672043340313312], [47.90646728948475, 16.732908391645903], [46.715885748180405, 16.72669643823485], [45.49170163002156, 16.709830121651247], [44.30915886608464, 16.705845378195452], [43.109211443326195, 16.689411681136015], [41.90480128086737, 16.65671107899224], [40.691453157091985, 16.616715751619477], [39.47973128659536, 16.579388901045036], [38.271873466603495, 16.54757860627795], [37.07353627728913, 16.532384682672532], [35.85903897906453, 16.523854281637234], [34.62865801040198, 16.492092731207283]], "ego_orientations": [3.039, 3.055395073265561, 3.0761931345621254, 3.0630896644068826, 3.0671481404141394, 3.065755906124362, 3.043652879137763, 3.03199534410586, 3.037420315148908, 3.0684021185083945, 3.0905831511800304, 3.094927572794219, 3.102599493218667, 3.103279798653464, 3.0824043869561994, 3.098992819783159, 3.1173752148319895, 3.0638263117537843, 3.0296064871250445, 3.0881268061170846, 3.1191152004033262, 3.11122708874657, 3.1139752568192582, 3.126733102976525, 3.116228962518105, 3.099912109315776, 3.0588415233276725, 2.992572730016089, 2.93424342414792, 2.905773052351516, 2.906773639228611, 2.9479764534536255, 3.0452972663460582, 3.127391586205382, -3.1278159273159476, -3.1278159273159476, -3.136996005598139, -3.1197026276420603, -3.1095404182652686, -3.1088587822372706, -3.112089558868593, -3.1212691239937658, -3.1350558250573415, -3.126931475644863, -3.102862715594073], "obs_positions": [[91.6893, 7.5364], [89.7026, 7.7632], [87.7069, 7.8933], [85.7121, 8.0225], [83.7171, 8.1623], [82.3952, 8.3052], [81.0733, 8.4324], [79.7513, 8.5472], [78.4294, 8.6525], [77.1075, 8.7514], [75.7855, 8.8472], [74.4636, 8.9427], [73.1417, 9.0412], [71.8197, 9.1458], [70.4978, 9.2595], [69.1759, 9.3854], [67.8539, 9.5266], [66.532, 9.6863], [65.2101, 9.8675], [63.8881, 10.0733], [62.5662, 10.3068], [61.2443, 10.5711], [59.9223, 10.8692], [58.6004, 11.2044], [57.2785, 11.5797], [55.9565, 11.9982], [54.6346, 12.4629], [53.3126, 12.977], [51.9907, 13.5436], [50.6688, 14.1657], [49.3468, 14.8465], [48.0249, 15.589], [46.703, 16.3964], [45.381, 17.2717], [44.0591, 18.2181]], "obs_orientations": [3.0278, 3.0765, 3.0769, 3.0716, 3.0339, 3.0456, 3.055, 3.0621, 3.0668, 3.0693, 3.0694, 3.0672, 3.0626, 3.0558, 3.0466, 3.0351, 3.0213, 3.0053, 2.9871, 2.9667, 2.9442, 2.9197, 2.8932, 2.8649, 2.835, 2.8035, 2.7706, 2.7366, 2.7017, 2.666, 2.6298, 2.5932, 2.5567, 2.5202, 2.5202], "objectives": {"extension_time": 0.4, "danger_difference": 0.9391648957059431, "parameter_difference": 39.016613437809426}, "attributes": {"generation_number": 1, "individual_number": 89, "crash": true, "goal_reached": true, "scenario_length": 45}}, "[[31.54595030576737], [2.5, 32.34429243198274, 2.5], [0.5819781715804659, 69.16156835459732], [0.3278848688956132, 5.422690238904735]]": {"ego_positions": [[91.3739, 13.1182], [89.9865605088261, 13.25487679738429], [88.61901820476415, 13.360475818098879], [87.25034138077297, 13.46287445274476], [85.90176478572874, 13.568470681767542], [84.57320200554197, 13.66661019844168], [83.2505538728282, 13.781721708560577], [81.93661335172077, 13.921992577469283], [80.62853541343597, 14.065079448726529], [79.31548876063863, 14.18795499471641], [77.9993691011168, 14.26546200853387], [76.68201367733369, 14.32968430183368], [75.36465309821881, 14.386999989415798], [74.04325832508225, 14.43474636945006], [72.71622728230474, 14.497240674038444], [71.39677837712956, 14.570285978264776], [70.07599438721932, 14.61186546974197], [68.75257102548504, 14.671270710503308], [67.42931794324733, 14.805331168019706], [66.10693083022201, 14.925490624049283], [64.78325181906536, 14.965831378269586], [63.458303326004824, 15.001243446456128], [62.13366263561129, 15.042136247975103], [60.80960959738185, 15.07040923218013], [59.48497223126704, 15.094462006085342], [58.16049747757319, 15.138949896715955], [56.836474413636076, 15.216742578767203], [55.51534224366165, 15.369639421513416], [54.20532860649383, 15.608279717196847], [52.911149177222384, 15.903418084162242], [51.64323866228744, 16.210935991468503], [50.3993302392687, 16.488713315194975], [49.134964942158796, 16.672043340313312], [47.90646728948475, 16.732908391645903], [46.715885748180405, 16.72669643823485], [45.49170163002156, 16.709830121651247], [44.3078150197631, 16.69973124700658], [43.101390161679305, 16.659281351478207], [41.89050805442001, 16.626386549209982], [40.67792537864351, 16.59947468943637], [39.47040400090528, 16.567801679093797], [38.26692200335009, 16.534850827910844], [37.07215567839836, 16.515702134114722], [35.859814557549434, 16.503162976656682], [34.63048704081757, 16.468912682433494]], "ego_orientations": [3.039, 3.055395073265561, 3.0761931345621254, 3.0630896644068826, 3.0671481404141394, 3.065755906124362, 3.043652879137763, 3.03199534410586, 3.037420315148908, 3.0684021185083945, 3.0905831511800304, 3.094927572794219, 3.102599493218667, 3.103279798653464, 3.0824043869561994, 3.098992819783159, 3.1173752148319895, 3.0638263117537843, 3.0296064871250445, 3.0881268061170846, 3.1191152004033262, 3.11122708874657, 3.1139752568192582, 3.126733102976525, 3.116228962518105, 3.099912109315776, 3.0588415233276725, 2.992572730016089, 2.93424342414792, 2.905773052351516, 2.906773639228611, 2.9479764534536255, 3.0452972663460582, 3.127391586205382, -3.1278159273159476, -3.1278159273159476, -3.120327353839986, -3.1077475993272636, -3.1188518759618558, -3.117492812892825, -3.113215479623208, -3.1186237443216256, -3.1314396590848212, -3.124036308954788, -3.101735028568508], "obs_positions": [[91.6893, 7.5364], [89.7026, 7.7632], [87.7069, 7.8933], [85.7121, 8.0225], [83.7171, 8.1623], [82.3952, 8.3052], [81.0733, 8.4324], [79.7513, 8.5472], [78.4294, 8.6525], [77.1075, 8.7514], [75.7855, 8.8472], [74.4636, 8.9427], [73.1417, 9.0412], [71.8197, 9.1458], [70.4978, 9.2595], [69.1759, 9.3854], [67.8539, 9.5266], [66.532, 9.6863], [65.2101, 9.8675], [63.8881, 10.0733], [62.5662, 10.3068], [61.2443, 10.5711], [59.9223, 10.8692], [58.6004, 11.2044], [57.2785, 11.5797], [55.9565, 11.9982], [54.6346, 12.4629], [53.3126, 12.977], [51.9907, 13.5436], [50.6688, 14.1657], [49.3468, 14.8465], [48.0249, 15.589], [46.703, 16.3964], [45.381, 17.2717], [44.0591, 18.2181]], "obs_orientations": [3.0278, 3.0765, 3.0769, 3.0716, 3.0339, 3.0456, 3.055, 3.0621, 3.0668, 3.0693, 3.0694, 3.0672, 3.0626, 3.0558, 3.0466, 3.0351, 3.0213, 3.0053, 2.9871, 2.9667, 2.9442, 2.9197, 2.8932, 2.8649, 2.835, 2.8035, 2.7706, 2.7366, 2.7017, 2.666, 2.6298, 2.5932, 2.5567, 2.5202, 2.5202],