{"[[31.597950346261822], [21.367606956093173, 1.3669729454146573, 636.6368142434343], [0.5819781715804659, 65.17259258717326], [1.4942677063332657, 5.852103912390555]]": {"ego_positions": [[89.9817, 13.2615], [88.57752973261418, 13.352875922219424], [87.15410232017099, 13.449224954839927], [85.71952328160424, 13.545674644350857], [84.27946200456985, 13.644064449512436], [82.83730417690911, 13.740474445532296], [81.39728417228731, 13.82381196258373], [79.94497294271723, 13.89983084124267], [78.49535137129276, 13.990473992141162], [77.05360264944227, 14.068824696702466], [75.60762692320449, 14.13414762682388], [74.15679061979823, 14.195819010629636], [72.70686022122399, 14.267758821739202], [71.26582944827612, 14.32783513658336], [69.82329175915382, 14.368102817347658], [68.37360335825326, 14.394782598775336], [66.91889207795157, 14.435284654929196], [65.47643299671962, 14.47121702004287], [64.02331426874154, 14.498697749222009], [62.57120192758835, 14.542168797326015], [61.12751371116876, 14.579974490324172], [59.68205248575082, 14.639950463615873], [58.245671062863586, 14.799861667695899], [56.82507922375089, 15.05701047643489], [55.43223157950022, 15.398560574726707], [54.07919986095355, 15.78462492859228], [52.765213605393974, 16.157968901288022], [51.48187156147835, 16.46242382559847], [50.233742304067235, 16.663956557787234], [49.01023484248659, 16.75964004897308], [47.771577361491126, 16.76450778050095], [46.53591623244883, 16.738035449637774], [45.300237973432175, 16.711562751788588], [44.064542584441156, 16.68508968695339], [42.828830065475785, 16.65861625513218], [41.77552130562597, 16.692329850974176], [40.53220620294597, 16.73614335644552], [39.227109976032665, 16.728163625557702], [37.94690888776354, 16.684925738952924], [36.65084774521568, 16.656126154365527], [35.27608541439193, 16.612143208047492]], "ego_orientations": [3.0757, 3.0757567397646346, 3.0746092887706604, 3.073764894864806, 3.073936178107636, 3.077829213194378, 3.090902841208435, 3.0830604146135583, 3.0813686598572088, 3.093940287757037, 3.099435525646562, 3.095304808652013, 3.0933455101187737, 3.1079400132706843, 3.12052658279294, 3.1194714730965654, 3.110678423045911, 3.123826286465489, 3.11633400052507, 3.112161284902598, 3.1182725299631886, 3.069752727922656, 2.99533040704911, 2.9304748549473656, 2.8760146303177923, 2.857931391945554, 2.8797215278314656, 2.941487626570918, 3.022778877377284, 3.103731527133131, -3.1201723132213517, -3.1201723132213517, -3.1201723132213517, -3.1201723132213517, -3.1201723132213517, 3.1025727957083955, 3.1227586419391327, -3.110958872033409, -3.113005007229948, -3.1186176777110255, -3.0974521457010904], "obs_positions": [[89.7026, 7.7632], [87.7069, 7.8933], [85.7121, 8.0225], [83.7171, 8.1623], [82.3952, 8.3052], [81.0733, 8.4324], [79.7513, 8.5472], [78.4294, 8.6525], [77.1075, 8.7514], [75.7855, 8.8472], [74.4636, 8.9427], [73.1417, 9.0412], [71.8197, 9.1458], [70.4978, 9.2595], [69.1759, 9.3854], [67.8539, 9.5266], [66.532, 9.6863], [65.2101, 9.8675], [63.8881, 10.0733], [62.5662, 10.3068], [61.2443, 10.5711], [59.9223, 10.8692], [58.6004, 11.2044], [57.2785, 11.5797], [55.9565, 11.9982], [54.6346, 12.4629], [53.3126, 12.977], [51.9907, 13.5436], [50.6688, 14.1657], [49.3468, 14.8465], [48.0249, 15.589], [46.703, 16.3964], [45.381, 17.2717], [44.0591, 18.2181]], "obs_orientations": [3.0765, 3.0769, 3.0716, 3.0339, 3.0456, 3.055, 3.0621, 3.0668, 3.0693, 3.0694, 3.0672, 3.0626, 3.0558, 3.0466, 3.0351, 3.0213, 3.0053, 2.9871, 2.9667, 2.9442, 2.9197, 2.8932, 2.8649, 2.835, 2.8035, 2.7706, 2.7366, 2.7017, 2.666, 2.6298, 2.5932, 2.5567, 2.5202, 2.5202], "objectives": {"extension_time": 0.3, "danger_difference": 0.4557427918327477, "parameter_difference": 214.75536364699684}, "attributes": {"generation_number": 0, "individual_number": 23, "crash": true, "goal_reached": true, "scenario_length": 41}}, "[[21.50912625468324], [2.5, 190.01589180219833, 106.01537365586611], [1.4239949336978552, 137.2247992025303], [1.0408347812048355, 6.612417693230235]]": {"ego_positions": [[89.9817, 13.2615], [88.57966752074212, 13.355964518014925], [87.16835713967839, 13.4713638503542], [85.75844300413291, 13.608815740709003], [84.3599022390137, 13.79442916469503], [82.98976061013694, 14.05541750145268], [81.64117266834802, 14.27468290296741], [80.30334547826128, 14.408757906760588], [78.97451494910963, 14.50522852403626], [77.64989824438236, 14.58146079355514], [76.32681604786008, 14.643660991046495], [75.00406454034868, 14.700145577897201], [73.68141354692258, 14.759827697393515], [72.35882300448921, 14.825592869662337], [71.03536530339841, 14.876502364375703], [69.71118028077775, 14.911276552852996], [68.38662544374371, 14.934929152484408], [67.0622487599924, 14.970165662248702], [65.73773495900271, 15.005258639463925], [64.4129563655248, 15.028797614845518], [63.08846162915182, 15.06437460996111], [61.76398995212094, 15.102398513809732], [60.4392646172679, 15.13006249372402], [59.115957578747576, 15.155408180463683], [57.80046713363007, 15.1910640574747], [56.49782988402835, 15.29127056800634], [55.212981000763804, 15.48735079263603], [53.94762178973393, 15.774050395946626], [52.700187379099546, 16.10643705838325], [51.46321192850494, 16.4150349297529], [50.24151574376424, 16.640509175608784], [49.02913908376572, 16.755273068535445], [47.79215353668383, 16.764901595114576], [46.55648273725452, 16.73892211723335], [45.32079583696461, 16.71294230083806], [44.207199938016444, 16.70504160074369], [43.015185328510505, 16.691435389939727], [41.82157865627086, 16.65205553687787], [40.61315246014043, 16.61505727603677], [39.379272624662256, 16.543668750023485], [38.18115930325281, 16.4538011752253], [36.99085409513888, 16.40844902408936], [35.747222416260044, 16.326069631594844], [34.52122991195861, 16.220218874733938]], "ego_orientations": [3.0757, 3.0692999269383914, 3.0520830950844546, 3.0373725375497815, 2.9715882142029724, 2.953969388224063, 3.0139543072910104, 3.0602314096654197, 3.0756629098148682, 3.09132845312689, 3.0970710388312828, 3.1000633985211565, 3.0921638065605817, 3.09716200671843, 3.1101797651310235, 3.1215784453455417, 3.1202852805435373, 3.1100245336701837, 3.121468304451916, 3.120242756985538, 3.109078234427112, 3.1176395629050933, 3.1221551245304027, 3.123041609356665, 3.095991714705395, 3.029178607930736, 2.9503673944836404, 2.8926657678819367, 2.8796481832584604, 2.921207117518939, 3.0009641416977813, 3.0937528952896827, -3.1205711558136757, -3.1205711558136757, -3.1205711558136757, 3.13993612539983, -3.114792479806542, -3.11031172981172, -3.101043301382043, -3.061311474443444, -3.0922875257908364, -3.097802614796241, -3.0575157110206974, -3.0625534611978535], "obs_positions": [[89.7026, 7.7632], [87.7069, 7.8933], [85.7121, 8.0225], [83.7171, 8.1623], [82.3952, 8.3052], [81.0733, 8.4324], [79.7513, 8.5472], [78.4294, 8.6525], [77.1075, 8.7514], [75.7855, 8.8472], [74.4636, 8.9427], [73.1417, 9.0412], [71.8197, 9.1458], [70.4978, 9.2595], [69.1759, 9.3854], [67.8539, 9.5266], [66.532, 9.6863], [65.2101, 9.8675], [63.8881, 10.0733], [62.5662, 10.3068], [61.2443, 10.5711], [59.9223, 10.8692], [58.6004, 11.2044], [57.2785, 11.5797], [55.9565, 11.9982], [54.6346, 12.4629], [53.3126, 12.977], [51.9907, 13.5436], [50.6688, 14.1657], [49.3468, 14.8465], [48.0249, 15.589], [46.703, 16.3964], [45.381, 17.2717], [44.0591, 18.2181]], "obs_orientations": [3.0765, 3.0769, 3.0716, 3.0339, 3.0456, 3.055, 3.0621, 3.0668, 3.0693, 3.0694, 3.0672, 3.0626, 3.0558, 3.0466, 3.0351, 3.0213, 3.0053, 2.9871, 2.9667, 2.9442, 2.9197, 2.8932, 2.8649, 2.835, 2.8035, 2.7706, 2.7366, 2.7017, 2.666, 2.6298, 2.5932, 2.5567, 2.5202, 2.5202], "objectives": {"extension_time": 0.3, "danger_difference": 0.8793581488811952, "parameter_difference": 2.7285426697415387}, "attributes": {"generation_number": 14, "individual_number": 704, "crash": true, "goal_reached": true, "scenario_length": 44}},