{"[[5.988243805410143], [26.03389518275854, 119.32837309414185, 366.98936349658715], [2.250387776484553, 140.0424098291822], [1.5957027866732627, 17.95988267007113]]": {"ego_positions": [[82.9986, 13.727], [81.6002364032522, 13.81463287589733], [80.18529240606753, 13.894147598546093], [78.75849994640627, 13.993308127827554], [77.3397474338863, 14.100146425835272], [75.91512394710242, 14.212120820921607], [74.48443446983924, 14.35834811128834], [73.04895698458361, 14.584943242688169], [71.61205957812057, 14.762281051991003], [70.16648246900601, 14.819144827305523], [68.71857419368416, 14.867432677666855], [67.26900078195143, 14.925556033071402], [65.81971790522597, 14.969400104468574], [64.36980523019139, 14.992372598439252], [62.91952762477074, 15.027064231872439], [61.470654963324996, 15.06424768142904], [60.02941033306757, 15.093439140711228], [58.6179667594168, 15.153983571091377], [57.23547655173623, 15.279445791796917], [55.87968452309892, 15.453537799474926], [54.54979581394824, 15.662329172483023], [53.241557393829794, 15.881458057339376], [51.95176720847838, 16.09275430808531], [50.67693737116813, 16.282527982149325], [49.408635672493325, 16.436744495401083], [48.14902874136231, 16.547769550008407], [46.89808107021871, 16.612071361745144], [45.68413440241195, 16.644374025647995], [44.477859779222825, 16.66070549591089], [43.27321475017926, 16.6616405871524], [42.06790262429796, 16.645531394611442], [40.86021727804549, 16.59423440692894], [39.634385796994266, 16.493479898750646], [38.417738387292566, 16.33576459811608], [37.21318351009438, 16.13664769045425], [35.963769802840424, 15.905199223687461], [34.69408613582101, 15.639349561927496]], "ego_orientations": [3.075, 3.0844152446965736, 3.0800835332962775, 3.065832715273133, 3.0661266563492955, 3.061466177181067, 3.004922889102692, 2.9776771005462592, 3.073198702686986, 3.1118275758340497, 3.103969110519176, 3.1031390613508782, 3.121054689941808, 3.1239902846106586, 3.110867692963131, 3.1220722478840113, 3.1158055376327054, 3.0749845926501713, 3.0314587027629183, 2.997024850789437, 2.978002654899803, 2.975243322358178, 2.9850378950274377, 3.0048488925460823, 3.0359021258249848, 3.0714636400835964, 3.107652616154497, 3.121880902498434, 3.134669434250983, -3.1371166049530523, -3.1153387873062646, -3.080902656995956, -3.035496132706829, -2.993525832901708, -2.970642103464038, -2.9412796526541225, -2.9338682207799014], "obs_positions": [[81.0733, 8.4324], [79.7513, 8.5472], [78.4294, 8.6525], [77.1075, 8.7514], [75.7855, 8.8472], [74.4636, 8.9427], [73.1417, 9.0412], [71.8197, 9.1458], [70.4978, 9.2595], [69.1759, 9.3854], [67.8539, 9.5266], [66.532, 9.6863], [65.2101, 9.8675], [63.8881, 10.0733], [62.5662, 10.3068], [61.2443, 10.5711], [59.9223, 10.8692], [58.6004, 11.2044], [57.2785, 11.5797], [55.9565, 11.9982], [54.6346, 12.4629], [53.3126, 12.977], [51.9907, 13.5436], [50.6688, 14.1657], [49.3468, 14.8465], [48.0249, 15.589], [46.703, 16.3964], [45.381, 17.2717], [44.0591, 18.2181]], "obs_orientations": [3.055, 3.0621, 3.0668, 3.0693, 3.0694, 3.0672, 3.0626, 3.0558, 3.0466, 3.0351, 3.0213, 3.0053, 2.9871, 2.9667, 2.9442, 2.9197, 2.8932, 2.8649, 2.835, 2.8035, 2.7706, 2.7366, 2.7017, 2.666, 2.6298, 2.5932, 2.5567, 2.5202, 2.5202], "objectives": {"extension_time": -0.2, "danger_difference": 0.6464476456430219, "parameter_difference": 107.12779890600224}, "attributes": {"generation_number": 0, "individual_number": 26, "crash": true, "goal_reached": true, "scenario_length": 37}}, "[[9.337352245770914], [2.5, 200.0, 2.5], [0.09435787828040998, 104.59698230398755], [1.4647003099373557, 48.82291765813093]]": {"ego_positions": [[82.9986, 13.727], [81.60172982015489, 13.819903500291968], [80.19511938101931, 13.92482160145204], [78.79123495562531, 14.098216479384588], [77.42263462992848, 14.35917010467651], [76.07128535678243, 14.574112971515731], [74.73162721387739, 14.690764535393564], [73.39981396543111, 14.73482512467356], [72.0748898085262, 14.770581648900784], [70.75391807612924, 14.823709510058524], [69.43287806554993, 14.883296205731048], [68.11025522499914, 14.92932465814257], [66.78704293448239, 14.976052022634368], [65.46307054071822, 15.012257891830036], [64.13849284779404, 15.03546280813056], [62.8140604121559, 15.071839306778262], [61.489530783750645, 15.107576138619049], [60.16469690083545, 15.131469117447024], [58.84671360167807, 15.15604507501785], [57.557864649626126, 15.192943535964238], [56.29743728796624, 15.296656973990032], [55.06070043444456, 15.493856750597887], [53.841094265003065, 15.778744242268411], [52.63280628938453, 16.1071961414444], [51.428889501872575, 16.41549077903232], [50.22034931132149, 16.64302365026953], [49.0055086447823, 16.75151434012581], [47.78534835448233, 16.75858167789725], [46.56491358700081, 16.73715533191443], [45.34447146146661, 16.715728856751266], [44.19694912804986, 16.713529365781902], [43.02385847982524, 16.741567787158505], [41.855958994231216, 16.743680338041], [40.69248394699223, 16.698323223010217], [39.5209508788101, 16.593980827004568], [38.372742318812236, 16.436160216957944], [37.24617955686842, 16.260605953556883], [36.085059021517566, 16.070699240626592], [34.90475329860029, 15.83932880536605]], "ego_orientations": [3.075, 3.0737581254473696, 3.0556095994457566, 2.970209320961389, 2.9572591330762195, 3.0168990515720138, 3.0904834886199857, 3.1179311212193923, 3.109449939848254, 3.0961174738767685, 3.1019652904342054, 3.1070137165606995, 3.106733384158205, 3.122202061087866, 3.1197620622822595, 3.109820448171052, 3.120542329470485, 3.1238139000383343, 3.1227536915725214, 3.0925405588574, 3.022874780941614, 2.9433776538040366, 2.886705948318053, 2.874545311556045, 2.9149800500989786, 3.0013465019051733, 3.100442399194085, -3.124038134834568, -3.124038134834568, -3.124038134834568, 3.1174640991825093, 3.1234422510046875, -3.12427670523219, -3.0778990464761318, -3.024818657076359, -2.993591236424022, -2.988337658917342, -2.9610568762859826, -2.931861965133115], "obs_positions": [[81.0733, 8.4324], [79.7513, 8.5472], [78.4294, 8.6525], [77.1075, 8.7514], [75.7855, 8.8472], [74.4636, 8.9427], [73.1417, 9.0412], [71.8197, 9.1458], [70.4978, 9.2595], [69.1759, 9.3854], [67.8539, 9.5266], [66.532, 9.6863], [65.2101, 9.8675], [63.8881, 10.0733], [62.5662, 10.3068], [61.2443, 10.5711], [59.9223, 10.8692], [58.6004, 11.2044], [57.2785, 11.5797], [55.9565, 11.9982], [54.6346, 12.4629], [53.3126, 12.977], [51.9907, 13.5436], [50.6688, 14.1657], [49.3468, 14.8465], [48.0249, 15.589], [46.703, 16.3964], [45.381, 17.2717], [44.0591, 18.2181]], "obs_orientations": [3.055, 3.0621, 3.0668, 3.0693, 3.0694, 3.0672, 3.0626, 3.0558, 3.0466, 3.0351, 3.0213, 3.0053, 2.9871, 2.9667, 2.9442, 2.9197, 2.8932, 2.8649, 2.835, 2.8035, 2.7706, 2.7366, 2.7017, 2.666, 2.6298, 2.5932, 2.5567, 2.5202, 2.5202], "objectives": {"extension_time": -0.2, "danger_difference": 0.8845686776933377, "parameter_difference": 39.030339751470926}, "attributes": {"generation_number": 1, "individual_number": 85, "crash": true, "goal_reached": true, "scenario_length": 39}},