{"[[26.042580244887585], [28.489139725242218, 219.48141626495004, 630.4623016809535], [0.7827960955472191, 172.9485842815737], [2.101402703414656, 19.507684447249467]]": {"ego_positions": [[94.1537, 12.7826], [92.76192967734747, 12.951073927950924], [91.36002479186129, 13.117170960078756], [89.95870602443657, 13.268704773302272], [88.53863861589608, 13.391022183595332], [87.10226047979715, 13.516380208889473], [85.65974893184729, 13.692699267682551], [84.2252034783762, 13.963691985867277], [82.78795339566767, 14.202917024363781], [81.3436721628853, 14.351853047330856], [79.89607396339919, 14.446948854211724], [78.44840498823318, 14.535489333469071], [77.00004371407913, 14.608900386289006], [75.55146349596093, 14.674403152717767], [74.1029348227706, 14.739271044354656], [72.65468248868198, 14.809635758377969], [71.2058385029363, 14.866478834884232], [69.75636242054348, 14.904240075739946], [68.30664245841527, 14.931491277605568], [66.85728159580133, 14.974003001708024], [65.40764893334779, 15.006226740207458], [63.95796395118274, 15.035802420116456], [62.508653635220355, 15.080457203016767], [61.06059504296077, 15.11780662293533], [59.61940962205409, 15.150670611113451], [58.19040908360167, 15.19882920803898], [56.7872600794291, 15.303389713165299], [55.41659948894325, 15.500412791912316], [54.074224012934664, 15.777441476414346], [52.755001225719944, 16.098217469961817], [51.45074341435562, 16.41798635852615], [50.175678388891406, 16.70421246616184], [48.90426489424048, 16.93258099274211], [47.60801989175848, 17.057044921436965], [46.37576380833094, 17.084409702358705], [45.169038403797046, 17.0759191649155], [43.91362727040784, 17.063252339941176], [42.63930368617878, 17.050394692456003], [41.47508344867786, 17.050045439257214], [40.24005249620638, 17.051619838597244], [39.01045940576584, 16.999475169033744], [37.83062143261336, 16.905333058385338], [36.58649053739036, 16.72846482600354], [35.28883279694905, 16.441507283536435]], "ego_orientations": [3.0209, 3.022628253124232, 3.0219944366158122, 3.0482109146008076, 3.0571861539552043, 3.051066636549242, 2.9756974553519266, 2.9541587596461163, 3.007489032453173, 3.0679811364731338, 3.078870741205243, 3.0860128679421313, 3.0951170169072486, 3.0981948427198915, 3.0940284709162933, 3.0967614914935324, 3.1093576406020165, 3.1228782194658358, 3.1169894205968633, 3.1132170542441107, 3.127453356344187, 3.113893354377367, 3.1125766123443683, 3.118874178795802, 3.1176749955798124, 3.0926162707844407, 3.0347774767372986, 2.9632384888734102, 2.916069160594651, 2.8963124195997088, 2.9090658530625397, 2.937161041839048, 2.9981889761779774, 3.088792932469153, 3.1394471666367867, -3.131503213707943, -3.131503213707943, -3.131503213707943, 3.1274684417833574, -3.1226495104289556, -3.081471941282698, -3.0385759917132003, -2.9569404733108287, -2.889451348030533], "obs_positions": [[95.6602, 7.055], [93.6747, 7.2957], [91.6893, 7.5364], [89.7026, 7.7632], [87.7069, 7.8933], [85.7121, 8.0225], [83.7171, 8.1623], [82.3952, 8.3052], [81.0733, 8.4324], [79.7513, 8.5472], [78.4294, 8.6525], [77.1075, 8.7514], [75.7855, 8.8472], [74.4636, 8.9427], [73.1417, 9.0412], [71.8197, 9.1458], [70.4978, 9.2595], [69.1759, 9.3854], [67.8539, 9.5266], [66.532, 9.6863], [65.2101, 9.8675], [63.8881, 10.0733], [62.5662, 10.3068], [61.2443, 10.5711], [59.9223, 10.8692], [58.6004, 11.2044], [57.2785, 11.5797], [55.9565, 11.9982], [54.6346, 12.4629], [53.3126, 12.977], [51.9907, 13.5436], [50.6688, 14.1657], [49.3468, 14.8465], [48.0249, 15.589], [46.703, 16.3964], [45.381, 17.2717], [44.0591, 18.2181]], "obs_orientations": [3.0209, 3.0209, 3.0278, 3.0765, 3.0769, 3.0716, 3.0339, 3.0456, 3.055, 3.0621, 3.0668, 3.0693, 3.0694, 3.0672, 3.0626, 3.0558, 3.0466, 3.0351, 3.0213, 3.0053, 2.9871, 2.9667, 2.9442, 2.9197, 2.8932, 2.8649, 2.835, 2.8035, 2.7706, 2.7366, 2.7017, 2.666, 2.6298, 2.5932, 2.5567, 2.5202, 2.5202], "objectives": {"extension_time": 0.6, "danger_difference": 0.7484702902044233, "parameter_difference": 212.39537014442269}, "attributes": {"generation_number": 0, "individual_number": 14, "crash": true, "goal_reached": true, "scenario_length": 44}}, "[[36.03550725328959], [44.77558496580889, 201.29077869605848, 631.2074251324902], [1.8994646551668333, 37.85644344070764], [1.6539907566526366, 0.83455335587444]]": {"ego_positions": [[94.1537, 12.7826], [92.76192967734747, 12.951073927950924], [91.36002479186129, 13.117170960078756], [89.95805147820288, 13.264028171442884], [88.53556127058611, 13.364740970024268], [87.09607526585025, 13.454700645988495], [85.64753177834034, 13.552414871732624], [84.20146657046169, 13.663396696885892], [82.75650980340063, 13.767077592904732], [81.31302626575052, 13.84745868628456], [79.85748333128281, 13.925253181416771], [78.4102789949084, 14.014544781450587], [76.9670458086479, 14.089025628382908], [75.51978478317129, 14.155334154471726], [74.06904257062787, 14.221662973118855], [72.62214600554842, 14.292941594243583], [71.17990362040854, 14.349505675821808], [69.73751983703214, 14.393001297121916], [68.28704583669378, 14.491857546636487], [66.84095826119432, 14.720561683357115], [65.39726980977142, 14.91584358476143], [63.94844885674734, 15.015671908235625], [62.498932194876666, 15.054585120060612], [61.05081223803116, 15.081755037438818], [59.609650421340234, 15.110492748926113], [58.18109737825392, 15.159345266994356], [56.77813643034769, 15.269412093486052], [55.40723004576121, 15.474393139832811], [54.064929154904355, 15.75947038032777], [52.74581067153012, 16.087123421310825], [51.4416663230732, 16.411992255864543], [50.1667117021084, 16.701580195970347], [48.8949699008334, 16.931690709197408], [47.598704778364876, 17.056624574694], [46.3670075044801, 17.08419459771795], [45.16003294499579, 17.075829470397693], [43.90161434849148, 17.06310633469106], [42.621275581570984, 17.050161576939352], [41.46605728382279, 17.052036204131383], [40.23337141703495, 17.058022144140708], [39.01960392281251, 17.012037166984562], [37.8729479872604, 16.952691993562166], [36.68289068714694, 16.902985163642764], [35.44469864468845, 16.824531121107647]], "ego_orientations": [3.0209, 3.022628253124232, 3.0219944366158122, 3.05715206213079, 3.0777142267956297, 3.079218035837257, 3.0675637211711906, 3.065796500344176, 3.0780119941262334, 3.093830271875057, 3.0814391597965147, 3.0846121963247195, 3.09451686407217, 3.0974350026793376, 3.0930420042260014, 3.096552574146921, 3.109417554663944, 3.111330857275016, 3.016380670235885, 2.979657923081278, 3.043649784278453, 3.1008008703966943, 3.1220729486987726, 3.123605974751366, 3.118852896796556, 3.0902818593653323, 3.029624549519441, 2.9573515605040472, 2.9105976870929386, 2.8919669967366777, 2.905925217460327, 2.935244061460827, 2.997467116980084, 3.0886983833286004, 3.1393042553328425, -3.131482581911948, -3.131482581911948, -3.131482581911948, 3.1243467729108048, -3.1262333284809976, -3.0884573858305435, -3.0982000973788955, -3.0910053543508225, -3.0628506565521847], "obs_positions": [[95.6602, 7.055], [93.6747, 7.2957], [91.6893, 7.5364], [89.7026, 7.7632], [87.7069, 7.8933], [85.7121, 8.0225], [83.7171, 8.1623], [82.3952, 8.3052], [81.0733, 8.4324], [79.7513, 8.5472], [78.4294, 8.6525], [77.1075, 8.7514], [75.7855, 8.8472], [74.4636, 8.9427], [73.1417, 9.0412], [71.8197, 9.1458], [70.4978, 9.2595], [69.1759, 9.3854], [67.8539, 9.5266], [66.532, 9.6863], [65.2101, 9.8675], [63.8881, 10.0733], [62.5662, 10.3068], [61.2443, 10.5711], [59.9223, 10.8692], [58.6004, 11.2044], [57.2785, 11.5797], [55.9565, 11.9982], [54.6346, 12.4629], [53.3126, 12.977], [51.9907, 13.5436], [50.6688, 14.1657], [49.3468, 14.8465], [48.0249, 15.589], [46.703, 16.3964], [45.381, 17.2717], [44.0591, 18.2181]],