{"[[36.35259531325904], [39.5540051162335, 359.10796025463185, 628.5596797682605], [0.4608575723783445, 49.62166375479231], [2.0659638087432874, 32.25108297211538]]": {"ego_positions": [[105.2724, 11.4348], [103.88275770605254, 11.609607809665063], [102.49333418098237, 11.809383762464105], [101.10221604256246, 12.025528351104654], [99.70607912872754, 12.24056715607045], [98.30234327834833, 12.447916739256334], [96.88903063651402, 12.660228622465317], [95.47727452035839, 12.962668466057563], [94.05853236859005, 13.260556909991804], [92.62886489407197, 13.498757978638475], [91.19026845810059, 13.677922677347937], [89.7456613891331, 13.806939143464426], [88.29815295103198, 13.898374741830624], [86.85089590948877, 13.993010876588476], [85.4049366880471, 14.10402888385125], [83.95822689583741, 14.203216018888137], [82.51134320318477, 14.2988938114415], [81.06394892463848, 14.385539030393526], [79.61583122361561, 14.459248866438209], [78.16813859238705, 14.540911030209006], [76.7203809742375, 14.621246439798487], [75.2720457837747, 14.690037614818843], [73.82301693055479, 14.742827043095692], [72.37462609192451, 14.810915494450574], [70.92591171823604, 14.871332765523848], [69.47640638975408, 14.909065918947844], [68.02678547209028, 14.942222057418947], [66.57736575106874, 14.983167178069706], [65.12790264464199, 15.022224945252844], [63.67815437133471, 15.049103605507526], [62.228748779117005, 15.090394537957371], [60.78092665709175, 15.142180094615416], [59.34094893339148, 15.25020812594804], [57.91123402276409, 15.417849513604306], [56.49211665723707, 15.632299579728457], [55.08528740763901, 15.883219503956616], [53.68805657378898, 16.15707437539091], [52.30111295355466, 16.434299076428506], [50.93713014379262, 16.708242232008974], [49.54324691941465, 16.957857015684233], [48.14768172508977, 17.135919196067015], [46.815214291896034, 17.268852770314435], [45.47341308493405, 17.36159501135165], [44.133743335941446, 17.40394997284784], [42.80562174529164, 17.4066704506565], [41.47183299794375, 17.38422268495551], [40.137587972587994, 17.350882220225163], [38.81096483786759, 17.313141147293077], [37.50218857412249, 17.2747697109413], [36.19630091336948, 17.24150920990405], [34.86177642937946, 17.193305492913943]], "ego_orientations": [3.0209, 3.0083848358807725, 2.990475160940671, 2.987940928537926, 2.987422157105443, 3.0090953078465166, 2.9559724078663137, 2.9212622594341005, 2.9544688069639937, 2.9947686543467533, 3.038944962639023, 3.0672603834031538, 3.085480709408934, 3.0657820188705744, 3.0692826310682038, 3.07532248685214, 3.0761089793054324, 3.0886013901199223, 3.0883137553347804, 3.0841034733665365, 3.088599854799962, 3.1017776470322422, 3.101268327536192, 3.0908769027202583, 3.110670687910744, 3.11794283434298, 3.1169126032644385, 3.1089295575984752, 3.1214046915467555, 3.1184825330651753, 3.111747574545672, 3.0912346423314987, 3.0438919684740573, 3.0070575588996116, 2.9773514021485847, 2.954397645023162, 2.9442301611238384, 2.944102204876086, 2.946109567859165, 2.9855406595377696, 3.0316269069036945, 3.05556367225866, 3.0915845317442177, 3.1265533051817007, -3.1324953892246037, -3.118857309507904, -3.1144009451275867, -3.1116452239490138, -3.114497254211169, -3.113578187226307, -3.095633939251366], "obs_positions": [[111.5439, 5.1297], [109.5585, 5.3704], [107.573, 5.6111], [105.5875, 5.8517], [103.6021, 6.0923], [101.6166, 6.333], [99.6311, 6.5737], [97.6457, 6.8144], [95.6602, 7.055], [93.6747, 7.2957], [91.6893, 7.5364], [89.7026, 7.7632], [87.7069, 7.8933], [85.7121, 8.0225], [83.7171, 8.1623], [82.3952, 8.3052], [81.0733, 8.4324], [79.7513, 8.5472], [78.4294, 8.6525], [77.1075, 8.7514], [75.7855, 8.8472], [74.4636, 8.9427], [73.1417, 9.0412], [71.8197, 9.1458], [70.4978, 9.2595], [69.1759, 9.3854], [67.8539, 9.5266], [66.532, 9.6863], [65.2101, 9.8675], [63.8881, 10.0733], [62.5662, 10.3068], [61.2443, 10.5711], [59.9223, 10.8692], [58.6004, 11.2044], [57.2785, 11.5797], [55.9565, 11.9982], [54.6346, 12.4629], [53.3126, 12.977], [51.9907, 13.5436], [50.6688, 14.1657], [49.3468, 14.8465], [48.0249, 15.589], [46.703, 16.3964], [45.381, 17.2717], [44.0591, 18.2181]], "obs_orientations": [3.0209, 3.0209, 3.0209, 3.0209, 3.0209, 3.0209, 3.0209, 3.0209, 3.0209, 3.0209, 3.0278, 3.0765, 3.0769, 3.0716, 3.0339, 3.0456, 3.055, 3.0621, 3.0668, 3.0693, 3.0694, 3.0672, 3.0626, 3.0558, 3.0466, 3.0351, 3.0213, 3.0053, 2.9871, 2.9667, 2.9442, 2.9197, 2.8932, 2.8649, 2.835, 2.8035, 2.7706, 2.7366, 2.7017, 2.666, 2.6298, 2.5932, 2.5567, 2.5202, 2.5202], "objectives": {"extension_time": 1.4, "danger_difference": 0.4922144395591346, "parameter_difference": 211.8824534035173}, "attributes": {"generation_number": 0, "individual_number": 6, "crash": true, "goal_reached": true, "scenario_length": 51}}, "[[42.2117124571072], [30.624461196199487, 88.13349849004243, 589.9251295004802], [2.3350050783017573, 36.86083103507458], [1.8368480706753119, 36.89947319609442]]": {"ego_positions": [[105.2724, 11.4348], [103.88275770605254, 11.609607809665063], [102.49330327244115, 11.811724234390185], [101.10250064445079, 12.04279086584978], [99.70862062621147, 12.289877238363285], [98.31050008842108, 12.54140558650313], [96.90736528433571, 12.78912539926887], [95.49593283910495, 13.011853503694148], [94.07122020128836, 13.185360442191326], [92.63895809683514, 13.3506675796562], [91.20367347981856, 13.507357048061072], [89.76398053528331, 13.637745444933419], [88.3203267052718, 13.73199647766055], [86.86934217193239, 13.826454602271887], [85.42313086253321, 13.937315111603521], [83.97718188836127, 14.036632431453404], [82.53020724784966, 14.132407499128696], [81.08472413659115, 14.21930762586468], [79.6367463612507, 14.293038443278766], [78.1882343244152, 14.374603285198903], [76.74123786937267, 14.45503318550392], [75.29502517841709, 14.524006924553548], [73.84623388417417, 14.576413801485335], [72.39571038314597, 14.643835405039017], [70.95032726560981, 14.706432856834178], [69.50272764434393, 14.76737170993489], [68.05451377998294, 14.86034979787987], [66.60613247823609, 14.953421460176514], [65.15752745803816, 15.018230884968457], [63.7079123837036, 15.051290823953146], [62.25848237860138, 15.090974389124705], [60.810594202229154, 15.139696432266225], [59.370568959686636, 15.244524508324838], [57.94043767295764, 15.40763305801412], [56.51875217441631, 15.608488428311487], [55.10537323912535, 15.832485287257944], [53.69652571363592, 16.06697090820332], [52.29191233046399, 16.296746401718426], [50.90213472843903, 16.522257699453984], [49.47835273536056, 16.728795718420375], [48.05294430168221, 16.876775868190293], [46.67378310349103, 17.002163886373033], [45.27792704610345, 17.109614477498653], [43.88315889739714, 17.188694633127984], [42.49405609241907, 17.24455206546433], [41.094986858067976, 17.276106302143216], [39.69975724406281, 17.280533028001724], [38.3145351501705, 17.254675915118057], [36.95231621972674, 17.207510272355826], [35.55823207223526, 17.151825920893685]], "ego_orientations": [3.0209, 3.0083848358807725, 2.9859001910410092, 2.969932222953838, 2.963739217687367, 2.964363594034784, 2.9700895670867618, 3.0065414433952578, 3.026575657966313, 3.026439098383776, 3.04247815672181, 3.0642607804685045, 3.0851804354323313, 3.0663538990083654, 3.0691738724338316, 3.075262961738889, 3.075820690612635, 3.08834382906116, 3.088464828272642, 3.0840101251970276, 3.0885068500126174, 3.1016791045444934, 3.101887989750773, 3.090677201859043, 3.106575817678173, 3.085430120885846, 3.0739361051098237, 3.0817996460194026, 3.1117661689199214, 3.11801807649355, 3.1135364353485104, 3.0934254941178567, 3.045910257305949, 3.012592125445988, 2.9916371617009476, 2.978697650305482, 2.9768120792898136, 2.9811058492025095, 2.9821401452617633, 3.016403068087219, 3.048165203912315, 3.0553971729449523, 3.0749473177356648, 3.0935568578848875, 3.1091623074510735, 3.128416647999646, -3.1342716490212155, -3.1121765415947897, -3.105012932606967, -3.093074425680524],