{"[[40.07642183410294], [44.61976066183575, 240.12481794466999, 590.0779888272764], [0.7654580673893221, 190.6174781559796], [1.2344153380519316, 15.67731875120012]]": {"ego_positions": [[102.4927, 11.7718], [101.10305484517905, 11.946606286896847], [99.71359101311711, 12.148718033756213], [98.3250691577241, 12.41246258120529], [96.9348808266659, 12.763008354494644], [95.52906807359899, 13.082183587439378], [94.10557224815226, 13.324233543699084], [92.67084850716083, 13.513767951874362], [91.23109436899333, 13.681694366451216], [89.78653950822502, 13.812240445313938], [88.3390982060433, 13.907414085296702], [86.89109349869433, 13.991394703710128], [85.44459779800454, 14.095888218553664], [83.99829517155969, 14.201481357292076], [82.5512221599834, 14.294614311600656], [81.10354420686676, 14.377023869378798], [79.65594378596954, 14.460419285572389], [78.20811985634955, 14.539666195705376], [76.75985209555886, 14.610385903847682], [75.31164215061052, 14.682315216577733], [73.86326182152516, 14.75075233299986], [72.41463982771698, 14.813904545514003], [70.96571690545679, 14.869548666819018], [69.51608529475112, 14.901392432989304], [68.06648669658979, 14.935040714632677], [66.61716077236808, 14.979167193594142], [65.1675521289246, 15.012771037923235], [63.717992474554244, 15.048465825470396], [62.268559745452066, 15.089007335407107], [60.82059959798916, 15.129991120856786], [59.38180486112873, 15.175166870806116], [57.96190137001946, 15.274282291696238], [56.56625023359692, 15.42886615126178], [55.19623167225934, 15.646366366280498], [53.84767277985944, 15.903550530443665], [52.51096434559364, 16.17661197317102], [51.19965129208589, 16.44303659271717], [49.92811908699577, 16.710578344707525], [48.618473805206, 16.950940632471745], [47.32914474242577, 17.118382786517632], [46.13044396102981, 17.252545708042234], [44.910820725740095, 17.357130345398915], [43.679610641579096, 17.407457246335593], [42.46999136131769, 17.413248837574766], [41.25476501158387, 17.383687668305733], [40.016331168696624, 17.290134435929517], [38.8162624021522, 17.132852587342413], [37.61627067794765, 16.935425048445214], [36.33771610290737, 16.6606060335586], [35.0473903755656, 16.31446595053991]], "ego_orientations": [3.0209, 3.0083880347260377, 2.985908549392235, 2.912581532518229, 2.895174958840054, 2.946409940750409, 2.9960572621290433, 3.0205409094698377, 3.03647782499738, 3.0705136385617338, 3.082528915551977, 3.077236153430098, 3.0648378718932836, 3.0734406247953032, 3.0818367072223545, 3.0852421875988436, 3.0833217605698318, 3.0911731651521097, 3.092518675282264, 3.0925900511826496, 3.096555189989807, 3.099782983583769, 3.1114034900800784, 3.1245348986426102, 3.111091198543255, 3.115243057266202, 3.1188035611336606, 3.114839437120704, 3.112185544721973, 3.117715602385989, 3.093730623122379, 3.0540034968531873, 3.006018672601724, 2.9661621855507967, 2.9409769665743006, 2.9394339748406613, 2.938310280111274, 2.9352184303411, 2.9822313970119074, 3.026643268273903, 3.040889691691558, 3.0780431972285127, 3.1215848490966223, -3.133134025151792, -3.093960376499289, -3.034031654898227, -2.9996742344428546, -2.9601401027258536, -2.895896662583966, -2.8662801109238965], "obs_positions": [[107.573, 5.611], [105.5875, 5.8517], [103.6021, 6.0924], [101.6166, 6.333], [99.6311, 6.5737], [97.6457, 6.8144], [95.6602, 7.055], [93.6747, 7.2957], [91.6893, 7.5364], [89.7026, 7.7632], [87.7069, 7.8933], [85.7121, 8.0225], [83.7171, 8.1623], [82.3952, 8.3052], [81.0733, 8.4324], [79.7513, 8.5472], [78.4294, 8.6525], [77.1075, 8.7514], [75.7855, 8.8472], [74.4636, 8.9427], [73.1417, 9.0412], [71.8197, 9.1458], [70.4978, 9.2595], [69.1759, 9.3854], [67.8539, 9.5266], [66.532, 9.6863], [65.2101, 9.8675], [63.8881, 10.0733], [62.5662, 10.3068], [61.2443, 10.5711], [59.9223, 10.8692], [58.6004, 11.2044], [57.2785, 11.5797], [55.9565, 11.9982], [54.6346, 12.4629], [53.3126, 12.977], [51.9907, 13.5436], [50.6688, 14.1657], [49.3468, 14.8465], [48.0249, 15.589], [46.703, 16.3964], [45.381, 17.2717], [44.0591, 18.2181]], "obs_orientations": [3.0209, 3.0209, 3.0209, 3.0209, 3.0209, 3.0209, 3.0209, 3.0209, 3.0278, 3.0765, 3.0769, 3.0716, 3.0339, 3.0456, 3.055, 3.0621, 3.0668, 3.0693, 3.0694, 3.0672, 3.0626, 3.0558, 3.0466, 3.0351, 3.0213, 3.0053, 2.9871, 2.9667, 2.9442, 2.9197, 2.8932, 2.8649, 2.835, 2.8035, 2.7706, 2.7366, 2.7017, 2.666, 2.6298, 2.5932, 2.5567, 2.5202, 2.5202], "objectives": {"extension_time": 1.2, "danger_difference": -0.11166888190568613, "parameter_difference": 196.67471609338736}, "attributes": {"generation_number": 0, "individual_number": 39, "crash": true, "goal_reached": true, "scenario_length": 50}}, "[[44.708710567803834], [29.593026204116, 85.72250355317024, 165.91013981509738], [0.9962239910871012, 19.559872089560983], [0.0902370756574078, 31.426487423320975]]": {"ego_positions": [[102.4927, 11.7718], [101.10305484517905, 11.946606286896847], [99.71335043555406, 12.144703177045612], [98.32092113574392, 12.353178683366783], [96.92047966405735, 12.548620597317187], [95.50587471973881, 12.720100597587063], [94.0801514705394, 12.889055019054354], [92.64735725092541, 13.060083056948287], [91.21421388463416, 13.229741903980091], [89.78577604733165, 13.362440577778953], [88.34504842180056, 13.459354664120811], [86.89569922064508, 13.54446883964499], [85.4430129053287, 13.649437764336371], [84.00084288097399, 13.760126804576762], [82.55874009382056, 13.875727580933024], [81.11443520821668, 13.987857059564915], [79.6676407399488, 14.10064664075044], [78.22270223852377, 14.182439570569288], [76.7749864217614, 14.249785497625911], [75.32665941506374, 14.32133032914372], [73.87972545299822, 14.390393813683849], [72.43233117636493, 14.454189359564184], [70.98723818525296, 14.510393155728282], [69.54307720893036, 14.542585107962564], [68.08864999269079, 14.575847109189226], [66.64028753711145, 14.620046538624823], [65.19226095166168, 14.653754926117811], [63.741264448186094, 14.689349223885033], [62.29085981050917, 14.729834592872784], [60.85086318461035, 14.807886189444382], [59.44361167249867, 14.97210142998966], [58.06783241792103, 15.159296534437106], [56.718086846206425, 15.380694132141121], [55.3933622876986, 15.645324555725736], [54.0829314803766, 15.92659585251785], [52.77520328829107, 16.20055471888892], [51.47149697030152, 16.442655937484762], [50.19582441354564, 16.6609768910187], [48.881655860378146, 16.846344967958935], [47.542595210429475, 16.950437463948134], [46.28857152849539, 17.011989377935762], [45.00640421481824, 17.056014723208452], [43.69676153134391, 17.061267036517844], [42.39899817083443, 17.041200630703646], [41.10155136856586, 17.016334476040303], [39.804105169483805, 16.991468332937302], [38.50665957358826, 16.966602201394643], [37.23435285232818, 16.907070918247978], [35.9239099653013, 16.839014485552788], [34.62237746724194, 16.653086882205244]], "ego_orientations": [3.0209, 3.0083880347260377, 2.993969377101442, 2.99445865961843, 3.0141094269099535, 3.0238292994824993, 3.0232950664811296, 3.022484075867242, 3.0333888692129336, 3.068869260445316, 3.0812402103831653, 3.077057612955619, 3.064552023716552, 3.06329548768243, 3.0634643344188737, 3.0608046553526345, 3.0731390763762616, 3.093538132844368, 3.093818413052716, 3.0922245480982102, 3.0959776580661216, 3.0993589131237775, 3.11090419753739, 3.1248785795045606, 3.111406528384982, 3.115039252105132, 3.118892802645308, 3.1148998859845065, 3.1122460375572696, 3.0514939548526967, 3.0132718112199632, 2.9965275610864373, 2.959430262864429, 2.933741771997255, 2.928553244997805, 2.944341112451456, 2.967430705876787, 2.980355337891517, 3.029331886881135, 3.088190325939952, 3.098623612588351, 3.122568731407995, -3.1320199701995426, -3.122429547461808, -3.122429547461808, -3.122429547461808, -3.122429547461808, -3.1302149437858544, -3.031431544564121, -2.987794136086409],