{"[[31.175667865507673], [29.86086743479407, 327.22519394691017, 776.4434323469936], [1.64469618261353, 45.795158281845616], [0.41433979394185916, 10.991227027673423]]": {"ego_positions": [[103.8825, 11.6033], [102.49286221115237, 11.778107037071718], [101.10345059898216, 11.97786127507746], [99.71311346765137, 12.19813292100923], [98.32073899170139, 12.42988159586506], [96.92526544437092, 12.664056262752199], [95.52600683881387, 12.894329782323656], [94.12222705745997, 13.11509005291941], [92.71120427721476, 13.312728372829957], [91.2893311480434, 13.4750223216943], [89.8608589834385, 13.61218608168327], [88.42247816621752, 13.713644664380324], [86.977361940748, 13.808303490413625], [85.53162871866489, 13.924528191725459], [84.08951878117944, 14.092515559202214], [82.64624767023666, 14.24201993268089], [81.1989247002997, 14.32390538606974], [79.74995056082427, 14.39525571605993], [78.30277180313091, 14.486183406584571], [76.85547231004693, 14.564494925484755], [75.40717955256923, 14.628912441356869], [73.95823360068425, 14.690973730990855], [72.5100725372406, 14.763013422249148], [71.06196517495984, 14.82023733834535], [69.61312980573625, 14.858493404401989], [68.16327125463927, 14.888728402518964], [66.71376647684427, 14.93623809385036], [65.2647977536534, 14.974759842998408], [63.81482814907115, 15.008081283725364], [62.36545269187403, 15.0524025914001], [60.917582835333924, 15.08588966594801], [59.477429969356976, 15.131376428611139], [58.05200032929958, 15.24935304435191], [56.64885307205045, 15.446114588816998], [55.28091027408432, 15.739702683086687], [53.94962000358422, 16.102871236806024], [52.65217215067236, 16.4786564488507], [51.37947957967692, 16.801075089366662], [50.13828069034543, 17.02371541254549], [48.91327850720833, 17.132233736516135], [47.66612418774805, 17.137341187874405], [46.42153854563796, 17.108331169323847], [45.176941501455545, 17.079320885002648], [43.93233305520081, 17.050310334910797], [42.687713206873745, 17.021299519048306], [41.44308195647436, 16.992288437415166], [40.46268979387572, 17.032063153831444], [39.21044315195561, 17.022892123993596], [37.996360378167324, 16.970378668286273], [36.74564320298316, 16.92564129353774], [35.41345027327091, 16.86961872494018]], "ego_orientations": [3.0209, 3.008390100345801, 2.9905023998742575, 2.9794557623851947, 2.9750514719524146, 2.976348040181078, 2.9810257081902396, 2.991554159617999, 3.016965034946257, 3.035434858291948, 3.060852209128768, 3.0758371569609313, 3.0762811678421813, 3.038707259055222, 3.0222360763991416, 3.064654343938822, 3.099586163378853, 3.083116850817739, 3.0816638996769283, 3.0938521623831297, 3.1006406028465245, 3.094184845035295, 3.095509291005706, 3.109828852925591, 3.121304445108938, 3.114307582979907, 3.108895454836594, 3.1239955726825497, 3.1130562227697784, 3.1140474669484446, 3.1222263566107835, 3.0876421054255894, 3.0324976463623177, 2.966776970523282, 2.8966765074869953, 2.8603609259945544, 2.868134387982825, 2.9233665568351177, 3.0074571931112155, 3.0994829190847355, -3.11828789617869, -3.11828789617869, -3.11828789617869, -3.11828789617869, -3.11828789617869, -3.11828789617869, 3.130239749255997, -3.1073148862159545, -3.1003969539963916, -3.106153361194456, -3.091111606742359], "obs_positions": [[109.5585, 5.3704], [107.573, 5.611], [105.5875, 5.8517], [103.6021, 6.0924], [101.6166, 6.333], [99.6311, 6.5737], [97.6457, 6.8144], [95.6602, 7.055], [93.6747, 7.2957], [91.6893, 7.5364], [89.7026, 7.7632], [87.7069, 7.8933], [85.7121, 8.0225], [83.7171, 8.1623], [82.3952, 8.3052], [81.0733, 8.4324], [79.7513, 8.5472], [78.4294, 8.6525], [77.1075, 8.7514], [75.7855, 8.8472], [74.4636, 8.9427], [73.1417, 9.0412], [71.8197, 9.1458], [70.4978, 9.2595], [69.1759, 9.3854], [67.8539, 9.5266], [66.532, 9.6863], [65.2101, 9.8675], [63.8881, 10.0733], [62.5662, 10.3068], [61.2443, 10.5711], [59.9223, 10.8692], [58.6004, 11.2044], [57.2785, 11.5797], [55.9565, 11.9982], [54.6346, 12.4629], [53.3126, 12.977], [51.9907, 13.5436], [50.6688, 14.1657], [49.3468, 14.8465], [48.0249, 15.589], [46.703, 16.3964], [45.381, 17.2717], [44.0591, 18.2181]], "obs_orientations": [3.0209, 3.0209, 3.0209, 3.0209, 3.0209, 3.0209, 3.0209, 3.0209, 3.0209, 3.0278, 3.0765, 3.0769, 3.0716, 3.0339, 3.0456, 3.055, 3.0621, 3.0668, 3.0693, 3.0694, 3.0672, 3.0626, 3.0558, 3.0466, 3.0351, 3.0213, 3.0053, 2.9871, 2.9667, 2.9442, 2.9197, 2.8932, 2.8649, 2.835, 2.8035, 2.7706, 2.7366, 2.7017, 2.666, 2.6298, 2.5932, 2.5567, 2.5202, 2.5202], "objectives": {"extension_time": 1.3, "danger_difference": 0.8806414206447215, "parameter_difference": 270.7641357840205}, "attributes": {"generation_number": 0, "individual_number": 24, "crash": true, "goal_reached": true, "scenario_length": 51}}}