{"[[45.808870600876624], [2.5, 188.19111036673033, 2.5], [0.0688033778742134, 150.2097743212507], [0.20150968919974177, 48.74194824231602]]": {"ego_positions": [[112.2215, 10.5925], [110.83164765870507, 10.762838428098949], [109.44147378844961, 10.941993833788583], [108.05042083226606, 11.133661818507104], [106.65775486478874, 11.337700977250876], [105.26281355844802, 11.553811564914955], [103.86491194024134, 11.784702363928142], [102.4629814812933, 12.025615390857118], [101.05611187887551, 12.268447316208963], [99.64400206274759, 12.506400931969642], [98.22650372850892, 12.737624674423595], [96.80285308517085, 12.962135273353214], [95.37232481500119, 13.166776131698233], [93.93659851589106, 13.35261971677272], [92.4980426396104, 13.528305794791203], [91.0579631674379, 13.69732401274995], [89.61356879359279, 13.82627286266428], [88.16635643810962, 13.91961788891555], [86.71885739636068, 14.007385291901135], [85.27240194566673, 14.109915910797579], [83.82603519886042, 14.213201367646947], [82.37894169407977, 14.305235850594565], [80.93107024313473, 14.383843039234197], [79.48354310095414, 14.468406225396507], [78.03590381315448, 14.550953123760838], [76.587616184082, 14.62132622610648], [75.13923691491924, 14.689827798197202], [73.69087770893664, 14.758765774513085], [72.24235053305654, 14.82401226853452], [70.79330924462545, 14.876481984898856], [69.34365502424737, 14.907488686855215], [67.8940494316838, 14.94084038075155], [66.44469700973846, 14.984037251544045], [64.99500888588057, 15.013959922739074], [63.54548039727418, 15.050740366900333], [62.09609184499537, 15.092833316546313], [60.65341963185828, 15.130461756882978], [59.23985359406028, 15.177010545385768], [57.85426437666966, 15.280356251699505], [56.495693798812006, 15.44811630914265], [55.163867914644655, 15.684423374549018], [53.84924020608344, 15.951704635724685], [52.543150363192375, 16.213219484151413], [51.247535459064174, 16.43360296687772], [49.97799182443726, 16.60643568909788], [48.683257961285136, 16.718160827596442], [47.3765956521316, 16.735753303471608], [46.141167361580436, 16.712685187629802], [44.906150468747065, 16.694401129338896], [43.67111988936381, 16.67611686842268], [42.43607562343065, 16.657832404881162], [41.08324722392954, 16.659711808689973], [39.79534783079336, 16.61912835643411], [38.53992897808864, 16.53236537926163], [37.28029544768668, 16.420742266460575], [35.96527722605034, 16.23746331585718], [34.64557438441978, 15.984943512266142]], "ego_orientations": [3.0209, 3.017264631303721, 3.0091892621258083, 3.0002050803774085, 2.9923329559599403, 2.9827771044929867, 2.973728495597427, 2.970146729467833, 2.971936899852397, 2.9780345776465, 2.980930904250736, 2.991581625982151, 3.007139001210653, 3.0173676884690903, 3.0223592193271944, 3.035678634987424, 3.0745596744040267, 3.0807229397907636, 3.0763736013819534, 3.0673292801350267, 3.073856841548242, 3.0837994791340937, 3.0867132961122947, 3.0799554673285083, 3.090215529533773, 3.094072010901965, 3.094343424225931, 3.0936588450681515, 3.1008214416492947, 3.1130462926296167, 3.124662046745565, 3.1113685556236494, 3.117027091619896, 3.1203479712018063, 3.1114541185318725, 3.113872021757481, 3.1182726087937223, 3.0908644429083374, 3.0455441207423015, 2.9893145053524246, 2.9485030634794023, 2.937024529037501, 2.955019607565397, 2.989744361824419, 3.025576777439534, 3.0920715394800333, -3.1258407510007165, -3.1267890320814296, -3.1267890320814296, -3.1267890320814296, -3.1267890320814296, -3.129829826426991, -3.08678091135939, -3.0669383414380844, -3.0336047301740625, -2.971042480581429, -2.939581208593846], "obs_positions": [[121.4713, 3.9264], [119.4858, 4.1671], [117.5003, 4.4077], [115.5149, 4.6484], [113.5294, 4.8891], [111.5439, 5.1297], [109.5585, 5.3704], [107.573, 5.6111], [105.5875, 5.8517], [103.6021, 6.0924], [101.6166, 6.333], [99.6311, 6.5737], [97.6457, 6.8144], [95.6602, 7.055], [93.6747, 7.2957], [91.6893, 7.5364], [89.7026, 7.7632], [87.7069, 7.8933], [85.7121, 8.0225], [83.7171, 8.1623], [82.3952, 8.3052], [81.0733, 8.4324], [79.7513, 8.5472], [78.4294, 8.6525], [77.1075, 8.7514], [75.7855, 8.8472], [74.4636, 8.9427], [73.1417, 9.0412], [71.8197, 9.1458], [70.4978, 9.2595], [69.1759, 9.3854], [67.8539, 9.5266], [66.532, 9.6863], [65.2101, 9.8675], [63.8881, 10.0733], [62.5662, 10.3068], [61.2443, 10.5711], [59.9223, 10.8692], [58.6004, 11.2044], [57.2785, 11.5797], [55.9565, 11.9982], [54.6346, 12.4629], [53.3126, 12.977], [51.9907, 13.5436], [50.6688, 14.1657], [49.3468, 14.8465], [48.0249, 15.589], [46.703, 16.3964], [45.381, 17.2717], [44.0591, 18.2181]], "obs_orientations": [3.0209, 3.0209, 3.0209, 3.0209, 3.0209, 3.0209, 3.0209, 3.0209, 3.0209, 3.0209, 3.0209, 3.0209, 3.0209, 3.0209, 3.0209, 3.0278, 3.0765, 3.0769, 3.0716, 3.0339, 3.0456, 3.055, 3.0621, 3.0668, 3.0693, 3.0694, 3.0672, 3.0626, 3.0558, 3.0466, 3.0351, 3.0213, 3.0053, 2.9871, 2.9667, 2.9442, 2.9197, 2.8932, 2.8649, 2.835, 2.8035, 2.7706, 2.7366, 2.7017, 2.666, 2.6298, 2.5932, 2.5567, 2.5202, 2.5202], "objectives": {"extension_time": 1.9, "danger_difference": 0.8082654403785625, "parameter_difference": 39.038144521372715}, "attributes": {"generation_number": 9, "individual_number": 461, "crash": true, "goal_reached": true, "scenario_length": 57}}, "[[30.86074135811016], [2.4182927469221873, 169.62284888185152, 39.587131188180024], [0.09538000939534141, 138.25046366612645], [0.7801160605567398, 11.65170863879844]]": {"ego_positions": [[112.2215, 10.5925], [110.83164765870507, 10.762838428098949], [109.44147378844961, 10.941993833788583], [108.05042083226606, 11.133661818507104], [106.65775486478874, 11.337700977250876], [105.26281355844802, 11.553811564914955], [103.86500063135279, 11.784143510232614], [102.46369017096876, 12.022445961286008], [101.0582820027457, 12.26131158504461], [99.64846532969125, 12.49556190990602], [98.23421748929074, 12.722099921890209], [96.81562995887646, 12.939046063545494], [95.39270916807936, 13.144796515801998], [93.9657830200245, 13.339774410347376], [92.53492671304913, 13.523285607209313], [91.09947912647674, 13.691195580056052], [89.65779761257251, 13.817106307843861], [88.21208677969491, 13.910212255092556], [86.76523836359554, 13.999072087921133], [85.31901912183444, 14.103338323140147], [83.8727708684368, 14.208432644300057], [82.42565441632875, 14.301096235767105], [80.97773399834674, 14.37999573617729], [79.53015866161346, 14.464708984215559], [78.08254757591813, 14.548142128039188], [76.63425950437204, 14.618741024574385], [75.18587352453456, 14.68719603412676], [73.73751100256797, 14.756052482328057], [72.28900375522696, 14.821587659506188], [70.83999138494957, 14.874596828210054], [69.39036149191062, 14.906237894381748], [67.94073634149599, 14.938951246989454], [66.49139214496095, 14.982345941435117], [65.04171184167403, 15.012486550070056], [63.59216843817759, 15.048852778606863], [62.142783306653016, 15.091036215534478], [60.70011988774351, 15.128935027915102], [59.286574431882265, 15.175997732025216], [57.90090532066068, 15.276945469131036], [56.541207522544155, 15.426761480104151], [55.20670746653118, 15.627493810049957], [53.88790573519996, 15.848623967686672], [52.57766935525555, 16.06512694489207], [51.276654547602355, 16.254700986008622], [49.99914856070482, 16.421808349845623], [48.70107324873881, 16.55869391414589], [47.38994678347771, 16.62682912216229], [46.14687273098217, 16.6601494999205], [44.89202210895119, 16.684605972585285], [43.62100410140366, 16.684773935512833], [42.35283463210916, 16.667060297402042], [41.07872684623903, 16.636689420898648], [39.790610127422966, 16.563961531855707], [38.54170532707454, 16.449388349642195], [37.294274747277704, 16.318350349414757], [36.00476107061514, 16.129676406279724], [34.72198941835727, 15.884996623563177]],