{"[[5], [5, 50, 100], [0.25, 20], [0.25, 5]]": {"ego_positions": [[5.3348, 15.4211], [6.830276787792353, 15.556028501589116], [8.331023728456882, 15.735140481829895], [9.840258846319632, 15.945969158504443], [11.360071089071825, 16.154251818188108], [12.891924081502916, 16.329659536548213], [14.429266198653368, 16.499037745809876], [15.971668896779656, 16.641358257870905], [17.51764320996527, 16.753902904377917], [19.06555372411273, 16.84626727934799], [20.613736340365094, 16.934744641852866], [22.159836731162564, 17.037399245964956], [23.698003133841258, 17.2102497945497], [25.225609515344566, 17.48233635290051], [26.740206875269422, 17.848794081630555], [28.239067270916305, 18.2630588495287], [29.720613959939314, 18.64905400575065], [31.21534160989306, 18.955188631011264], [32.68812110976773, 19.14386659145408], [34.13538738264722, 19.2192539108232]], "ego_orientations": [0.08, 0.10434487732722889, 0.13002609758849756, 0.14578761004715696, 0.12214248286419073, 0.11156920709862836, 0.10230098608369373, 0.08066409769851246, 0.06330690079212813, 0.058264148933348886, 0.05545344142010352, 0.084723992633569, 0.1412341220445581, 0.2098838804117132, 0.2617928338369691, 0.2692447950588365, 0.23739403196716458, 0.16975770865885398, 0.08900287344657976, 0.015480240789989885], "obs_positions": [[49.0541, 20.4627], [47.0386, 20.6999], [44.9735, 20.9537], [42.9295, 21.1939], [40.8676, 21.4029], [38.794, 21.5567], [36.7855, 21.6306], [34.7459, 21.6084], [32.6662, 21.4627], [30.6341, 21.1784], [28.6588, 20.7472], [26.6699, 20.1387], [24.809, 19.3933], [22.9685, 18.472], [21.2044, 17.4026], [19.5455, 16.2178], [17.9884, 14.9371], [16.5126, 13.5635]], "obs_orientations": [3.0244, 3.0192, 3.0246, 3.0406, 3.0675, 3.1048, 3.1524, 3.2115, 3.2805, 3.3565, 3.4384, 3.5226, 3.6056, 3.6865, 3.7618, 3.8299, 3.891, 3.9457], "attributes": {"crash": true, "goal_reached": true, "max_danger": 135.03902499337192, "scenario_length": 20, "lower_bound": -0.7, "upper_bound": -1000.0}}}