{"[[7.641846622751533], [2.5, 62.16396682428852, 2.5], [1.8042960237940255, 94.61081201428439], [2.2945732901031377, 4.023753523914589]]": {"ego_positions": [[-3.4849, 13.6288], [-2.0149279820509594, 13.928080561570697], [-0.5438167150693686, 14.226099192591699], [0.9297431037982642, 14.52142763800712], [2.4062910949369405, 14.814102769334763], [3.887593313456198, 15.102136477340975], [5.380184115283222, 15.366682558801257], [6.892905453294143, 15.58285263846989], [8.416604078796611, 15.78382196550949], [9.946468565755806, 15.987930720942561], [11.482397652071397, 16.17599591634392], [13.021742936596198, 16.353029701673776], [14.56451997694356, 16.505659587435265], [16.109980366053218, 16.633617073119094], [17.655347699503746, 16.762243327825768], [19.20278403075263, 16.860666190189416], [20.750902718304257, 16.946476400800346], [22.29698401293224, 17.04259528811799], [23.834111666670896, 17.197392983460098], [25.35868468612709, 17.42782345658275], [26.861647210525305, 17.731428308595042], [28.355136861972564, 18.053813965762384], [29.832498968490377, 18.32230668056445], [31.30194278486178, 18.509669437674678], [32.785682937521266, 18.58751738255301], [34.2651679773519, 18.543574862503654]], "ego_orientations": [0.201, 0.20057125521971886, 0.19892381138031695, 0.19672357664051462, 0.19460722668855784, 0.18725448831917652, 0.15685626188991067, 0.13002412182857823, 0.13259725379119153, 0.1275887717992135, 0.11705335563886102, 0.109556233425562, 0.0858278701464878, 0.08396436858665113, 0.0742668170260469, 0.05515364142372508, 0.055655799779674546, 0.075731956446005, 0.12471283710148223, 0.17640385047463603, 0.21688817458389775, 0.20166635720964776, 0.1566019359626747, 0.09273944561282566, 0.013260166628887404, -0.07756255311769866], "obs_positions": [[60.9338, 18.7714], [58.9528, 19.0465], [56.9718, 19.3217], [54.9908, 19.5968], [53.0098, 19.8719], [51.0288, 20.1466], [49.0541, 20.4627], [47.0386, 20.6999], [44.9735, 20.9537], [42.9295, 21.1939], [40.8676, 21.4029], [38.794, 21.5567], [36.7855, 21.6306], [34.7459, 21.6084], [32.6662, 21.4627], [30.6341, 21.1784], [28.6588, 20.7472], [26.6699, 20.1387], [24.809, 19.3933], [22.9685, 18.472], [21.2044, 17.4026], [19.5455, 16.2178], [17.9884, 14.9371], [16.5126, 13.5635]], "obs_orientations": [3.0035, 3.0035, 3.0035, 3.0035, 3.0038, 2.9828, 3.0244, 3.0192, 3.0246, 3.0406, 3.0675, 3.1048, 3.1524, 3.2115, 3.2805, 3.3565, 3.4384, 3.5226, 3.6056, 3.6865, 3.7618, 3.8299, 3.891, 3.9457], "objectives": {"extension_time": 0.6, "danger_difference": -0.10102693788752504, "parameter_difference": 39.01321332109694}, "attributes": {"generation_number": 6, "individual_number": 343, "crash": true, "goal_reached": true, "scenario_length": 26}}}