{"[[32.37031967442002], [25.251026235266128, 377.93640621753485, 554.7626737484396], [1.9220808335676365, 83.28479590029978], [2.29932950041439, 4.908114957739251]]": {"ego_positions": [[-16.7127, 10.9319]], "ego_orientations": [0.2011], "obs_positions": [[78.7627, 16.2953]], "obs_orientations": [3.0035], "objectives": {"extension_time": 1.5, "danger_difference": 64.96097500662808, "parameter_difference": 182.0935937275214}, "attributes": {"generation_number": 0, "individual_number": 32, "crash": true, "goal_reached": false, "scenario_length": 1}}, "[[32.71974321941359], [2.5, 377.93640621753485, 2.5], [1.9220808335676365, 83.28479590029978], [2.2931741303086537, 37.87153841978793]]": {"ego_positions": [[-16.7127, 10.9319]], "ego_orientations": [0.2011], "obs_positions": [[78.7627, 16.2953]], "obs_orientations": [3.0035], "objectives": {"extension_time": 1.5, "danger_difference": 64.96097500662808, "parameter_difference": 39.05695608371956}, "attributes": {"generation_number": 1, "individual_number": 96, "crash": true, "goal_reached": false, "scenario_length": 1}}}