{"[[12.660739860170505], [11.838791009620975, 342.4088116214263, 730.4791155141828], [0.3228973734228238, 108.39054257167669], [0.704840877772101, 11.927365815054525]]": {"ego_positions": [[-9.3639, 12.4302]], "ego_orientations": [0.2011], "obs_positions": [[68.8577, 17.6709]], "obs_orientations": [3.0035], "objectives": {"extension_time": 1.0, "danger_difference": 64.96097500662808, "parameter_difference": 252.2108662274355}, "attributes": {"generation_number": 0, "individual_number": 22, "crash": true, "goal_reached": false, "scenario_length": 1}}, "[[40.215512320561125], [33.71599019126495, 285.3275869177658, 444.7309861124601], [2.368952813757825, 195.45427242915835], [0.795304629345942, 34.79074894752273]]": {"ego_positions": [[-9.3639, 12.4302]], "ego_orientations": [0.2011], "obs_positions": [[68.8577, 17.6709]], "obs_orientations": [3.0035], "objectives": {"extension_time": 1.0, "danger_difference": 64.96097500662808, "parameter_difference": 138.37849734000787}, "attributes": {"generation_number": 0, "individual_number": 24, "crash": true, "goal_reached": false, "scenario_length": 1}}, "[[40.215512320561125], [2.5, 285.3275869177658, 444.7309861124601], [2.368952813757825, 195.45427242915835], [0.48752512113637136, 34.79074894752273]]": {"ego_positions": [[-9.3639, 12.4302]], "ego_orientations": [0.2011], "obs_positions": [[68.8577, 17.6709]], "obs_orientations": [3.0035], "objectives": {"extension_time": 1.0, "danger_difference": 64.96097500662808, "parameter_difference": 137.90457256696246}, "attributes": {"generation_number": 1, "individual_number": 62, "crash": true, "goal_reached": false, "scenario_length": 1}}, "[[40.215512320561125], [2.5, 200.0, 2.49032785227209], [2.4888295635544964, 195.45427242915835], [0.795304629345942, 10.006871448799261]]": {"ego_positions": [[-9.3639, 12.4302]], "ego_orientations": [0.2011], "obs_positions": [[68.8577, 17.6709]], "obs_orientations": [3.0035], "objectives": {"extension_time": 1.0, "danger_difference": 64.96097500662808, "parameter_difference": 39.031956486539734}, "attributes": {"generation_number": 1, "individual_number": 64, "crash": true, "goal_reached": false, "scenario_length": 1}}, "[[12.660739860170505], [11.838791009620975, 20.99393744644624, 730.4791155141828], [0.3228973734228238, 108.39054257167669], [0.704840877772101, 11.927365815054525]]": {"ego_positions": [[-9.3639, 12.4302]], "ego_orientations": [0.2011], "obs_positions": [[68.8577, 17.6709]], "obs_orientations": [3.0035], "objectives": {"extension_time": 1.0, "danger_difference": 64.96097500662808, "parameter_difference": 252.2066702213824}, "attributes": {"generation_number": 1, "individual_number": 71, "crash": true, "goal_reached": false, "scenario_length": 1}}, "[[32.44020006607131], [2.5, 200.0, 208.38482115204727], [1.718716833827017, 5.514969284741216], [0.40934658083004205, 27.71534375672625]]": {"ego_positions": [[-9.3639, 12.4302]], "ego_orientations": [0.2011], "obs_positions": [[68.8577, 17.6709]], "obs_orientations": [3.0035], "objectives": {"extension_time": 1.0, "danger_difference": 64.96097500662808, "parameter_difference": 43.37780590500845}, "attributes": {"generation_number": 7, "individual_number": 397, "crash": true, "goal_reached": false, "scenario_length": 1}}, "[[7.9128497124788435], [2.5, 162.5343452525683, 1.0354288656803234], [1.4636098216219868, 82.90043617253315], [4.86416756064577, 9.612581784082641]]": {"ego_positions": [[-9.3639, 12.4302]], "ego_orientations": [0.2011], "obs_positions": [[68.8577, 17.6709]], "obs_orientations": [3.0035], "objectives": {"extension_time": 1.0, "danger_difference": 64.96097500662808, "parameter_difference": 39.602912287234815}, "attributes": {"generation_number": 8, "individual_number": 414, "crash": true, "goal_reached": false, "scenario_length": 1}}, "[[0.831988394117672], [35.87041741118328, 200.0, 105.74122871522584], [26.914670815449444, 129.26468828710898], [4.7085620014850385, 23.170958369183175]]": {"ego_positions": [[-9.3639, 12.4302]], "ego_orientations": [0.2011], "obs_positions": [[68.8577, 17.6709]], "obs_orientations": [3.0035], "objectives": {"extension_time": 1.0, "danger_difference": 64.96097500662808, "parameter_difference": 12.590037353036728}, "attributes": {"generation_number": 8, "individual_number": 427, "crash": true, "goal_reached": false, "scenario_length": 1}}, "[[0.9291967718257674], [35.87041741118328, 319.0591994756236, 2.5], [1.4795279307307565, 137.68465385961073], [3.1905227740568005, 38.27446344953736]]": {"ego_positions": [[-9.3639, 12.4302]], "ego_orientations": [0.2011], "obs_positions": [[68.8577, 17.6709]], "obs_orientations": [3.0035], "objectives": {"extension_time": 1.0, "danger_difference": 64.96097500662808, "parameter_difference": 40.936480211886945}, "attributes": {"generation_number": 8, "individual_number": 440, "crash": true, "goal_reached": false, "scenario_length": 1}}, "[[7.6832794502388815], [2.5, 64.07254255950608, 2.5], [54.90215650093387, 5.023725953049052], [2.492852697142793, 38.50240107015608]]": {"ego_positions": [[-9.3639, 12.4302]], "ego_orientations": [0.2011], "obs_positions": [[68.8577, 17.6709]], "obs_orientations": [3.0035], "objectives": {"extension_time": 1.0, "danger_difference": 64.96097500662808, "parameter_difference": 39.01874794795981}, "attributes": {"generation_number": 10, "individual_number": 514, "crash": true, "goal_reached": false, "scenario_length": 1}}, "[[0.49506394606425297], [2.5, 155.76275675393563, 105.74122871522584], [26.914670815449444, 149.26339811057773], [4.607119521192287, 19.57521904793955]]": {"ego_positions": [[-9.3639, 12.4302]], "ego_orientations": [0.2011], "obs_positions": [[68.8577, 17.6709]], "obs_orientations": [3.0035], "objectives": {"extension_time": 1.0, "danger_difference": 64.96097500662808, "parameter_difference": 2.592633921804475}, "attributes": {"generation_number": 11, "individual_number": 553, "crash": true, "goal_reached": false, "scenario_length": 1}}, "[[0.49506394606425297], [2.5, 197.15448303508987, 2.5], [26.914670815449444, 111.77628323619406], [0.029764750291759068, 19.57521904793955]]": {"ego_positions": [[-9.3639, 12.4302]], "ego_orientations": [0.2011], "obs_positions": [[68.8577, 17.6709]], "obs_orientations": [3.0035], "objectives": {"extension_time": 1.0, "danger_difference": 64.96097500662808, "parameter_difference": 39.02138997500404}, "attributes": {"generation_number": 12, "individual_number": 601, "crash": true, "goal_reached": false, "scenario_length": 1}}, "[[0.49506394606425297], [2.5, 155.76275675393563, 2.5], [21.69276424121562, 3.2708767058137767], [0.7557787653905219, 19.57521904793955]]": {"ego_positions": [[-9.3639, 12.4302]], "ego_orientations": [0.2011], "obs_positions": [[68.8577, 17.6709]], "obs_orientations": [3.0035], "objectives": {"extension_time": 1.0, "danger_difference": 64.96097500662808, "parameter_difference": 39.01761676695323}, "attributes": {"generation_number": 12, "individual_number": 643, "crash": true, "goal_reached": false, "scenario_length": 1}}, "[[0.49506394606425297], [2.5, 155.75844387237453, 2.5], [26.914670815449444, 166.92862116671338], [4.607119521192287, 19.525531499777504]]": {"ego_positions": [[-9.3639, 12.4302]], "ego_orientations": [0.2011], "obs_positions": [[68.8577, 17.6709]], "obs_orientations": [3.0035], "objectives": {"extension_time": 1.0, "danger_difference": 64.96097500662808, "parameter_difference": 39.01880049792264}, "attributes": {"generation_number": 15, "individual_number": 766, "crash": true, "goal_reached": false, "scenario_length": 1}}}