{"[[45.030125084940906], [23.48755631479077, 52.651943443761006, 316.93212537139624], [0.5406052427874003, 107.8682456054693], [1.5700158227706542, 14.085883004394395]]": {"ego_positions": [[-34.3499, 7.336]], "ego_orientations": [0.2011], "obs_positions": [[102.5345, 12.9937]], "obs_orientations": [3.0035], "objectives": {"extension_time": 2.7, "danger_difference": 64.96097500662808, "parameter_difference": 87.09144402828738}, "attributes": {"generation_number": 0, "individual_number": 36, "crash": true, "goal_reached": false, "scenario_length": 1}}, "[[6.477046999461071], [2.499437545270939, 177.50893655547475, 105.74122871522584], [2.441169087793096, 130.46023085194173], [2.6279981158282775, 3.903270421363637]]": {"ego_positions": [[-34.3499, 7.336]], "ego_orientations": [0.2011], "obs_positions": [[102.5345, 12.9937]], "obs_orientations": [3.0035], "objectives": {"extension_time": 2.7, "danger_difference": 64.96097500662808, "parameter_difference": 2.594843497728351}, "attributes": {"generation_number": 13, "individual_number": 693, "crash": true, "goal_reached": false, "scenario_length": 1}}}