{"[[44.07569529413661], [43.50157710643118, 163.572721447454, 888.7193047415684], [2.489300433354008, 114.17549946848156], [2.1092065882695614, 9.93449803805792]]": {"ego_positions": [[-28.4709, 8.5347]], "ego_orientations": [0.2011], "obs_positions": [[94.6105, 14.0942]], "obs_orientations": [3.0035], "objectives": {"extension_time": 2.3, "danger_difference": 64.96097500662808, "parameter_difference": 315.8649425536422}, "attributes": {"generation_number": 0, "individual_number": 6, "crash": true, "goal_reached": false, "scenario_length": 1}}, "[[44.07569529413661], [43.50157710643118, 165.22337510137498, 2.5], [2.3694236835573363, 114.17549946848156], [2.1092065882695614, 34.71837681335351]]": {"ego_positions": [[-28.4709, 8.5347]], "ego_orientations": [0.2011], "obs_positions": [[94.6105, 14.0942]], "obs_orientations": [3.0035], "objectives": {"extension_time": 2.3, "danger_difference": 64.96097500662808, "parameter_difference": 41.94654027458173}, "attributes": {"generation_number": 1, "individual_number": 65, "crash": true, "goal_reached": false, "scenario_length": 1}}, "[[41.358529786825514], [2.5, 62.16396682428852, 61.35200695184495], [1.8042960237940255, 99.0178438399503], [2.0662279207458485, 4.020665263473216]]": {"ego_positions": [[-28.4709, 8.5347]], "ego_orientations": [0.2011], "obs_positions": [[94.6105, 14.0942]], "obs_orientations": [3.0035], "objectives": {"extension_time": 2.3, "danger_difference": 64.96097500662808, "parameter_difference": 15.509543371683641}, "attributes": {"generation_number": 9, "individual_number": 463, "crash": true, "goal_reached": false, "scenario_length": 1}}}