{"[[5.995230952637732], [36.17154951976547, 140.33992580642234, 785.8782062989684], [0.20889236157122515, 140.97172201604096], [0.34976396815366184, 10.387603233058213]]": {"ego_positions": [[-35.8197, 7.0364]], "ego_orientations": [0.2011], "obs_positions": [[104.5155, 12.7186]], "obs_orientations": [3.0035], "objectives": {"extension_time": 2.8, "danger_difference": 64.96097500662808, "parameter_difference": 274.63497097042404}, "attributes": {"generation_number": 0, "individual_number": 0, "crash": true, "goal_reached": false, "scenario_length": 1}}, "[[34.67884932593016], [1.5124912196523344, 140.9389604003639, 2.5], [0.04043306509955137, 168.99223547675928], [0.28377625731118655, 10.514972487672125]]": {"ego_positions": [[-35.8197, 7.0364]], "ego_orientations": [0.2011], "obs_positions": [[104.5155, 12.7186]], "obs_orientations": [3.0035], "objectives": {"extension_time": 2.8, "danger_difference": 64.96097500662808, "parameter_difference": 39.03339694434204}, "attributes": {"generation_number": 1, "individual_number": 57, "crash": true, "goal_reached": false, "scenario_length": 1}}, "[[31.564844935424908], [7.561504167092725, 200.0, 2.4645298963532407], [0.11634942459340492, 151.23247242261692], [2.3928139050176847, 41.26443660659976]]": {"ego_positions": [[-35.8197, 7.0364]], "ego_orientations": [0.2011], "obs_positions": [[104.5155, 12.7186]], "obs_orientations": [3.0035], "objectives": {"extension_time": 2.8, "danger_difference": 64.96097500662808, "parameter_difference": 39.04610379762912}, "attributes": {"generation_number": 1, "individual_number": 78, "crash": true, "goal_reached": false, "scenario_length": 1}}, "[[6.06971558433723], [36.17154951976547, 200.0, 2.5], [0.20889236157122515, 140.97172201604096], [0.34976396815366184, 10.387603233058213]]": {"ego_positions": [[-35.8197, 7.0364]], "ego_orientations": [0.2011], "obs_positions": [[104.5155, 12.7186]], "obs_orientations": [3.0035], "objectives": {"extension_time": 2.8, "danger_difference": 64.96097500662808, "parameter_difference": 40.95240638535252}, "attributes": {"generation_number": 1, "individual_number": 87, "crash": true, "goal_reached": false, "scenario_length": 1}}, "[[41.1437221631356], [2.5, 200.0, 2.5], [0.47031259703911854, 97.95566566983753], [1.4502974297451885, 36.53986741098894]]": {"ego_positions": [[-35.8197, 7.0364]], "ego_orientations": [0.2011], "obs_positions": [[104.5155, 12.7186]], "obs_orientations": [3.0035], "objectives": {"extension_time": 2.8, "danger_difference": 64.96097500662808, "parameter_difference": 39.032138519847834}, "attributes": {"generation_number": 3, "individual_number": 187, "crash": true, "goal_reached": false, "scenario_length": 1}}, "[[9.26584756073036], [1.9592271143050901, 61.948393291569225, 2.4929077905834234], [2.3314016891646263, 82.93269696319375], [1.7936021805020501, 27.990745355042144]]": {"ego_positions": [[-35.8197, 7.0364]], "ego_orientations": [0.2011], "obs_positions": [[104.5155, 12.7186]], "obs_orientations": [3.0035], "objectives": {"extension_time": 2.8, "danger_difference": 64.96097500662808, "parameter_difference": 39.024860925911035}, "attributes": {"generation_number": 4, "individual_number": 237, "crash": true, "goal_reached": false, "scenario_length": 1}}, "[[33.48535490057583], [2.5, 118.94568773794293, 2.5], [2.2226993024931523, 5.514969284741216], [1.7958505422121926, 46.552190491891565]]": {"ego_positions": [[-35.8197, 7.0364]], "ego_orientations": [0.2011], "obs_positions": [[104.5155, 12.7186]], "obs_orientations": [3.0035], "objectives": {"extension_time": 2.8, "danger_difference": 64.96097500662808, "parameter_difference": 39.027372915754874}, "attributes": {"generation_number": 5, "individual_number": 278, "crash": true, "goal_reached": false, "scenario_length": 1}}, "[[5.346555331673731], [2.4074467965910777, 240.14943962965202, 2.5], [0.24419498570353332, 91.48609416518065], [2.0825565742561767, 32.749844854200084]]": {"ego_positions": [[-35.8197, 7.0364]], "ego_orientations": [0.2011], "obs_positions": [[104.5155, 12.7186]], "obs_orientations": [3.0035], "objectives": {"extension_time": 2.8, "danger_difference": 64.96097500662808, "parameter_difference": 39.02959373758467}, "attributes": {"generation_number": 5, "individual_number": 282, "crash": true, "goal_reached": false, "scenario_length": 1}}, "[[7.156184588679997], [2.5, 198.48696728462772, 2.5], [2.246611057183918, 16.81067800127158], [7.274681845406732, 37.44116515672762]]": {"ego_positions": [[-35.8197, 7.0364]], "ego_orientations": [0.2011], "obs_positions": [[104.5155, 12.7186]], "obs_orientations": [3.0035], "objectives": {"extension_time": 2.8, "danger_difference": 64.96097500662808, "parameter_difference": 39.0255534740173}, "attributes": {"generation_number": 8, "individual_number": 407, "crash": true, "goal_reached": false, "scenario_length": 1}}, "[[0.181271153617113], [2.5, 196.65323265488854, 2.498411095456433], [0.6262687962590843, 130.46023085194173], [0.7564003293738835, 24.582630523550215]]": {"ego_positions": [[-35.8197, 7.0364]], "ego_orientations": [0.2011], "obs_positions": [[104.5155, 12.7186]], "obs_orientations": [3.0035], "objectives": {"extension_time": 2.8, "danger_difference": 64.96097500662808, "parameter_difference": 39.023055260791196}, "attributes": {"generation_number": 10, "individual_number": 515, "crash": true, "goal_reached": false, "scenario_length": 1}}, "[[6.477046999461071], [2.499439131972534, 146.13960778087383, 2.5], [1.4731536186233511, 81.15580287369177], [2.303769026786288, 4.073492848711869]]": {"ego_positions": [[-35.8197, 7.0364]], "ego_orientations": [0.2011], "obs_positions": [[104.5155, 12.7186]], "obs_orientations": [3.0035], "objectives": {"extension_time": 2.8, "danger_difference": 64.96097500662808, "parameter_difference": 39.016014458098965}, "attributes": {"generation_number": 11, "individual_number": 570, "crash": true, "goal_reached": false, "scenario_length": 1}}, "[[14.94474542320075], [2.4999875431662173, 143.28065142327247, 2.5], [1.807938140863036, 78.30667173785343], [4.525794417211848, 3.505408675782336]]": {"ego_positions": [[-35.8197, 7.0364]], "ego_orientations": [0.2011], "obs_positions": [[104.5155, 12.7186]], "obs_orientations": [3.0035], "objectives": {"extension_time": 2.8, "danger_difference": 64.96097500662808, "parameter_difference": 39.016392820657465}, "attributes": {"generation_number": 13, "individual_number": 682, "crash": true, "goal_reached": false, "scenario_length": 1}}, "[[6.491739568280803], [2.483163998281769, 117.88644395122733, 1.16654909859313], [1.7754139987147626, 129.70240501061681], [9.209850097717421, 4.635419543811351]]": {"ego_positions": [[-35.8197, 7.0364]], "ego_orientations": [0.2011], "obs_positions": [[104.5155, 12.7186]], "obs_orientations": [3.0035], "objectives": {"extension_time": 2.8, "danger_difference": 64.96097500662808, "parameter_difference": 39.54867996234086}, "attributes": {"generation_number": 17, "individual_number": 884, "crash": true, "goal_reached": false, "scenario_length": 1}}, "[[6.3022355672611265], [2.5, 119.49065327698608, 61.35200695184495], [0.10212006628721415, 94.62886281084292], [2.250172169462029, 4.5365971765653645]]": {"ego_positions": [[-35.8197, 7.0364]], "ego_orientations": [0.2011], "obs_positions": [[104.5155, 12.7186]], "obs_orientations": [3.0035], "objectives": {"extension_time": 2.8, "danger_difference": 64.96097500662808, "parameter_difference": 15.496197753843655}, "attributes": {"generation_number": 18, "individual_number": 902, "crash": true, "goal_reached": false, "scenario_length": 1}}, "[[7.0075724191981825], [2.5, 198.93009883530993, 2.5], [0.5862398190366953, 64.90599146712724], [8.016077088612874, 15.562326997352127]]": {"ego_positions": [[-35.8197, 7.0364]], "ego_orientations": [0.2011], "obs_positions": [[104.5155, 12.7186]], "obs_orientations": [3.0035], "objectives": {"extension_time": 2.8, "danger_difference": 64.96097500662808, "parameter_difference": 39.020929418513326},