{"[[5], [5, 50, 100], [0.25, 20], [0.25, 5]]": {"ego_positions": [[463.41762, 981.75127], [462.38643819337517, 982.8553810190255], [461.3136272104612, 983.9699487525829], [460.1738248880331, 985.0410218259041], [458.97801795505063, 986.0405315333696], [457.7576667782526, 986.951297441014], [456.5033178792389, 987.794804185166], [455.2227705578356, 988.5750584685994], [453.9593970478674, 989.346272387559], [452.6939214983927, 990.1087505696045], [451.44486992178065, 990.798922093027], [450.20919492906023, 991.4688618265668], [448.9543766826762, 992.1135819504184], [447.7135477642833, 992.7109456327881], [446.50413666567084, 993.2792080288609], [445.3215113582938, 993.8319536941981], [444.1715070007663, 994.3699831393116], [443.04870389538297, 994.8952864808223], [441.95310204214377, 995.4078637187304], [440.8847014410487, 995.9077148530356], [439.84350209209776, 996.3948398837381], [438.8295039952909, 996.8692388108379], [437.8427071506282, 997.3309116343349], [436.88311155810965, 997.7798583542293], [435.9507172177352, 998.2160789705208], [435.0455241295048, 998.6395734832097], [434.1675322934186, 999.0503418922958], [433.3167417094765, 999.4483841977791], [432.49315237767854, 999.8337003996597], [431.6967642980247, 1000.2062904979376], [430.92757747051496, 1000.5661544926128], [430.1855918951494, 1000.9132923836852]], "ego_orientations": [2.3306081, 2.323459104027336, 2.3609046781607774, 2.416612949978, 2.4781691650770123, 2.5259159290324504, 2.5777240039659857, 2.601959546672149, 2.5837161418717276, 2.622559573457491, 2.642773726931886, 2.652185592388002, 2.6846293885133528, 2.698635415159645, 2.704653354544106, 2.7039942859379287, 2.7039942859379287, 2.7039942859379287, 2.7039942859379287, 2.7039942859379287, 2.7039942859379287, 2.7039942859379287, 2.7039942859379287, 2.7039942859379287, 2.7039942859379287, 2.7039942859379287, 2.7039942859379287, 2.7039942859379287, 2.7039942859379287, 2.7039942859379287, 2.7039942859379287, 2.7039942859379287], "obs_positions": [[461.0246, 988.1767], [460.3284, 988.7116], [459.6093, 989.253], [458.8636, 989.7895], [458.1068, 990.3262], [457.3129, 990.8565], [456.5018, 991.3678], [455.6682, 991.8846], [454.8106, 992.4076], [453.9293, 992.9314], [453.0183, 993.4485], [452.0829, 993.9537], [451.1274, 994.4422], [450.1481, 994.9346], [449.1448, 995.4343], [448.1095, 995.9326], [447.0441, 996.4175], [445.9577, 996.8967], [444.8478, 997.3755], [443.725, 997.8529], [442.5842, 998.3325], [441.4098, 998.7952], [440.2061, 999.2508], [438.9816, 999.7023], [437.7287, 1000.1549], [436.458, 1000.6083], [435.1588, 1001.066], [433.8301, 1001.5074], [432.477, 1001.9413], [431.1019, 1002.3698], [429.7013, 1002.798], [428.28, 1003.2237]], "obs_orientations": [2.4865, 2.4913, 2.507, 2.5213, 2.5386, 2.5659, 2.5829, 2.5902, 2.5996, 2.6153, 2.6358, 2.6576, 2.6723, 2.6776, 2.6862, 2.7037, 2.7203, 2.7302, 2.7369, 2.7416, 2.7549, 2.773, 2.784, 2.7916, 2.7968, 2.8008, 2.8118, 2.826, 2.8353, 2.8421, 2.8477, 2.8541], "attributes": {"crash": true, "goal_reached": false, "max_danger": 106.45272028700299, "scenario_length": 32, "lower_bound": -1.0, "upper_bound": 1.8}}}