{"[[4.895999376340445], [2.4757051916106056, 200.0, 2.5], [0.5444170705301304, 121.38011638783146], [0.26490219191182135, 17.983764012074452]]": {"ego_positions": [[468.6533, 969.6223]], "ego_orientations": [1.6529], "obs_positions": [[466.636, 982.6413]], "obs_orientations": [2.2191], "objectives": {"extension_time": 0.9, "danger_difference": 93.54727971299701, "parameter_difference": 39.0216680544268}, "attributes": {"generation_number": 2, "individual_number": 102, "crash": true, "goal_reached": false, "scenario_length": 1}}, "[[12.164418495299621], [4.896780039598103, 143.8451144103554, 100.35726320098904], [2.4935840807458765, 111.02145225919882], [1.299583062506814, 0.04384519028278744]]": {"ego_positions": [[468.6533, 969.6223]], "ego_orientations": [1.6529], "obs_positions": [[466.636, 982.6413]], "obs_orientations": [2.2191], "objectives": {"extension_time": 0.9, "danger_difference": 93.54727971299701, "parameter_difference": 0.5533909124794677}, "attributes": {"generation_number": 18, "individual_number": 942, "crash": true, "goal_reached": false, "scenario_length": 1}}, "[[12.164418495299621], [2.5, 143.8451144103554, 100.35726320098904], [2.4935840807458765, 15.327040845865554], [1.299583062506814, 3.010797341585186]]": {"ego_positions": [[468.6533, 969.6223]], "ego_orientations": [1.6529], "obs_positions": [[466.636, 982.6413]], "obs_orientations": [2.2191], "objectives": {"extension_time": 0.9, "danger_difference": 93.54727971299701, "parameter_difference": 1.12394035169562}, "attributes": {"generation_number": 19, "individual_number": 960, "crash": true, "goal_reached": false, "scenario_length": 1}}, "[[12.185597878411222], [2.4997772494302897, 125.35560479256623, 100.35726320098904], [5.833129167462644, 87.04284106095318], [1.2829397171695345, 21.965505290442493]]": {"ego_positions": [[468.6533, 969.6223]], "ego_orientations": [1.6529], "obs_positions": [[466.636, 982.6413]], "obs_orientations": [2.2191], "objectives": {"extension_time": 0.9, "danger_difference": 93.54727971299701, "parameter_difference": 1.1475117467015876}, "attributes": {"generation_number": 19, "individual_number": 974, "crash": true, "goal_reached": false, "scenario_length": 1}}, "[[12.756876016882437], [2.5, 143.44199283010903, 2.5], [2.4935457259937635, 111.02145225919882], [1.2659525504597, 0.44083438233830097]]": {"ego_positions": [[468.6533, 969.6223]], "ego_orientations": [1.6529], "obs_positions": [[466.636, 982.6413]], "obs_orientations": [2.2191], "objectives": {"extension_time": 0.9, "danger_difference": 93.54727971299701, "parameter_difference": 39.01646094552511}, "attributes": {"generation_number": 19, "individual_number": 982, "crash": true, "goal_reached": false, "scenario_length": 1}}, "[[12.164418495299621], [2.3648800682760873, 143.82079090549772, 100.35726320098904], [1.2914016198965754, 109.61835942040264], [1.261274879618162, 0.04384519028278744]]": {"ego_positions": [[468.6533, 969.6223]], "ego_orientations": [1.6529], "obs_positions": [[466.636, 982.6413]], "obs_orientations": [2.2191], "objectives": {"extension_time": 0.9, "danger_difference": 93.54727971299701, "parameter_difference": 1.1892814931082296}, "attributes": {"generation_number": 19, "individual_number": 987, "crash": true, "goal_reached": false, "scenario_length": 1}}}