{"[[28.930110403332087], [27.435333750071155, 247.51782121187145, 592.4811195543401], [1.983491996233501, 37.0796022657663], [1.0616134443369287, 18.79157478647158]]": {"ego_positions": [[468.5302, 971.1172]], "ego_orientations": [1.7361], "obs_positions": [[466.1058, 983.341]], "obs_orientations": [2.3248], "objectives": {"extension_time": 0.8, "danger_difference": 93.54727971299701, "parameter_difference": 197.20000375139077}, "attributes": {"generation_number": 0, "individual_number": 33, "crash": true, "goal_reached": false, "scenario_length": 1}}, "[[32.00190894541157], [6.573367557219828, 328.9734494176464, 566.0345957907803], [2.4427432289637476, 36.00168551522103], [1.1079127776997786, 30.773606066129727]]": {"ego_positions": [[468.5302, 971.1172]], "ego_orientations": [1.7361], "obs_positions": [[466.1058, 983.341]], "obs_orientations": [2.3248], "objectives": {"extension_time": 0.8, "danger_difference": 93.54727971299701, "parameter_difference": 186.4216176421193}, "attributes": {"generation_number": 0, "individual_number": 35, "crash": true, "goal_reached": false, "scenario_length": 1}}, "[[12.017683144589226], [2.5, 42.91965485828753, 943.5782834581851], [2.422524700231073, 111.25665528989434], [2.3642627379478984, 22.587007207813464]]": {"ego_positions": [[468.5302, 971.1172]], "ego_orientations": [1.7361], "obs_positions": [[466.1058, 983.341]], "obs_orientations": [2.3248], "objectives": {"extension_time": 0.8, "danger_difference": 93.54727971299701, "parameter_difference": 337.4330615529461}, "attributes": {"generation_number": 1, "individual_number": 50, "crash": true, "goal_reached": false, "scenario_length": 1}}, "[[29.32187605188882], [27.435333750071155, 200.0, 2.5], [0.405390598186103, 38.782177994956534], [0.6212254709829212, 18.79157478647158]]": {"ego_positions": [[468.5302, 971.1172]], "ego_orientations": [1.7361], "obs_positions": [[466.1058, 983.341]], "obs_orientations": [2.3248], "objectives": {"extension_time": 0.8, "danger_difference": 93.54727971299701, "parameter_difference": 40.03013543295313}, "attributes": {"generation_number": 1, "individual_number": 76, "crash": true, "goal_reached": false, "scenario_length": 1}}, "[[31.796265644570248], [2.5, 328.9734494176464, 566.0345957907803], [2.4427432289637476, 39.7929816575192], [0.7211252327917873, 3.3380937421408987]]": {"ego_positions": [[468.5302, 971.1172]], "ego_orientations": [1.7361], "obs_positions": [[466.1058, 983.341]], "obs_orientations": [2.3248], "objectives": {"extension_time": 0.8, "danger_difference": 93.54727971299701, "parameter_difference": 186.4225167510924}, "attributes": {"generation_number": 1, "individual_number": 80, "crash": true, "goal_reached": false, "scenario_length": 1}}, "[[15.586046877546893], [2.4600752166491264, 138.9037673669229, 100.35726320098904], [122.26389326048158, 111.47763836442313], [0.6209061659887449, 0.8063422611762143]]": {"ego_positions": [[468.5302, 971.1172]], "ego_orientations": [1.7361], "obs_positions": [[466.1058, 983.341]], "obs_orientations": [2.3248], "objectives": {"extension_time": 0.8, "danger_difference": 93.54727971299701, "parameter_difference": 1.1621055432934}, "attributes": {"generation_number": 19, "individual_number": 985, "crash": true, "goal_reached": false, "scenario_length": 1}}}