{"[[37.34617410512268], [2.5, 193.93875055866354, 2.5], [2.3291690804028042, 134.49720617221027], [1.7722371277068052, 24.29592888159875]]": {"ego_positions": [[461.3207, 983.894], [460.24228316987325, 984.9393006195635], [459.10690231145094, 985.9331667157008], [457.92804199113823, 986.8642095355486], [456.71775903840177, 987.7460222458619], [455.4783462057792, 988.5558244662543], [454.2605459386245, 989.3193448574806], [453.03906249523635, 990.0635863964558], [451.8245444285414, 990.7408807145326], [450.6452625619372, 991.382190286457], [449.46545746729214, 992.0044379948392], [448.28090300930177, 992.5856818397565], [447.10099367747114, 993.144981752199], [445.92308968087406, 993.6952399479743], [444.76808856082715, 994.2422793915061], [443.6929675250428, 994.8075746118581], [442.6196306587667, 995.3719317215586], [441.5480779619989, 995.9353507206074], [440.4783094347394, 996.4978316090048], [439.41032507698816, 997.0593743867507], [438.3441248887452, 997.6199790538452], [437.27970887001055, 998.179645610288], [436.21707702078413, 998.7383740560795], [435.156229341066, 999.2961643912193], [434.09716583085617, 999.8530166157077], [433.03988649015463, 1000.4089307295446], [431.98439131896134, 1000.96390673273], [430.93068031727637, 1001.5179446252638], [429.87875348509965, 1002.0710444071462], [428.8286108224312, 1002.623206078377], [427.7802523292711, 1003.1744296389563]], "ego_orientations": [2.3618, 2.3945497915838447, 2.4549587220018463, 2.492364889010639, 2.53949609497894, 2.5808918538557295, 2.5818119577133776, 2.6163456421082634, 2.6426410330832666, 2.644636890393231, 2.672886359570824, 2.6950435347622834, 2.703670392782451, 2.704334629600771, 2.657521207228635, 2.657521207228635, 2.657521207228635, 2.657521207228635, 2.657521207228635, 2.657521207228635, 2.657521207228635, 2.657521207228635, 2.657521207228635, 2.657521207228635, 2.657521207228635, 2.657521207228635, 2.657521207228635, 2.657521207228635, 2.657521207228635, 2.657521207228635, 2.657521207228635], "obs_positions": [[459.6093, 989.253], [458.8636, 989.7895], [458.1068, 990.3262], [457.3129, 990.8565], [456.5018, 991.3678], [455.6682, 991.8846], [454.8106, 992.4076], [453.9293, 992.9314], [453.0183, 993.4485], [452.0829, 993.9537], [451.1274, 994.4422], [450.1481, 994.9346], [449.1448, 995.4343], [448.1095, 995.9326], [447.0441, 996.4175], [445.9577, 996.8967], [444.8478, 997.3755], [443.725, 997.8529], [442.5842, 998.3325], [441.4098, 998.7952], [440.2061, 999.2508], [438.9816, 999.7023], [437.7287, 1000.1549], [436.458, 1000.6083], [435.1588, 1001.066], [433.8301, 1001.5074], [432.477, 1001.9413], [431.1019, 1002.3698], [429.7013, 1002.798], [428.28, 1003.2237], [426.8399, 1003.6438]], "obs_orientations": [2.507, 2.5213, 2.5386, 2.5659, 2.5829, 2.5902, 2.5996, 2.6153, 2.6358, 2.6576, 2.6723, 2.6776, 2.6862, 2.7037, 2.7203, 2.7302, 2.7369, 2.7416, 2.7549, 2.773, 2.784, 2.7916, 2.7968, 2.8008, 2.8118, 2.826, 2.8353, 2.8421, 2.8477, 2.8541, 2.8622], "objectives": {"extension_time": -0.2, "danger_difference": -2.434471035314175, "parameter_difference": 39.02741051984163}, "attributes": {"generation_number": 3, "individual_number": 194, "crash": true, "goal_reached": false, "scenario_length": 31}}, "[[37.33469228670631], [2.5, 150.57317569092058, 2.5], [2.3234222460506624, 146.81858869020164], [1.1895964699737709, 1.0410453155833412]]": {"ego_positions": [[461.3207, 983.894], [460.24228316987325, 984.9393006195635], [459.10690231145094, 985.9331667157008], [457.92804199113823, 986.8642095355486], [456.71775903840177, 987.7460222458619], [455.4783462057792, 988.5558244662543], [454.2605459386245, 989.3193448574806], [453.03906249523635, 990.0635863964558], [451.8245444285414, 990.7408807145326], [450.6452625619372, 991.382190286457], [449.46545746729214, 992.0044379948392], [448.28090300930177, 992.5856818397565], [447.10099367747114, 993.144981752199], [445.92308968087406, 993.6952399479743], [444.76808856082715, 994.2422793915061], [443.6929675250428, 994.8075746118581], [442.6196306587667, 995.3719317215586], [441.5480779619989, 995.9353507206074], [440.4783094347394, 996.4978316090048], [439.41032507698816, 997.0593743867507], [438.3441248887452, 997.6199790538452], [437.27970887001055, 998.179645610288], [436.21707702078413, 998.7383740560795], [435.156229341066, 999.2961643912193], [434.09716583085617, 999.8530166157077], [433.03988649015463, 1000.4089307295446], [431.98439131896134, 1000.96390673273], [430.93068031727637, 1001.5179446252638], [429.87875348509965, 1002.0710444071462], [428.8286108224312, 1002.623206078377], [427.7802523292711, 1003.1744296389563]], "ego_orientations": [2.3618, 2.3945497915838447, 2.4549587220018463, 2.492364889010639, 2.53949609497894, 2.5808918538557295, 2.5818119577133776, 2.6163456421082634, 2.6426410330832666, 2.644636890393231, 2.672886359570824, 2.6950435347622834, 2.703670392782451, 2.704334629600771, 2.657521207228635, 2.657521207228635, 2.657521207228635, 2.657521207228635, 2.657521207228635, 2.657521207228635, 2.657521207228635, 2.657521207228635, 2.657521207228635, 2.657521207228635, 2.657521207228635, 2.657521207228635, 2.657521207228635, 2.657521207228635, 2.657521207228635, 2.657521207228635, 2.657521207228635], "obs_positions": [[459.6093, 989.253], [458.8636, 989.7895], [458.1068, 990.3262], [457.3129, 990.8565], [456.5018, 991.3678], [455.6682, 991.8846], [454.8106, 992.4076], [453.9293, 992.9314], [453.0183, 993.4485], [452.0829, 993.9537], [451.1274, 994.4422], [450.1481, 994.9346], [449.1448, 995.4343], [448.1095, 995.9326], [447.0441, 996.4175], [445.9577, 996.8967], [444.8478, 997.3755], [443.725, 997.8529], [442.5842, 998.3325], [441.4098, 998.7952], [440.2061, 999.2508], [438.9816, 999.7023], [437.7287, 1000.1549], [436.458, 1000.6083], [435.1588, 1001.066], [433.8301, 1001.5074], [432.477, 1001.9413], [431.1019, 1002.3698], [429.7013, 1002.798], [428.28, 1003.2237], [426.8399, 1003.6438]], "obs_orientations": [2.507, 2.5213, 2.5386, 2.5659, 2.5829, 2.5902, 2.5996, 2.6153, 2.6358, 2.6576, 2.6723, 2.6776, 2.6862, 2.7037, 2.7203, 2.7302, 2.7369, 2.7416, 2.7549, 2.773, 2.784, 2.7916, 2.7968, 2.8008, 2.8118, 2.826, 2.8353, 2.8421, 2.8477, 2.8541, 2.8622], "objectives": {"extension_time": -0.2, "danger_difference": -2.434471035314175, "parameter_difference": 39.02232752673963}, "attributes": {"generation_number": 5, "individual_number": 286, "crash": true, "goal_reached": false, "scenario_length": 31}}}