{"[[12.298556164681063], [23.313497700749057, 346.7036143315984, 2.5], [0.0696536653850452, 132.32546254424938], [1.1689271131148262, 36.12090394678738]]": {"ego_positions": [[462.3862, 982.8404], [461.3449130012049, 983.9243599331928], [460.2538798908447, 984.9589055901071], [459.0943257252034, 985.9153758375238], [457.8780323438491, 986.7933343850399], [456.61148905070684, 987.6181268754955], [455.29623526076875, 988.3776041599507], [453.9667378906795, 989.1048975259579], [452.60111158136357, 989.8064342958872], [451.21831028725626, 990.4837848081987], [449.84594174818307, 991.1911774669727], [448.46870620037345, 991.8821107147697], [447.1069926664191, 992.533793715977], [445.78042423167625, 993.155967088571], [444.4870046332219, 993.7700746616563], [443.22829275791827, 994.4381086540322], [441.9695808826147, 995.1061426464081], [440.7108690073111, 995.7741766387841], [439.4521571320075, 996.44221063116], [438.1934452567039, 997.1102446235359], [436.93473338140035, 997.7782786159119], [435.67602150609673, 998.4463126082877], [434.41730963079317, 999.1143466006637], [433.15859775548955, 999.7823805930396], [431.899885880186, 1000.4504145854155], [430.6411740048824, 1001.1184485777915], [429.3824621295788, 1001.7864825701674], [428.1237502542752, 1002.4545165625433], [426.86503837897163, 1003.1225505549193], [425.606326503668, 1003.7905845472951], [424.34761462836445, 1004.4586185396711]], "ego_orientations": [2.3289, 2.355185746329681, 2.417275470332291, 2.4919485325752424, 2.541872793632652, 2.594631344207701, 2.6349383413478, 2.6455643062192893, 2.6858301142519116, 2.676219803298497, 2.6658102516220055, 2.6917949031108375, 2.7003011917788626, 2.703820595071366, 2.6536656741093387, 2.6536656741093387, 2.6536656741093387, 2.6536656741093387, 2.6536656741093387, 2.6536656741093387, 2.6536656741093387, 2.6536656741093387, 2.6536656741093387, 2.6536656741093387, 2.6536656741093387, 2.6536656741093387, 2.6536656741093387, 2.6536656741093387, 2.6536656741093387, 2.6536656741093387, 2.6536656741093387], "obs_positions": [[460.3284, 988.7116], [459.6093, 989.253], [458.8636, 989.7895], [458.1068, 990.3262], [457.3129, 990.8565], [456.5018, 991.3678], [455.6682, 991.8846], [454.8106, 992.4076], [453.9293, 992.9314], [453.0183, 993.4485], [452.0829, 993.9537], [451.1274, 994.4422], [450.1481, 994.9346], [449.1448, 995.4343], [448.1095, 995.9326], [447.0441, 996.4175], [445.9577, 996.8967], [444.8478, 997.3755], [443.725, 997.8529], [442.5842, 998.3325], [441.4098, 998.7952], [440.2061, 999.2508], [438.9816, 999.7023], [437.7287, 1000.1549], [436.458, 1000.6083], [435.1588, 1001.066], [433.8301, 1001.5074], [432.477, 1001.9413], [431.1019, 1002.3698], [429.7013, 1002.798], [428.28, 1003.2237]], "obs_orientations": [2.4913, 2.507, 2.5213, 2.5386, 2.5659, 2.5829, 2.5902, 2.5996, 2.6153, 2.6358, 2.6576, 2.6723, 2.6776, 2.6862, 2.7037, 2.7203, 2.7302, 2.7369, 2.7416, 2.7549, 2.773, 2.784, 2.7916, 2.7968, 2.8008, 2.8118, 2.826, 2.8353, 2.8421, 2.8477, 2.8541], "objectives": {"extension_time": -0.1, "danger_difference": -3.6021418073350446, "parameter_difference": 39.7155110155956}, "attributes": {"generation_number": 2, "individual_number": 140, "crash": true, "goal_reached": false, "scenario_length": 31}}, "[[42.36473350178828], [2.5, 200.0, 2.5], [0.2780567621038834, 178.41672879230285], [1.93570879009533, 39.49580671019715]]": {"ego_positions": [[462.3862, 982.8404], [461.3449130012049, 983.9243599331928], [460.25992874007324, 984.9631587280685], [459.1330410634619, 985.9410210067742], [457.97875985126313, 986.8488754333223], [456.7945002277116, 987.7029007740805], [455.57812122601484, 988.5020301674932], [454.37350774818634, 989.2649599909843], [453.15878983484646, 990.0165079787324], [451.94059545212616, 990.700662579758], [450.75758266111194, 991.3434867942591], [449.5773736311785, 991.9692359996272], [448.3911348472179, 992.5544750834035], [447.21070504926263, 993.1150986634203], [446.03213476075405, 993.6658005050907], [444.8696752066053, 994.2125339346602], [443.7903554506038, 994.762341452353], [442.7134450137323, 995.3109216583406], [441.63894389599085, 995.858274552623], [440.56685209737935, 996.4044001352001], [439.49716961789795, 996.9492984060722], [438.4298964575465, 997.492969365239], [437.3650326163251, 998.0354130127005], [436.30257809423364, 998.5766293484569], [435.2425328912723, 999.116618372508], [434.1848970074409, 999.655380084854], [433.1296704427395, 1000.1929144854947], [432.07685319716813, 1000.7292215744302], [431.0264452707268, 1001.2643013516605], [429.97844666341547, 1001.7981538171856], [428.93285737523416, 1002.3307789710055], [427.88967740618284, 1002.8621768131203]], "ego_orientations": [2.3289, 2.355185746329681, 2.4035090392666367, 2.4541507674155816, 2.4979329652896833, 2.5407924528710204, 2.57783055414337, 2.5765279801478274, 2.6105843146193513, 2.643084315370788, 2.644724150581478, 2.6701527383372046, 2.6942628839468252, 2.702960493815897, 2.7044339509826676, 2.6704518577868246, 2.6704518577868246, 2.6704518577868246, 2.6704518577868246, 2.6704518577868246, 2.6704518577868246, 2.6704518577868246, 2.6704518577868246, 2.6704518577868246, 2.6704518577868246, 2.6704518577868246, 2.6704518577868246, 2.6704518577868246, 2.6704518577868246, 2.6704518577868246, 2.6704518577868246, 2.6704518577868246], "obs_positions": [[460.3284, 988.7116], [459.6093, 989.253], [458.8636, 989.7895], [458.1068, 990.3262], [457.3129, 990.8565], [456.5018, 991.3678], [455.6682, 991.8846], [454.8106, 992.4076], [453.9293, 992.9314], [453.0183, 993.4485], [452.0829, 993.9537], [451.1274, 994.4422], [450.1481, 994.9346], [449.1448, 995.4343], [448.1095, 995.9326], [447.0441, 996.4175], [445.9577, 996.8967], [444.8478, 997.3755], [443.725, 997.8529], [442.5842, 998.3325], [441.4098, 998.7952], [440.2061, 999.2508], [438.9816, 999.7023], [437.7287, 1000.1549], [436.458, 1000.6083], [435.1588, 1001.066], [433.8301, 1001.5074], [432.477, 1001.9413], [431.1019, 1002.3698], [429.7013, 1002.798], [428.28, 1003.2237], [426.8399, 1003.6438]], "obs_orientations": [2.4913, 2.507, 2.5213, 2.5386, 2.5659, 2.5829, 2.5902, 2.5996, 2.6153, 2.6358, 2.6576, 2.6723, 2.6776, 2.6862, 2.7037, 2.7203, 2.7302, 2.7369, 2.7416, 2.7549, 2.773, 2.784, 2.7916, 2.7968, 2.8008, 2.8118, 2.826, 2.8353, 2.8421, 2.8477, 2.8541, 2.8622], "objectives": {"extension_time": -0.1, "danger_difference": -2.4491602355396367, "parameter_difference": 39.03458022936049}, "attributes": {"generation_number": 3, "individual_number": 157, "crash": true, "goal_reached": false, "scenario_length": 32}},