{"[[12.298556164681063], [23.313497700749057, 346.7036143315984, 165.19070016870273], [0.0696536653850452, 132.28569707819545], [1.1689271131148262, 41.81440757310761]]": {"ego_positions": [[465.271, 979.3967]], "ego_orientations": [2.2115], "obs_positions": [[462.3563, 987.0326]], "obs_orientations": [2.4283], "objectives": {"extension_time": 0.2, "danger_difference": 93.54727971299701, "parameter_difference": 27.13759159611507}, "attributes": {"generation_number": 0, "individual_number": 11, "crash": true, "goal_reached": false, "scenario_length": 1}}, "[[49.84555136718516], [20.10853737357413, 200.0, 2.5], [2.2019249467743522, 153.1015823247907], [2.326668128332226, 0.10276468386082316]]": {"ego_positions": [[465.271, 979.3967]], "ego_orientations": [2.2115], "obs_positions": [[462.3563, 987.0326]], "obs_orientations": [2.4283], "objectives": {"extension_time": 0.2, "danger_difference": 93.54727971299701, "parameter_difference": 39.48381946775849}, "attributes": {"generation_number": 2, "individual_number": 114, "crash": true, "goal_reached": false, "scenario_length": 1}}, "[[12.58506018719504], [2.5, 346.7036143315984, 165.19070016870273], [0.05796472543154191, 130.02807475594128], [0.32349536956299807, 41.81440757310761]]": {"ego_positions": [[465.271, 979.3967]], "ego_orientations": [2.2115], "obs_positions": [[462.3563, 987.0326]], "obs_orientations": [2.4283], "objectives": {"extension_time": 0.2, "danger_difference": 93.54727971299701, "parameter_difference": 26.149316787065235}, "attributes": {"generation_number": 2, "individual_number": 128, "crash": true, "goal_reached": false, "scenario_length": 1}}}