{"[[30.107827356650834], [5.269281361407546, 122.91113846454216, 196.20953145995878], [0.8577320280499432, 3.0922446882615917], [0.49317565995910195, 17.648121423524042]]": {"ego_positions": [[468.6132, 968.1229]], "ego_orientations": [1.544], "obs_positions": [[467.1661, 981.9415]], "obs_orientations": [2.2191], "objectives": {"extension_time": 1.0, "danger_difference": 93.54727971299701, "parameter_difference": 38.489812321497915}, "attributes": {"generation_number": 0, "individual_number": 29, "crash": true, "goal_reached": false, "scenario_length": 1}}, "[[30.107827356650834], [2.5, 200.0, 196.20953145995878], [0.4099201529969049, 3.0922446882615917], [0.49317565995910195, 17.669500017261875]]": {"ego_positions": [[468.6132, 968.1229]], "ego_orientations": [1.544], "obs_positions": [[467.1661, 981.9415]], "obs_orientations": [2.2191], "objectives": {"extension_time": 1.0, "danger_difference": 93.54727971299701, "parameter_difference": 38.50823114422896}, "attributes": {"generation_number": 1, "individual_number": 56, "crash": true, "goal_reached": false, "scenario_length": 1}}, "[[0.9657969983758825], [2.5, 78.37337144404906, 2.5], [0.2099499468004007, 150.51091154064972], [1.55219679711474, 23.614952044082365]]": {"ego_positions": [[468.6132, 968.1229]], "ego_orientations": [1.544], "obs_positions": [[467.1661, 981.9415]], "obs_orientations": [2.2191], "objectives": {"extension_time": 1.0, "danger_difference": 93.54727971299701, "parameter_difference": 39.01581798936029}, "attributes": {"generation_number": 1, "individual_number": 92, "crash": true, "goal_reached": false, "scenario_length": 1}}, "[[7.798771571412226], [4.896780039598103, 197.52343902924025, 2.5], [0.6481286400635432, 120.9058605558552], [0.3865799597713327, 0.4344757873342022]]": {"ego_positions": [[468.6132, 968.1229]], "ego_orientations": [1.544], "obs_positions": [[467.1661, 981.9415]], "obs_orientations": [2.2191], "objectives": {"extension_time": 1.0, "danger_difference": 93.54727971299701, "parameter_difference": 39.00766578851634}, "attributes": {"generation_number": 8, "individual_number": 437, "crash": true, "goal_reached": false, "scenario_length": 1}}, "[[12.164418440718846], [2.495278461002288, 193.98534441633032, 100.35726320098904], [89.48233483252645, 120.71631412672951], [0.6041813755782761, 36.71501567167918]]": {"ego_positions": [[468.6132, 968.1229]], "ego_orientations": [1.544], "obs_positions": [[467.1661, 981.9415]], "obs_orientations": [2.2191], "objectives": {"extension_time": 1.0, "danger_difference": 93.54727971299701, "parameter_difference": 1.4191382377140511}, "attributes": {"generation_number": 19, "individual_number": 972, "crash": true, "goal_reached": false, "scenario_length": 1}}, "[[12.527637357565062], [2.5, 187.57352284172958, 2.5], [161.97289129172, 164.13154765149173], [0.5532327271428727, 0.3436507857489126]]": {"ego_positions": [[468.6132, 968.1229]], "ego_orientations": [1.544], "obs_positions": [[467.1661, 981.9415]], "obs_orientations": [2.2191], "objectives": {"extension_time": 1.0, "danger_difference": 93.54727971299701, "parameter_difference": 39.020684095813465}, "attributes": {"generation_number": 19, "individual_number": 981, "crash": true, "goal_reached": false, "scenario_length": 1}}}