{"[[11.055520496441517], [2.4497800800010756, 200.0, 2.395816502012306], [0.3137381515149747, 205.51458987794894], [0.32340358683917425, 16.55491833166417]]": {"ego_positions": [[461.8194, 940.4707], [462.1974540821838, 941.9225314246113], [462.56972245596256, 943.3772908077599], [462.93390768084885, 944.8366383766306], [463.29031101379275, 946.3012141931547], [463.64068708475827, 947.7709956441084], [463.9874278664894, 949.2455850636763], [464.33299938077414, 950.7243980395533], [464.6792770888134, 952.2056075686761], [465.0266357146008, 953.683350115169], [465.3752851977759, 955.153108967646], [465.72546731205665, 956.6124715088569], [466.07721594566294, 958.0604173820444], [466.43029643399257, 959.4963841697653], [466.7843793241997, 960.9199854507898], [467.1388564582378, 962.3310840416076], [467.48166957691717, 963.7325499723145], [467.7899402207823, 965.1292217944001], [468.0258358026969, 966.5272216846438], [468.16771859801, 967.9255199492269], [468.20614832689915, 969.3187242905575], [468.13024589044016, 970.6990111504839], [467.9058791709643, 972.052439291857], [467.61808888544596, 973.3857455948521], [467.3321722275139, 974.7106764014429], [467.0476392395203, 976.0282330048043], [466.7640525125569, 977.3395713181094], [466.48104160005175, 978.6460050058855], [466.1983174313654, 979.9490086153693], [465.9156867253889, 981.2502207078622], [465.6330651538319, 982.5511248587476], [465.35044358227486, 983.8520290096328]], "ego_orientations": [1.3152, 1.3176691306546013, 1.323151777997154, 1.329289257955848, 1.3346799697242584, 1.3385963680464077, 1.3408110855617594, 1.3414038438179678, 1.3406927705936145, 1.3390223237687822, 1.3366511994794261, 1.3338980168086267, 1.3310733160528918, 1.3283333553968286, 1.3257288094644883, 1.3260539537853697, 1.3369380154078725, 1.3797197025126868, 1.437919258157003, 1.5079013561797077, 1.585632468624735, 1.6837817388239633, 1.7834838842974206, 1.783320935459745, 1.783381454110999, 1.783612315054618, 1.783947259364088, 1.7843070238989962, 1.7845998167310428, 1.7847221848776622, 1.7847221848776622, 1.7847221848776622], "obs_positions": [[471.4936, 966.3095], [471.5987, 967.1812], [471.6609, 968.0557], [471.6753, 968.9336], [471.6897, 969.8114], [471.6195, 970.6859], [471.5364, 971.5599], [471.4273, 972.4299], [471.2442, 973.2886], [471.0612, 974.1472], [470.8148, 974.9886], [470.5351, 975.8207], [470.251, 976.6512], [469.8819, 977.4478], [469.5129, 978.2444], [469.109, 979.0227], [468.6609, 979.7777], [468.2128, 980.5327], [467.6963, 981.2417], [467.1661, 981.9415], [466.636, 982.6413], [466.1058, 983.341], [465.505, 983.9807], [464.8982, 984.6152], [464.2914, 985.2497], [463.6842, 985.8838], [463.0203, 986.4582], [462.3563, 987.0326], [461.6924, 987.607], [461.0246, 988.1767], [460.3284, 988.7116], [459.6093, 989.253]], "obs_orientations": [1.4507, 1.4998, 1.5544, 1.5544, 1.6508, 1.6655, 1.6955, 1.7808, 1.7808, 1.8556, 1.8951, 1.9003, 2.0046, 2.0046, 2.0494, 2.1064, 2.1064, 2.2003, 2.2191, 2.2191, 2.2191, 2.3248, 2.3339, 2.3339, 2.3345, 2.4283, 2.4283, 2.4283, 2.4353, 2.4865, 2.4913, 2.507], "objectives": {"extension_time": 2.9, "danger_difference": -105.3787794065495, "parameter_difference": 39.06483175785934}, "attributes": {"generation_number": 7, "individual_number": 378, "crash": false, "goal_reached": false, "scenario_length": 32}}, "[[12.164418495299621], [4.896780039598103, 161.41139467102133, 100.35726320098904], [2.496806025395796, 5.83275734178865], [2.0032640002539166, 1.6328808011164844]]": {"ego_positions": [[461.8194, 940.4707], [462.1981556187976, 941.9222333034274], [462.57443397522786, 943.3752064269846], [462.94633194297444, 944.8308564782872], [463.3114580099601, 946.2907226413561], [463.66940695512426, 947.7556073432688], [464.0214730925364, 949.2256075106911], [464.36975795933233, 950.7003965836227], [464.7171111869142, 952.1780178821527], [465.06769938379233, 953.6517115120192], [465.4238772783212, 955.1162627301552], [465.78536616999935, 956.5687668691783], [466.1495801853289, 958.0093565622583], [466.51406621259304, 959.438731969803], [466.87700445088075, 960.8574930087433], [467.237035909671, 962.2664232968369], [467.5822804084562, 963.6699094267793], [467.8908442269073, 965.0748171618465], [468.1234915526169, 966.4858007749579], [468.2582178464615, 967.9007198711972], [468.28526059523165, 969.3127406628349], [468.1936269434963, 970.7138700217531], [467.9492247004899, 972.0879868069031], [467.64338777301356, 973.4383625755361], [467.3404737389446, 974.7833155976183], [467.0407581853251, 976.1237521027814], [466.74430035465474, 977.4605969909925], [466.4508742456785, 978.7947788641931], [466.15989971417474, 980.1272150579371], [465.87037357374396, 981.4587966730298], [465.58111769299546, 982.7902384800392]], "ego_orientations": [1.3152, 1.3162293614184843, 1.3187254088209244, 1.3229844038154226, 1.328490992566351, 1.333634889159046, 1.3375635287539689, 1.339941271948439, 1.339131992420596, 1.334960607708257, 1.3293976386534574, 1.3247046704849674, 1.3218952934490928, 1.3205561494594633, 1.3203013434615765, 1.323187257465176, 1.3371928725049105, 1.3821206960792938, 1.4428130977512594, 1.5152842959684807, 1.5951270911248365, 1.695014793017907, 1.793977456926103, 1.7929899778094307, 1.7915953752318035, 1.7899164762487205, 1.788130855840996, 1.786470692001347, 1.785221860090558, 1.7847221848776433, 1.7847221848776433], "obs_positions": [[471.4936, 966.3095], [471.5987, 967.1812], [471.6609, 968.0557], [471.6753, 968.9336], [471.6897, 969.8114], [471.6195, 970.6859], [471.5364, 971.5599], [471.4273, 972.4299], [471.2442, 973.2886], [471.0612, 974.1472], [470.8148, 974.9886], [470.5351, 975.8207], [470.251, 976.6512], [469.8819, 977.4478], [469.5129, 978.2444], [469.109, 979.0227], [468.6609, 979.7777], [468.2128, 980.5327], [467.6963, 981.2417], [467.1661, 981.9415], [466.636, 982.6413], [466.1058, 983.341], [465.505, 983.9807], [464.8982, 984.6152], [464.2914, 985.2497], [463.6842, 985.8838], [463.0203, 986.4582], [462.3563, 987.0326], [461.6924, 987.607], [461.0246, 988.1767], [460.3284, 988.7116]], "obs_orientations": [1.4507, 1.4998, 1.5544, 1.5544, 1.6508, 1.6655, 1.6955, 1.7808, 1.7808, 1.8556, 1.8951, 1.9003, 2.0046, 2.0046, 2.0494, 2.1064, 2.1064, 2.2003, 2.2191, 2.2191, 2.2191, 2.3248, 2.3339, 2.3339, 2.3345, 2.4283, 2.4283, 2.4283, 2.4353, 2.4865, 2.4913], "objectives": {"extension_time": 2.9, "danger_difference": -105.37282893123741, "parameter_difference": 0.5996191349948481}, "attributes": {"generation_number": 9, "individual_number": 474, "crash": false, "goal_reached": false, "scenario_length": 31}},