{"[[45.81528523999086], [25.654318443121955, 177.73236153925149, 860.1485178584435], [2.47726682301281, 64.65330387561028], [0.32844416268598436, 42.193127400374266]]": {"ego_positions": [[458.4074, 927.409], [458.7861538053611, 928.8605354385082], [459.16242583040383, 930.3135120419616], [459.5348463789139, 931.7689324290332], [459.90298740666935, 933.2274046561066], [460.2670679409674, 934.6892425164834], [460.6277197610616, 936.1545426945275], [460.9858086124137, 937.6232493859457], [461.3422988490008, 939.0952046252808], [461.6981537431727, 940.5701880320294], [462.05426693143744, 942.0479462494475], [462.4114190268595, 943.5282145431718], [462.77025381854287, 945.0107319312717], [463.1312694325416, 946.4952511765932], [463.4947352805758, 947.9812185921247], [463.8602613615896, 949.4660771575773], [464.2236259288873, 950.9450162402052], [464.5715853455773, 952.4157147526813], [464.8951181461122, 953.8757963655561], [465.19172337850625, 955.322229125975], [465.46402320099526, 956.7516904924433], [465.71836380708527, 958.1609320285515], [465.96384264306863, 959.547471852225], [466.2122976980415, 960.9091176979045], [466.473035907932, 962.2445134385309], [466.7525847123282, 963.5536002400381], [467.052881745684, 964.8393519772609], [467.37318401556513, 966.1072771312391], [467.7068384317736, 967.3649109176841], [468.0431622579255, 968.6206522461522], [468.3794860840835, 969.8763935746431], [468.7158099102477, 971.132134903157], [469.052133736418, 972.3878762316938], [469.38845756259445, 973.6436175602533], [469.724781388777, 974.8993588888359], [470.0611052149657, 976.1551002174414]], "ego_orientations": [1.3152, 1.3162327137249188, 1.318730614987819, 1.3218992812462693, 1.3251713904392133, 1.3281698190518112, 1.3306618052241364, 1.3325271657234317, 1.3337286389047713, 1.3342883288387093, 1.3342672509392681, 1.3337495758393638, 1.332830530267566, 1.3316074271809675, 1.330183063226438, 1.3286610775761953, 1.3328524250692744, 1.3450431378013312, 1.3607002100072987, 1.3761046176710916, 1.3883091910618521, 1.395155345429142, 1.3942115044317396, 1.3851566996704396, 1.3697196470645294, 1.3509904290870172, 1.3317987137660863, 1.315888615954514, 1.309109171190896, 1.309109171190896, 1.309109171190896, 1.309109171190896, 1.309109171190896, 1.309109171190896, 1.309109171190896, 1.309109171190896], "obs_positions": [[469.7147, 958.6185], [469.9366, 959.468], [470.1585, 960.3174], [470.3803, 961.1669], [470.6022, 962.0163], [470.8241, 962.8658], [471.0216, 963.721], [471.2083, 964.5789], [471.3884, 965.4379], [471.4936, 966.3095], [471.5987, 967.1812], [471.6609, 968.0557], [471.6753, 968.9336], [471.6897, 969.8114], [471.6195, 970.6859], [471.5364, 971.5599], [471.4273, 972.4299], [471.2442, 973.2886], [471.0612, 974.1472], [470.8148, 974.9886], [470.5351, 975.8207], [470.251, 976.6512], [469.8819, 977.4478], [469.5129, 978.2444], [469.109, 979.0227], [468.6609, 979.7777], [468.2128, 980.5327], [467.6963, 981.2417], [467.1661, 981.9415], [466.636, 982.6413], [466.1058, 983.341], [465.505, 983.9807], [464.8982, 984.6152], [464.2914, 985.2497], [463.6842, 985.8838], [463.0203, 986.4582]], "obs_orientations": [1.3153, 1.3153, 1.3153, 1.3153, 1.3153, 1.3438, 1.3565, 1.3641, 1.4507, 1.4507, 1.4998, 1.5544, 1.5544, 1.6508, 1.6655, 1.6955, 1.7808, 1.7808, 1.8556, 1.8951, 1.9003, 2.0046, 2.0046, 2.0494, 2.1064, 2.1064, 2.2003, 2.2191, 2.2191, 2.2191, 2.3248, 2.3339, 2.3339, 2.3345, 2.4283, 2.4283], "objectives": {"extension_time": 3.8, "danger_difference": -105.4873159498244, "parameter_difference": 304.1743164209119}, "attributes": {"generation_number": 0, "individual_number": 40, "crash": false, "goal_reached": false, "scenario_length": 36}}, "[[12.164418495299621], [2.5, 160.5834125593887, 2.5], [0.6961666813853041, 6.052080262113505], [4.519889214564717, 1.6328808011164844]]": {"ego_positions": [[458.4074, 927.409], [458.7866641276781, 928.8604021329139], [459.1661078788545, 930.3125502196184], [459.54588410937936, 931.7660491578349], [459.9261153333616, 933.2213631406919], [460.3068946504923, 934.6788388638777], [460.68828756612186, 936.1387209529997], [461.07033747364716, 937.6011684504925], [461.45306997699373, 939.066268589806], [461.8364953233846, 940.5340499431143], [462.2206108581566, 942.0044932861008], [462.6054034930221, 943.4775412179458], [462.99085189710894, 944.9531065017695], [463.37641741133524, 946.4312127331879], [463.7598287199775, 947.9119699232194], [464.1383597956803, 949.3934312768309], [464.5048452041508, 950.8715551220183], [464.84456457580615, 952.3444061289192], [465.14875123526997, 953.8095414108724], [465.41651920039294, 955.2635071467506], [465.65309443571556, 956.7023006193397], [465.86804453027264, 958.1218322800072], [466.07390523833624, 959.5186031343168], [466.2858830595237, 960.8896491432561], [466.5161662316647, 962.233005682226], [466.7732519664275, 963.5480649519839], [467.0597885140652, 964.8375021450418], [467.3741514327598, 966.1070180289503], [467.7068384317736, 967.3649109176841], [468.0431622579255, 968.6206522461522], [468.3794860840835, 969.8763935746431], [468.7158099102477, 971.132134903157], [469.052133736418, 972.3878762316938], [469.38845756259445, 973.6436175602533], [469.724781388777, 974.8993588888359], [470.0611052149657, 976.1551002174414]], "ego_orientations": [1.3152, 1.3152069168195315, 1.3152189376661734, 1.3152324208032207, 1.3152435946672163, 1.31525397675745, 1.3152630844127589, 1.3152706912932821, 1.315276383631074, 1.3152804055864065, 1.3152830527264798, 1.3152846261920335, 1.315285404166103, 1.3162937448210035, 1.3187359437891797, 1.3229271661613935, 1.3345340586592267, 1.3546300161885896, 1.3776719956139893, 1.3991317899337317, 1.415468645634065, 1.4241519960466396, 1.4225982606836356, 1.41056523294021, 1.3901323448958869, 1.3650797726450736, 1.3393261151140625, 1.3181085709332216, 1.3091091711908969, 1.3091091711908969, 1.3091091711908969, 1.3091091711908969, 1.3091091711908969, 1.3091091711908969, 1.3091091711908969, 1.3091091711908969], "obs_positions": [[469.7147, 958.6185], [469.9366, 959.468], [470.1585, 960.3174], [470.3803, 961.1669], [470.6022, 962.0163], [470.8241, 962.8658], [471.0216, 963.721], [471.2083, 964.5789], [471.3884, 965.4379], [471.4936, 966.3095], [471.5987, 967.1812], [471.6609, 968.0557], [471.6753, 968.9336], [471.6897, 969.8114], [471.6195, 970.6859], [471.5364, 971.5599], [471.4273, 972.4299], [471.2442, 973.2886], [471.0612, 974.1472], [470.8148, 974.9886], [470.5351, 975.8207], [470.251, 976.6512], [469.8819, 977.4478], [469.5129, 978.2444], [469.109, 979.0227], [468.6609, 979.7777], [468.2128, 980.5327], [467.6963, 981.2417], [467.1661, 981.9415], [466.636, 982.6413], [466.1058, 983.341], [465.505, 983.9807], [464.8982, 984.6152], [464.2914, 985.2497], [463.6842, 985.8838], [463.0203, 986.4582]], "obs_orientations": [1.3153, 1.3153, 1.3153, 1.3153, 1.3153, 1.3438, 1.3565, 1.3641, 1.4507, 1.4507, 1.4998, 1.5544, 1.5544, 1.6508, 1.6655, 1.6955, 1.7808, 1.7808, 1.8556, 1.8951, 1.9003, 2.0046, 2.0046, 2.0494, 2.1064, 2.1064, 2.2003, 2.2191, 2.2191, 2.2191, 2.3248, 2.3339, 2.3339, 2.3345, 2.4283, 2.4283], "objectives": {"extension_time": 3.8, "danger_difference": -105.4873159498244, "parameter_difference": 39.0171610319158}, "attributes": {"generation_number": 12, "individual_number": 600, "crash": false, "goal_reached": false, "scenario_length": 36}},