{"[[20.635380893607476], [2.4987754607490142, 186.94109657047636, 0.817578512819253], [164.20647221470244, 15.725835890641077], [0.308050671101808, 9.889144533404696]]": {"ego_positions": [[458.0283, 925.9577], [458.3689247663451, 927.4218805054211], [458.61464839380767, 928.9235558461224], [458.87313954392295, 930.4362234498738], [459.1975411230428, 931.9424292378221], [459.5712605420806, 933.4423103227614], [459.96443570265956, 934.9404691554664], [460.36007062904446, 936.439375395167], [460.75354651982383, 937.9392158856829], [461.1453141167053, 939.4394657257387], [461.53621754109406, 940.9398541921536], [461.92680806488124, 942.4402456859727], [462.317428908291, 943.9405590359621], [462.70827138395543, 945.4407525739535], [463.0993195931072, 946.9404898446918], [463.49004554053283, 948.4379354654578], [463.87896677467546, 949.9276583129481], [464.2756793205613, 951.3932000121379], [464.68700304632085, 952.8284167245638], [465.08328835789973, 954.2498747010477], [465.5664583221301, 955.5967726856642], [466.04704243626895, 956.8756465492824], [466.415566145642, 958.1333546660461], [466.73712159331785, 959.3642790997158], [467.0519012673127, 960.5692656572238], [467.35990516762666, 961.7483143385703], [467.66113329425957, 962.901425143755], [467.9555856472116, 964.0285980727781], [468.2432622264826, 965.1298331256396], [468.52416303207264, 966.2051303023395], [468.7982880639817, 967.2544896028778], [469.06563732220985, 968.2779110272544], [469.32621080675705, 969.2753945754694], [469.58000851762324, 970.2469402475226], [469.82703045480844, 971.1925480434144], [470.06727661831275, 972.1122179631444], [470.300747008136, 973.0059500067129], [470.52744162427837, 973.8737441741196], [470.74736046673974, 974.7156004653648]], "ego_orientations": [1.3152, 1.3837125645649015, 1.4164291522194998, 1.3807592818833814, 1.3391164516318916, 1.3176784641694215, 1.3124446449930804, 1.3134213017432652, 1.3149176927395727, 1.3157214416338692, 1.3160731113707114, 1.3161357851737088, 1.3160269521729433, 1.315831998528665, 1.3156378377085385, 1.3154872358584153, 1.315370577690285, 1.2909035717874544, 1.3084275771555958, 1.2652020661887697, 1.1997784373562594, 1.242080720369342, 1.315275692358073, 1.315275692358073, 1.315275692358073, 1.315275692358073, 1.315275692358073, 1.315275692358073, 1.315275692358073, 1.315275692358073, 1.315275692358073, 1.315275692358073, 1.315275692358073, 1.315275692358073, 1.315275692358073, 1.315275692358073, 1.315275692358073, 1.315275692358073, 1.315275692358073], "obs_positions": [[469.4928, 957.7691], [469.7147, 958.6185], [469.9366, 959.468], [470.1585, 960.3174], [470.3803, 961.1669], [470.6022, 962.0163], [470.8241, 962.8658], [471.0216, 963.721], [471.2083, 964.5789], [471.3884, 965.4379], [471.4936, 966.3095], [471.5987, 967.1812], [471.6609, 968.0557], [471.6753, 968.9336], [471.6897, 969.8114], [471.6195, 970.6859], [471.5364, 971.5599], [471.4273, 972.4299], [471.2442, 973.2886], [471.0612, 974.1472], [470.8148, 974.9886], [470.5351, 975.8207], [470.251, 976.6512], [469.8819, 977.4478], [469.5129, 978.2444], [469.109, 979.0227], [468.6609, 979.7777], [468.2128, 980.5327], [467.6963, 981.2417], [467.1661, 981.9415], [466.636, 982.6413], [466.1058, 983.341], [465.505, 983.9807], [464.8982, 984.6152], [464.2914, 985.2497], [463.6842, 985.8838], [463.0203, 986.4582], [462.3563, 987.0326], [461.6924, 987.607]], "obs_orientations": [1.3153, 1.3153, 1.3153, 1.3153, 1.3153, 1.3153, 1.3438, 1.3565, 1.3641, 1.4507, 1.4507, 1.4998, 1.5544, 1.5544, 1.6508, 1.6655, 1.6955, 1.7808, 1.7808, 1.8556, 1.8951, 1.9003, 2.0046, 2.0046, 2.0494, 2.1064, 2.1064, 2.2003, 2.2191, 2.2191, 2.2191, 2.3248, 2.3339, 2.3339, 2.3345, 2.4283, 2.4283, 2.4283, 2.4353], "objectives": {"extension_time": 3.9, "danger_difference": -105.81511348101488, "parameter_difference": 39.69318004763442}, "attributes": {"generation_number": 15, "individual_number": 787, "crash": false, "goal_reached": false, "scenario_length": 39}}}