{"[[47.68430791089963], [2.5, 200.0, 138.55576983330897], [25.587093608752564, 14.326476953124212], [0.4008248064692562, 18.047931574847297]]": {"ego_positions": [[461.4403, 939.0194], [461.81905547876045, 940.4709333362161], [462.1947182335373, 941.9241709019574], [462.5636427675634, 943.3811712634309], [462.9246327157446, 944.8431170461351], [463.27860662339765, 946.3103336139111], [463.6275777485136, 947.7826183138468], [463.9737943092028, 949.2588806707627], [464.31882857155256, 950.7356568702646], [464.6639309766874, 952.2098605759868], [465.01072185005427, 953.6816101703864], [465.36095072803136, 955.1507133273042], [465.7159294792013, 956.612283182674], [466.075446290507, 958.0618742569671], [466.43859158845754, 959.4961223528373], [466.8040999203175, 960.9124957009963], [467.1694965181918, 962.3096965360073], [467.5247850973458, 963.6891099968294], [467.8423767256911, 965.0584772033161], [468.0928361130739, 966.4221825923813], [468.25059812559834, 967.7813916358378], [468.2887298597362, 969.1336521910458], [468.2050860631888, 970.4662905852559], [468.0402683443744, 971.7763469957156], [467.8469715228755, 973.0678846706946], [467.65283254285015, 974.3541967315206], [467.4585100963924, 975.6395911405681], [467.2641876499342, 976.9249855496183], [467.0698652034756, 978.2103799586712], [466.8755427570166, 979.4957743677268], [466.6812203105572, 980.781168776785], [466.4868978640974, 982.066563185846]], "ego_orientations": [1.3152, 1.3162296421127793, 1.3199873752286662, 1.3257519038757921, 1.3315675331029129, 1.3363252577524865, 1.339522611581801, 1.3410909390058683, 1.341245071110553, 1.3402759580031294, 1.3383411687943791, 1.3348473846044149, 1.3301458332157687, 1.325221403755954, 1.3204478712841297, 1.3161371501659749, 1.3163910660347822, 1.3241953214177284, 1.3656815176034478, 1.4241313249647303, 1.4976521090268045, 1.5966903519503168, 1.6690949905882322, 1.7184806964525803, 1.7201331356782092, 1.7208374613111834, 1.7208374613111834, 1.7208374613111834, 1.7208374613111834, 1.7208374613111834, 1.7208374613111834, 1.7208374613111834], "obs_positions": [[471.3884, 965.4379], [471.4936, 966.3095], [471.5987, 967.1812], [471.6609, 968.0557], [471.6753, 968.9336], [471.6897, 969.8114], [471.6195, 970.6859], [471.5364, 971.5599], [471.4273, 972.4299], [471.2442, 973.2886], [471.0612, 974.1472], [470.8148, 974.9886], [470.5351, 975.8207], [470.251, 976.6512], [469.8819, 977.4478], [469.5129, 978.2444], [469.109, 979.0227], [468.6609, 979.7777], [468.2128, 980.5327], [467.6963, 981.2417], [467.1661, 981.9415], [466.636, 982.6413], [466.1058, 983.341], [465.505, 983.9807], [464.8982, 984.6152], [464.2914, 985.2497], [463.6842, 985.8838], [463.0203, 986.4582], [462.3563, 987.0326], [461.6924, 987.607], [461.0246, 988.1767], [460.3284, 988.7116]], "obs_orientations": [1.4507, 1.4507, 1.4998, 1.5544, 1.5544, 1.6508, 1.6655, 1.6955, 1.7808, 1.7808, 1.8556, 1.8951, 1.9003, 2.0046, 2.0046, 2.0494, 2.1064, 2.1064, 2.2003, 2.2191, 2.2191, 2.2191, 2.3248, 2.3339, 2.3339, 2.3345, 2.4283, 2.4283, 2.4283, 2.4353, 2.4865, 2.4913], "objectives": {"extension_time": 3.0, "danger_difference": -105.48302463350086, "parameter_difference": 15.498636755449105}, "attributes": {"generation_number": 5, "individual_number": 287, "crash": false, "goal_reached": false, "scenario_length": 32}}, "[[48.98717106441642], [2.5, 150.726644156657, 135.06244697502223], [22.094539694614323, 113.33014911180874], [1.7452160156743406, 0.942937326394931]]": {"ego_positions": [[461.4403, 939.0194], [461.81905547876045, 940.4709333362161], [462.1947182335373, 941.9241709019574], [462.5636427675634, 943.3811712634309], [462.9246327157446, 944.8431170461351], [463.27860662339765, 946.3103336139111], [463.6275777485136, 947.7826183138468], [463.9737943092028, 949.2588806707627], [464.31882857155256, 950.7356568702646], [464.6639309766874, 952.2098605759868], [465.01072185005427, 953.6816101703864], [465.36095072803136, 955.1507133273042], [465.7159294792013, 956.612283182674], [466.075446290507, 958.0618742569671], [466.43859158845754, 959.4961223528373], [466.8040999203175, 960.9124957009963], [467.1694965181918, 962.3096965360073], [467.5247850973458, 963.6891099968294], [467.8423767256911, 965.0584772033161], [468.0928361130739, 966.4221825923813], [468.25059812559834, 967.7813916358378], [468.2887298597362, 969.1336521910458], [468.2050860631888, 970.4662905852559], [468.0402683443744, 971.7763469957156], [467.8469715228755, 973.0678846706946], [467.65283254285015, 974.3541967315206], [467.4585100963924, 975.6395911405681], [467.2641876499342, 976.9249855496183], [467.0698652034756, 978.2103799586712], [466.8755427570166, 979.4957743677268], [466.6812203105572, 980.781168776785], [466.4868978640974, 982.066563185846]], "ego_orientations": [1.3152, 1.3162296421127793, 1.3199873752286662, 1.3257519038757921, 1.3315675331029129, 1.3363252577524865, 1.339522611581801, 1.3410909390058683, 1.341245071110553, 1.3402759580031294, 1.3383411687943791, 1.3348473846044149, 1.3301458332157687, 1.325221403755954, 1.3204478712841297, 1.3161371501659749, 1.3163910660347822, 1.3241953214177284, 1.3656815176034478, 1.4241313249647303, 1.4976521090268045, 1.5966903519503168, 1.6690949905882322, 1.7184806964525803, 1.7201331356782092, 1.7208374613111834, 1.7208374613111834, 1.7208374613111834, 1.7208374613111834, 1.7208374613111834, 1.7208374613111834, 1.7208374613111834], "obs_positions": [[471.3884, 965.4379], [471.4936, 966.3095], [471.5987, 967.1812], [471.6609, 968.0557], [471.6753, 968.9336], [471.6897, 969.8114], [471.6195, 970.6859], [471.5364, 971.5599], [471.4273, 972.4299], [471.2442, 973.2886], [471.0612, 974.1472], [470.8148, 974.9886], [470.5351, 975.8207], [470.251, 976.6512], [469.8819, 977.4478], [469.5129, 978.2444], [469.109, 979.0227], [468.6609, 979.7777], [468.2128, 980.5327], [467.6963, 981.2417], [467.1661, 981.9415], [466.636, 982.6413], [466.1058, 983.341], [465.505, 983.9807], [464.8982, 984.6152], [464.2914, 985.2497], [463.6842, 985.8838], [463.0203, 986.4582], [462.3563, 987.0326], [461.6924, 987.607], [461.0246, 988.1767], [460.3284, 988.7116]], "obs_orientations": [1.4507, 1.4507, 1.4998, 1.5544, 1.5544, 1.6508, 1.6655, 1.6955, 1.7808, 1.7808, 1.8556, 1.8951, 1.9003, 2.0046, 2.0046, 2.0494, 2.1064, 2.1064, 2.2003, 2.2191, 2.2191, 2.2191, 2.3248, 2.3339, 2.3339, 2.3345, 2.4283, 2.4283, 2.4283, 2.4353, 2.4865, 2.4913], "objectives": {"extension_time": 3.0, "danger_difference": -105.48302463350086, "parameter_difference": 14.098596468826665}, "attributes": {"generation_number": 6, "individual_number": 326, "crash": false, "goal_reached": false, "scenario_length": 32}},