{"[[0], [0, 0, 0], [0, 0], [0, 0]]": {"ego_positions": [[3.545, -17.3094], [3.395661440425506, -15.820975072361648], [3.248076490060898, -14.349732824042345], [3.102162929810371, -12.895217065447554], [2.956774264805246, -11.451820434493152], [2.8083878459972444, -10.000749817400125], [2.6576978060804737, -8.539058708886449], [2.5026378264970575, -7.064037974515876], [2.331851256192899, -5.569748756780035], [2.1226963854113063, -4.060141139324042], [1.8490957723161063, -2.5266566692309493], [1.563579219763877, -0.9267937880534172], [1.3205726475162014, 0.7579052361908113], [1.130576863109736, 2.5049332625696095], [0.9539997029423399, 4.26483650157613], [0.7774225427749453, 6.0247397405826355], [0.5675531851438869, 7.789207839041531], [0.3279736625325235, 9.554165575039825], [0.16740013295959927, 11.308414002926009], [0.17375643778904604, 13.049027364951932], [0.18918458449217715, 14.768113120115407]], "ego_orientations": [1.6708, 1.6707842939354987, 1.670773033405252, 1.670788472500938, 1.6719018237993333, 1.6733432061460167, 1.6734380391361663, 1.6789014783870693, 1.6920593738607328, 1.7304361165461386, 1.7551102603457003, 1.7340820280205465, 1.693887021774984, 1.6707951149383782, 1.6707951149383782, 1.6707951149383782, 1.7032196701139761, 1.7017010844743985, 1.6057862744562614, 1.5473924150918208, 1.5884774342996524], "obs_positions": [[-28.6419, -4.3714], [-26.627, -4.2806], [-24.6273, -4.1482], [-22.6283, -3.9729], [-20.6229, -3.753], [-18.6377, -3.491], [-16.6456, -3.1828], [-14.6707, -2.8317], [-12.7073, -2.4368], [-10.7516, -1.9971], [-8.8043, -1.5123], [-6.8644, -0.982], [-4.9389, -0.4078], [-3.0232, 0.2116], [-1.1264, 0.8731], [0.7548, 1.5775], [2.6128, 2.3212], [4.4632, 3.1103], [6.2946, 3.9396], [8.1069, 4.8088], [9.891212573650785, 5.712253728484039]], "obs_orientations": [6.3282, 6.3492, 6.3706, 0.1092, 0.1312, 0.1534, 0.1759, 0.1984, 0.2211, 0.2439, 0.2668, 0.2898, 0.3127, 0.3355, 0.3581, 0.3807, 0.403, 0.4252, 0.4471, 0.4687, 0.4687], "attributes": {"crash": true, "goal_reached": true, "max_danger": 123.07074023727833, "scenario_length": 21, "lower_bound": -0.8, "upper_bound": -0.1}}}