{"[[0.09805208930015463], [40.24805255119012, 322.4743430125337, 669.4437145530828], [2.3636553031146854, 9.572142405237184], [2.0632753850367362, 12.44645977804132]]": {"ego_positions": [[3.8444, -20.2944], [3.6947777175834142, -18.8017453567115], [3.545066743301018, -17.308329466119673], [3.395208959907382, -15.813530851452402], [3.2451534552401466, -14.316870467291608], [3.0948518857120737, -12.817992820802493], [2.9442534868647967, -11.316649148471342], [2.7933669010145343, -9.812673848197651], [2.642201211639018, -8.305974047271073], [2.4907635313722913, -6.7965182223742415], [2.3390576318895153, -5.284325194277228], [2.1692808072897716, -3.7710791513530952], [1.9212835696958257, -2.259308085097045], [1.584297916004161, -0.7364906524235906], [1.1781056303461646, 0.8118720745773088], [0.736979104404478, 2.3974054127193964], [0.3013103998463673, 4.028115881325994], [-0.09110151681933432, 5.7073761924996855], [-0.3870040163808026, 7.4212005571713044], [-0.5543337023730204, 9.113137729998908], [-0.7040529427544409, 10.752786362557702], [-0.8652735293034088, 12.345993898313347], [-1.0299780736633182, 13.906738082272994], [-1.1923081026822575, 15.446385113740327]], "ego_orientations": [1.6707, 1.6707049811298875, 1.6707130551380105, 1.6707169922313976, 1.6707279865479552, 1.6707554783961378, 1.6707822044971627, 1.6707911835117315, 1.670789165732819, 1.6707852917587718, 1.6707832585657485, 1.703836308646985, 1.7626030033410873, 1.8114930227160237, 1.8389911543197435, 1.8410375132545367, 1.8191711484267072, 1.7793958045943494, 1.6961320199182999, 1.6583294804458737, 1.667148826328192, 1.6748160713254818, 1.6763449400313772, 1.6750962104162352], "obs_positions": [[-32.6219, -4.7707], [-30.6319, -4.5711], [-28.6419, -4.3714], [-26.627, -4.2806], [-24.6273, -4.1482], [-22.6283, -3.9729], [-20.6229, -3.753], [-18.6377, -3.491], [-16.6456, -3.1828], [-14.6707, -2.8317], [-12.7073, -2.4368], [-10.7516, -1.9971], [-8.8043, -1.5123], [-6.8644, -0.982], [-4.9389, -0.4078], [-3.0232, 0.2116], [-1.1264, 0.8731], [0.7548, 1.5775], [2.6128, 2.3212], [4.4632, 3.1103], [6.2946, 3.9396], [8.1069, 4.8088], [9.9002, 5.7169], [11.664865717220243, 6.658151776342316]], "obs_orientations": [0.0999, 0.1, 6.3282, 6.3492, 6.3706, 0.1092, 0.1312, 0.1534, 0.1759, 0.1984, 0.2211, 0.2439, 0.2668, 0.2898, 0.3127, 0.3355, 0.3581, 0.3807, 0.403, 0.4252, 0.4471, 0.4687, 0.49, 0.49], "objectives": {"extension_time": 0.2, "danger_difference": 1.7623609766739037, "parameter_difference": 268.2659699202959}, "attributes": {"generation_number": 0, "individual_number": 2, "crash": true, "goal_reached": true, "scenario_length": 24}}, "[[0.2522404541223322], [37.68032748364378, 164.82636475029383, 340.40056236316696], [0.9379816251779516, 10.330598340258202], [0.7520544559563458, 45.71859182150745]]": {"ego_positions": [[3.8444, -20.2944], [3.6947777175834142, -18.8017453567115], [3.545066743301018, -17.308329466119673], [3.395208959907382, -15.813530851452402], [3.2451534552401466, -14.316870467291608], [3.0948518857120737, -12.817992820802493], [2.9442534868647967, -11.316649148471342], [2.7933669010145343, -9.812673848197651], [2.642201211639018, -8.305974047271073], [2.4907635313722913, -6.7965182223742415], [2.3390576318895153, -5.284325194277228], [2.1692808072897716, -3.7710791513530952], [1.9212835696958257, -2.259308085097045], [1.584297916004161, -0.7364906524235906], [1.1781056303461646, 0.8118720745773088], [0.736979104404478, 2.3974054127193964], [0.3013103998463673, 4.028115881325994], [-0.09110151681933432, 5.7073761924996855], [-0.3870040163808026, 7.4212005571713044], [-0.5543337023730204, 9.113137729998908], [-0.7040529427544409, 10.752786362557702], [-0.8652735293034088, 12.345993898313347], [-1.0299780736633182, 13.906738082272994], [-1.1923081026822575, 15.446385113740327]], "ego_orientations": [1.6707, 1.6707049811298875, 1.6707130551380105, 1.6707169922313976, 1.6707279865479552, 1.6707554783961378, 1.6707822044971627, 1.6707911835117315, 1.670789165732819, 1.6707852917587718, 1.6707832585657485, 1.703836308646985, 1.7626030033410873, 1.8114930227160237, 1.8389911543197435, 1.8410375132545367, 1.8191711484267072, 1.7793958045943494, 1.6961320199182999, 1.6583294804458737, 1.667148826328192, 1.6748160713254818, 1.6763449400313772, 1.6750962104162352], "obs_positions": [[-32.6219, -4.7707], [-30.6319, -4.5711], [-28.6419, -4.3714], [-26.627, -4.2806], [-24.6273, -4.1482], [-22.6283, -3.9729], [-20.6229, -3.753], [-18.6377, -3.491], [-16.6456, -3.1828], [-14.6707, -2.8317], [-12.7073, -2.4368], [-10.7516, -1.9971], [-8.8043, -1.5123], [-6.8644, -0.982], [-4.9389, -0.4078], [-3.0232, 0.2116], [-1.1264, 0.8731], [0.7548, 1.5775], [2.6128, 2.3212], [4.4632, 3.1103], [6.2946, 3.9396], [8.1069, 4.8088], [9.9002, 5.7169], [11.664865717220243, 6.658151776342316]], "obs_orientations": [0.0999, 0.1, 6.3282, 6.3492, 6.3706, 0.1092, 0.1312, 0.1534, 0.1759, 0.1984, 0.2211, 0.2439, 0.2668, 0.2898, 0.3127, 0.3355, 0.3581, 0.3807, 0.403, 0.4252, 0.4471, 0.4687, 0.49, 0.49], "objectives": {"extension_time": 0.2, "danger_difference": 1.7623609766739037, "parameter_difference": 136.9974158091936}, "attributes": {"generation_number": 0, "individual_number": 12, "crash": true, "goal_reached": true, "scenario_length": 24}}, "[[38.97997625270398], [1.651042113598919, 135.70616984592857, 2.5], [1.8379487546324058, 8.992667071630839], [0.46842739685717816, 13.393095477089647]]": {"ego_positions": [[3.8444, -20.2944], [3.694711819257585, -18.801751968292916], [3.544591119043014, -17.308377184750597], [3.393782359216242, -15.813673967225474], [3.242162317833764, -14.317170528077018], [3.089697678884571, -12.818509944982639], [2.93640979583905, -11.317436241964591], [2.782412860452748, -9.813773056313803], [2.6278369858734467, -8.307415330304911], [2.4728125911983354, -6.798319224645228], [2.317459788919617, -5.286491954130393], [2.144537810478095, -3.773561461996359], [1.8955597792088892, -2.2618894510179253], [1.5601754571899915, -0.7389107658338844], [1.15775864079224, 0.8098309583593857], [0.7217472421715139, 2.395877048906311], [0.291499441693543, 4.027131543452583], [-0.0961916247363741, 5.706865500906649], [-0.41382944130255517, 7.432249684343362], [-0.6568805563874867, 9.192100858248237], [-0.8533273516409984, 10.972229078444604], [-1.0324995871129437, 12.761651425817172], [-1.2095278600347799, 14.554157039761517]], "ego_orientations": [1.6707, 1.6708337863873912, 1.6711543131751758, 1.6715554780464847, 1.6719778489811077, 1.6723832384371242, 1.6727249885952227, 1.6729707565998442, 1.673122358390916, 1.6731914080495143, 1.6731890175797253, 1.7053221164849806, 1.762388046081376, 1.8097281776212424, 1.8361768826062912, 1.8378014143595618, 1.816127772075232, 1.7770494430095196, 1.7284404695994853, 1.690990224785295, 1.6734703294592048, 1.6691430351206002, 1.6696439289009086], "obs_positions": [[-32.6219, -4.7707], [-30.6319, -4.5711], [-28.6419, -4.3714], [-26.627, -4.2806], [-24.6273, -4.1482], [-22.6283, -3.9729], [-20.6229, -3.753], [-18.6377, -3.491], [-16.6456, -3.1828], [-14.6707, -2.8317], [-12.7073, -2.4368], [-10.7516, -1.9971], [-8.8043, -1.5123], [-6.8644, -0.982], [-4.9389, -0.4078], [-3.0232, 0.2116], [-1.1264, 0.8731], [0.7548, 1.5775], [2.6128, 2.3212], [4.4632, 3.1103], [6.2946, 3.9396], [8.1069, 4.8088], [9.891212573650785, 5.712253728484039]], "obs_orientations": [0.0999, 0.1, 6.3282, 6.3492, 6.3706, 0.1092, 0.1312, 0.1534, 0.1759, 0.1984, 0.2211, 0.2439, 0.2668, 0.2898, 0.3127, 0.3355, 0.3581, 0.3807, 0.403, 0.4252, 0.4471, 0.4687, 0.4687], "objectives": {"extension_time": 0.2, "danger_difference": 1.7161464359684686, "parameter_difference": 1.605146275307921}, "attributes": {"generation_number": 3, "individual_number": 152, "crash": true, "goal_reached": true, "scenario_length": 23}}}