{"[[28.686707201008932], [43.03855971534142, 135.7472439752243, 829.2851502840017], [1.6029162126360745, 108.41856697352306], [2.3232139136179386, 1.1579192650878034]]": {"ego_positions": [[4.743, -29.2494], [4.593175254763047, -27.756766981980512], [4.442969778601759, -26.26340259495027], [4.292108985742438, -24.76870587320501], [4.14045453989771, -23.272206904291973], [3.9879723008204766, -21.773549814564554], [3.834707995014706, -20.272475478413316], [3.6807495231363547, -18.76880932758974], [3.526209400395694, -17.262448552473906], [3.3712141923442127, -15.753350353468104], [3.215896972655442, -14.241520182800484], [3.060331658441318, -12.727009431869796], [2.9046110090585096, -11.209899960313908], [2.74882958589057, -9.69029612752383], [2.5930706884311694, -8.168320484011948], [2.4373842781108315, -6.644110870225135], [2.281797786538621, -5.11781472214989], [2.1263233368602776, -3.589584599412257], [1.9535982625633264, -2.059799894004116], [1.705615664136827, -0.5178367787202738], [1.4028744015848504, 1.0810914331836088], [1.1288211379897055, 2.76214347224366], [0.9295857277647623, 4.508074372544589], [0.7530069204914064, 6.267992196962883], [0.550839035503597, 8.027139531608954], [0.3468150309748776, 9.7786095269375], [0.17619305375551758, 11.514617658158107], [0.04260164134700434, 13.229708000507392], [-0.06432107764884204, 14.920829491876706]], "ego_orientations": [1.6708, 1.670907789989275, 1.6711973715301076, 1.6715827014928095, 1.6719975695608178, 1.672380426020978, 1.6727011292803275, 1.6729440488232203, 1.6731026567581655, 1.6731693730894308, 1.6731703757021403, 1.6731287982917504, 1.6730266580458482, 1.6728722361228239, 1.6726859401836616, 1.6724838808173175, 1.672281061445321, 1.6720865183667233, 1.7034896454513724, 1.7524788178546504, 1.7533971793270855, 1.7071387200691845, 1.6707952182786863, 1.6707952182786863, 1.6913348687380336, 1.6791749721761917, 1.6581072657432054, 1.6399579701751985, 1.6292645625184965], "obs_positions": [[-44.5619, -5.9686], [-42.5719, -5.769], [-40.5819, -5.5694], [-38.5919, -5.3697], [-36.6019, -5.17], [-34.6119, -4.9704], [-32.6219, -4.7707], [-30.6319, -4.571], [-28.6419, -4.3714], [-26.627, -4.2806], [-24.6273, -4.1482], [-22.6283, -3.9729], [-20.6229, -3.753], [-18.6377, -3.491], [-16.6456, -3.1828], [-14.6707, -2.8317], [-12.7073, -2.4368], [-10.7516, -1.9971], [-8.8043, -1.5123], [-6.8644, -0.982], [-4.9389, -0.4078], [-3.0232, 0.2116], [-1.1264, 0.8731], [0.7548, 1.5775], [2.6128, 2.3212], [4.4632, 3.1103], [6.2946, 3.9396], [8.1069, 4.8088], [9.891212573650785, 5.712253728484039]], "obs_orientations": [0.0999, 0.0999, 0.1, 0.1, 0.0999, 0.1, 0.1, 0.1, 6.3282, 6.3492, 6.3706, 0.1092, 0.1312, 0.1534, 0.1759, 0.1984, 0.2211, 0.2439, 0.2668, 0.2898, 0.3127, 0.3355, 0.3581, 0.3807, 0.403, 0.4252, 0.4471, 0.4687, 0.4687], "objectives": {"extension_time": 0.8, "danger_difference": 8.15787937682444e-05, "parameter_difference": 332.1617498546529}, "attributes": {"generation_number": 0, "individual_number": 31, "crash": true, "goal_reached": true, "scenario_length": 29}}, "[[38.28839468508235], [2.5, 199.98902069269892, 2.5], [0.4863718917591349, 6.857888547814079], [2.357742925112882, 2.994428457547768]]": {"ego_positions": [[4.743, -29.2494], [4.5932412580821556, -27.75676035832281], [4.443446035077279, -26.26335480804159], [4.293536867066823, -24.76856261624805], [4.143447061516031, -23.271906668060304], [3.9931268103965496, -21.773032666510918], [3.8425492839898654, -20.271688766401194], [3.6916966472115083, -18.767711002309778], [3.5405604716787145, -17.261008710847346], [3.389144330559909, -15.751551607160454], [3.2374653608869743, -14.23935653311518], [3.08549455682164, -12.724484718354534], [2.9332383046230928, -11.207027367974142], [2.7807226198147, -9.687095921951354], [2.6279800878123805, -8.164817881850622], [2.475026783900531, -6.640334309245195], [2.3218713685836327, -5.113794258498423], [2.1685202344128722, -3.5853507924461527], [1.9970469979180239, -2.0554403182059335], [1.7321606054550447, -0.5205229460269687], [1.3299465803021144, 1.0396638674348235], [0.8464782440297658, 2.6479947815752722], [0.38994894663381907, 4.319974582736448], [0.052469794424252036, 6.0568228785558285], [-0.16086445289374107, 7.8393399513215885], [-0.32980280049015076, 9.638928503718736], [-0.5061159922630294, 11.440116458809134], [-0.6893148780161298, 13.240657129101283], [-0.8740736483618141, 15.04041639768437]], "ego_orientations": [1.6708, 1.6707787791046704, 1.6707556555643504, 1.6707438841981606, 1.6707479706802213, 1.670753898844147, 1.6707607487610425, 1.6707680677951702, 1.6707741067518775, 1.670768702237296, 1.670770556634687, 1.6707923939490743, 1.6708043955873602, 1.6708027033191615, 1.6707960811798575, 1.6707900266120872, 1.6707902834430146, 1.6707981402287262, 1.7034446493374549, 1.7846157700980092, 1.8532564232915532, 1.8608050197184878, 1.805348996100845, 1.7198255603903867, 1.6693621324373935, 1.6650094630159815, 1.67092241774919, 1.672980151800054, 1.67299901772625], "obs_positions": [[-44.5619, -5.9686], [-42.5719, -5.769], [-40.5819, -5.5694], [-38.5919, -5.3697], [-36.6019, -5.17], [-34.6119, -4.9704], [-32.6219, -4.7707], [-30.6319, -4.571], [-28.6419, -4.3714], [-26.627, -4.2806], [-24.6273, -4.1482], [-22.6283, -3.9729], [-20.6229, -3.753], [-18.6377, -3.491], [-16.6456, -3.1828], [-14.6707, -2.8317], [-12.7073, -2.4368], [-10.7516, -1.9971], [-8.8043, -1.5123], [-6.8644, -0.982], [-4.9389, -0.4078], [-3.0232, 0.2116], [-1.1264, 0.8731], [0.7548, 1.5775], [2.6128, 2.3212], [4.4632, 3.1103], [6.2946, 3.9396], [8.1069, 4.8088], [9.891212573650785, 5.712253728484039]], "obs_orientations": [0.0999, 0.0999, 0.1, 0.1, 0.0999, 0.1, 0.1, 0.1, 6.3282, 6.3492, 6.3706, 0.1092, 0.1312, 0.1534, 0.1759, 0.1984, 0.2211, 0.2439, 0.2668, 0.2898, 0.3127, 0.3355, 0.3581, 0.3807, 0.403, 0.4252, 0.4471, 0.4687, 0.4687], "objectives": {"extension_time": 0.8, "danger_difference": 1.85157830610504, "parameter_difference": 1.8953335478113469}, "attributes": {"generation_number": 7, "individual_number": 396, "crash": true, "goal_reached": true, "scenario_length": 29}}}