{"[[4.317028611396667], [43.15745245803234, 35.08257321930669, 84.73388406483807], [0.5105961493049358, 81.22658436096121], [0.4430627851170743, 16.287407273157868]]": {"ego_positions": [[3.0958, -12.8318], [2.9461159484551236, -11.339151027510114], [2.7960023842706936, -9.845773637192218], [2.645196012643476, -8.351067144295701], [2.4935883040898505, -6.854559406009023], [2.341149482148625, -5.355892379123441], [2.18318005242005, -3.846490878195616], [1.9936182316699507, -2.300497991188798], [1.7193528995040785, -0.7253306651106773], [1.345214320844649, 0.8685076387646837], [0.8969058660790293, 2.4758144284773427], [0.42412106125422644, 4.095054595659042], [-0.01622984409538275, 5.726635461042732], [-0.3738206000481601, 7.364676792455935], [-0.62529438710045, 8.986571212417969], [-0.7737460338354478, 10.591718469635694], [-0.8115108387683526, 12.186873875730155], [-0.7653402393698419, 13.774564194875929], [-0.6789814020731251, 15.354701619503214]], "ego_orientations": [1.6707, 1.6708298742278274, 1.6711499263878486, 1.6715532531749553, 1.6719622208391771, 1.672357061707624, 1.6790523850247945, 1.71386248273714, 1.773338914704896, 1.8262040589530026, 1.8542760089820263, 1.8499124575644472, 1.814204213066379, 1.7548872556565538, 1.6951140687532211, 1.6280631133143129, 1.5638924384572381, 1.5243235171154357, 1.5123687529541485], "obs_positions": [[-22.6283, -3.9729], [-20.6229, -3.753], [-18.6377, -3.491], [-16.6456, -3.1828], [-14.6707, -2.8317], [-12.7073, -2.4368], [-10.7516, -1.9971], [-8.8043, -1.5123], [-6.8644, -0.982], [-4.9389, -0.4078], [-3.0232, 0.2116], [-1.1264, 0.8731], [0.7548, 1.5775], [2.6128, 2.3212], [4.4632, 3.1103], [6.2946, 3.9396], [8.1069, 4.8088], [9.9002, 5.7169], [11.664865717220243, 6.658151776342316]], "obs_orientations": [0.1092, 0.1312, 0.1534, 0.1759, 0.1984, 0.2211, 0.2439, 0.2668, 0.2898, 0.3127, 0.3355, 0.3581, 0.3807, 0.403, 0.4252, 0.4471, 0.4687, 0.49, 0.49], "objectives": {"extension_time": -0.3, "danger_difference": 2.078586649449278, "parameter_difference": 38.03885245190481}, "attributes": {"generation_number": 0, "individual_number": 0, "crash": true, "goal_reached": true, "scenario_length": 19}}, "[[4.317028611396667], [43.15745245803234, 44.560243930064075, 84.73388406483807], [0.632671087087776, 81.22658436096121], [0.17200125372441308, 16.287407273157868]]": {"ego_positions": [[3.0958, -12.8318], [2.9461159484551236, -11.339151027510114], [2.7960023842706936, -9.845773637192218], [2.645196012643476, -8.351067144295701], [2.4935883040898505, -6.854559406009023], [2.341149482148625, -5.355892379123441], [2.18318005242005, -3.846490878195616], [1.9936182316699507, -2.300497991188798], [1.7193528995040785, -0.7253306651106773], [1.345214320844649, 0.8685076387646837], [0.8969058660790293, 2.4758144284773427], [0.42412106125422644, 4.095054595659042], [-0.01622984409538275, 5.726635461042732], [-0.3738206000481601, 7.364676792455935], [-0.62529438710045, 8.986571212417969], [-0.7737460338354478, 10.591718469635694], [-0.8115108387683526, 12.186873875730155], [-0.7653402393698419, 13.774564194875929], [-0.6789814020731251, 15.354701619503214]], "ego_orientations": [1.6707, 1.6708298742278274, 1.6711499263878486, 1.6715532531749553, 1.6719622208391771, 1.672357061707624, 1.6790523850247945, 1.71386248273714, 1.773338914704896, 1.8262040589530026, 1.8542760089820263, 1.8499124575644472, 1.814204213066379, 1.7548872556565538, 1.6951140687532211, 1.6280631133143129, 1.5638924384572381, 1.5243235171154357, 1.5123687529541485], "obs_positions": [[-22.6283, -3.9729], [-20.6229, -3.753], [-18.6377, -3.491], [-16.6456, -3.1828], [-14.6707, -2.8317], [-12.7073, -2.4368], [-10.7516, -1.9971], [-8.8043, -1.5123], [-6.8644, -0.982], [-4.9389, -0.4078], [-3.0232, 0.2116], [-1.1264, 0.8731], [0.7548, 1.5775], [2.6128, 2.3212], [4.4632, 3.1103], [6.2946, 3.9396], [8.1069, 4.8088], [9.9002, 5.7169], [11.664865717220243, 6.658151776342316]], "obs_orientations": [0.1092, 0.1312, 0.1534, 0.1759, 0.1984, 0.2211, 0.2439, 0.2668, 0.2898, 0.3127, 0.3355, 0.3581, 0.3807, 0.403, 0.4252, 0.4471, 0.4687, 0.49, 0.49], "objectives": {"extension_time": -0.3, "danger_difference": 2.078586649449278, "parameter_difference": 38.03909962156247}, "attributes": {"generation_number": 1, "individual_number": 98, "crash": true, "goal_reached": true, "scenario_length": 19}}, "[[2.6355221551792174], [0.09152503526580558, 67.56017572455119, 1.5997005356639615], [1.1232130648171406, 52.51149956040217], [2.057246661639931, 7.569280406441379]]": {"ego_positions": [[3.0958, -12.8318], [2.9461159484551236, -11.339151027510114], [2.7960023842706936, -9.845773637192218], [2.645196012643476, -8.351067144295701], [2.4935883040898505, -6.854559406009023], [2.341149482148625, -5.355892379123441], [2.18318005242005, -3.846490878195616], [2.009554331661713, -2.298071134623814], [1.8248227489787945, -0.7084245957742951], [1.634522861110492, 0.9178617640237327], [1.4428381378075703, 2.576390656126734], [1.252748043126886, 4.262976243766084], [1.0662728989323949, 5.9736635643766665], [0.8853958694097106, 7.703347599941149], [0.713349790156226, 9.442454101352862], [0.5495884545574296, 11.18290544759352], [0.3912553573121233, 12.919374342680632], [0.23520482425564854, 14.648695779105434], [0.0789537880847867, 16.369328812366096]], "ego_orientations": [1.6707, 1.6708298742278274, 1.6711499263878486, 1.6715532531749553, 1.6719622208391771, 1.672357061707624, 1.6790523850247945, 1.68509716259519, 1.6873322763509437, 1.6868630639499989, 1.6846354417092213, 1.6812932856903176, 1.6774171257289912, 1.672242255993401, 1.6667352604603174, 1.6628250763535948, 1.6609623013738548, 1.6608739077739696, 1.6619939428402501], "obs_positions": [[-22.6283, -3.9729], [-20.6229, -3.753], [-18.6377, -3.491], [-16.6456, -3.1828], [-14.6707, -2.8317], [-12.7073, -2.4368], [-10.7516, -1.9971], [-8.8043, -1.5123], [-6.8644, -0.982], [-4.9389, -0.4078], [-3.0232, 0.2116], [-1.1264, 0.8731], [0.7548, 1.5775], [2.6128, 2.3212], [4.4632, 3.1103], [6.2946, 3.9396], [8.1069, 4.8088], [9.9002, 5.7169], [11.664865717220243, 6.658151776342316]], "obs_orientations": [0.1092, 0.1312, 0.1534, 0.1759, 0.1984, 0.2211, 0.2439, 0.2668, 0.2898, 0.3127, 0.3355, 0.3581, 0.3807, 0.403, 0.4252, 0.4471, 0.4687, 0.49, 0.49], "objectives": {"extension_time": -0.3, "danger_difference": -0.16435230100648823, "parameter_difference": 0.7505440733115554}, "attributes": {"generation_number": 15, "individual_number": 771, "crash": true, "goal_reached": true, "scenario_length": 19}}, "[[2.6355221551792174], [0.00688160527707643, 67.56017572455119, 1.5997005356639615], [1.1156383310258398, 52.5045035233878], [2.057246661639931, 7.57298944328638]]": {"ego_positions": [[3.0958, -12.8318], [2.9461159484551236, -11.339151027510114], [2.7960023842706936, -9.845773637192218], [2.645196012643476, -8.351067144295701], [2.4935883040898505, -6.854559406009023], [2.341149482148625, -5.355892379123441], [2.18318005242005, -3.846490878195616], [2.009554331661713, -2.298071134623814], [1.8248227489787945, -0.7084245957742951], [1.634522861110492, 0.9178617640237327], [1.4428381378075703, 2.576390656126734], [1.252748043126886, 4.262976243766084], [1.0662728989323949, 5.9736635643766665], [0.8853958694097106, 7.703347599941149], [0.713349790156226, 9.442454101352862], [0.5495884545574296, 11.18290544759352], [0.3912553573121233, 12.919374342680632], [0.23520482425564854, 14.648695779105434], [0.0789537880847867, 16.369328812366096]], "ego_orientations": [1.6707, 1.6708298742278274, 1.6711499263878486, 1.6715532531749553, 1.6719622208391771, 1.672357061707624, 1.6790523850247945, 1.68509716259519, 1.6873322763509437, 1.6868630639499989, 1.6846354417092213, 1.6812932856903176, 1.6774171257289912, 1.672242255993401, 1.6667352604603174, 1.6628250763535948, 1.6609623013738548, 1.6608739077739696, 1.6619939428402501],