{"[[0.40622879838073], [0.4208927033137089, 68.61151813816033, 0.13589460244218343], [91.909703079803, 0.28370075246229254], [11.306640623670848, 13.50128286386307]]": {"ego_positions": [[4.2937, -24.7719], [4.138706508881093, -23.277171607726984], [3.969715563722585, -21.771493354712394], [3.8005030066924506, -20.251905577296462], [3.638447580723999, -18.721141512551316], [3.4820901864418583, -17.18342883637671], [3.3280458494635647, -15.642216925772951], [3.173842314444265, -14.099549554356582], [3.019239562780463, -12.556030053175293], [2.8643849796956986, -11.012141827240123], [2.709475044303655, -9.46852232694322], [2.5546292740947916, -7.925373362528375], [2.3998495163058813, -6.382635741059991], [2.245107776252623, -4.840184527998328], [2.0903709471234007, -3.2978841911074084], [1.935618053274969, -1.755645737154868], [1.7802061214406997, -0.20661741570508704], [1.6210537184579674, 1.3797957563071088], [1.4550110007414048, 3.0347817120700413], [1.2814567179238663, 4.76453516771273], [1.1027840397009907, 6.545369774031599], [0.9232148131822386, 8.33515427607286], [0.7444757260806618, 10.11664466227769], [0.5676807131436453, 11.87861532977438], [0.39355440550675574, 13.613899618425675], [0.22237850333800166, 15.319785166816787]], "ego_orientations": [1.6707, 1.6793847657997238, 1.6835777520400255, 1.679062849849717, 1.6738019692084232, 1.6708597610762896, 1.67030808433227, 1.6705312680601079, 1.6707105791410124, 1.6708038575975115, 1.6708147688385488, 1.6707964135433713, 1.6707831440385783, 1.6707853369530357, 1.670799253887727, 1.670800576911468, 1.6707814820008662, 1.6707868488244315, 1.67079509510921, 1.6707944358133182, 1.6707917932955352, 1.670792080440864, 1.670796095339129, 1.6708051934626054, 1.670806970115871, 1.670804584653688], "obs_positions": [[-38.5919, -5.3697], [-36.6019, -5.1701], [-34.6119, -4.9704], [-32.6219, -4.7707], [-30.6319, -4.5711], [-28.6419, -4.3714], [-26.627, -4.2806], [-24.6273, -4.1482], [-22.6283, -3.9729], [-20.6229, -3.753], [-18.6377, -3.491], [-16.6456, -3.1828], [-14.6707, -2.8317], [-12.7073, -2.4368], [-10.7516, -1.9971], [-8.8043, -1.5123], [-6.8644, -0.982], [-4.9389, -0.4078], [-3.0232, 0.2116], [-1.1264, 0.8731], [0.7548, 1.5775], [2.6128, 2.3212], [4.4632, 3.1103], [6.2946, 3.9396], [8.1069, 4.8088], [9.891212573650785, 5.712253728484039]], "obs_orientations": [0.0999, 0.1, 0.1, 0.0999, 0.1, 6.3282, 6.3492, 6.3706, 0.1092, 0.1312, 0.1534, 0.1759, 0.1984, 0.2211, 0.2439, 0.2668, 0.2898, 0.3127, 0.3355, 0.3581, 0.3807, 0.403, 0.4252, 0.4471, 0.4687, 0.4687], "objectives": {"extension_time": 0.5, "danger_difference": -118.02702029589366, "parameter_difference": 0.5306138152208003}, "attributes": {"generation_number": 19, "individual_number": 975, "crash": false, "goal_reached": true, "scenario_length": 26}}}