{"[[0.46837013790196336], [25.167512795982887, 117.07913980729123, 263.47441695238984], [1.1264988717138247, 77.4639589159182], [2.236663135277493, 12.559691208656792]]": {"ego_positions": [[3.9942, -21.7869], [3.844512038388792, -20.29425197826488], [3.6943919200633797, -18.80087703482556], [3.5435723821544496, -17.30617441828579], [3.391939864565928, -15.80967269825799], [3.2394791170016006, -14.311012326083695], [3.086214450081309, -12.809936502773843], [2.9322269915181343, -11.306271668744367], [2.7776406067889425, -9.799914662753212], [2.622597054964788, -8.29082056716197], [2.4672341701156597, -6.778994477378595], [2.3116468264536567, -5.26448573169659], [2.1386089915058344, -3.748972877129166], [1.9287921931780954, -2.22631443757395], [1.7740175856874767, -0.657837419570826], [1.6514069681226513, 0.966692576550138], [1.4989208775914593, 2.6268771087477623], [1.3316879497711889, 4.293507503348944], [1.1644550571341168, 5.960137547317098], [0.9798762617444383, 7.619305411928328], [0.8094898181804254, 9.249826131947051], [0.6580911142765704, 10.847246636749837], [0.5135104656330925, 12.418579804280855], [0.36864676861078977, 13.971319622712395], [0.22064434481438513, 15.511527903989432]], "ego_orientations": [1.6707, 1.6708332575337952, 1.6711566908392186, 1.671568449760574, 1.6719807511161673, 1.6723731071361794, 1.672710883876712, 1.672973420544208, 1.673134338365476, 1.6732010976373644, 1.673194031423244, 1.6731334152929387, 1.7051179242481642, 1.6931207406493713, 1.6498084913616622, 1.6505072155975347, 1.6708035227203064, 1.6708035227203064, 1.6708035227203064, 1.6816825833739426, 1.66884813857555, 1.6629803763044846, 1.6627669890392671, 1.6651137742690663, 1.6680671986175744], "obs_positions": [[-34.6119, -4.9704], [-32.6219, -4.7707], [-30.6319, -4.5711], [-28.6419, -4.3714], [-26.627, -4.2806], [-24.6273, -4.1482], [-22.6283, -3.9729], [-20.6229, -3.753], [-18.6377, -3.491], [-16.6456, -3.1828], [-14.6707, -2.8317], [-12.7073, -2.4368], [-10.7516, -1.9971], [-8.8043, -1.5123], [-6.8644, -0.982], [-4.9389, -0.4078], [-3.0232, 0.2116], [-1.1264, 0.8731], [0.7548, 1.5775], [2.6128, 2.3212], [4.4632, 3.1103], [6.2946, 3.9396], [8.1069, 4.8088], [9.9002, 5.7169], [11.664865717220243, 6.658151776342316]], "obs_orientations": [0.0999, 0.0999, 0.1, 6.3282, 6.3492, 6.3706, 0.1092, 0.1312, 0.1534, 0.1759, 0.1984, 0.2211, 0.2439, 0.2668, 0.2898, 0.3127, 0.3355, 0.3581, 0.3807, 0.403, 0.4252, 0.4471, 0.4687, 0.49, 0.49], "objectives": {"extension_time": 0.3, "danger_difference": -0.49744566770515064, "parameter_difference": 105.87152314669673}, "attributes": {"generation_number": 0, "individual_number": 15, "crash": true, "goal_reached": true, "scenario_length": 25}}, "[[0.46837013790196336], [25.167512795982887, 117.07913980729123, 263.47441695238984], [1.1264988717138247, 72.97135173012903], [2.236663135277493, 27.1171778219499]]": {"ego_positions": [[3.9942, -21.7869], [3.844512038388792, -20.29425197826488], [3.6943919200633797, -18.80087703482556], [3.5435723821544496, -17.30617441828579], [3.391939864565928, -15.80967269825799], [3.2394791170016006, -14.311012326083695], [3.086214450081309, -12.809936502773843], [2.9322269915181343, -11.306271668744367], [2.7776406067889425, -9.799914662753212], [2.622597054964788, -8.29082056716197], [2.4672341701156597, -6.778994477378595], [2.3116468264536567, -5.26448573169659], [2.1386089915058344, -3.748972877129166], [1.9287921931780954, -2.22631443757395], [1.7740175856874767, -0.657837419570826], [1.6514069681226513, 0.966692576550138], [1.4989208775914593, 2.6268771087477623], [1.3316879497711889, 4.293507503348944], [1.1644550571341168, 5.960137547317098], [0.9798762617444383, 7.619305411928328], [0.8094898181804254, 9.249826131947051], [0.6580911142765704, 10.847246636749837], [0.5135104656330925, 12.418579804280855], [0.36864676861078977, 13.971319622712395], [0.22064434481438513, 15.511527903989432]], "ego_orientations": [1.6707, 1.6708332575337952, 1.6711566908392186, 1.671568449760574, 1.6719807511161673, 1.6723731071361794, 1.672710883876712, 1.672973420544208, 1.673134338365476, 1.6732010976373644, 1.673194031423244, 1.6731334152929387, 1.7051179242481642, 1.6931207406493713, 1.6498084913616622, 1.6505072155975347, 1.6708035227203064, 1.6708035227203064, 1.6708035227203064, 1.6816825833739426, 1.66884813857555, 1.6629803763044846, 1.6627669890392671, 1.6651137742690663, 1.6680671986175744], "obs_positions": [[-34.6119, -4.9704], [-32.6219, -4.7707], [-30.6319, -4.5711], [-28.6419, -4.3714], [-26.627, -4.2806], [-24.6273, -4.1482], [-22.6283, -3.9729], [-20.6229, -3.753], [-18.6377, -3.491], [-16.6456, -3.1828], [-14.6707, -2.8317], [-12.7073, -2.4368], [-10.7516, -1.9971], [-8.8043, -1.5123], [-6.8644, -0.982], [-4.9389, -0.4078], [-3.0232, 0.2116], [-1.1264, 0.8731], [0.7548, 1.5775], [2.6128, 2.3212], [4.4632, 3.1103], [6.2946, 3.9396], [8.1069, 4.8088], [9.9002, 5.7169], [11.664865717220243, 6.658151776342316]], "obs_orientations": [0.0999, 0.0999, 0.1, 6.3282, 6.3492, 6.3706, 0.1092, 0.1312, 0.1534, 0.1759, 0.1984, 0.2211, 0.2439, 0.2668, 0.2898, 0.3127, 0.3355, 0.3581, 0.3807, 0.403, 0.4252, 0.4471, 0.4687, 0.49, 0.49], "objectives": {"extension_time": 0.3, "danger_difference": -0.49744566770515064, "parameter_difference": 105.87260149920951}, "attributes": {"generation_number": 2, "individual_number": 104, "crash": true, "goal_reached": true, "scenario_length": 25}}}