{"[[14.832144994995524], [0.09192017597734486, 200.0, 2.454882011032446], [1.9459314077949343, 1.337167307856141], [2.12227485277234, 31.969094355825725]]": {"ego_positions": [[4.5932, -27.7569], [4.443437152826273, -26.264260216690197], [4.293624357315214, -24.770855370927407], [4.1436786196178, -23.276065379428584], [3.993543356899977, -21.779413147732264], [3.8431824590288928, -20.280542412600205], [3.6925697637911488, -18.779201248397946], [3.5416878443468818, -17.275225675850454], [3.3905377397808585, -15.768524727854135], [3.2391211103037385, -14.259066490772174], [3.0874157663084985, -12.746872730448906], [2.93541735668295, -11.232003300181212], [2.7831458328420724, -9.714547485291018], [2.630631430107595, -8.194615943262907], [2.477903449683512, -6.672336177688362], [2.324958475008546, -5.147851058688014], [2.1718025560458427, -3.621310508231517], [2.0005128986692804, -2.0931387607744307], [1.7459564469798883, -0.5631110615439395], [1.3840566368983929, 0.972661200243887], [0.9378504099387378, 2.5205952663965703], [0.4588328897581758, 4.08784469278988], [0.008151483170287355, 5.680315752459298], [-0.35947240604888897, 7.300656515889673], [-0.6233337484832562, 8.945054539228993], [-0.8155127643234032, 10.604530281028492], [-0.9769071192886402, 12.27091485334055], [-1.1402580251574588, 13.938555946021575], [-1.3080081250955087, 15.606043703123106]], "ego_orientations": [1.6708, 1.6707862723367009, 1.6707734554040803, 1.670775171223909, 1.6707768202599846, 1.6707792261072447, 1.6707821667748661, 1.6707853697213118, 1.6707742918680766, 1.6707780016866525, 1.6707910645251791, 1.6708077498699052, 1.6708084664607536, 1.670796372964585, 1.6707872999087408, 1.6707881292113955, 1.6707932214084658, 1.7034750916412973, 1.7696819692431296, 1.8314219356260075, 1.8656138024945714, 1.8629353499679644, 1.8250739847593318, 1.7601910691285956, 1.7038510148477863, 1.6721668628663517, 1.6665131335612775, 1.6702490398663306, 1.671291356847659], "obs_positions": [[-42.5719, -5.769], [-40.5819, -5.5694], [-38.5919, -5.3697], [-36.6019, -5.17], [-34.6119, -4.9704], [-32.6219, -4.7707], [-30.6319, -4.571], [-28.6419, -4.3714], [-26.627, -4.2806], [-24.6273, -4.1482], [-22.6283, -3.9729], [-20.6229, -3.753], [-18.6377, -3.491], [-16.6456, -3.1828], [-14.6707, -2.8317], [-12.7073, -2.4368], [-10.7516, -1.9971], [-8.8043, -1.5123], [-6.8644, -0.982], [-4.9389, -0.4078], [-3.0232, 0.2116], [-1.1264, 0.8731], [0.7548, 1.5775], [2.6128, 2.3212], [4.4632, 3.1103], [6.2946, 3.9396], [8.1069, 4.8088], [9.9002, 5.7169], [11.664865717220243, 6.658151776342316]], "obs_orientations": [0.1, 0.1, 0.1, 0.1, 0.1, 0.1, 0.0999, 6.3282, 6.3492, 6.3706, 0.1092, 0.1312, 0.1534, 0.1759, 0.1984, 0.2211, 0.2439, 0.2668, 0.2898, 0.3127, 0.3355, 0.3581, 0.3807, 0.403, 0.4252, 0.4471, 0.4687, 0.49, 0.49], "objectives": {"extension_time": 0.7, "danger_difference": 1.9976716986314074, "parameter_difference": 1.5697776809674209}, "attributes": {"generation_number": 7, "individual_number": 350, "crash": true, "goal_reached": true, "scenario_length": 29}}}