{"[[31.44544128057199], [13.303151725532963, 134.92335254656192, 284.0429805517444], [1.9279003329505207, 66.67984310314114], [0.36500575119115336, 5.464656401291817]]": {"ego_positions": [[6.0906, -42.682], [5.940922445206013, -41.18935215996074], [5.790855181055542, -39.69597341549081], [5.640090791951191, -38.20126553125483], [5.488487233045883, -36.70476053427292], [5.336030483788563, -35.20610101363834], [5.182804385150456, -33.70502317294864], [5.028875847972592, -32.201353562901545], [4.87434445226521, -30.69499118177616], [4.719322068013038, -29.185894385434374], [4.563916029636395, -27.674072542836132], [4.408292601441891, -26.159568546789654], [4.252551609110685, -24.64246115713477], [4.09675981034493, -23.122858070805304], [3.940979379208499, -21.600884246064272], [3.785260922300561, -20.076677587827103], [3.6296389124717328, -18.55038485701023], [3.474137430537249, -17.0221574095824], [3.3187743513555645, -15.49214754536863], [3.163558652725045, -13.960506317426661], [3.008448531234251, -12.427385774656663], [2.853433337469154, -10.892929465643611], [2.6985280736331534, -9.357271283029812], [2.5437199928406784, -7.820540406307951], [2.3889883548673985, -6.28285878380329], [2.234321757898518, -4.7443399390457515], [2.079702170538144, -3.205092233180531], [1.9251040450686692, -1.6652180329312587], [1.7656794443074249, -0.12529564842618607], [1.5512346417466092, 1.4159608088626787], [1.1860741239981096, 2.9762391770455223], [0.7031016773563591, 4.579728845475937], [0.2235491361950278, 6.245508584839293], [-0.1487542771306326, 7.975171242840532], [-0.4046578884792027, 9.74685574274168], [-0.5532281521243281, 11.543076349408251], [-0.6117192023447038, 13.355806994237424], [-0.6129768651940575, 15.178311556182463]], "ego_orientations": [1.6707, 1.670810847697961, 1.6711158328377413, 1.6715369261793227, 1.6719759341740796, 1.672359137004932, 1.6726756511701333, 1.6729295555020693, 1.673105976369216, 1.6732110961661066, 1.6732268519346376, 1.67314724064364, 1.6730337728145044, 1.6728827739418797, 1.6727040038197496, 1.6725075078783702, 1.6723039666398494, 1.6720959284733583, 1.6718898886967222, 1.6717008923304582, 1.6715581293853796, 1.6714001586900058, 1.6712589583274053, 1.671137571474312, 1.6710349915972311, 1.6709460992013032, 1.670883877657027, 1.6708247722926157, 1.679898298007964, 1.7519600316386934, 1.8427162224551223, 1.8703943084423138, 1.8205998386811642, 1.747994381794909, 1.6817950405585544, 1.6258189019386773, 1.5837026749672432, 1.5628583517250259], "obs_positions": [[-62.472, -7.7656], [-60.482, -7.5659], [-58.492, -7.3663], [-56.502, -7.1666], [-54.512, -6.967], [-52.522, -6.7673], [-50.5319, -6.5676], [-48.5419, -6.368], [-46.5519, -6.1683], [-44.5619, -5.9687], [-42.5719, -5.769], [-40.5819, -5.5693], [-38.5919, -5.3697], [-36.6019, -5.17], [-34.6119, -4.9704], [-32.6219, -4.7707], [-30.6319, -4.571], [-28.6419, -4.3714], [-26.627, -4.2806], [-24.6273, -4.1482], [-22.6283, -3.9729], [-20.6229, -3.753], [-18.6377, -3.491], [-16.6456, -3.1828], [-14.6707, -2.8317], [-12.7073, -2.4368], [-10.7516, -1.9971], [-8.8043, -1.5123], [-6.8644, -0.982], [-4.9389, -0.4078], [-3.0232, 0.2116], [-1.1264, 0.8731], [0.7548, 1.5775], [2.6128, 2.3212], [4.4632, 3.1103], [6.2946, 3.9396], [8.1069, 4.8088], [9.891212573650785, 5.712253728484039]], "obs_orientations": [0.0999, 0.0999, 0.0999, 0.1, 0.1, 0.0999, 0.0999, 0.0999, 0.0999, 0.1, 0.1, 0.0999, 0.0999, 0.0999, 0.0999, 0.1, 0.1, 6.3282, 6.3492, 6.3706, 0.1092, 0.1312, 0.1534, 0.1759, 0.1984, 0.2211, 0.2439, 0.2668, 0.2898, 0.3127, 0.3355, 0.3581, 0.3807, 0.403, 0.4252, 0.4471, 0.4687, 0.4687], "objectives": {"extension_time": 1.7, "danger_difference": 2.46204285772437, "parameter_difference": 113.745604769318}, "attributes": {"generation_number": 0, "individual_number": 4, "crash": true, "goal_reached": true, "scenario_length": 38}}, "[[0.5337967802077781], [1.2056072374287623, 178.77810552805204, 1.2415388550025455], [18.22147814981468, 2.6025046321150853], [0.995734082153255, 13.74003636188863]]": {"ego_positions": [[6.0906, -42.682], [5.940369157815165, -41.18895728479142], [5.787599782075753, -39.69336064043616], [5.632608525111201, -38.19459178235413], [5.476159642195595, -36.69255069409611], [5.318876274745742, -35.18720956100199], [5.161263106622944, -33.678597634210725], [5.003638412699011, -32.16679956347347], [4.846225179184303, -30.651937925686227], [4.689163861618618, -29.13416303448174], [4.532525551914775, -27.61364566998292], [4.376401874391131, -26.09056213853394], [4.2207972056854866, -24.56510106284668], [4.065656301958469, -23.037457091853277], [3.910914423532037, -21.507822641946056], [3.7565038043674464, -19.976384994525315], [3.60235325724082, -18.443324566093235], [3.4483972207503713, -16.90881261950647], [3.2945844909166913, -15.373008872183815], [3.1408822398549474, -13.836059792324155], [2.98720579703462, -12.298110990596198], [2.8335138628154986, -10.7592965214082], [2.679788128207211, -9.21973988938428], [2.5260023736308197, -7.679554258559235], [2.3721440748323896, -6.138838956066481], [2.2181868881034355, -4.5976907902327335], [2.0640972726175515, -3.056201159317463], [1.909887312870176, -1.5144398728797042], [1.7556230315573071, 0.027551938916641164], [1.6004956144691518, 1.5764911905341437], [1.4418682535235785, 3.1585428430279854], [1.2786554217091661, 4.785324285616836], [1.1121197192107029, 6.445153940924909], [0.9455887872702783, 8.104984892595448], [0.7819681497589621, 9.735798362048286], [0.6211863762408304, 11.33822181617476], [0.46258379447002906, 12.91881484642496], [0.30560058451223515, 14.48324960159848], [0.14977958792763071, 16.036133478798302]], "ego_orientations": [1.6707, 1.671766013361883, 1.6733095829950324, 1.674288536373582, 1.674803720789491, 1.6749409512227522, 1.6748161532206793, 1.6745282276606015, 1.6741329044595965, 1.6736868947851482, 1.6732018055992546, 1.6726883193336566, 1.6722184551917354, 1.6718012008056202, 1.671440333767982, 1.671137507570654, 1.6708926472485457, 1.6706965850280013, 1.6705355629177248, 1.6704185578663204, 1.6703672424195617, 1.6703246374833167, 1.6703136620243157, 1.6703184484910303, 1.6703415927049399, 1.6703898503906205, 1.6704688784195223, 1.6704856999710562, 1.6705495343248387, 1.6706775600161379, 1.6707714827777929, 1.670797764690914, 1.6707918053144704, 1.6707919561412707, 1.6707937830223467, 1.6708035141379838, 1.6708063628427383, 1.670805754359638, 1.6708018937595102], "obs_positions": [[-62.472, -7.7656], [-60.482, -7.5659], [-58.492, -7.3663], [-56.502, -7.1666], [-54.512, -6.967], [-52.522, -6.7673], [-50.5319, -6.5676], [-48.5419, -6.368], [-46.5519, -6.1683], [-44.5619, -5.9687], [-42.5719, -5.769], [-40.5819, -5.5693], [-38.5919, -5.3697], [-36.6019, -5.17], [-34.6119, -4.9704], [-32.6219, -4.7707], [-30.6319, -4.571], [-28.6419, -4.3714], [-26.627, -4.2806], [-24.6273, -4.1482], [-22.6283, -3.9729], [-20.6229, -3.753], [-18.6377, -3.491], [-16.6456, -3.1828], [-14.6707, -2.8317], [-12.7073, -2.4368], [-10.7516, -1.9971], [-8.8043, -1.5123], [-6.8644, -0.982], [-4.9389, -0.4078], [-3.0232, 0.2116], [-1.1264, 0.8731], [0.7548, 1.5775], [2.6128, 2.3212], [4.4632, 3.1103], [6.2946, 3.9396], [8.1069, 4.8088], [9.9002, 5.7169], [11.664865717220243, 6.658151776342316]], "obs_orientations": [0.0999, 0.0999, 0.0999, 0.1, 0.1, 0.0999, 0.0999, 0.0999, 0.0999, 0.1, 0.1, 0.0999, 0.0999, 0.0999, 0.0999, 0.1, 0.1, 6.3282, 6.3492, 6.3706, 0.1092, 0.1312, 0.1534, 0.1759, 0.1984, 0.2211, 0.2439, 0.2668, 0.2898, 0.3127, 0.3355, 0.3581, 0.3807, 0.403, 0.4252, 0.4471, 0.4687, 0.49, 0.49], "objectives": {"extension_time": 1.7, "danger_difference": -118.17716682678262, "parameter_difference": 1.1638774015918636}, "attributes": {"generation_number": 12, "individual_number": 622, "crash": false, "goal_reached": true, "scenario_length": 39}}}