{"[[16.042604652836776], [0.5032725407242534, 200.0, 2.5], [1.4038931745131698, 157.50432907436306], [1.336948199216782, 15.748889176920418]]": {"ego_positions": [[5.9409, -41.1895], [5.791211670997906, -39.696851964581526], [5.641089790056295, -38.20347719211903], [5.490273079345526, -36.708774476144576], [5.338637479093204, -35.21227239642287], [5.186159007268188, -33.71361377800264], [5.032887457879905, -32.21253910086321], [4.878915721606906, -30.708873317299634], [4.724339901314205, -29.20251428660828], [4.569275813398543, -27.693421975031747], [4.413891288391623, -26.181598211044978], [4.258294766954195, -24.66709068038031], [4.102572789640094, -23.149980869512873], [3.9467991039115757, -21.630375586520177], [3.7910397557977995, -20.10839932285435], [3.6353430449806816, -18.58419018583834], [3.4797436616508364, -17.057894938293305], [3.3242707138902334, -15.529664464421515], [3.168943850558662, -13.99965069657689], [3.0137254537405407, -12.468009483391029], [2.8586187333063555, -10.934888539817488], [2.7036271255491577, -9.400429740901048], [2.5487444217949764, -7.864769177820217], [2.3939487727802864, -6.3280369586476555], [2.239225251537829, -4.790354445864698], [2.0845589734626633, -3.2518355101948946], [1.9299362059039034, -1.7125880672486222], [1.7752153785655485, -0.17125855605905455], [1.619756320269067, 1.3786433470439892], [1.4628923221378836, 2.9431796556407077], [1.3041836700008653, 4.526369158639021], [1.1434298036185357, 6.130188495810305], [0.9806559723619608, 7.753971128089013], [0.816260642795374, 9.39356909442921], [0.6506445652237878, 11.044781419498381], [0.48417235194147074, 12.703922651762133], [0.3172143550142239, 14.36770853337706], [0.15003312808787309, 16.03377614113512]], "ego_orientations": [1.6707, 1.6708341356497394, 1.6711569152431391, 1.6715639867165022, 1.6719904640755952, 1.6723819901599475, 1.6727083846318815, 1.6729543203868367, 1.6731415144883355, 1.6732161336339715, 1.673204934238094, 1.6731342211756173, 1.6730221661285434, 1.6728697551426632, 1.672689721158551, 1.6724931584969058, 1.6722886320810408, 1.6720718437298607, 1.6718778974144801, 1.6717084665489623, 1.6715428978106206, 1.6713842515277648, 1.6712476246785783, 1.6711316447591746, 1.6710307040635979, 1.6709505706670116, 1.6708778918603127, 1.670802612662171, 1.6707341767762274, 1.670720594115378, 1.6706969650354038, 1.6706974575471387, 1.6707162609792336, 1.6707414988875362, 1.6707842681851826, 1.6708077193376092, 1.670809274371232, 1.6708010550096053], "obs_positions": [[-60.482, -7.5659], [-58.492, -7.3662], [-56.502, -7.1666], [-54.512, -6.967], [-52.522, -6.7673], [-50.5319, -6.5676], [-48.5419, -6.368], [-46.5519, -6.1683], [-44.5619, -5.9686], [-42.5719, -5.769], [-40.5819, -5.5694], [-38.5919, -5.3697], [-36.6019, -5.17], [-34.6119, -4.9704], [-32.6219, -4.7707], [-30.6319, -4.571], [-28.6419, -4.3714], [-26.627, -4.2806], [-24.6273, -4.1482], [-22.6283, -3.9729], [-20.6229, -3.753], [-18.6377, -3.491], [-16.6456, -3.1828], [-14.6707, -2.8317], [-12.7073, -2.4368], [-10.7516, -1.9971], [-8.8043, -1.5123], [-6.8644, -0.982], [-4.9389, -0.4078], [-3.0232, 0.2116], [-1.1264, 0.8731], [0.7548, 1.5775], [2.6128, 2.3212], [4.4632, 3.1103], [6.2946, 3.9396], [8.1069, 4.8088], [9.9002, 5.7169], [11.664865717220243, 6.658151776342316]], "obs_orientations": [0.1, 0.0999, 0.0999, 0.1, 0.1, 0.0999, 0.0999, 0.1, 0.0999, 0.0999, 0.1, 0.1, 0.0999, 0.0999, 0.1, 0.1, 6.3282, 6.3492, 6.3706, 0.1092, 0.1312, 0.1534, 0.1759, 0.1984, 0.2211, 0.2439, 0.2668, 0.2898, 0.3127, 0.3355, 0.3581, 0.3807, 0.403, 0.4252, 0.4471, 0.4687, 0.49, 0.49], "objectives": {"extension_time": 1.6, "danger_difference": -118.01126485802794, "parameter_difference": 1.5305651856751628}, "attributes": {"generation_number": 2, "individual_number": 120, "crash": false, "goal_reached": true, "scenario_length": 38}}, "[[10.232018964748148], [1.6781324089820093, 139.48749452575237, 1.9575317298122488], [1.1577109780787096, 0.8809394677178659], [2.1011620218250004, 29.03626389263049]]": {"ego_positions": [[5.9409, -41.1895], [5.791277635915121, -39.69684534654986], [5.641565887078426, -38.20342942668945], [5.491701057357042, -36.70863121531938], [5.341631410000404, -35.2119720275637], [5.191317867792744, -33.713096203849176], [5.040737987792289, -32.211751473733095], [4.889878957981271, -30.7077733969335], [4.738715679312611, -29.201071617261945], [4.587240622477909, -27.691619158294486], [4.4355051942075905, -26.179429514408678], [4.283514387415287, -24.664560446957278], [4.1312677614394495, -23.14710193365148], [3.9787700747540438, -21.62716796315659], [3.82603631748108, -20.104888135586627], [3.6730806713173996, -18.5804039683881], [3.5199189422956474, -17.053864156995676], [3.366574517326858, -15.525420657645288], [3.213071992017517, -13.995223810525339], [3.0593873162593184, -12.463427981691394], [2.9055437366272034, -10.93018011764923], [2.75156892598822, -9.395619525148353], [2.597483458889027, -7.859879087395917], [2.4432934232586145, -6.32308610575475], [2.289009915359827, -4.785359352997511], [2.134638102152415, -3.2468100203484362], [1.980187350553754, -1.7075445112456438], [1.8255365455398884, -0.16620745400984033], [1.6253540530364716, 1.3886714999139733], [1.2953758311603512, 2.9902679884313152], [0.9578010734552684, 4.667392115478217], [0.7385910211650671, 6.411724152532315], [0.5664310130785053, 8.170982860190096], [0.4136193856363699, 9.926326042475214], [0.2820834086667192, 11.674388538328595], [0.16447571309080297, 13.412835252726119], [0.051461021544842694, 15.140456021342835]], "ego_orientations": [1.6707, 1.670705200277166, 1.6707152266173138, 1.670724719642047, 1.6707394969133391, 1.6707528728424659, 1.6707640804133357, 1.670773155590344, 1.6708067404851419, 1.6708085131103865, 1.6707977973904242, 1.6707904871456984, 1.670792883323457, 1.6707937755932043, 1.6707941848937877, 1.670794521455656, 1.6707940237339594, 1.670780587467224, 1.6707830675134838, 1.6707983901920116, 1.6708025394569719, 1.6707964403814572, 1.6707941045773502, 1.6707939401090943, 1.670794180203081, 1.6708016378285169, 1.6708004345691099, 1.6707888447089618, 1.741072542709911, 1.7898600438877206, 1.7352137201615134, 1.6707919085005638, 1.6638852050283894, 1.6513282832259197, 1.6412363168799604, 1.6363767779918028, 1.6366220972611147], "obs_positions": [[-60.482, -7.5659], [-58.492, -7.3662], [-56.502, -7.1666], [-54.512, -6.967], [-52.522, -6.7673], [-50.5319, -6.5676], [-48.5419, -6.368], [-46.5519, -6.1683], [-44.5619, -5.9686], [-42.5719, -5.769], [-40.5819, -5.5694], [-38.5919, -5.3697], [-36.6019, -5.17], [-34.6119, -4.9704], [-32.6219, -4.7707], [-30.6319, -4.571], [-28.6419, -4.3714], [-26.627, -4.2806], [-24.6273, -4.1482], [-22.6283, -3.9729], [-20.6229, -3.753], [-18.6377, -3.491], [-16.6456, -3.1828], [-14.6707, -2.8317], [-12.7073, -2.4368], [-10.7516, -1.9971], [-8.8043, -1.5123], [-6.8644, -0.982], [-4.9389, -0.4078], [-3.0232, 0.2116], [-1.1264, 0.8731], [0.7548, 1.5775], [2.6128, 2.3212], [4.4632, 3.1103], [6.2946, 3.9396], [8.1069, 4.8088], [9.891212573650785, 5.712253728484039]], "obs_orientations": [0.1, 0.0999, 0.0999, 0.1, 0.1, 0.0999, 0.0999, 0.1, 0.0999, 0.0999, 0.1, 0.1, 0.0999, 0.0999, 0.1, 0.1, 6.3282, 6.3492, 6.3706, 0.1092, 0.1312, 0.1534, 0.1759, 0.1984, 0.2211, 0.2439, 0.2668, 0.2898, 0.3127, 0.3355, 0.3581, 0.3807, 0.403, 0.4252, 0.4471, 0.4687, 0.4687], "objectives": {"extension_time": 1.6, "danger_difference": 0.779719656092027, "parameter_difference": 1.3896036756925507}, "attributes": {"generation_number": 12, "individual_number": 648, "crash": true, "goal_reached": true, "scenario_length": 37}},