{"[[5], [5, 50, 100], [0.25, 20], [0.25, 5]]": {"ego_positions": [[-3.397, 16.8217], [-3.2219614246131334, 15.328866768991356], [-2.94095367887249, 13.832261058365505], [-2.5621446556751586, 12.326087344301921], [-2.1176827101121214, 10.808174774495523], [-1.6377636204838908, 9.279557573886795], [-1.1437975660016488, 7.741967824157189], [-0.6481101129827216, 6.198654150226963], [-0.17852987747576643, 4.647776485310777], [0.23695425052596875, 3.087839834418473], [0.5818795447119842, 1.5184390688865133], [0.8502779730306615, -0.059718279711233085], [1.039812954887002, -1.6457729099700464], [1.1425357225020614, -3.239304051121841], [1.1633530314395502, -4.838922001852307], [1.1181486492852912, -6.442239808840079], [1.0274934669300178, -8.046799915647657], [0.9068038090543649, -9.650673018604781], [0.7585838313830189, -11.252915605911046], [0.6036690795143216, -12.851152974789636]], "ego_orientations": [4.8123, -1.4233751793534273, -1.351033561598797, -1.3017180367881362, -1.27347053073058, -1.262173689654487, -1.257974316324745, -1.2652734336697744, -1.2913391175034885, -1.3313564392677701, -1.3782036712809766, -1.4263256820289714, -1.478835528490059, -1.533366199932229, -1.5804128222808824, -1.615330709984117, -1.6369342553377244, -1.6556107889027043, -1.668035455232939, -1.6638734790727696], "obs_positions": [[-28.6419, -4.3714], [-26.627, -4.2806], [-24.6273, -4.1482], [-22.6283, -3.9729], [-20.6229, -3.753], [-18.6377, -3.491], [-16.6456, -3.1828], [-14.6707, -2.8317], [-12.7073, -2.4368], [-10.7516, -1.9971], [-8.8043, -1.5123], [-6.8644, -0.982], [-4.9389, -0.4078], [-3.0232, 0.2116], [-1.1264, 0.8731], [0.7548, 1.5775], [2.6128, 2.3212], [4.4632, 3.1103], [6.2946, 3.9396], [8.098009428512253, 4.8043048242915685]], "obs_orientations": [6.3282, 6.3492, 6.3706, 0.1092, 0.1312, 0.1534, 0.1759, 0.1984, 0.2211, 0.2439, 0.2668, 0.2898, 0.3127, 0.3355, 0.3581, 0.3807, 0.403, 0.4252, 0.4471, 0.4471], "attributes": {"crash": false, "goal_reached": true, "max_danger": 3.520658101498653, "scenario_length": 20, "lower_bound": -0.8, "upper_bound": -0.4}}}