{"[[32.155642918335055], [22.142260689636355, 10.320060358472771, 94.47922681341414], [1.5010150919264695, 159.7142491454524], [1.1491354519426045, 41.92825037071113]]": {"ego_positions": [[-2.6481, 9.3591]], "ego_orientations": [4.8124], "obs_positions": [[-18.6377, -3.491]], "obs_orientations": [0.1534], "objectives": {"extension_time": -0.5, "danger_difference": 196.47934189850136, "parameter_difference": 7.269936974729388}, "attributes": {"generation_number": 4, "individual_number": 227, "crash": true, "goal_reached": false, "scenario_length": 1}}, "[[36.44472732406904], [22.142260689636355, 10.320060358472771, 2.5], [0.06012367778158745, 34.89386944291003], [0.5584640168574324, 41.92825037071113]]": {"ego_positions": [[-2.6481, 9.3591]], "ego_orientations": [4.8124], "obs_positions": [[-18.6377, -3.491]], "obs_orientations": [0.1534], "objectives": {"extension_time": -0.5, "danger_difference": 196.47934189850136, "parameter_difference": 39.610584579310526}, "attributes": {"generation_number": 1, "individual_number": 55, "crash": true, "goal_reached": false, "scenario_length": 1}}, "[[36.44472732406904], [22.142260689636355, 10.320060358472771, 2.5], [0.06012367778158745, 29.61148273005312], [0.5584640168574324, 41.92825037071113]]": {"ego_positions": [[-2.6481, 9.3591]], "ego_orientations": [4.8124], "obs_positions": [[-18.6377, -3.491]], "obs_orientations": [0.1534], "objectives": {"extension_time": -0.5, "danger_difference": 196.47934189850136, "parameter_difference": 39.610578043342485}, "attributes": {"generation_number": 2, "individual_number": 101, "crash": true, "goal_reached": false, "scenario_length": 1}}, "[[17.6873280142538], [2.5, 65.47140306455756, 982.8863639024896], [0.056091813302289184, 96.39294411436319], [1.5031313996956195, 45.5229126049341]]": {"ego_positions": [[-2.6481, 9.3591]], "ego_orientations": [4.8124], "obs_positions": [[-18.6377, -3.491]], "obs_orientations": [0.1534], "objectives": {"extension_time": -0.5, "danger_difference": 196.47934189850136, "parameter_difference": 353.15702489982715}, "attributes": {"generation_number": 2, "individual_number": 116, "crash": true, "goal_reached": false, "scenario_length": 1}}, "[[18.211072377363102], [2.5, 10.320060358472771, 2.5], [1.4886932843015843, 159.7142491454524], [2.4446069079388915, 41.92825037071113]]": {"ego_positions": [[-2.6481, 9.3591]], "ego_orientations": [4.8124], "obs_positions": [[-18.6377, -3.491]], "obs_orientations": [0.1534], "objectives": {"extension_time": -0.5, "danger_difference": 196.47934189850136, "parameter_difference": 39.022232919498336}, "attributes": {"generation_number": 2, "individual_number": 124, "crash": true, "goal_reached": false, "scenario_length": 1}}, "[[3.3134126196380285], [2.5, 114.89627813146149, 2.5], [1.9756471430202436, 139.79545566993727], [1.59826518196411, 1.4714200277521456]]": {"ego_positions": [[-2.6481, 9.3591]], "ego_orientations": [4.8124], "obs_positions": [[-18.6377, -3.491]], "obs_orientations": [0.1534], "objectives": {"extension_time": -0.5, "danger_difference": 196.47934189850136, "parameter_difference": 39.014991224714926}, "attributes": {"generation_number": 3, "individual_number": 159, "crash": true, "goal_reached": false, "scenario_length": 1}}, "[[3.8164116202395206], [2.5, 200.0, 2.5], [2.0351048542832357, 139.754859721044], [1.1500820213367895, 1.4714200277521456]]": {"ego_positions": [[-2.6481, 9.3591]], "ego_orientations": [4.8124], "obs_positions": [[-18.6377, -3.491]], "obs_orientations": [0.1534], "objectives": {"extension_time": -0.5, "danger_difference": 196.47934189850136, "parameter_difference": 39.02083716240073}, "attributes": {"generation_number": 4, "individual_number": 236, "crash": true, "goal_reached": false, "scenario_length": 1}}, "[[32.024213391159805], [2.5, 10.320060358472771, 2.5], [1.5010150919264695, 159.7142491454524], [1.1474655851967552, 41.92825037071113]]": {"ego_positions": [[-2.6481, 9.3591]], "ego_orientations": [4.8124], "obs_positions": [[-18.6377, -3.491]], "obs_orientations": [0.1534], "objectives": {"extension_time": -0.5, "danger_difference": 196.47934189850136, "parameter_difference": 39.02506076846872}, "attributes": {"generation_number": 4, "individual_number": 245, "crash": true, "goal_reached": false, "scenario_length": 1}}, "[[32.155642918335055], [22.142260689636355, 15.540761524991131, 94.47922681341414], [1.5010150919264695, 159.7077190592686], [2.205156207001659, 38.59667259545942]]": {"ego_positions": [[-2.6481, 9.3591]], "ego_orientations": [4.8124], "obs_positions": [[-18.6377, -3.491]], "obs_orientations": [0.1534], "objectives": {"extension_time": -0.5, "danger_difference": 196.47934189850136, "parameter_difference": 7.262886604216561}, "attributes": {"generation_number": 5, "individual_number": 255, "crash": true, "goal_reached": false, "scenario_length": 1}}, "[[46.92518863800547], [2.5, 10.223517174535314, 94.47922681341414], [0.808263633563599, 93.35535112138948], [1.1517847100722585, 4.644126239331683]]": {"ego_positions": [[-2.6481, 9.3591]], "ego_orientations": [4.8124], "obs_positions": [[-18.6377, -3.491]], "obs_orientations": [0.1534], "objectives": {"extension_time": -0.5, "danger_difference": 196.47934189850136, "parameter_difference": 2.5770473279603734}, "attributes": {"generation_number": 9, "individual_number": 484, "crash": true, "goal_reached": false, "scenario_length": 1}}, "[[46.92518863800547], [2.4977194662880224, 10.223517174535314, 94.47922681341414], [0.8094159470521394, 93.35535112138948], [2.7468038674446498, 19.128058267397623]]": {"ego_positions": [[-2.6481, 9.3591]], "ego_orientations": [4.8124], "obs_positions": [[-18.6377, -3.491]], "obs_orientations": [0.1534], "objectives": {"extension_time": -0.5, "danger_difference": 196.47934189850136, "parameter_difference": 2.5932521416560497}, "attributes": {"generation_number": 10, "individual_number": 501, "crash": true, "goal_reached": false, "scenario_length": 1}}, "[[46.773554063497926], [2.5, 18.834766985741005, 94.47922681341414], [0.808263633563599, 93.35535112138948], [1.1517847100722585, 4.644126239331683]]": {"ego_positions": [[-2.6481, 9.3591]], "ego_orientations": [4.8124], "obs_positions": [[-18.6377, -3.491]], "obs_orientations": [0.1534], "objectives": {"extension_time": -0.5, "danger_difference": 196.47934189850136, "parameter_difference": 2.573096162277048}, "attributes": {"generation_number": 10, "individual_number": 507, "crash": true, "goal_reached": false, "scenario_length": 1}}, "[[46.64617788663644], [2.5, 16.420711960731126, 2.5], [0.808263633563599, 93.35535112138948], [1.1505938844947494, 4.756544328429182]]": {"ego_positions": [[-2.6481, 9.3591]], "ego_orientations": [4.8124], "obs_positions": [[-18.6377, -3.491]], "obs_orientations": [0.1534], "objectives": {"extension_time": -0.5, "danger_difference": 196.47934189850136, "parameter_difference": 39.02235030524778}, "attributes": {"generation_number": 10, "individual_number": 508, "crash": true, "goal_reached": false, "scenario_length": 1}}, "[[34.73972392092797], [2.499999859211475, 47.43294625090678, 94.47922681341414], [1.5010150919264695, 47.0961624876394], [0.7180704576929364, 12.89198803930453]]": {"ego_positions": [[-2.6481, 9.3591]], "ego_orientations": [4.8124], "obs_positions": [[-18.6377, -3.491]], "obs_orientations": [0.1534], "objectives": {"extension_time": -0.5, "danger_difference": 196.47934189850136, "parameter_difference": 2.501702336397997}, "attributes": {"generation_number": 13, "individual_number": 673, "crash": true, "goal_reached": false, "scenario_length": 1}}, "[[36.636162314205876], [2.499999859211475, 14.527753387638771, 94.47922681341414], [1.5000482950358418, 47.0961624876394], [0.7170927643420221, 10.053053404264762]]": {"ego_positions": [[-2.6481, 9.3591]], "ego_orientations": [4.8124], "obs_positions": [[-18.6377, -3.491]], "obs_orientations": [0.1534], "objectives": {"extension_time": -0.5, "danger_difference": 196.47934189850136,