{"[[42.632239462508416], [12.26234828549974, 375.0324819045273, 971.8252697627341], [1.9049713146369884, 114.04903562372422], [0.8876402691198609, 40.25631713621935]]": {"ego_positions": [[-2.4983, 7.8666]], "ego_orientations": [4.8124], "obs_positions": [[-16.6456, -3.1828]], "obs_orientations": [0.1759], "objectives": {"extension_time": -0.6, "danger_difference": 196.47934189850136, "parameter_difference": 348.7475694658963}, "attributes": {"generation_number": 0, "individual_number": 36, "crash": true, "goal_reached": false, "scenario_length": 1}}, "[[37.11728404553866], [22.142260689636355, 10.320060358472771, 2.5], [1.5010150919264695, 159.82262105158577], [0.19604167918519888, 8.017418367091313]]": {"ego_positions": [[-2.4983, 7.8666]], "ego_orientations": [4.8124], "obs_positions": [[-16.6456, -3.1828]], "obs_orientations": [0.1759], "objectives": {"extension_time": -0.6, "danger_difference": 196.47934189850136, "parameter_difference": 39.60493596483621}, "attributes": {"generation_number": 2, "individual_number": 107, "crash": true, "goal_reached": false, "scenario_length": 1}}, "[[47.549574567598206], [2.343604096407774, 151.4153876592509, 2.5], [1.4944720403084393, 190.90217724519653], [0.7759354302832268, 37.46555132415092]]": {"ego_positions": [[-2.4983, 7.8666]], "ego_orientations": [4.8124], "obs_positions": [[-16.6456, -3.1828]], "obs_orientations": [0.1759], "objectives": {"extension_time": -0.6, "danger_difference": 196.47934189850136, "parameter_difference": 39.03394536847342}, "attributes": {"generation_number": 3, "individual_number": 151, "crash": true, "goal_reached": false, "scenario_length": 1}}, "[[32.155642918335055], [2.5, 196.20181604330014, 94.47922681341414], [1.5010150919264695, 162.1129548687148], [1.1491354519426045, 41.92825037071113]]": {"ego_positions": [[-2.4983, 7.8666]], "ego_orientations": [4.8124], "obs_positions": [[-16.6456, -3.1828]], "obs_orientations": [0.1759], "objectives": {"extension_time": -0.6, "danger_difference": 196.47934189850136, "parameter_difference": 2.7078706183132635}, "attributes": {"generation_number": 4, "individual_number": 242, "crash": true, "goal_reached": false, "scenario_length": 1}}, "[[15.163077038919193], [2.4996084783727412, 199.85687617157606, 2.5], [33.05775643343248, 163.19516871396712], [3.7198272077894248, 34.333085041297636]]": {"ego_positions": [[-2.4983, 7.8666]], "ego_orientations": [4.8124], "obs_positions": [[-16.6456, -3.1828]], "obs_orientations": [0.1759], "objectives": {"extension_time": -0.6, "danger_difference": 196.47934189850136, "parameter_difference": 39.02608280605416}, "attributes": {"generation_number": 5, "individual_number": 250, "crash": true, "goal_reached": false, "scenario_length": 1}}, "[[16.32092951946609], [2.5, 132.89216746719404, 2.5], [1.0540169998301447, 200.42171801358074], [2.1894728548389004, 29.680066906269804]]": {"ego_positions": [[-2.4983, 7.8666]], "ego_orientations": [4.8124], "obs_positions": [[-16.6456, -3.1828]], "obs_orientations": [0.1759], "objectives": {"extension_time": -0.6, "danger_difference": 196.47934189850136, "parameter_difference": 39.020486910064406}, "attributes": {"generation_number": 5, "individual_number": 296, "crash": true, "goal_reached": false, "scenario_length": 1}}, "[[32.34452732869799], [2.4999933324059653, 47.43294625090678, 2.5], [1.5020365112148197, 57.320017809131954], [0.7788990304286327, 41.95692738452149]]": {"ego_positions": [[-2.4983, 7.8666]], "ego_orientations": [4.8124], "obs_positions": [[-16.6456, -3.1828]], "obs_orientations": [0.1759], "objectives": {"extension_time": -0.6, "danger_difference": 196.47934189850136, "parameter_difference": 39.02372700982066}, "attributes": {"generation_number": 6, "individual_number": 325, "crash": true, "goal_reached": false, "scenario_length": 1}}, "[[32.67912900706443], [2.4999933324059653, 47.43294625090678, 2.5], [1.5010150919264695, 57.320017809131954], [0.7685532585697099, 41.92825037071113]]": {"ego_positions": [[-2.4983, 7.8666]], "ego_orientations": [4.8124], "obs_positions": [[-16.6456, -3.1828]], "obs_orientations": [0.1759], "objectives": {"extension_time": -0.6, "danger_difference": 196.47934189850136, "parameter_difference": 39.02381045311141}, "attributes": {"generation_number": 6, "individual_number": 340, "crash": true, "goal_reached": false, "scenario_length": 1}}, "[[45.88593670381622], [2.499999992362773, 45.20977604306299, 0.12999855606080502], [0.3384762905987073, 57.49022934607836], [0.7180704576929364, 12.272657779074295]]": {"ego_positions": [[-2.4983, 7.8666]], "ego_orientations": [4.8124], "obs_positions": [[-16.6456, -3.1828]], "obs_orientations": [0.1759], "objectives": {"extension_time": -0.6, "danger_difference": 196.47934189850136, "parameter_difference": 39.969223836218774}, "attributes": {"generation_number": 15, "individual_number": 795, "crash": true, "goal_reached": false, "scenario_length": 1}}, "[[18.084009104291983], [2.499999997321507, 10.320060358472771, 94.47922681341414], [0.21277243242854793, 7.440944335302493], [0.6985016248103048, 24.735591184087433]]": {"ego_positions": [[-2.4983, 7.8666]], "ego_orientations": [4.8124], "obs_positions": [[-16.6456, -3.1828]], "obs_orientations": [0.1759], "objectives": {"extension_time": -0.6, "danger_difference": 196.47934189850136, "parameter_difference": 2.478099598213117}, "attributes": {"generation_number": 19, "individual_number": 981, "crash": true, "goal_reached": false, "scenario_length": 1}}}