{"[[31.656964828586737], [2.5, 10.320060358472771, 2.5], [1.480615771107301, 159.75484509434568], [0.9848105687430765, 41.92825037071113]]": {"ego_positions": [[-4.7446, 30.2542], [-4.594867818014099, 28.761554279405466], [-4.44557365383503, 27.26922166575577], [-4.2805341691770655, 25.780222049846376], [-4.048323876787684, 24.291007227468373], [-3.7557278584922362, 22.795836137645598], [-3.414711762938833, 21.288958735314182], [-3.052161626002463, 19.766676395627147], [-2.6906800588745607, 18.225594800132107], [-2.348282176052398, 16.664066565667536], [-2.0346489316314234, 15.0830900784385], [-1.7673931740591233, 13.474612255220764], [-1.608200390290949, 11.807305348171093], [-1.478746586075585, 10.099650208766061], [-1.3079328721915922, 8.388747234180292], [-1.1117553147798276, 6.679904953705826], [-0.9116910520218253, 4.971757676266836], [-0.7214805110129665, 3.2635967120336526], [-0.5489304599247633, 1.5550816191858743], [-0.3995239331626901, -0.15385654050209563], [-0.2807871235811443, -1.8633155410806088], [-0.1933666649484771, -3.572991325110138], [-0.13199569701954972, -5.282113487019327], [-0.08859968626452819, -6.989758722694659], [-0.05718339982151788, -8.69525559539867], [-0.03779176610654622, -10.398305255055877], [-0.021077729649753962, -12.097923353673576], [0.005683333305653737, -13.793047677749826]], "ego_orientations": [4.8124, -1.4708871380173498, -1.4713707927364528, -1.4402213485671105, -1.3952885250074853, -1.3604500674552202, -1.3396922172467312, -1.3366618094469596, -1.3458276974235535, -1.365869050357805, -1.380913907927349, -1.4440875574891754, -1.4967185572998982, -1.4842308039228929, -1.4613734451515938, -1.4536802578873722, -1.4560413435076072, -1.4644960359261363, -1.4761332519261137, -1.4920527533645975, -1.5108698994135121, -1.5280019208644093, -1.540999166931802, -1.548912461136334, -1.5563219998086284, -1.561438301722129, -1.559164646670613, -1.5498452969368444], "obs_positions": [[-46.5519, -6.1683], [-44.5619, -5.9687], [-42.5719, -5.769], [-40.5819, -5.5693], [-38.5919, -5.3697], [-36.6019, -5.17], [-34.6119, -4.9704], [-32.6219, -4.7707], [-30.6319, -4.571], [-28.6419, -4.3714], [-26.627, -4.2806], [-24.6273, -4.1482], [-22.6283, -3.9729], [-20.6229, -3.753], [-18.6377, -3.491], [-16.6456, -3.1828], [-14.6707, -2.8317], [-12.7073, -2.4368], [-10.7516, -1.9971], [-8.8043, -1.5123], [-6.8644, -0.982], [-4.9389, -0.4078], [-3.0232, 0.2116], [-1.1264, 0.8731], [0.7548, 1.5775], [2.6128, 2.3212], [4.4632, 3.1103], [6.28511250115492, 3.9353059624847706]], "obs_orientations": [0.0999, 0.0999, 0.1, 0.0999, 0.0999, 0.0999, 0.0999, 0.1, 0.1, 6.3282, 6.3492, 6.3706, 0.1092, 0.1312, 0.1534, 0.1759, 0.1984, 0.2211, 0.2439, 0.2668, 0.2898, 0.3127, 0.3355, 0.3581, 0.3807, 0.403, 0.4252, 0.4252], "objectives": {"extension_time": 0.9, "danger_difference": -0.15281590126556477, "parameter_difference": 39.02495895423758}, "attributes": {"generation_number": 4, "individual_number": 237, "crash": false, "goal_reached": true, "scenario_length": 28}}}