{"[[31.9889975243798], [2.493395678780453, 126.47610895966619, 153.61810148111198], [0.7251152448500552, 70.04758369992489], [1.1146412982870046, 5.61334441327114]]": {"ego_positions": [[-3.6964, 19.8067], [-3.537106937909561, 18.314285839469093], [-3.329986004556442, 16.821850719109733], [-3.037623330281139, 15.327166831669183], [-2.614186082969819, 13.823863324313043], [-2.100370149242589, 12.306287314108067], [-1.5496470730210472, 10.771518475745244], [-1.0019706593686928, 9.2182422159953], [-0.486855593077661, 7.645982792524059], [-0.032132490432501104, 6.054100858033969], [0.34545095910668744, 4.442855317960049], [0.6401688805886723, 2.8134428705178935], [0.8541462030530316, 1.167443040884969], [0.9911591614049007, -0.49322914290161546], [1.049096332022518, -2.1671490089925713], [1.0361891622790897, -3.8524767046063606], [0.9693082412692478, -5.546266865723771], [0.868513959098582, -7.245645606107332], [0.7484888395144993, -8.948329406497555], [0.6119759435292288, -10.653120409251116], [0.47748444104313514, -12.357492718025485]], "ego_orientations": [4.8123, -1.4523676145452367, -1.4115227904500953, -1.3359422898070052, -1.2639683657862975, -1.230576631906537, -1.225884899776002, -1.2402315509584687, -1.2711206318706951, -1.3155677037086617, -1.3661526028044886, -1.4172569765801581, -1.4649524469582742, -1.5125890061083078, -1.5587585197147842, -1.5963079739399246, -1.6221490168341406, -1.6359850368851196, -1.6469189283886232, -1.6524366075520165, -1.6442605003019066], "obs_positions": [[-32.6219, -4.7707], [-30.6319, -4.5711], [-28.6419, -4.3714], [-26.627, -4.2806], [-24.6273, -4.1482], [-22.6283, -3.9729], [-20.6229, -3.753], [-18.6377, -3.491], [-16.6456, -3.1828], [-14.6707, -2.8317], [-12.7073, -2.4368], [-10.7516, -1.9971], [-8.8043, -1.5123], [-6.8644, -0.982], [-4.9389, -0.4078], [-3.0232, 0.2116], [-1.1264, 0.8731], [0.7548, 1.5775], [2.6128, 2.3212], [4.4632, 3.1103], [6.28511250115492, 3.9353059624847706]], "obs_orientations": [0.0999, 0.1, 6.3282, 6.3492, 6.3706, 0.1092, 0.1312, 0.1534, 0.1759, 0.1984, 0.2211, 0.2439, 0.2668, 0.2898, 0.3127, 0.3355, 0.3581, 0.3807, 0.403, 0.4252, 0.4252], "objectives": {"extension_time": 0.2, "danger_difference": 0.1448433031872347, "parameter_difference": 21.48109553836941}, "attributes": {"generation_number": 9, "individual_number": 461, "crash": false, "goal_reached": true, "scenario_length": 21}}, "[[14.193850877125245], [2.4999999905370682, 25.375232952269503, 2.5], [2.596098571741963, 1.7257112163659372], [0.006522577164075144, 4.002751252209177]]": {"ego_positions": [[-3.6964, 19.8067], [-3.537106937909561, 18.314285839469093], [-3.329986004556442, 16.821850719109733], [-3.037623330281139, 15.327166831669183], [-2.614186082969819, 13.823863324313043], [-2.100370149242589, 12.306287314108067], [-1.5496470730210472, 10.771518475745244], [-1.0019706593686928, 9.2182422159953], [-0.48843394210253166, 7.645862562780912], [-0.04075335573378114, 6.053530362666439], [0.32766650291078214, 4.442034667904162], [0.6118690068001338, 2.812810791039273], [0.8172193776437806, 1.1678890940729378], [0.9562765349827931, -0.4899110728211924], [1.0450271287072317, -2.157559306533103], [1.0997750135614985, -3.8326277669834883], [1.1353973059799756, -5.512545207128217], [1.1644518626070317, -7.195322082989613], [1.1957942094866292, -8.879378029507379], [1.2340033808272164, -10.563484821181696], [1.2852773710619814, -12.246452305401096], [1.3549442038663673, -13.927417482186977]], "ego_orientations": [4.8123, -1.4523676145452367, -1.4115227904500953, -1.3359422898070052, -1.2639683657862975, -1.230576631906537, -1.225884899776002, -1.2402315509584687, -1.2737252047442666, -1.320605693756617, -1.3721260449486632, -1.4233955679788348, -1.4684137152949566, -1.5040751447406926, -1.5294720653195775, -1.5452518077965038, -1.5526752990649557, -1.553418297292266, -1.5506803672820313, -1.5448613590438107, -1.5352603248572745, -1.5232313381807963], "obs_positions": [[-32.6219, -4.7707], [-30.6319, -4.5711], [-28.6419, -4.3714], [-26.627, -4.2806], [-24.6273, -4.1482], [-22.6283, -3.9729], [-20.6229, -3.753], [-18.6377, -3.491], [-16.6456, -3.1828], [-14.6707, -2.8317], [-12.7073, -2.4368], [-10.7516, -1.9971], [-8.8043, -1.5123], [-6.8644, -0.982], [-4.9389, -0.4078], [-3.0232, 0.2116], [-1.1264, 0.8731], [0.7548, 1.5775], [2.6128, 2.3212], [4.4632, 3.1103], [6.2946, 3.9396], [8.098009428512253, 4.8043048242915685]], "obs_orientations": [0.0999, 0.1, 6.3282, 6.3492, 6.3706, 0.1092, 0.1312, 0.1534, 0.1759, 0.1984, 0.2211, 0.2439, 0.2668, 0.2898, 0.3127, 0.3355, 0.3581, 0.3807, 0.403, 0.4252, 0.4471, 0.4471], "objectives": {"extension_time": 0.2, "danger_difference": 0.1454889771379686, "parameter_difference": 39.01346861099617}, "attributes": {"generation_number": 17, "individual_number": 864, "crash": false, "goal_reached": true, "scenario_length": 22}}}