{"[[14.193850877125245], [2.499999990392022, 25.54235194098811, 1.6136253398796896], [2.596098571741963, 1.9387820872190247], [0.3629688974319291, 3.9888694351417504]]": {"ego_positions": [[-5.0442, 33.2392], [-4.894632109633594, 31.74653977439509], [-4.745313645375866, 30.25308445132368], [-4.596351343415622, 28.758195233016004], [-4.445782170756879, 27.261584786846438], [-4.283102679817614, 25.763947403841556], [-4.089120182671625, 24.26689044878646], [-3.8382277030745584, 22.77253232828556], [-3.522529490272221, 21.28134885566527], [-3.1495149864473153, 19.79244872827162], [-2.73507581348429, 18.30391803904594], [-2.2989128691974825, 16.812731344612626], [-1.857902035006921, 15.316226095661301], [-1.4218199479059979, 13.808392856292787], [-0.9916566918274998, 12.285230720122202], [-0.5780139673483542, 10.746500698832], [-0.19338810515892435, 9.194468345923912], [0.15269736033338965, 7.6310919835802515], [0.4516639799608271, 6.058279839943867], [0.700810995278955, 4.477550759982487], [0.9018933385304253, 2.8903811819002434], [1.0594557182394229, 1.2982914016773197], [1.1797140620779747, -0.2972365704054898], [1.2685024584693632, -1.8945621382566666], [1.3286081159546907, -3.4926918507661524], [1.3657276591677852, -5.0902257271504325], [1.3879978171961969, -6.685817993984352], [1.399063146073754, -8.278859331720874], [1.3923599831478923, -9.86976344355284], [1.384245112799292, -11.456377229876159], [1.3923591318962902, -13.036762699604978], [1.426947971675957, -14.610079295569255]], "ego_orientations": [4.8123, -1.4710088321701509, -1.4712969110297376, -1.4716673267152842, -1.4681552065779773, -1.455163568353024, -1.4251928967661103, -1.383078013368257, -1.342304124098141, -1.3101701362626077, -1.290697327908572, -1.2835725421520259, -1.2863841519947936, -1.2917625375874051, -1.3005818303151848, -1.3170308923458105, -1.3394724547351577, -1.367394107963313, -1.3987276726181834, -1.429991827202569, -1.4590594695992793, -1.4845759187273986, -1.5058094635535957, -1.5246238195959103, -1.541158342207674, -1.5531022328159452, -1.5596768940551273, -1.5699344738123635, -1.5776469564522753, -1.5722722461544336, -1.557943675581944, -1.539307828968596], "obs_positions": [[-50.5319, -6.5677], [-48.5419, -6.368], [-46.5519, -6.1683], [-44.5619, -5.9687], [-42.5719, -5.769], [-40.5819, -5.5694], [-38.5919, -5.3697], [-36.6019, -5.17], [-34.6119, -4.9704], [-32.6219, -4.7707], [-30.6319, -4.571], [-28.6419, -4.3714], [-26.627, -4.2806], [-24.6273, -4.1482], [-22.6283, -3.9729], [-20.6229, -3.753], [-18.6377, -3.491], [-16.6456, -3.1828], [-14.6707, -2.8317], [-12.7073, -2.4368], [-10.7516, -1.9971], [-8.8043, -1.5123], [-6.8644, -0.982], [-4.9389, -0.4078], [-3.0232, 0.2116], [-1.1264, 0.8731], [0.7548, 1.5775], [2.6128, 2.3212], [4.4632, 3.1103], [6.2946, 3.9396], [8.1069, 4.8088], [9.891212573650785, 5.712253728484039]], "obs_orientations": [0.0999, 0.1, 0.0999, 0.0999, 0.0999, 0.1, 0.1, 0.0999, 0.0999, 0.1, 0.1, 6.3282, 6.3492, 6.3706, 0.1092, 0.1312, 0.1534, 0.1759, 0.1984, 0.2211, 0.2439, 0.2668, 0.2898, 0.3127, 0.3355, 0.3581, 0.3807, 0.403, 0.4252, 0.4471, 0.4687, 0.4687], "objectives": {"extension_time": 1.1, "danger_difference": -0.02005709177288173, "parameter_difference": 39.36789408355718}, "attributes": {"generation_number": 16, "individual_number": 801, "crash": false, "goal_reached": true, "scenario_length": 32}}, "[[18.806154260690143], [22.142260689636355, 13.32902144807521, 2.5], [0.8447954074489373, 94.70591572483063], [1.152292578178156, 39.62870108101949]]": {"ego_positions": [[-5.0442, 33.2392], [-4.894632109633594, 31.74653977439509], [-4.745313645375866, 30.25308445132368], [-4.596351343415622, 28.758195233016004], [-4.445782170756879, 27.261584786846438], [-4.282576642283062, 25.7633090532486], [-4.091150758674625, 24.261531616612455], [-3.8656096524933856, 22.753847441502362], [-3.6023991902744754, 21.23793558587975], [-3.2897525726195433, 19.71089535164687], [-2.9410057196716672, 18.16950853811945], [-2.581995709889692, 16.61231997974853], [-2.216316883240631, 15.040537133941907], [-1.806867724747186, 13.459312484607404], [-1.369114631847742, 11.870604480651112], [-0.9316508282044436, 10.275105966177692], [-0.5267258597996944, 8.669802226889148], [-0.1763796435372047, 7.054511265440201], [0.1087079847330581, 5.430510597167213], [0.32621567646324756, 3.799495217461161], [0.47963550970415025, 2.163314558495819], [0.5762099521939441, 0.5238973680400953], [0.6253307575818852, -1.1167736171754428], [0.6356649909900409, -2.7569557057028646], [0.6111634365713581, -4.3952792370723355], [0.5599863323337051, -6.029986722326319], [0.49358338914427136, -7.659520520910056], [0.4237830049825313, -9.28255745330037], [0.3585958679307488, -10.898189002112597], [0.29916366886153434, -12.505740572189309]], "ego_orientations": [4.8123, -1.4710088321701509, -1.4712969110297376, -1.4716673267152842, -1.4681552065779773, -1.454382706629783, -1.4331599425147923, -1.4119046383305092, -1.38371239439111, -1.355916718289838, -1.3437544157253782, -1.3466404098740021, -1.3308923988100698, -1.306948892156437, -1.2994222141680378, -1.3106064082615552, -1.3389246365960537, -1.3765312218409909, -1.4177325119124013, -1.4583462453001026, -1.4955078609408616, -1.5274436212253555, -1.5532113495764435, -1.5756572867822936, -1.5949818336460693, -1.608024800942581, -1.6138080045835714, -1.6126547562350666, -1.6099338722362582, -1.6044824822466808], "obs_positions": [[-50.5319, -6.5677], [-48.5419, -6.368], [-46.5519, -6.1683], [-44.5619, -5.9687], [-42.5719, -5.769], [-40.5819, -5.5694], [-38.5919, -5.3697], [-36.6019, -5.17], [-34.6119, -4.9704], [-32.6219, -4.7707], [-30.6319, -4.571], [-28.6419, -4.3714], [-26.627, -4.2806], [-24.6273, -4.1482], [-22.6283, -3.9729], [-20.6229, -3.753], [-18.6377, -3.491], [-16.6456, -3.1828], [-14.6707, -2.8317], [-12.7073, -2.4368], [-10.7516, -1.9971], [-8.8043, -1.5123], [-6.8644, -0.982], [-4.9389, -0.4078], [-3.0232, 0.2116], [-1.1264, 0.8731], [0.7548, 1.5775], [2.6128, 2.3212], [4.4632, 3.1103], [6.28511250115492, 3.9353059624847706]], "obs_orientations": [0.0999, 0.1, 0.0999, 0.0999, 0.0999, 0.1, 0.1, 0.0999, 0.0999, 0.1, 0.1, 6.3282, 6.3492, 6.3706, 0.1092, 0.1312, 0.1534, 0.1759, 0.1984, 0.2211, 0.2439, 0.2668, 0.2898, 0.3127, 0.3355, 0.3581, 0.3807, 0.403, 0.4252, 0.4252], "objectives": {"extension_time": 1.1, "danger_difference": -0.5463228997993097, "parameter_difference": 39.60592516152678}, "attributes": {"generation_number": 17, "individual_number": 882, "crash": false, "goal_reached": true, "scenario_length": 30}}}