{"[[40.91980081649999], [3.7141899059057737, 65.54790619305162, 26.190931258674333], [0.5011165710497487, 94.06003155488763], [0.32071980215624046, 6.2841535636872]]": {"ego_positions": [[-7.1406, 54.1343], [-6.991036924370747, 52.64163994004997], [-6.841737988848289, 51.148183986516], [-6.692841770108012, 49.653290674455356], [-6.544360172655099, 48.15647547482518], [-6.396225427082096, 46.65738559611129], [-6.248326639255224, 45.15577671707537], [-6.10054593703619, 43.65149462081175], [-5.952771369692584, 42.14445873059158], [-5.804885352317609, 40.63465078360608], [-5.656772548241502, 39.122101908729455], [-5.5083231770041925, 37.606881996349415], [-5.359459311123082, 36.089088905698105], [-5.210138739968555, 34.568840446669384], [-5.060340077370937, 33.04627015028181], [-4.910049945246085, 31.521522448545014], [-4.759245091871737, 29.994749897916176], [-4.6079161784952305, 28.46610708274161], [-4.454092158891155, 26.93594554288744], [-4.289351687339888, 25.40492364142542], [-4.107562897996668, 23.872217673679902], [-3.9064394316824465, 22.33663051580296], [-3.6864001643371287, 20.797046819098025], [-3.449627909550663, 19.25247612749368], [-3.199335118059797, 17.702079510539882], [-2.939212899714458, 16.145183281137164], [-2.6675451308206304, 14.581709405933914], [-2.3665684808430476, 13.013544006747862], [-2.0365953743656497, 11.441948520637043], [-1.7097498793760844, 9.861324555839749], [-1.406785153522435, 8.269500840622339], [-1.1381831819005166, 6.666181928660912], [-0.9084219946488941, 5.051641487231414], [-0.7176435605637828, 3.4265872434795313], [-0.5630040186662846, 1.7919303429831202], [-0.43988555868495527, 0.14875598719715544], [-0.3437435249270593, -1.5017784575871331], [-0.27284575361594143, -3.1590315431197853], [-0.22240668378195316, -4.821991090682178], [-0.18518007219320654, -6.489419690685612], [-0.15337755015244092, -8.160075587193719], [-0.12158702642173491, -9.833001135777605], [-0.08888301180189517, -11.507724219937622], [-0.04904886976614187, -13.18328192890504]], "ego_orientations": [4.8123, -1.4710142539157838, -1.4713267125217868, -1.4717203332270108, -1.4721201849846839, -1.4724694559649878, -1.4727571715291914, -1.4729735283963832, -1.47311833453632, -1.4731849434728481, -1.4731705737823901, -1.4730907769914818, -1.472962316309217, -1.4728115234362855, -1.4726401544177374, -1.4724465421298074, -1.47223413923229, -1.4720091125711354, -1.4680074227438755, -1.4585798531971852, -1.4467042169659035, -1.4345159941425987, -1.4234371420356524, -1.4143184182282935, -1.4075807095024935, -1.4033302482933543, -1.3915416415150643, -1.3701625632337988, -1.3622320799253664, -1.3733853744904225, -1.3930640402841608, -1.4169468637978593, -1.4418787558692312, -1.4656319760234942, -1.4868057748179817, -1.5045815696703357, -1.5206213532880763, -1.5349198718590005, -1.5452646413049012, -1.5508819400947251, -1.5519234943361448, -1.5518781814824507, -1.549942394738192, -1.5433063791290857], "obs_positions": [[-78.3921, -9.3629], [-76.4021, -9.1632], [-74.4121, -8.9635], [-72.422, -8.7639], [-70.432, -8.5642], [-68.442, -8.3646], [-66.452, -8.1649], [-64.462, -7.9653], [-62.472, -7.7656], [-60.482, -7.566], [-58.492, -7.3663], [-56.502, -7.1666], [-54.512, -6.967], [-52.522, -6.7673], [-50.5319, -6.5677], [-48.5419, -6.368], [-46.5519, -6.1684], [-44.5619, -5.9687], [-42.5719, -5.769], [-40.5819, -5.5694], [-38.5919, -5.3697], [-36.6019, -5.1701], [-34.6119, -4.9704], [-32.6219, -4.7707], [-30.6319, -4.571], [-28.6419, -4.3714], [-26.627, -4.2806], [-24.6273, -4.1482], [-22.6283, -3.9729], [-20.6229, -3.753], [-18.6377, -3.491], [-16.6456, -3.1828], [-14.6707, -2.8317], [-12.7073, -2.4368], [-10.7516, -1.9971], [-8.8043, -1.5123], [-6.8644, -0.982], [-4.9389, -0.4078], [-3.0232, 0.2116], [-1.1264, 0.8731], [0.7548, 1.5775], [2.6128, 2.3212], [4.4632, 3.1103], [6.28511250115492, 3.9353059624847706]], "obs_orientations": [0.0999, 0.0999, 0.0999, 0.0999, 0.0999, 0.0999, 0.0999, 0.0999, 0.0999, 0.0999, 0.0999, 0.0999, 0.0999, 0.0999, 0.0999, 0.0999, 0.0999, 0.0999, 0.0999, 0.0999, 0.0999, 0.1, 0.1, 0.1, 0.1, 6.3282, 6.3492, 6.3706, 0.1092, 0.1312, 0.1534, 0.1759, 0.1984, 0.2211, 0.2439, 0.2668, 0.2898, 0.3127, 0.3355, 0.3581, 0.3807, 0.403, 0.4252, 0.4252], "objectives": {"extension_time": 2.5, "danger_difference": -0.19567489598675092, "parameter_difference": 29.53732972489803}, "attributes": {"generation_number": 0, "individual_number": 1, "crash": false, "goal_reached": true, "scenario_length": 44}}, "[[40.91980081649999], [2.5, 65.54790619305162, 2.5], [0.27824226086999393, 94.30095756844301], [0.32071980215624046, 9.660714754666738]]": {"ego_positions": [[-7.1406, 54.1343], [-6.991036924370747, 52.64163994004997], [-6.841737988848289, 51.148183986516], [-6.692841770108012, 49.653290674455356], [-6.544360172655099, 48.15647547482518], [-6.396225427082096, 46.65738559611129], [-6.248326639255224, 45.15577671707537], [-6.10054593703619, 43.65149462081175], [-5.952771369692584, 42.14445873059158], [-5.804885352317609, 40.63465078360608], [-5.656772548241502, 39.122101908729455], [-5.5083231770041925, 37.606881996349415], [-5.359459311123082, 36.089088905698105], [-5.210138739968555, 34.568840446669384], [-5.060340077370937, 33.04627015028181], [-4.910049945246085, 31.521522448545014], [-4.759245091871737, 29.994749897916176], [-4.6079161784952305, 28.46610708274161], [-4.454092158891155, 26.93594554288744], [-4.289351687339888, 25.40492364142542], [-4.107562897996668, 23.872217673679902], [-3.9064394316824465, 22.33663051580296], [-3.6864001643371287, 20.797046819098025], [-3.449627909550663, 19.25247612749368], [-3.199335118059797, 17.702079510539882], [-2.939212899714458, 16.145183281137164], [-2.6675451308206304, 14.581709405933914], [-2.3665684808430476, 13.013544006747862], [-2.0365953743656497, 11.441948520637043], [-1.7097498793760844, 9.861324555839749], [-1.406785153522435, 8.269500840622339], [-1.1381831819005166, 6.666181928660912], [-0.9084219946488941, 5.051641487231414], [-0.7176435605637828, 3.4265872434795313], [-0.5630040186662846, 1.7919303429831202], [-0.43988555868495527, 0.14875598719715544], [-0.3437435249270593, -1.5017784575871331], [-0.27284575361594143, -3.1590315431197853], [-0.22240668378195316, -4.821991090682178], [-0.18518007219320654, -6.489419690685612], [-0.15337755015244092, -8.160075587193719], [-0.12158702642173491, -9.833001135777605], [-0.08888301180189517, -11.507724219937622], [-0.04904886976614187, -13.18328192890504]], "ego_orientations": [4.8123, -1.4710142539157838, -1.4713267125217868, -1.4717203332270108, -1.4721201849846839, -1.4724694559649878, -1.4727571715291914, -1.4729735283963832, -1.47311833453632, -1.4731849434728481, -1.4731705737823901, -1.4730907769914818, -1.472962316309217, -1.4728115234362855, -1.4726401544177374, -1.4724465421298074, -1.47223413923229, -1.4720091125711354, -1.4680074227438755, -1.4585798531971852, -1.4467042169659035, -1.4345159941425987, -1.4234371420356524, -1.4143184182282935, -1.4075807095024935, -1.4033302482933543, -1.3915416415150643, -1.3701625632337988, -1.3622320799253664, -1.3733853744904225, -1.3930640402841608, -1.4169468637978593, -1.4418787558692312, -1.4656319760234942, -1.4868057748179817, -1.5045815696703357, -1.5206213532880763, -1.5349198718590005, -1.5452646413049012, -1.5508819400947251, -1.5519234943361448, -1.5518781814824507, -1.549942394738192, -1.5433063791290857],