{"[[14.177811566169556], [2.4999999999759, 68.33814960562174, 2.5], [2.643697609857889, 37.08726397662315], [0.02393324825136811, 3.762300009948212]]": {"ego_positions": [[-7.8893, 61.5969], [-7.739737057587063, 60.104239889770106], [-7.590440060465906, 58.61078405077244], [-7.441536317720806, 57.11589201451796], [-7.293037617841877, 55.619079030216106], [-7.14487887757592, 54.11999191056996], [-6.996955133622608, 52.61838552351784], [-6.849160932163992, 51.11410467412461], [-6.701377259534915, 49.6070697720518], [-6.553483608986457, 48.09726262236213], [-6.405367136291191, 46.58471396328932], [-6.2569255161703135, 45.06949316717756], [-6.1080673781050425, 43.55169956127159], [-5.958746054840275, 42.031451184357536], [-5.808940576724512, 40.50888151589951], [-5.658641956910313, 38.984134484969246], [-5.507848911582066, 37.4573604805274], [-5.356565682031574, 35.92871282708987], [-5.204809322599584, 34.39834385401272], [-5.052609284570573, 32.866402615705596], [-4.899999970503541, 31.333033585523932], [-4.747003282734602, 29.798376858819623], [-4.593653702358393, 28.262564451856306], [-4.437997480196397, 26.725920344364283], [-4.271617874624468, 25.189069853541106], [-4.08838310963599, 23.651152834243977], [-3.8860021893525203, 22.11093302015027], [-3.6648872822859193, 20.567254628068135], [-3.4272089585143943, 19.019086441830666], [-3.176164797205241, 17.465549233504742], [-2.915431209124306, 15.905929012019067], [-2.6432748833098585, 14.340113064879054], [-2.3466715704909262, 12.768236997039018], [-2.039874633764824, 11.18634054468593], [-1.7468012611778139, 9.592276856697195], [-1.4803127480997675, 7.985890296873873], [-1.246124425689382, 6.367700880089568], [-1.0456839488264567, 4.738566578743373], [-0.8774530465136516, 3.099588823875925], [-0.7379117615481638, 1.4519463855717476], [-0.6236470291368548, -0.2032647384555999], [-0.5335964684568322, -1.8649899683877174], [-0.46365393206533567, -3.5322633836763426], [-0.4073812260605233, -5.203747234544565], [-0.3576433159904585, -6.878174576826319], [-0.30943335900112967, -8.554547940477551], [-0.26189341722159704, -10.232271153378926], [-0.20912139037252642, -11.910329543560579], [-0.1438442495823133, -13.587685003395531]], "ego_orientations": [4.8123, -1.471016153644518, -1.4713247726696679, -1.4717117634570105, -1.4721056671934925, -1.4724517580104397, -1.472744388921413, -1.4729669234641092, -1.47311273584757, -1.4731802867298258, -1.4731724013558285, -1.473096367060382, -1.472963752858674, -1.472808591393985, -1.4726341490478374, -1.472446683161281, -1.4722521968896283, -1.4720529206436774, -1.471861207500691, -1.4716815184247825, -1.4715128437309621, -1.4713492212483672, -1.4712067858480022, -1.4672962549706599, -1.4579896908107175, -1.4462315995148707, -1.4341549806415053, -1.4231720752299744, -1.414132433079672, -1.4074572971694845, -1.4032562612010677, -1.3915163092482636, -1.379183113957394, -1.3821818132513304, -1.3968747052946435, -1.4164362165597906, -1.437785061020043, -1.458748507374879, -1.4778572950278441, -1.4942625832434766, -1.509513587532573, -1.523334662991454, -1.5337243497074136, -1.5398258906397455, -1.541706451428083, -1.5425818691108786, -1.5416731213529182, -1.5362698798252676, -1.5270095245908353], "obs_positions": [[-88.3421, -10.3612], [-86.3521, -10.1615], [-84.3621, -9.9619], [-82.3721, -9.7622], [-80.3821, -9.5625], [-78.3921, -9.3628], [-76.4021, -9.1632], [-74.4121, -8.9635], [-72.422, -8.7639], [-70.432, -8.5642], [-68.442, -8.3646], [-66.452, -8.1649], [-64.462, -7.9653], [-62.472, -7.7656], [-60.482, -7.566], [-58.492, -7.3663], [-56.502, -7.1667], [-54.512, -6.967], [-52.522, -6.7673], [-50.5319, -6.5676], [-48.5419, -6.368], [-46.5519, -6.1683], [-44.5619, -5.9687], [-42.5719, -5.769], [-40.5819, -5.5694], [-38.5919, -5.3697], [-36.6019, -5.1701], [-34.6119, -4.9704], [-32.6219, -4.7707], [-30.6319, -4.571], [-28.6419, -4.3714], [-26.627, -4.2806], [-24.6273, -4.1482], [-22.6283, -3.9729], [-20.6229, -3.753], [-18.6377, -3.491], [-16.6456, -3.1828], [-14.6707, -2.8317], [-12.7073, -2.4368], [-10.7516, -1.9971], [-8.8043, -1.5123], [-6.8644, -0.982], [-4.9389, -0.4078], [-3.0232, 0.2116], [-1.1264, 0.8731], [0.7548, 1.5775], [2.6128, 2.3212], [4.4632, 3.1103], [6.28511250115492, 3.9353059624847706]], "obs_orientations": [0.0999, 0.0999, 0.0999, 0.1, 0.1, 0.1, 0.0999, 0.0999, 0.0999, 0.0999, 0.0999, 0.0999, 0.0999, 0.0999, 0.0999, 0.0999, 0.1, 0.1, 0.1, 0.0999, 0.0999, 0.0999, 0.0999, 0.0999, 0.0999, 0.0999, 0.1, 0.1, 0.1, 0.1, 6.3282, 6.3492, 6.3706, 0.1092, 0.1312, 0.1534, 0.1759, 0.1984, 0.2211, 0.2439, 0.2668, 0.2898, 0.3127, 0.3355, 0.3581, 0.3807, 0.403, 0.4252, 0.4252], "objectives": {"extension_time": 3.0, "danger_difference": -0.08161429873417392, "parameter_difference": 39.01338112640939}, "attributes": {"generation_number": 19, "individual_number": 953, "crash": false, "goal_reached": true, "scenario_length": 49}}}