{"[[5], [5, 50, 100], [0.25, 20], [0.25, 5]]": {"ego_positions": [[25.8452, -0.8644], [24.05411718071527, -0.6841010369080673], [22.262491346825282, -0.5015390641645276], [20.469826408490547, -0.3154018752956754], [18.675688839644007, -0.12519131745268747], [16.87971159422118, 0.06902313696881718], [15.081596158100897, 0.26679920873062296], [13.281110400706122, 0.46747453051870136], [11.479716177413373, 0.6888547751362194], [9.684289746397985, 1.0094977934337224], [7.9012742109541545, 1.5000047021543477], [6.13030955391, 2.1598701951886983], [4.365283514207997, 2.928713565662151], [2.597063306844876, 3.7134563499506], [0.8171771886628124, 4.4249958995880885], [-0.9774210042770747, 5.026222555335439], [-2.787262910766774, 5.505434025859339], [-4.6117353150644975, 5.862917229238553]], "ego_orientations": [3.0415, 3.0408169365460203, 3.0391618735852095, 3.037061336511743, 3.034890622265224, 3.0329010747765524, 3.031248739229229, 3.030013839535776, 3.0003287233103064, 2.9220813006338537, 2.825402373149442, 2.750689648167634, 2.719007062850139, 2.737161418947277, 2.7880287593631774, 2.8499505689524187, 2.915778851483315, 2.979787005464051], "obs_positions": [[-30.1377, 1.6399], [-27.1977, 1.0412], [-24.2221, 0.5292], [-21.251, 0.1132], [-18.2485, -0.2094], [-15.2371, -0.4333], [-12.2395, -0.556], [-9.2202, -0.5776], [-6.2209, -0.4968], [-3.2075, -0.3121], [-0.2204, -0.026], [2.7729, 0.3645], [5.7337, 0.8536], [8.6937, 1.4457], [11.6154, 2.1315], [14.5299, 2.9166], [17.4015, 3.7894], [20.243492831570556, 4.750168830313283]], "obs_orientations": [6.0823, 6.1127, 6.144, 6.1761, -0.0743, -0.041, -0.0072, 0.0269, 0.061, 0.0955, 0.1296, 0.1636, 0.1973, 0.2305, 0.2631, 0.295, 0.326, 0.326], "attributes": {"crash": true, "goal_reached": true, "max_danger": 100.0, "scenario_length": 18, "lower_bound": -0.6, "upper_bound": -1000.0}}}