{"[[0.7454645129340409], [15.141201556234185, 224.7239111739769, 996.3702044849599], [0.02490336708738161, 84.89201904671344], [2.1905208646712766, 32.58460706800815]]": {"ego_positions": [[40.1732, -2.302], [38.38209603204793, -2.12187405504657], [36.5904490710474, -1.9394365331343266], [34.79776911036176, -1.753376100520743], [33.00361994357675, -1.5631732352693963], [31.207653621677593, -1.3689713852681045], [29.40953207606028, -1.171235889637972], [27.60904055175333, -0.9705806273802702], [25.806013107761505, -0.767768361999579], [24.00034042772936, -0.5635874339976754], [22.191966704151202, -0.35878305153309614], [20.380884573132246, -0.15401600291004888], [18.567128356389148, 0.05015666488772952], [16.750767439016528, 0.2532916562649326], [14.932235312145611, 0.45502471497831787], [13.112887887761309, 0.6550060745866866], [11.294427323096993, 0.8704505838928074], [9.483553430386813, 1.176796372587783], [7.686813251669934, 1.6454950091249758], [5.9040481230137285, 2.2788332443673376], [4.129353144068984, 3.019893549901477], [2.353736501714344, 3.7791296613366194], [0.569042015922997, 4.46992060765421], [-1.2264998842880785, 5.054973830300577], [-3.0321861285290597, 5.52181158304453], [-4.846519572382972, 5.8699813485776655]], "ego_orientations": [3.0416, 3.0409025007703847, 3.0392170280394843, 3.0370879241964235, 3.0348796284960047, 3.0329289958888155, 3.0312665491828144, 3.0300181403338056, 3.029214467536133, 3.028841850149392, 3.0288582400534705, 3.0292067265943197, 3.0298234866641485, 3.030643247802997, 3.0315988205975333, 3.0326375472948737, 3.006926221661608, 2.9335623573772285, 2.8400599184272695, 2.766272344026993, 2.733665648024031, 2.7495607359849115, 2.7976389144325733, 2.85695296856452, 2.9205630647485927, 2.9829190527663], "obs_positions": [[-54.0178, 4.0358], [-51.0327, 3.7363], [-48.0477, 3.4368], [-45.0627, 3.1373], [-42.0777, 2.8379], [-39.0927, 2.5384], [-36.1077, 2.2389], [-33.1227, 1.9394], [-30.1377, 1.6399], [-27.1977, 1.0412], [-24.2221, 0.5292], [-21.251, 0.1132], [-18.2485, -0.2094], [-15.2371, -0.4333], [-12.2395, -0.556], [-9.2202, -0.5776], [-6.2209, -0.4968], [-3.2075, -0.3121], [-0.2204, -0.026], [2.7729, 0.3645], [5.7337, 0.8536], [8.6937, 1.4457], [11.6154, 2.1315], [14.5299, 2.9166], [17.4015, 3.7894], [20.243492831570556, 4.750168830313283]], "obs_orientations": [6.1831, 6.1831, 6.1831, 6.1832, 6.1831, 6.1832, 6.1831, 6.1831, 6.0823, 6.1127, 6.144, 6.1761, -0.0743, -0.041, -0.0072, 0.0269, 0.061, 0.0955, 0.1296, 0.1636, 0.1973, 0.2305, 0.2631, 0.295, 0.326, 0.326], "objectives": {"extension_time": 0.8, "danger_difference": 0.0, "parameter_difference": 358.5725521552896}, "attributes": {"generation_number": 0, "individual_number": 41, "crash": true, "goal_reached": true, "scenario_length": 26}}, "[[1.637561476404949], [2.5, 224.7239111739769, 2.5], [0.02490336708738161, 58.018873447016105], [0.3129442140728327, 32.58460706800815]]": {"ego_positions": [[40.1732, -2.302], [38.38209603204793, -2.12187405504657], [36.5904490710474, -1.9394365331343266], [34.79776911036176, -1.753376100520743], [33.00361994357675, -1.5631732352693963], [31.207653621677593, -1.3689713852681045], [29.40953207606028, -1.171235889637972], [27.60904055175333, -0.9705806273802702], [25.806013107761505, -0.767768361999579], [24.00034042772936, -0.5635874339976754], [22.191966704151202, -0.35878305153309614], [20.380884573132246, -0.15401600291004888], [18.567128356389148, 0.05015666488772952], [16.750767439016528, 0.2532916562649326], [14.931899848320974, 0.4550583747450945], [13.11064595640737, 0.6552310252707174], [11.288806892350006, 0.8710145182999085], [9.473787725876324, 1.1777762255936692], [7.67271159482817, 1.646909901619153], [5.885856360774608, 2.280658425357852], [4.107635568661764, 3.0220724404680355], [2.3292572809450753, 3.781585623487584], [0.5422896834160983, 4.472604627570785], [-1.256710444858205, 5.058004808860678], [-3.068713921331189, 5.5254764700207755], [-4.893528637360911, 5.87469810332105]], "ego_orientations": [3.0416, 3.0409025007703847, 3.0392170280394843, 3.0370879241964235, 3.0348796284960047, 3.0329289958888155, 3.0312665491828144, 3.0300181403338056, 3.029214467536133, 3.028841850149392, 3.0288582400534705, 3.0292067265943197, 3.0298234866641485, 3.030643247802997, 3.0316042891276718, 3.032651029823168, 3.006999714251689, 2.93381579349041, 2.840517994805765, 2.766822127018769, 2.7341642134902555, 2.749912349187982, 2.7979644043303513, 2.857408312579456, 2.921097482183751, 2.9833295099735992], "obs_positions": [[-54.0178, 4.0358], [-51.0327, 3.7363], [-48.0477, 3.4368], [-45.0627, 3.1373], [-42.0777, 2.8379], [-39.0927, 2.5384], [-36.1077, 2.2389], [-33.1227, 1.9394], [-30.1377, 1.6399], [-27.1977, 1.0412], [-24.2221, 0.5292], [-21.251, 0.1132], [-18.2485, -0.2094], [-15.2371, -0.4333], [-12.2395, -0.556], [-9.2202, -0.5776], [-6.2209, -0.4968], [-3.2075, -0.3121], [-0.2204, -0.026], [2.7729, 0.3645], [5.7337, 0.8536], [8.6937, 1.4457], [11.6154, 2.1315], [14.5299, 2.9166], [17.4015, 3.7894], [20.243492831570556, 4.750168830313283]], "obs_orientations": [6.1831, 6.1831, 6.1831, 6.1832, 6.1831, 6.1832, 6.1831, 6.1831, 6.0823, 6.1127, 6.144, 6.1761, -0.0743, -0.041, -0.0072, 0.0269, 0.061, 0.0955, 0.1296, 0.1636, 0.1973, 0.2305, 0.2631, 0.295, 0.326, 0.326], "objectives": {"extension_time": 0.8, "danger_difference": 0.0, "parameter_difference": 39.02663040948806}, "attributes": {"generation_number": 1, "individual_number": 77, "crash": true, "goal_reached": true, "scenario_length": 26}}, "[[10.072624350744302], [15.141201556234185, 47.01932900553807, 996.3702044849599], [1.34278908070964, 208.1659376582848], [2.1676985769185744, 32.684890652660464]]": {"ego_positions": [[40.1732, -2.302], [38.38209603204793, -2.12187405504657], [36.5904490710474, -1.9394365331343266], [34.79776911036176, -1.753376100520743], [33.00361994357675, -1.5631732352693963], [31.207653621677593, -1.3689713852681045], [29.40953207606028, -1.171235889637972], [27.60904055175333, -0.9705806273802702], [25.806013107761505, -0.767768361999579], [24.00034042772936, -0.5635874339976754], [22.191966704151202, -0.35878305153309614], [20.380884573132246, -0.15401600291004888], [18.567128356389148, 0.05015666488772952], [16.750767439016528, 0.2532916562649326], [14.931899848320974, 0.4550583747450945], [13.11064595640737, 0.6552310252707174], [11.288806892350006, 0.8710145182999085], [9.473787725876324, 1.1777762255936692], [7.67271159482817, 1.646909901619153], [5.885856360774608, 2.280658425357852], [4.107635568661764, 3.0220724404680355], [2.3292572809450753, 3.781585623487584], [0.5426251475589017, 4.472570970975034], [-1.254133047133053, 5.057746222555149], [-3.060434982874176, 5.5246458309437525], [-4.8752270636709865, 5.872861775761903]], "ego_orientations": [3.0416, 3.0409025007703847, 3.0392170280394843, 3.0370879241964235, 3.0348796284960047, 3.0329289958888155, 3.0312665491828144, 3.0300181403338056, 3.029214467536133, 3.028841850149392, 3.0288582400534705, 3.0292067265943197, 3.0298234866641485, 3.030643247802997, 3.0316042891276718, 3.032651029823168, 3.006999714251689, 2.93381579349041, 2.840517994805765, 2.766822127018769, 2.7341642134902555, 2.749912349187982, 2.797837347643167, 2.857041159824127, 2.9205860119840543, 2.9829480196954057], "obs_positions": [[-54.0178, 4.0358], [-51.0327, 3.7363], [-48.0477, 3.4368], [-45.0627, 3.1373], [-42.0777, 2.8379], [-39.0927, 2.5384], [-36.1077, 2.2389], [-33.1227, 1.9394], [-30.1377, 1.6399], [-27.1977, 1.0412], [-24.2221, 0.5292], [-21.251, 0.1132], [-18.2485, -0.2094], [-15.2371, -0.4333], [-12.2395, -0.556], [-9.2202, -0.5776], [-6.2209, -0.4968], [-3.2075, -0.3121], [-0.2204, -0.026], [2.7729, 0.3645], [5.7337, 0.8536], [8.6937, 1.4457], [11.6154, 2.1315], [14.5299, 2.9166], [17.4015, 3.7894], [20.243492831570556, 4.750168830313283]],