{"[[29.786281309931095], [49.704392111599354, 256.54492856227273, 278.4588472778674], [1.2445575006135567, 151.06354153458378], [0.49170791290397503, 46.29751789154412]]": {"ego_positions": [[41.9642, -2.4817], [40.17309948657971, -2.301578209939734], [38.38145469223707, -2.1191832589119453], [36.58877019237004, -1.933163496379068], [34.794620730813975, -1.743014963128809], [32.99863656823068, -1.548807289355286], [31.200531100702296, -1.3510334432206752], [29.40004268503661, -1.1503875785397828], [27.59701493906125, -0.9475864767440632], [25.791342530049793, -0.7434083270928046], [23.982969950990228, -0.5386009162288327], [22.171889308507097, -0.3338281506048143], [20.358134699894833, -0.12964803717910647], [18.541775361754084, 0.07349468770619455], [16.72290922149549, 0.27526937686697267], [14.901656767590662, 0.4754512505485718], [13.078155183844547, 0.6739099514978063], [11.25422353646814, 0.8878716712098464], [9.437306691260613, 1.1925851170578168], [7.634567920153748, 1.6595221211796094], [5.846316250182865, 2.291079197931537], [4.066982486519576, 3.0304728340662095], [2.287779127104553, 3.788287600542671], [0.5002574270742682, 4.47801797132008], [-1.2987312168265222, 5.062458230088711], [-3.1089644645081402, 5.5291042683501], [-4.930298063575094, 5.877574814095162]], "ego_orientations": [3.0416, 3.04091441830961, 3.039244524467921, 3.0371100962773965, 3.0349102718782577, 3.03288804414989, 3.0312663059664793, 3.0300252523285773, 3.0292180986948973, 3.028841445039977, 3.028855629236374, 3.029202973022207, 3.0298191709371283, 3.0306389335498487, 3.0315996479371288, 3.032645417975554, 3.033727647587687, 3.0081868321179086, 2.9351499370218943, 2.841889710822879, 2.768099004684918, 2.7352555183083704, 2.750764761396773, 2.798582301547747, 2.857736673207125, 2.9211928378038325, 2.983355686424371], "obs_positions": [[-57.0028, 4.3353], [-54.0178, 4.0358], [-51.0327, 3.7363], [-48.0477, 3.4368], [-45.0627, 3.1373], [-42.0777, 2.8379], [-39.0927, 2.5384], [-36.1077, 2.2389], [-33.1227, 1.9394], [-30.1377, 1.6399], [-27.1977, 1.0412], [-24.2221, 0.5292], [-21.251, 0.1132], [-18.2485, -0.2094], [-15.2371, -0.4333], [-12.2395, -0.556], [-9.2202, -0.5776], [-6.2209, -0.4968], [-3.2075, -0.3121], [-0.2204, -0.026], [2.7729, 0.3645], [5.7337, 0.8536], [8.6937, 1.4457], [11.6154, 2.1315], [14.5299, 2.9166], [17.4015, 3.7894], [20.243492831570556, 4.750168830313283]], "obs_orientations": [6.1831, 6.1831, 6.1831, 6.1831, 6.1832, 6.1831, 6.1832, 6.1831, 6.1831, 6.0823, 6.1127, 6.144, 6.1761, -0.0743, -0.041, -0.0072, 0.0269, 0.061, 0.0955, 0.1296, 0.1636, 0.1973, 0.2305, 0.2631, 0.295, 0.326, 0.326], "objectives": {"extension_time": 0.9, "danger_difference": 0.0, "parameter_difference": 73.60319319414003}, "attributes": {"generation_number": 0, "individual_number": 16, "crash": true, "goal_reached": true, "scenario_length": 27}}, "[[38.29250675261801], [2.5, 200.0, 2.5], [0.8208837190091276, 86.85658965094467], [2.3676437980692597, 13.927076673640595]]": {"ego_positions": [[41.9642, -2.4817], [40.17309948657971, -2.301578209939734], [38.38145469223707, -2.1191832589119453], [36.58877019237004, -1.933163496379068], [34.794620730813975, -1.743014963128809], [32.99863656823068, -1.548807289355286], [31.200531100702296, -1.3510334432206752], [29.40004268503661, -1.1503875785397828], [27.59701493906125, -0.9475864767440632], [25.791342530049793, -0.7434083270928046], [23.982969950990228, -0.5386009162288327], [22.171889308507097, -0.3338281506048143], [20.358134699894833, -0.12964803717910647], [18.541775361754084, 0.07349468770619455], [16.72290922149549, 0.27526937686697267], [14.901656767590662, 0.4754512505485718], [13.078155183844547, 0.6739099514978063], [11.25422353646814, 0.8878716712098464], [9.437306691260613, 1.1925851170578168], [7.634567920153748, 1.6595221211796094], [5.846316250182865, 2.291079197931537], [4.066982486519576, 3.0304728340662095], [2.287779127104553, 3.788287600542671], [0.5002574270742682, 4.47801797132008], [-1.2990666809693328, 5.062491886684462], [-3.111206364832684, 5.529329199962323], [-4.935999708262983, 5.878146904751063]], "ego_orientations": [3.0416, 3.04091441830961, 3.039244524467921, 3.0371100962773965, 3.0349102718782577, 3.03288804414989, 3.0312663059664793, 3.0300252523285773, 3.0292180986948973, 3.028841445039977, 3.028855629236374, 3.029202973022207, 3.0298191709371283, 3.0306389335498487, 3.0315996479371288, 3.032645417975554, 3.033727647587687, 3.0081868321179086, 2.9351499370218943, 2.841889710822879, 2.768099004684918, 2.7352555183083704, 2.750764761396773, 2.798582301547747, 2.857834102644981, 2.9213707656148795, 2.983485452771656], "obs_positions": [[-57.0028, 4.3353], [-54.0178, 4.0358], [-51.0327, 3.7363], [-48.0477, 3.4368], [-45.0627, 3.1373], [-42.0777, 2.8379], [-39.0927, 2.5384], [-36.1077, 2.2389], [-33.1227, 1.9394], [-30.1377, 1.6399], [-27.1977, 1.0412], [-24.2221, 0.5292], [-21.251, 0.1132], [-18.2485, -0.2094], [-15.2371, -0.4333], [-12.2395, -0.556], [-9.2202, -0.5776], [-6.2209, -0.4968], [-3.2075, -0.3121], [-0.2204, -0.026], [2.7729, 0.3645], [5.7337, 0.8536], [8.6937, 1.4457], [11.6154, 2.1315], [14.5299, 2.9166], [17.4015, 3.7894], [20.243492831570556, 4.750168830313283]], "obs_orientations": [6.1831, 6.1831, 6.1831, 6.1831, 6.1832, 6.1831, 6.1832, 6.1831, 6.1831, 6.0823, 6.1127, 6.144, 6.1761, -0.0743, -0.041, -0.0072, 0.0269, 0.061, 0.0955, 0.1296, 0.1636, 0.1973, 0.2305, 0.2631, 0.295, 0.326, 0.326], "objectives": {"extension_time": 0.9, "danger_difference": 0.0, "parameter_difference": 39.02636809629938}, "attributes": {"generation_number": 4, "individual_number": 206, "crash": true, "goal_reached": true, "scenario_length": 27}}, "[[18.36846989608651], [2.5, 49.831205067998155, 2.5], [1.3065372123910919, 83.90208084011974], [4.160613350288107, 6.046616279189681]]": {"ego_positions": [[41.9642, -2.4817], [40.17309948657971, -2.301578209939734], [38.38145469223707, -2.1191832589119453], [36.58877019237004, -1.933163496379068], [34.794620730813975, -1.743014963128809], [32.99863656823068, -1.548807289355286], [31.200531100702296, -1.3510334432206752], [29.40004268503661, -1.1503875785397828], [27.59701493906125, -0.9475864767440632], [25.791342530049793, -0.7434083270928046], [23.982969950990228, -0.5386009162288327], [22.171889308507097, -0.3338281506048143], [20.358134699894833, -0.12964803717910647], [18.541775361754084, 0.07349468770619455], [16.72290922149549, 0.27526937686697267], [14.901656767590662, 0.4754512505485718], [13.078155183844547, 0.6739099514978063], [11.25422353646814, 0.8878716712098464], [9.437306691260613, 1.1925851170578168], [7.634567920153748, 1.6595221211796094], [5.846316250182865, 2.291079197931537], [4.066982486519576, 3.0304728340662095], [2.287779127104553, 3.788287600542671], [0.5002574270742682, 4.47801797132008], [-1.2990666809693328, 5.062491886684462], [-3.111206364832684, 5.529329199962323], [-4.935999708262983, 5.878146904751063]], "ego_orientations": [3.0416, 3.04091441830961, 3.039244524467921, 3.0371100962773965, 3.0349102718782577, 3.03288804414989, 3.0312663059664793, 3.0300252523285773, 3.0292180986948973, 3.028841445039977, 3.028855629236374, 3.029202973022207, 3.0298191709371283, 3.0306389335498487, 3.0315996479371288, 3.032645417975554, 3.033727647587687, 3.0081868321179086, 2.9351499370218943, 2.841889710822879, 2.768099004684918, 2.7352555183083704, 2.750764761396773, 2.798582301547747, 2.857834102644981, 2.9213707656148795, 2.983485452771656],