{"[[35.962753424903596], [25.75332437926083, 55.32570601264292, 334.08356887449753], [2.4855477911574617, 146.39464127958502], [1.8045061730430787, 11.456062057583035]]": {"ego_positions": [[25.8452, -0.8644], [24.05411718071527, -0.6841010369080673], [22.262491346825282, -0.5015390641645276], [20.469826408490547, -0.3154018752956754], [18.675688839644007, -0.12519131745268747], [16.87971159422118, 0.06902313696881718], [15.081596158100897, 0.26679920873062296], [13.281110400706122, 0.46747453051870136], [11.479716177413373, 0.6888547751362194], [9.684289746397985, 1.0094977934337224], [7.9012742109541545, 1.5000047021543477], [6.13030955391, 2.1598701951886983], [4.365283514207997, 2.928713565662151], [2.597063306844876, 3.7134563499506], [0.8171771886628124, 4.4249958995880885], [-0.9774210042770747, 5.026222555335439], [-2.787262910766774, 5.505434025859339], [-4.6117353150644975, 5.862917229238553]], "ego_orientations": [3.0415, 3.0408169365460203, 3.0391618735852095, 3.037061336511743, 3.034890622265224, 3.0329010747765524, 3.031248739229229, 3.030013839535776, 3.0003287233103064, 2.9220813006338537, 2.825402373149442, 2.750689648167634, 2.719007062850139, 2.737161418947277, 2.7880287593631774, 2.8499505689524187, 2.915778851483315, 2.979787005464051], "obs_positions": [[-30.1377, 1.6399], [-27.1977, 1.0412], [-24.2221, 0.5292], [-21.251, 0.1132], [-18.2485, -0.2094], [-15.2371, -0.4333], [-12.2395, -0.556], [-9.2202, -0.5776], [-6.2209, -0.4968], [-3.2075, -0.3121], [-0.2204, -0.026], [2.7729, 0.3645], [5.7337, 0.8536], [8.6937, 1.4457], [11.6154, 2.1315], [14.5299, 2.9166], [17.4015, 3.7894], [20.243492831570556, 4.750168830313283]], "obs_orientations": [6.0823, 6.1127, 6.144, 6.1761, -0.0743, -0.041, -0.0072, 0.0269, 0.061, 0.0955, 0.1296, 0.1636, 0.1973, 0.2305, 0.2631, 0.295, 0.326, 0.326], "objectives": {"extension_time": 0.0, "danger_difference": 0.0, "parameter_difference": 94.00317315175168}, "attributes": {"generation_number": 2, "individual_number": 103, "crash": true, "goal_reached": true, "scenario_length": 18}}, "[[27.838214719267768], [2.5, 200.0, 2.5], [166.76792913554448, 168.8176901769898], [0.8455611287349599, 8.995174126456533]]": {"ego_positions": [[25.8452, -0.8644], [24.05474264714732, -0.6518289818539031], [22.2601658407914, -0.3571874330070591], [20.45101898732386, -0.0689057611721862], [18.62626970865067, 0.16810719531397741], [16.79125214609414, 0.3663375486071396], [14.951456158434311, 0.549506335273103], [13.110146755498219, 0.7310622445839724], [11.269097280267161, 0.9193615770473396], [9.430494131533829, 1.134025739363914], [7.5957687605929864, 1.3884997991081451], [5.765358895560573, 1.6864416703335987], [3.93890809302446, 2.0236972220070477], [2.115463648248977, 2.390275201713465], [0.2918357253124031, 2.754028526616438], [-1.5397080319462348, 3.037709843946882], [-3.3814543109559736, 3.2184796020169752], [-5.231370621744944, 3.3166417354400473]], "ego_orientations": [3.0415, 2.995609084170108, 2.973561174386899, 2.9975634519315926, 3.0255698599079563, 3.0399846972375997, 3.0435032851940615, 3.0428451385951583, 3.034229962119825, 3.015304044419334, 2.9919398285876913, 2.968937352802863, 2.949988801566641, 2.9376810814674235, 2.9612053009114376, 3.01635266646356, 3.069033296898421, 3.104815200666674], "obs_positions": [[-30.1377, 1.6399], [-27.1977, 1.0412], [-24.2221, 0.5292], [-21.251, 0.1132], [-18.2485, -0.2094], [-15.2371, -0.4333], [-12.2395, -0.556], [-9.2202, -0.5776], [-6.2209, -0.4968], [-3.2075, -0.3121], [-0.2204, -0.026], [2.7729, 0.3645], [5.7337, 0.8536], [8.6937, 1.4457], [11.6154, 2.1315], [14.5299, 2.9166], [17.4015, 3.7894], [20.243492831570556, 4.750168830313283]], "obs_orientations": [6.0823, 6.1127, 6.144, 6.1761, -0.0743, -0.041, -0.0072, 0.0269, 0.061, 0.0955, 0.1296, 0.1636, 0.1973, 0.2305, 0.2631, 0.295, 0.326, 0.326], "objectives": {"extension_time": -0.0, "danger_difference": 47.91265781131435, "parameter_difference": 39.02427417780798}, "attributes": {"generation_number": 4, "individual_number": 204, "crash": true, "goal_reached": true, "scenario_length": 18}}, "[[9.514780876933452], [12.169933017865336, 200.0, 2.5], [1.652436014408496, 84.3963942733977], [1.37157640315613, 9.988255203109308]]": {"ego_positions": [[25.8452, -0.8644], [24.05411718071527, -0.6841010369080673], [22.262491346825282, -0.5015390641645276], [20.469826408490547, -0.3154018752956754], [18.675688839644007, -0.12519131745268747], [16.87971159422118, 0.06902313696881718], [15.081596158100897, 0.26679920873062296], [13.281110400706122, 0.46747453051870136], [11.479716177413373, 0.6888547751362194], [9.684289746397985, 1.0094977934337224], [7.9012742109541545, 1.5000047021543477], [6.13030955391, 2.1598701951886983], [4.365283514207997, 2.928713565662151], [2.597063306844876, 3.7134563499506], [0.8171771886628124, 4.4249958995880885], [-0.9774210042770747, 5.026222555335439], [-2.787262910766774, 5.505434025859339], [-4.6117353150644975, 5.862917229238553]], "ego_orientations": [3.0415, 3.0408169365460203, 3.0391618735852095, 3.037061336511743, 3.034890622265224, 3.0329010747765524, 3.031248739229229, 3.030013839535776, 3.0003287233103064, 2.9220813006338537, 2.825402373149442, 2.750689648167634, 2.719007062850139, 2.737161418947277, 2.7880287593631774, 2.8499505689524187, 2.915778851483315, 2.979787005464051], "obs_positions": [[-30.1377, 1.6399], [-27.1977, 1.0412], [-24.2221, 0.5292], [-21.251, 0.1132], [-18.2485, -0.2094], [-15.2371, -0.4333], [-12.2395, -0.556], [-9.2202, -0.5776], [-6.2209, -0.4968], [-3.2075, -0.3121], [-0.2204, -0.026], [2.7729, 0.3645], [5.7337, 0.8536], [8.6937, 1.4457], [11.6154, 2.1315], [14.5299, 2.9166], [17.4015, 3.7894], [20.243492831570556, 4.750168830313283]], "obs_orientations": [6.0823, 6.1127, 6.144, 6.1761, -0.0743, -0.041, -0.0072, 0.0269, 0.061, 0.0955, 0.1296, 0.1636, 0.1973, 0.2305, 0.2631, 0.295, 0.326, 0.326], "objectives": {"extension_time": -0.0, "danger_difference": 0.0, "parameter_difference": 39.11295142806412}, "attributes": {"generation_number": 8, "individual_number": 403, "crash": true, "goal_reached": true, "scenario_length": 18}}}