{"[[29.284240063794314], [34.488718596256724, 370.42035247985916, 424.02787480991054], [0.10430612251596694, 192.31408392753434], [2.3042859109835963, 36.55032470607612]]": {"ego_positions": [[47.3372, -3.0207], [45.54612186465605, -2.8404055660949687], [43.754503351770026, -2.657887932090008], [41.96184153276807, -2.4718158732786204], [40.167708506355794, -2.2816976905081376], [38.371727749429766, -2.0875808042904067], [36.57360905659042, -1.8898760964826142], [34.77312148230434, -1.6892241465440583], [32.97010814842591, -1.486397468369161], [31.16444673601372, -1.2822410733808833], [29.356077223851308, -1.0774914867730496], [27.544996401975496, -0.872776642652193], [25.73124241709665, -0.6686405139810953], [23.914884588951615, -0.4655346700874586], [22.096019848874786, -0.26379302067005095], [20.274768606406898, -0.06364059465689262], [18.45126812383265, 0.13479304124867775], [16.6256674671236, 0.3314617551994619], [14.798123016499929, 0.5263865514347142], [12.968794022202408, 0.7196397520280482], [11.138322611272297, 0.9161892449486778], [9.308855344195347, 1.136206586109501], [7.481938984302428, 1.3939515582073718], [5.6581192987296625, 1.693731949656529], [3.837142648560896, 2.031901026804019], [2.0181550247125757, 2.3988426136491205], [0.19967112182365815, 2.7786689584819566], [-1.6205719503112574, 3.1477340200983486], [-3.4442153620966347, 3.488655427081511], [-5.272131294392742, 3.7918178808848193]], "ego_orientations": [3.0415, 3.0408286043778716, 3.0391944882147337, 3.0371026006296127, 3.034948738825399, 3.03294977947504, 3.031277440216055, 3.03000711314373, 3.0292169871255954, 3.028865693271152, 3.0288888306452932, 3.0292308729421946, 3.029840397865425, 3.030657783097192, 3.0316165638963914, 3.0326602941998777, 3.033739796693184, 3.0348126732281546, 3.0358485321704127, 3.036822213702219, 3.0300668908320088, 3.0124717881214504, 2.990043296457082, 2.9676848004164773, 2.9491704401591954, 2.9371490439670827, 2.9366516052387293, 2.947987017977563, 2.966431655156034, 2.9883823082793803], "obs_positions": [[-65.9578, 5.2338], [-62.9728, 4.9343], [-59.9878, 4.6348], [-57.0028, 4.3353], [-54.0178, 4.0358], [-51.0327, 3.7363], [-48.0477, 3.4368], [-45.0627, 3.1373], [-42.0777, 2.8379], [-39.0927, 2.5384], [-36.1077, 2.2389], [-33.1227, 1.9394], [-30.1377, 1.6399], [-27.1977, 1.0412], [-24.2221, 0.5292], [-21.251, 0.1132], [-18.2485, -0.2094], [-15.2371, -0.4333], [-12.2395, -0.556], [-9.2202, -0.5776], [-6.2209, -0.4968], [-3.2075, -0.3121], [-0.2204, -0.026], [2.7729, 0.3645], [5.7337, 0.8536], [8.6937, 1.4457], [11.6154, 2.1315], [14.5299, 2.9166], [17.4015, 3.7894], [20.243492831570556, 4.750168830313283]], "obs_orientations": [6.1831, 6.1831, 6.1831, 6.1831, 6.1831, 6.1831, 6.1831, 6.1832, 6.1831, 6.1832, 6.1831, 6.1831, 6.0823, 6.1127, 6.144, 6.1761, -0.0743, -0.041, -0.0072, 0.0269, 0.061, 0.0955, 0.1296, 0.1636, 0.1973, 0.2305, 0.2631, 0.295, 0.326, 0.326], "objectives": {"extension_time": 1.2, "danger_difference": 47.852077695856224, "parameter_difference": 130.15953654701852}, "attributes": {"generation_number": 0, "individual_number": 33, "crash": true, "goal_reached": true, "scenario_length": 30}}, "[[24.485333434882456], [10.469746167633165, 46.64727233871794, 38.916654575566035], [2.512749775280236, 199.03482136106214], [1.4824063590938295, 11.616660424392542]]": {"ego_positions": [[47.3372, -3.0207], [45.54612186465605, -2.8404055660949687], [43.754503351770026, -2.657887932090008], [41.96184153276807, -2.4718158732786204], [40.167708506355794, -2.2816976905081376], [38.371727749429766, -2.0875808042904067], [36.57360905659042, -1.8898760964826142], [34.77312148230434, -1.6892241465440583], [32.97010814842591, -1.486397468369161], [31.16444673601372, -1.2822410733808833], [29.356077223851308, -1.0774914867730496], [27.544996401975496, -0.872776642652193], [25.73124241709665, -0.6686405139810953], [23.914884588951615, -0.4655346700874586], [22.096019848874786, -0.26379302067005095], [20.274768606406898, -0.06364059465689262], [18.45126812383265, 0.13479304124867775], [16.6256674671236, 0.3314617551994619], [14.798123016499929, 0.5263865514347142], [12.968794022202408, 0.7196397520280482], [11.138322611272297, 0.9161892449486778], [9.308855344195347, 1.136206586109501], [7.481938984302428, 1.3939515582073718], [5.6581192987296625, 1.693731949656529], [3.837142648560896, 2.031901026804019], [2.0181550247125757, 2.3988426136491205], [0.19967112182365815, 2.7786689584819566], [-1.6205719503112574, 3.1477340200983486], [-3.4442153620966347, 3.488655427081511], [-5.272131294392742, 3.7918178808848193]], "ego_orientations": [3.0415, 3.0408286043778716, 3.0391944882147337, 3.0371026006296127, 3.034948738825399, 3.03294977947504, 3.031277440216055, 3.03000711314373, 3.0292169871255954, 3.028865693271152, 3.0288888306452932, 3.0292308729421946, 3.029840397865425, 3.030657783097192, 3.0316165638963914, 3.0326602941998777, 3.033739796693184, 3.0348126732281546, 3.0358485321704127, 3.036822213702219, 3.0300668908320088, 3.0124717881214504, 2.990043296457082, 2.9676848004164773, 2.9491704401591954, 2.9371490439670827, 2.9366516052387293, 2.947987017977563, 2.966431655156034, 2.9883823082793803], "obs_positions": [[-65.9578, 5.2338], [-62.9728, 4.9343], [-59.9878, 4.6348], [-57.0028, 4.3353], [-54.0178, 4.0358], [-51.0327, 3.7363], [-48.0477, 3.4368], [-45.0627, 3.1373], [-42.0777, 2.8379], [-39.0927, 2.5384], [-36.1077, 2.2389], [-33.1227, 1.9394], [-30.1377, 1.6399], [-27.1977, 1.0412], [-24.2221, 0.5292], [-21.251, 0.1132], [-18.2485, -0.2094], [-15.2371, -0.4333], [-12.2395, -0.556], [-9.2202, -0.5776], [-6.2209, -0.4968], [-3.2075, -0.3121], [-0.2204, -0.026], [2.7729, 0.3645], [5.7337, 0.8536], [8.6937, 1.4457], [11.6154, 2.1315], [14.5299, 2.9166], [17.4015, 3.7894], [20.243492831570556, 4.750168830313283]], "obs_orientations": [6.1831, 6.1831, 6.1831, 6.1831, 6.1831, 6.1831, 6.1831, 6.1832, 6.1831, 6.1832, 6.1831, 6.1831, 6.0823, 6.1127, 6.144, 6.1761, -0.0743, -0.041, -0.0072, 0.0269, 0.061, 0.0955, 0.1296, 0.1636, 0.1973, 0.2305, 0.2631, 0.295, 0.326, 0.326], "objectives": {"extension_time": 1.2, "danger_difference": 47.852077695856224, "parameter_difference": 24.537184123797978}, "attributes": {"generation_number": 3, "individual_number": 167, "crash": true, "goal_reached": true, "scenario_length": 30}}}