{"[[5.992231087744882], [36.199076035699676, 247.58686958468368, 323.9558262738714], [1.0421222502110332, 163.6605660553525], [0.15502189691327883, 9.527440333682192]]": {"ego_positions": [[56.2923, -3.9192], [54.50119932707444, -3.7390776134632007], [52.709556810624306, -3.5566784295194678], [50.91687737091087, -3.3706820069121775], [49.12272775851858, -3.1805861273008036], [47.3267400819623, -2.986452138404067], [45.52861871045928, -2.7887201971024065], [43.728133396038245, -2.588071557390348], [41.925105994002685, -2.385286095137347], [40.119434099536164, -2.1811288631640173], [38.311057760092915, -1.9763559403936453], [36.499974759923994, -1.771589985081779], [34.68621950111785, -1.5673959600751521], [32.869866728064686, -1.3641763178017556], [31.051008850778555, -1.1623772088639055], [29.22975541440844, -0.9622082811917674], [27.40625291831635, -0.7637584260168803], [25.5806509998263, -0.5670723821636672], [23.753105516539392, -0.3721328643985751], [21.923775380750357, -0.17886928278696856], [20.09281992130352, 0.012832365129743978], [18.260395611702215, 0.20311359878472438], [16.426989332732465, 0.3920993431509996], [14.593981152572244, 0.5798312021177843], [12.761489416530267, 0.7664737139683643], [10.930918636348991, 0.9693815431179194], [9.114234448994544, 1.2826486421507544], [7.327445418674479, 1.7502785405393007], [5.556474801386378, 2.17966179575921], [3.7811160560558865, 2.420053248472139], [2.0025450104663696, 2.5984945155346058], [0.22713561261702664, 2.8116503141718256], [-1.5450758130480051, 3.068880409367541], [-3.3177719142139686, 3.340693282502651], [-5.093510031786512, 3.607146036648257]], "ego_orientations": [3.0416, 3.0409127118596446, 3.0392471029389543, 3.0371327789606766, 3.034946269419726, 3.032934829311635, 3.031264121020506, 3.030031137013049, 3.0292268979297945, 3.0288592281986597, 3.0288674891732885, 3.0292011174246074, 3.0297951408667148, 3.0305988649875526, 3.031606429819084, 3.0326523506722474, 3.033730115195986, 3.034803571640219, 3.0358419551992655, 3.0368175530727433, 3.0377126134568266, 3.038515770697617, 3.039220041258766, 3.0398266132779925, 3.0403401861677186, 3.0143799736785333, 2.9189214776734516, 2.872649203238512, 2.9527789662069637, 3.0415988187622016, 3.0415988187622016, 3.006490571132029, 2.9911706114967926, 2.9895671249976843, 2.9968835937998852], "obs_positions": [[-80.8829, 6.7312], [-77.8979, 6.4317], [-74.9129, 6.1322], [-71.9278, 5.8327], [-68.9428, 5.5332], [-65.9578, 5.2338], [-62.9728, 4.9343], [-59.9878, 4.6348], [-57.0028, 4.3353], [-54.0178, 4.0358], [-51.0327, 3.7363], [-48.0477, 3.4368], [-45.0627, 3.1373], [-42.0777, 2.8379], [-39.0927, 2.5384], [-36.1077, 2.2389], [-33.1227, 1.9394], [-30.1377, 1.6399], [-27.1977, 1.0412], [-24.2221, 0.5292], [-21.251, 0.1132], [-18.2485, -0.2094], [-15.2371, -0.4333], [-12.2395, -0.556], [-9.2202, -0.5776], [-6.2209, -0.4968], [-3.2075, -0.3121], [-0.2204, -0.026], [2.7729, 0.3645], [5.7337, 0.8536], [8.6937, 1.4457], [11.6154, 2.1315], [14.5299, 2.9166], [17.4015, 3.7894], [20.243492831570556, 4.750168830313283]], "obs_orientations": [6.1831, 6.1831, 6.1831, 6.1831, 6.1831, 6.1831, 6.1831, 6.1831, 6.1831, 6.1831, 6.1831, 6.1831, 6.1832, 6.1831, 6.1832, 6.1831, 6.1831, 6.0823, 6.1127, 6.144, 6.1761, -0.0743, -0.041, -0.0072, 0.0269, 0.061, 0.0955, 0.1296, 0.1636, 0.1973, 0.2305, 0.2631, 0.295, 0.326, 0.326], "objectives": {"extension_time": 1.7, "danger_difference": 47.33422195070969, "parameter_difference": 90.4533154706834}, "attributes": {"generation_number": 0, "individual_number": 38, "crash": true, "goal_reached": true, "scenario_length": 35}}, "[[1.9345826251247207], [36.199076035699676, 247.58686958468368, 323.9558262738714], [40.67248577758138, 81.54125259315316], [0.15502189691327883, 9.527440333682192]]": {"ego_positions": [[56.2923, -3.9192], [54.50119932707444, -3.7390776134632007], [52.709556810624306, -3.5566784295194678], [50.91687737091087, -3.3706820069121775], [49.12272775851858, -3.1805861273008036], [47.3267400819623, -2.986452138404067], [45.52861871045928, -2.7887201971024065], [43.728133396038245, -2.588071557390348], [41.925105994002685, -2.385286095137347], [40.119434099536164, -2.1811288631640173], [38.311057760092915, -1.9763559403936453], [36.499974759923994, -1.771589985081779], [34.68621950111785, -1.5673959600751521], [32.869866728064686, -1.3641763178017556], [31.051008850778555, -1.1623772088639055], [29.22975541440844, -0.9622082811917674], [27.40625291831635, -0.7637584260168803], [25.5806509998263, -0.5670723821636672], [23.75344098042788, -0.37216652352901575], [21.926017312633114, -0.17909422943628323], [20.098521568859866, 0.012260284183290397], [18.270753642330597, 0.2020743112215476], [16.44255886556072, 0.3905371378425737], [14.613821181794512, 0.577840493411162], [12.784456656669, 0.7641671483873509], [10.9560542732248, 0.9668477079575293], [9.140773442868845, 1.2799666832662648], [7.3547583236174825, 1.7475249259977186], [5.584092420733132, 2.1768879668512806], [3.8087797254201927, 2.417277795545925], [2.0302086798306864, 2.5957190626083917], [0.2525480632857153, 2.7951500309295954], [-1.5312650224714965, 2.9786839072768254], [-3.3263106510813256, 3.113774891846235], [-5.131239216774648, 3.212633134837142]], "ego_orientations": [3.0416, 3.0409127118596446, 3.0392471029389543, 3.0371327789606766, 3.034946269419726, 3.032934829311635, 3.031264121020506, 3.030031137013049, 3.0292268979297945, 3.0288592281986597, 3.0288674891732885, 3.0292011174246074, 3.0297951408667148, 3.0305988649875526, 3.031606429819084, 3.0326523506722474, 3.033730115195986, 3.034803571640219, 3.0358388194422483, 3.036810380757825, 3.037703887867238, 3.03850711482757, 3.0392136961214966, 3.039823078330446, 3.0403416822472424, 3.0143600211344004, 2.9188507833352375, 2.8725968643596254, 2.9527681932123757, 3.041598818762201, 3.041598818762201, 3.0283324926730812, 3.05268774897416, 3.0783505608689876, 3.0939109504164715], "obs_positions": [[-80.8829, 6.7312], [-77.8979, 6.4317], [-74.9129, 6.1322], [-71.9278, 5.8327], [-68.9428, 5.5332], [-65.9578, 5.2338], [-62.9728, 4.9343], [-59.9878, 4.6348], [-57.0028, 4.3353], [-54.0178, 4.0358], [-51.0327, 3.7363], [-48.0477, 3.4368], [-45.0627, 3.1373], [-42.0777, 2.8379], [-39.0927, 2.5384], [-36.1077, 2.2389], [-33.1227, 1.9394], [-30.1377, 1.6399], [-27.1977, 1.0412], [-24.2221, 0.5292], [-21.251, 0.1132], [-18.2485, -0.2094], [-15.2371, -0.4333], [-12.2395, -0.556], [-9.2202, -0.5776], [-6.2209, -0.4968], [-3.2075, -0.3121], [-0.2204, -0.026], [2.7729, 0.3645], [5.7337, 0.8536], [8.6937, 1.4457], [11.6154, 2.1315], [14.5299, 2.9166], [17.4015, 3.7894], [20.243492831570556, 4.750168830313283]], "obs_orientations": [6.1831, 6.1831, 6.1831, 6.1831, 6.1831, 6.1831, 6.1831, 6.1831, 6.1831, 6.1831, 6.1831, 6.1831, 6.1832, 6.1831, 6.1832, 6.1831, 6.1831, 6.0823, 6.1127, 6.144, 6.1761, -0.0743, -0.041, -0.0072, 0.0269, 0.061, 0.0955, 0.1296, 0.1636, 0.1973, 0.2305, 0.2631, 0.295, 0.326, 0.326], "objectives": {"extension_time": 1.7, "danger_difference": 47.33286220465061, "parameter_difference": 90.45297050823406}, "attributes": {"generation_number": 1, "individual_number": 84, "crash": true, "goal_reached": true, "scenario_length": 35}},