{"[[23.491450502685918], [2.2913917240778896, 200.0, 86.14811714756199], [1.691810983948963, 72.47210060983893], [1.3695541246775886, 11.837769159311888]]": {"ego_positions": [[59.8743, -4.2786], [58.08321764110356, -4.098300939677545], [56.2915953102753, -3.915738201389772], [54.49893632246484, -3.7296269786705296], [52.70479958722258, -3.5394646650156094], [50.90882044137522, -3.3453055433869254], [49.110702716014515, -3.1475847177530762], [47.31021210786231, -2.9469511823180823], [45.50718785111133, -2.7441586733029255], [43.70151798969057, -2.540012183777956], [41.89314434832244, -2.33526097315878], [40.082060329452936, -2.130557599817571], [38.26829982026312, -1.926455672677864], [36.45193558919077, -1.723362628804707], [34.633068570999654, -1.5216074833896014], [32.81181878587358, -1.3214122212219606], [30.988320695549277, -1.122967350784984], [29.162715267297155, -0.9263302132501202], [27.335166197361566, -0.7314345456252839], [25.50583379466091, -0.5382019230161506], [23.674876726900735, -0.3465241980099723], [21.842451124162064, -0.15626273459526638], [20.00870826282029, 0.03273969532871913], [18.17379257669778, 0.22064768473962806], [16.337839388995242, 0.40761519845462724], [14.5009727678377, 0.5937586955975838], [12.663312640026469, 0.7792115165355799], [10.826694809540028, 0.9813030238690582], [9.000635116344354, 1.294525479157364], [7.189589284076385, 1.7641638027238844], [5.374302935145884, 2.197928903051144], [3.5398075529654927, 2.4442633553167203], [1.6990487085791839, 2.628943827521228], [-0.13881296752665268, 2.8449740800812107], [-1.974073101277128, 3.0910009405466807], [-3.80917729760851, 3.3416518344320867], [-5.645430309691555, 3.5832047147229735]], "ego_orientations": [3.0415, 3.0408160889942204, 3.0391663904462884, 3.0370838524843378, 3.034920800286705, 3.0329318967071064, 3.031278828702249, 3.030027339937233, 3.029228685434508, 3.0288664494209194, 3.028890680123283, 3.029244568634356, 3.0298564528361442, 3.0306564688317708, 3.0316015315749416, 3.032633559520381, 3.0337563820457594, 3.0348308795063574, 3.0358614994248727, 3.036832144807305, 3.0377243793934356, 3.0385256707535997, 3.0392301363962795, 3.0398364408735623, 3.040364818238143, 3.0408216292307415, 3.041194588906393, 3.015139625159288, 2.9202820012635495, 2.875839154326546, 2.9553405927697214, 3.041598818762201, 3.041598818762201, 3.0129858426966085, 3.0055544058673807, 3.0073602315279495, 3.014958512750342], "obs_positions": [[-86.8529, 7.3302], [-83.8679, 7.0307], [-80.8829, 6.7312], [-77.8979, 6.4317], [-74.9129, 6.1322], [-71.9278, 5.8327], [-68.9428, 5.5333], [-65.9578, 5.2338], [-62.9728, 4.9343], [-59.9878, 4.6348], [-57.0028, 4.3353], [-54.0178, 4.0359], [-51.0327, 3.7363], [-48.0477, 3.4368], [-45.0627, 3.1373], [-42.0777, 2.8379], [-39.0927, 2.5384], [-36.1077, 2.2389], [-33.1227, 1.9394], [-30.1377, 1.6399], [-27.1977, 1.0412], [-24.2221, 0.5292], [-21.251, 0.1132], [-18.2485, -0.2094], [-15.2371, -0.4333], [-12.2395, -0.556], [-9.2202, -0.5776], [-6.2209, -0.4968], [-3.2075, -0.3121], [-0.2204, -0.026], [2.7729, 0.3645], [5.7337, 0.8536], [8.6937, 1.4457], [11.6154, 2.1315], [14.5299, 2.9166], [17.4015, 3.7894], [20.243492831570556, 4.750168830313283]], "obs_orientations": [6.1831, 6.1831, 6.1831, 6.1831, 6.1831, 6.1831, 6.1831, 6.1831, 6.1831, 6.1831, 6.1831, 6.1831, 6.1831, 6.1831, 6.1832, 6.1831, 6.1832, 6.1831, 6.1831, 6.0823, 6.1127, 6.144, 6.1761, -0.0743, -0.041, -0.0072, 0.0269, 0.061, 0.0955, 0.1296, 0.1636, 0.1973, 0.2305, 0.2631, 0.295, 0.326, 0.326], "objectives": {"extension_time": 1.9, "danger_difference": 47.867023372097094, "parameter_difference": 5.70992881148978}, "attributes": {"generation_number": 5, "individual_number": 260, "crash": true, "goal_reached": true, "scenario_length": 37}}, "[[21.433963907831288], [1.8116614534714301, 200.0, 2.5], [48.17969413462946, 84.41868293193284], [1.37157640315613, 9.943733859402384]]": {"ego_positions": [[59.8743, -4.2786], [58.083167320711595, -4.097689204531855], [56.29117987153461, -3.9116054294117464], [54.49757367215813, -3.718473956406715], [52.70186818952324, -3.519412571009521], [50.9037403526559, -3.316019071431261], [49.10295719840947, -3.1097703125618152], [47.29936243358531, -2.9019608463537017], [45.49287945344557, -2.69368584144987], [43.683483590138245, -2.4858650127189836], [41.871202938994486, -2.2792004620530104], [40.05611207894079, -2.0741890596585435], [38.23831923270886, -1.8711622794888796], [36.41796309931267, -1.6702720237529236], [34.595199524259, -1.4715842186928128], [32.77019540338204, -1.2750663753256286], [30.943119734005283, -1.0806787409707732], [29.114146247046747, -0.8882702741809804], [27.283456709215745, -0.6976050742106326], [25.451223393974605, -0.5084676508965734], [23.61761071582569, -0.3206457600951373], [21.78277269650764, -0.1339433310201472], [19.94684874003917, 0.05179013682670333], [18.109975494350078, 0.23672965741088903], [16.272285591731514, 0.42106813067223325], [14.43390338018843, 0.6049911064525603], [12.594942398386271, 0.7886622314403198], [10.75723013280977, 0.9894153789258923], [8.930313899011143, 1.3018178575475834], [7.118738390774655, 1.7712119577249166], [5.3032322935829646, 2.205028175440397], [3.468703457486292, 2.451397118638743], [1.6279446131000357, 2.6360775908432443], [-0.2108525180953293, 2.841953468603711], [-2.0514982849356165, 3.0317240983698266], [-3.897467543751712, 3.1695839244099795], [-5.748240624377588, 3.2599793223928573]], "ego_orientations": [3.0415, 3.039855578686677, 3.0362127347242827, 3.032603892243091, 3.0299284345746758, 3.028126437890324, 3.0271091429180648, 3.026748037045745, 3.0269489693504616, 3.0275898447192118, 3.028548417025448, 3.0297225458134607, 3.0310150610841764, 3.032348123418681, 3.033680014589897, 3.034964739774584, 3.036216980117436, 3.037319530836924, 3.038293695562341, 3.039143376048191, 3.0398680277882795, 3.0404939416131165, 3.0410275720690207, 3.0414516156695823, 3.0417647134143646, 3.0419762088810764, 3.042101140822179, 3.015800988739836, 2.920631580399157, 2.875906729129758, 2.955310576406614, 3.0415988187622016, 3.0415988187622016, 3.02848939572519, 3.052089069912809, 3.081351693660245, 3.102275805632602], "obs_positions": [[-86.8529, 7.3302], [-83.8679, 7.0307], [-80.8829, 6.7312], [-77.8979, 6.4317], [-74.9129, 6.1322], [-71.9278, 5.8327], [-68.9428, 5.5333], [-65.9578, 5.2338], [-62.9728, 4.9343], [-59.9878, 4.6348], [-57.0028, 4.3353], [-54.0178, 4.0359], [-51.0327, 3.7363], [-48.0477, 3.4368], [-45.0627, 3.1373], [-42.0777, 2.8379], [-39.0927, 2.5384], [-36.1077, 2.2389], [-33.1227, 1.9394], [-30.1377, 1.6399], [-27.1977, 1.0412], [-24.2221, 0.5292], [-21.251, 0.1132], [-18.2485, -0.2094], [-15.2371, -0.4333], [-12.2395, -0.556], [-9.2202, -0.5776], [-6.2209, -0.4968], [-3.2075, -0.3121], [-0.2204, -0.026], [2.7729, 0.3645], [5.7337, 0.8536], [8.6937, 1.4457], [11.6154, 2.1315], [14.5299, 2.9166], [17.4015, 3.7894], [20.243492831570556, 4.750168830313283]], "obs_orientations": [6.1831, 6.1831, 6.1831, 6.1831, 6.1831, 6.1831, 6.1831, 6.1831, 6.1831, 6.1831, 6.1831, 6.1831, 6.1831, 6.1831, 6.1832, 6.1831, 6.1832, 6.1831, 6.1831, 6.0823, 6.1127, 6.144, 6.1761, -0.0743, -0.041, -0.0072, 0.0269, 0.061, 0.0955, 0.1296, 0.1636, 0.1973, 0.2305, 0.2631, 0.295, 0.326, 0.326], "objectives": {"extension_time": 1.9, "danger_difference": 47.86797483871112, "parameter_difference": 39.02981150602085}, "attributes": {"generation_number": 6, "individual_number": 303, "crash": true, "goal_reached": true, "scenario_length": 37}},