{"[[29.67971500986727], [14.231803465325509, 459.0739423132987, 648.1903716426634], [0.9455383032245024, 43.70235921454522], [1.6221440377131227, 24.514530564771768]]": {"ego_positions": [[54.5013, -3.7395], [52.710197370501774, -3.5593764152785514], [50.918550266769635, -3.376965889250128], [49.1258655681485, -3.190947036940073], [47.331710022641765, -3.0008089649159726], [45.535720774375825, -2.8066218481510146], [43.737602523377525, -2.6088587448374216], [41.9371085108099, -2.4081950580151643], [40.1340809446454, -2.2053830086442767], [38.328401943713274, -2.0012241461428184], [36.52002327621897, -1.7964202463704935], [34.708936590482935, -1.5916347864093696], [32.89518561198894, -1.3873796472896545], [31.07883012450862, -1.1842304010198386], [29.25995874682154, -0.9824831059375873], [27.43870115198461, -0.7823279430377149], [25.61519522415769, -0.5838907465786237], [23.789589887800034, -0.38722112741496617], [21.96204070388494, -0.1923015072511474], [20.13270715736578, 0.0009429585611799088], [18.3017486332757, 0.19262691560722836], [16.46932168357837, 0.3828928323579328], [14.635577750147872, 0.5718996091092379], [12.800661063611596, 0.7598101689208754], [10.966417917455505, 0.9639374777115609], [9.142283342868394, 1.278670518439629], [7.332499879884131, 1.749260681357265], [5.517777927338291, 2.1834521724566556], [3.683376332293045, 2.429859322957512], [1.842617603023318, 2.614539783612552], [0.004578975581971095, 2.830355885949169], [-1.8311388470749537, 3.0759153626133937], [-3.6669057486513426, 3.3260048820083434], [-5.503970262228939, 3.5669969784723583]], "ego_orientations": [3.0416, 3.0409100185956, 3.0392379331353525, 3.0371163262754832, 3.034917511867768, 3.0329052421830873, 3.031260877289679, 3.030012824619173, 3.0292248381536244, 3.0288480670473676, 3.0288550398468432, 3.029177426507822, 3.029788199113847, 3.030653050163595, 3.0316152690111546, 3.032658990646722, 3.033737584912518, 3.034814452987876, 3.035852764767204, 3.0368277620914568, 3.0377217534159993, 3.0385232928687613, 3.0392281970753605, 3.0398362129115015, 3.0140314400278396, 2.9194450679604875, 2.8753660832325525, 2.9552043895313767, 3.041598818762201, 3.041598818762201, 3.0132107831498782, 3.005882102023953, 3.0077211581722967, 3.0153036532249438], "obs_positions": [[-77.8979, 6.4317], [-74.9129, 6.1322], [-71.9278, 5.8327], [-68.9428, 5.5332], [-65.9578, 5.2338], [-62.9728, 4.9343], [-59.9878, 4.6348], [-57.0028, 4.3353], [-54.0178, 4.0358], [-51.0327, 3.7363], [-48.0477, 3.4368], [-45.0627, 3.1373], [-42.0777, 2.8379], [-39.0927, 2.5384], [-36.1077, 2.2389], [-33.1227, 1.9394], [-30.1377, 1.6399], [-27.1977, 1.0412], [-24.2221, 0.5292], [-21.251, 0.1132], [-18.2485, -0.2094], [-15.2371, -0.4333], [-12.2395, -0.556], [-9.2202, -0.5776], [-6.2209, -0.4968], [-3.2075, -0.3121], [-0.2204, -0.026], [2.7729, 0.3645], [5.7337, 0.8536], [8.6937, 1.4457], [11.6154, 2.1315], [14.5299, 2.9166], [17.4015, 3.7894], [20.243492831570556, 4.750168830313283]], "obs_orientations": [6.1831, 6.1831, 6.1831, 6.1831, 6.1831, 6.1831, 6.1831, 6.1831, 6.1831, 6.1831, 6.1831, 6.1832, 6.1831, 6.1832, 6.1831, 6.1831, 6.0823, 6.1127, 6.144, 6.1761, -0.0743, -0.041, -0.0072, 0.0269, 0.061, 0.0955, 0.1296, 0.1636, 0.1973, 0.2305, 0.2631, 0.295, 0.326, 0.326], "objectives": {"extension_time": 1.6, "danger_difference": 47.86423728566217, "parameter_difference": 219.31768752488992}, "attributes": {"generation_number": 0, "individual_number": 30, "crash": true, "goal_reached": true, "scenario_length": 34}}, "[[25.580106964012597], [2.5, 200.0, 648.1903716426634], [0.9455383032245024, 1.8984730321534364], [1.6221440377131227, 26.017345272794458]]": {"ego_positions": [[54.5013, -3.7395], [52.710197370501774, -3.5593764152785514], [50.918550266769635, -3.376965889250128], [49.1258655681485, -3.190947036940073], [47.331710022641765, -3.0008089649159726], [45.535720774375825, -2.8066218481510146], [43.737602523377525, -2.6088587448374216], [41.9371085108099, -2.4081950580151643], [40.1340809446454, -2.2053830086442767], [38.328401943713274, -2.0012241461428184], [36.52002327621897, -1.7964202463704935], [34.708936590482935, -1.5916347864093696], [32.89518561198894, -1.3873796472896545], [31.07883012450862, -1.1842304010198386], [29.25995874682154, -0.9824831059375873], [27.43870115198461, -0.7823279430377149], [25.61519522415769, -0.5838907465786237], [23.789589887800034, -0.38722112741496617], [21.96204070388494, -0.1923015072511474], [20.13270715736578, 0.0009429585611799088], [18.3017486332757, 0.19262691560722836], [16.46932168357837, 0.3828928323579328], [14.635577750147872, 0.5718996091092379], [12.800661063611596, 0.7598101689208754], [10.966417917455505, 0.9639374777115609], [9.142283342868394, 1.278670518439629], [7.332499879884131, 1.749260681357265], [5.517777927338291, 2.1834521724566556], [3.683376332293045, 2.429859322957512], [1.842617603023318, 2.614539783612552], [0.0033240396556042523, 2.8169195323726397], [-1.8371651345979432, 3.0099289603243298], [-3.678825839637704, 3.1919219760695605], [-5.520790196277258, 3.3709146597210955]], "ego_orientations": [3.0416, 3.0409100185956, 3.0392379331353525, 3.0371163262754832, 3.034917511867768, 3.0329052421830873, 3.031260877289679, 3.030012824619173, 3.0292248381536244, 3.0288480670473676, 3.0288550398468432, 3.029177426507822, 3.029788199113847, 3.030653050163595, 3.0316152690111546, 3.032658990646722, 3.033737584912518, 3.034814452987876, 3.035852764767204, 3.0368277620914568, 3.0377217534159993, 3.0385232928687613, 3.0392281970753605, 3.0398362129115015, 3.0140314400278396, 2.9194450679604875, 2.8753660832325525, 2.9552043895313767, 3.041598818762201, 3.041598818762201, 3.0320032411678968, 3.0410372294525168, 3.044418420433427, 3.044692776846446], "obs_positions": [[-77.8979, 6.4317], [-74.9129, 6.1322], [-71.9278, 5.8327], [-68.9428, 5.5332], [-65.9578, 5.2338], [-62.9728, 4.9343], [-59.9878, 4.6348], [-57.0028, 4.3353], [-54.0178, 4.0358], [-51.0327, 3.7363], [-48.0477, 3.4368], [-45.0627, 3.1373], [-42.0777, 2.8379], [-39.0927, 2.5384], [-36.1077, 2.2389], [-33.1227, 1.9394], [-30.1377, 1.6399], [-27.1977, 1.0412], [-24.2221, 0.5292], [-21.251, 0.1132], [-18.2485, -0.2094], [-15.2371, -0.4333], [-12.2395, -0.556], [-9.2202, -0.5776], [-6.2209, -0.4968], [-3.2075, -0.3121], [-0.2204, -0.026], [2.7729, 0.3645], [5.7337, 0.8536], [8.6937, 1.4457], [11.6154, 2.1315], [14.5299, 2.9166], [17.4015, 3.7894], [20.243492831570556, 4.750168830313283]], "obs_orientations": [6.1831, 6.1831, 6.1831, 6.1831, 6.1831, 6.1831, 6.1831, 6.1831, 6.1831, 6.1831, 6.1831, 6.1832, 6.1831, 6.1832, 6.1831, 6.1831, 6.0823, 6.1127, 6.144, 6.1761, -0.0743, -0.041, -0.0072, 0.0269, 0.061, 0.0955, 0.1296, 0.1636, 0.1973, 0.2305, 0.2631, 0.295, 0.326, 0.326], "objectives": {"extension_time": 1.6, "danger_difference": 47.86423728566217, "parameter_difference": 219.2805053851664}, "attributes": {"generation_number": 1, "individual_number": 67, "crash": true, "goal_reached": true, "scenario_length": 34}},