{"[[14.528850692735805], [2.39482111275138, 55.391281849124084, 113.67037258099066], [2.3944151187514215, 85.04368196142318], [0.7828794069659363, 9.715256130242834]]": {"ego_positions": [[61.6653, -4.4583], [59.874199336085766, -4.278177529858611], [58.08255687613912, -4.095777821348188], [56.28987756930113, -3.9097801638890055], [54.49572832359857, -3.7196822626002604], [52.699742355921344, -3.5255535249110213], [50.9016206067172, -3.3278377350726167], [49.10113073708612, -3.1271989271519067], [47.29810300781234, -2.9243989732376234], [45.49243253727637, -2.720215890734294], [43.684061406636815, -2.515411789028311], [41.872981187093124, -2.3106505040106535], [40.05922535720419, -2.1064944400267636], [38.24286292540244, -1.9033798000062292], [36.42399504669087, -1.7016049716209574], [34.60274541010226, -1.5013878217171635], [32.77924978901329, -1.302873890818093], [30.953653151304056, -1.1061574881281204], [29.126106435867968, -0.9112312397941744], [27.29677508832833, -0.7179775620651212], [25.465819490396292, -0.5262766051834457], [23.63339525841824, -0.3359945688957224], [21.799653479719485, -0.1469755541089516], [19.964738582339187, 0.040945145497980534], [18.12878580866483, 0.22792082507354017], [16.29191937597979, 0.4140694957765489], [14.454259351051354, 0.5995259628880016], [12.615920382334124, 0.7844381039940758], [10.778732494205075, 0.9861398281693453], [8.952228252473489, 1.299175142495945], [7.140911879416225, 1.7688783644669437], [5.325517097364638, 2.2027833726363184], [3.491005471597577, 2.449159592245893], [1.6502466272113898, 2.6338400644503808], [-0.18756644662603678, 2.8499360000875944], [-2.022972248740248, 3.0933522360850945], [-3.8592598323334815, 3.330309609378371], [-5.697409864360346, 3.5504333908113734]], "ego_orientations": [3.0416, 3.040912575350965, 3.039246629072621, 3.0371318641166956, 3.034945654940545, 3.0329416202995083, 3.031275498257019, 3.030027906212482, 3.0292157243830764, 3.028840874315992, 3.0288596506542182, 3.029212853123605, 3.0298345893870753, 3.0306491929680326, 3.0315886403381476, 3.0326178173956753, 3.033694899586107, 3.034808030094894, 3.0358494977283583, 3.0368195505115785, 3.0377122810219865, 3.038515574283176, 3.0392221756210533, 3.03983081278281, 3.040361345526675, 3.0408193348536297, 3.0411926845205914, 3.0414799645979222, 3.0153406917150596, 2.9203491240090744, 2.875791796589204, 2.955290375519321, 3.041598818762205, 3.041598818762205, 3.012917542352532, 3.00973611745159, 3.0173969246594368, 3.02769795642329], "obs_positions": [[-89.8379, 7.6297], [-86.8529, 7.3302], [-83.8679, 7.0307], [-80.8829, 6.7313], [-77.8979, 6.4317], [-74.9129, 6.1322], [-71.9278, 5.8327], [-68.9428, 5.5333], [-65.9578, 5.2338], [-62.9728, 4.9343], [-59.9878, 4.6348], [-57.0028, 4.3353], [-54.0178, 4.0358], [-51.0327, 3.7363], [-48.0477, 3.4368], [-45.0627, 3.1373], [-42.0777, 2.8379], [-39.0927, 2.5384], [-36.1077, 2.2389], [-33.1227, 1.9394], [-30.1377, 1.6399], [-27.1977, 1.0412], [-24.2221, 0.5292], [-21.251, 0.1132], [-18.2485, -0.2094], [-15.2371, -0.4333], [-12.2395, -0.556], [-9.2202, -0.5776], [-6.2209, -0.4968], [-3.2075, -0.3121], [-0.2204, -0.026], [2.7729, 0.3645], [5.7337, 0.8536], [8.6937, 1.4457], [11.6154, 2.1315], [14.5299, 2.9166], [17.4015, 3.7894], [20.243492831570556, 4.750168830313283]], "obs_orientations": [6.1831, 6.1831, 6.1831, 6.1831, 6.1831, 6.1831, 6.1831, 6.1831, 6.1831, 6.1831, 6.1831, 6.1831, 6.1831, 6.1831, 6.1831, 6.1832, 6.1831, 6.1832, 6.1831, 6.1831, 6.0823, 6.1127, 6.144, 6.1761, -0.0743, -0.041, -0.0072, 0.0269, 0.061, 0.0955, 0.1296, 0.1636, 0.1973, 0.2305, 0.2631, 0.295, 0.326, 0.326], "objectives": {"extension_time": 2.0, "danger_difference": 47.86746795475244, "parameter_difference": 5.572212089766416}, "attributes": {"generation_number": 12, "individual_number": 613, "crash": true, "goal_reached": true, "scenario_length": 38}}, "[[11.181778575649385], [4.697192463862998, 54.934942223191236, 2.5], [60.506763957597975, 89.56482249738978], [0.7373566552769797, 10.309867135161205]]": {"ego_positions": [[61.6653, -4.4583], [59.87482851240393, -4.245865652374572], [58.08153634661758, -3.945313332071832], [56.27709015652173, -3.640429835896447], [54.45560503706616, -3.404782173054109], [52.622043994179954, -3.217422839467622], [50.78296037583305, -3.0426093480513137], [48.94210737885829, -2.864409645080416], [47.100910353536555, -2.681406878499648], [45.2597412599157, -2.496288182428005], [43.418662620319246, -2.310977465735016], [41.577680670211485, -2.1260159137661057], [39.736787898814654, -1.9413443076861459], [37.895975160450554, -1.756845448356507], [36.055235531863154, -1.5724051162297226], [34.214558763670546, -1.3879655589621502], [32.37393296286391, -1.2035067783587503], [30.533343066745065, -1.0190597501158312], [28.69278194610789, -0.8345928570530129], [26.85224496090754, -0.6500661655867052], [25.01172508557899, -0.46547744217307396], [23.17121535878134, -0.2808359605909707], [21.330710179996363, -0.0961483891161733], [19.490204867392386, 0.08857817942045738], [17.649695546487006, 0.27333637606188643], [15.80917915798797, 0.4581197356038364], [13.968653120552338, 0.6429203758056912], [12.128115379711552, 0.8277304111227722], [10.289290487588046, 1.0297588286188983], [8.458434787269134, 1.3114230001905782], [6.637824213956022, 1.6954686805038937], [4.82517005916912, 2.1591326554305335], [3.0154523009879166, 2.652354659884459], [1.202735737650151, 3.115975503636185], [-0.6191504382713867, 3.488447398300049], [-2.45630328319396, 3.7089242215895037], [-4.307911827193, 3.785367037010925], [-6.169147336904942, 3.7659978616799386]], "ego_orientations": [3.0416, 2.9956469489589352, 2.9645372778530144, 2.9925066158027276, 3.030193876681456, 3.045712958827784, 3.046528373526478, 3.0436173544714773, 3.041714925616436, 3.041233326497682, 3.04136254356132, 3.0415463525620865, 3.0416648288724724, 3.041720092688803, 3.0417283353621722, 3.0417179584516676, 3.0417094902256685, 3.0417170640646116, 3.0416879232180762, 3.041650669260223, 3.041620127678997, 3.041593197821732, 3.041570108243177, 3.0415513106323964, 3.041536226558486, 3.0415252721705306, 3.041518722276533, 3.041516657558066, 3.0151513129679017, 2.9609317606163867, 2.9088091656369963, 2.8781933938068556, 2.8782081628850458, 2.9088550733165297, 2.9785021761760886, 3.0645947930889004, 3.131248254299665, -3.1155414558480077], "obs_positions": [[-89.8379, 7.6297], [-86.8529, 7.3302], [-83.8679, 7.0307], [-80.8829, 6.7313], [-77.8979, 6.4317], [-74.9129, 6.1322], [-71.9278, 5.8327], [-68.9428, 5.5333], [-65.9578, 5.2338], [-62.9728, 4.9343], [-59.9878, 4.6348], [-57.0028, 4.3353], [-54.0178, 4.0358], [-51.0327, 3.7363], [-48.0477, 3.4368], [-45.0627, 3.1373], [-42.0777, 2.8379], [-39.0927, 2.5384], [-36.1077, 2.2389], [-33.1227, 1.9394], [-30.1377, 1.6399], [-27.1977, 1.0412], [-24.2221, 0.5292], [-21.251, 0.1132], [-18.2485, -0.2094], [-15.2371, -0.4333], [-12.2395, -0.556], [-9.2202, -0.5776], [-6.2209, -0.4968], [-3.2075, -0.3121], [-0.2204, -0.026], [2.7729, 0.3645], [5.7337, 0.8536], [8.6937, 1.4457], [11.6154, 2.1315], [14.5299, 2.9166], [17.4015, 3.7894], [20.243492831570556, 4.750168830313283]], "obs_orientations": [6.1831, 6.1831, 6.1831, 6.1831, 6.1831, 6.1831, 6.1831, 6.1831, 6.1831, 6.1831, 6.1831, 6.1831, 6.1831, 6.1831, 6.1831, 6.1832, 6.1831, 6.1832, 6.1831, 6.1831, 6.0823, 6.1127, 6.144, 6.1761, -0.0743, -0.041, -0.0072, 0.0269, 0.061, 0.0955, 0.1296, 0.1636, 0.1973, 0.2305, 0.2631, 0.295, 0.326, 0.326], "objectives": {"extension_time": 2.0, "danger_difference": 47.70153489117308, "parameter_difference": 39.00083237827704}, "attributes": {"generation_number": 19, "individual_number": 977, "crash": true, "goal_reached": true, "scenario_length": 38}}}