{"[[17.760370925771657], [49.032880167684134, 153.19701871353314, 884.0746643273944], [0.4730463326198997, 102.82253999850317], [2.387591592984762, 35.415822957662854]]": {"ego_positions": [[90.3214, -7.3333], [88.5303180796319, -7.153001865131078], [86.73869392909273, -6.970447660924749], [84.94603036885798, -6.784324038945084], [83.1518945912714, -6.594137898983806], [81.35591735112935, -6.3999593738850535], [79.55779982189486, -6.202224345508218], [77.75731165016178, -6.001589237876251], [75.95428329017513, -5.798810964285977], [74.14861059379439, -5.594659823473675], [72.34023682117633, -5.389890281933332], [70.52915425627506, -5.185162645346615], [68.71539672348521, -4.9810397700549], [66.89903251593313, -4.777968865698937], [65.08016012312055, -4.57627046053036], [63.25890123754997, -4.376164199087637], [61.43539384601595, -4.17776696618583], [59.60978841697573, -3.98112381754719], [57.78223968639477, -3.7862233863398407], [55.952906580930964, -3.592995710810972], [54.12194779322925, -3.4013334098586423], [52.28951893659545, -3.2111015508395515], [50.45577272850516, -3.0221296146090166], [48.62085394189574, -2.834250129823703], [46.78489904802755, -2.6472979401179844], [44.948032381268014, -2.4611536323081094], [43.11037173481603, -2.275704477476097], [41.272033213129305, -2.0907893932688575], [39.43312105873853, -1.9062845570614486], [37.59373179941874, -1.7220635926113], [35.75394925113133, -1.5380481085127677], [33.9138574346119, -1.3541115727139201], [32.07353031325099, -1.1701541842541525], [30.233022247211014, -0.9861938408722387], [28.392405473764533, -0.8019764871177995], [26.551740064970257, -0.6173038775680064], [24.711024920069676, -0.4325617593719471], [22.870276495153146, -0.24786586574214672], [21.02951573698637, -0.06317736270736207], [19.188740754355404, 0.12139819642852176], [17.3479475704178, 0.30578552143799054], [15.507186757959516, 0.49047941295155983], [13.666453158600126, 0.6754298598162166], [11.825734274283423, 0.8605148696227086], [9.986744276530516, 1.062821317789039], [8.155724258104646, 1.3445546991521538], [6.334945419271014, 1.728369681145756], [4.522127583978338, 2.191540827789204], [2.7122621520625323, 2.684134572154291], [0.8994283833473954, 3.1471438020964273], [-0.9207543070745239, 3.5369073976050114], [-2.74860380236912, 3.8502257410720335], [-4.583315424910552, 4.095097944625549], [-6.423907186495672, 4.281408940300083]], "ego_orientations": [3.0415, 3.0408189134490002, 3.039167935649051, 3.0370710305398245, 3.0349078047669447, 3.032923753314077, 3.0312713934780375, 3.030035496856984, 3.0292310954597914, 3.0288594503990223, 3.0288784517297414, 3.0292309180928787, 3.029854820071226, 3.0306807202873642, 3.031641408909123, 3.032685228798662, 3.0337544206983225, 3.0348261227366686, 3.0358620149908617, 3.0368371431980123, 3.0377379225144274, 3.0385424216734456, 3.0392466652109555, 3.039848676670631, 3.0403689680157058, 3.040820343307875, 3.0411967013658834, 3.0414763670742713, 3.0416970035775384, 3.041842796840718, 3.0419536194348895, 3.041954387127724, 3.0419842851086973, 3.041945713831304, 3.0416925892723676, 3.0415556211432273, 3.0415786313428947, 3.0415952911401485, 3.041592903356844, 3.041755270393896, 3.0416887347316863, 3.0415091257830618, 3.04140624175563, 3.04135971985281, 3.0150540462615996, 2.960988668079453, 2.9090274420328193, 2.8785159787655683, 2.878559538550154, 2.9091556737150976, 2.951795883618416, 2.991181211503485, 3.025755001381857, 3.0546939849545867], "obs_positions": [[-137.5981, 12.4215], [-134.6131, 12.122], [-131.6281, 11.8225], [-128.6431, 11.523], [-125.6581, 11.2235], [-122.6731, 10.924], [-119.6881, 10.6245], [-116.703, 10.3251], [-113.718, 10.0256], [-110.733, 9.7261], [-107.748, 9.4266], [-104.763, 9.1271], [-101.778, 8.8276], [-98.793, 8.5281], [-95.8079, 8.2286], [-92.8229, 7.9292], [-89.8379, 7.6297], [-86.8529, 7.3302], [-83.8679, 7.0307], [-80.8829, 6.7312], [-77.8979, 6.4317], [-74.9128, 6.1322], [-71.9278, 5.8327], [-68.9428, 5.5333], [-65.9578, 5.2338], [-62.9728, 4.9343], [-59.9878, 4.6348], [-57.0028, 4.3353], [-54.0178, 4.0358], [-51.0327, 3.7363], [-48.0477, 3.4368], [-45.0627, 3.1373], [-42.0777, 2.8379], [-39.0927, 2.5384], [-36.1077, 2.2389], [-33.1227, 1.9394], [-30.1377, 1.6399], [-27.1977, 1.0412], [-24.2221, 0.5292], [-21.251, 0.1132], [-18.2485, -0.2094], [-15.2371, -0.4333], [-12.2395, -0.556], [-9.2202, -0.5776], [-6.2209, -0.4968], [-3.2075, -0.3121], [-0.2204, -0.026], [2.7729, 0.3645], [5.7337, 0.8536], [8.6937, 1.4457], [11.6154, 2.1315], [14.5299, 2.9166], [17.4015, 3.7894], [20.243492831570556, 4.750168830313283]], "obs_orientations": [6.1831, 6.1831, 6.1831, 6.1831, 6.1831, 6.1831, 6.1831, 6.1831, 6.1831, 6.1831, 6.1831, 6.1831, 6.1831, 6.1831, 6.1831, 6.1831, 6.1831, 6.1831, 6.1831, 6.1831, 6.1831, 6.1831, 6.1831, 6.1831, 6.1831, 6.1831, 6.1831, 6.1831, 6.1831, 6.1831, 6.1831, 6.1832, 6.1831, 6.1832, 6.1831, 6.1831, 6.0823, 6.1127, 6.144, 6.1761, -0.0743, -0.041, -0.0072, 0.0269, 0.061, 0.0955, 0.1296, 0.1636, 0.1973, 0.2305, 0.2631, 0.295, 0.326, 0.326], "objectives": {"extension_time": 3.6, "danger_difference": 47.703119519947904, "parameter_difference": 314.1252083016828}, "attributes": {"generation_number": 0, "individual_number": 18, "crash": true, "goal_reached": true, "scenario_length": 54}}}