{"[[26.060638469753073], [7.233174346574389, 257.64596425706753, 409.3183268725329], [2.163662872771898, 46.094465551770256], [1.8584685828600542, 27.074458725552354]]": {"ego_positions": [[88.5304, -7.1536], [86.73931696738072, -6.973301099455463], [84.9476906149517, -6.790738997603446], [83.15502499403699, -6.604602532967937], [81.36088643094249, -6.414393055502735], [79.5649085806247, -6.220182219254645], [77.76679199739267, -6.022413964058022], [75.96630459211268, -5.821749817086778], [74.16327817655055, -5.618953505715649], [72.3576040311346, -5.414805768478706], [70.5492274470437, -5.210044942790132], [68.73814167755323, -5.0053286574002644], [66.92438111232828, -4.801212882289652], [65.10801530480174, -4.598138125900248], [63.28914251842298, -4.396433200090442], [61.467883363660924, -4.196320572419445], [59.64437533342431, -3.997927781371398], [57.81876750564764, -3.8013013785723655], [55.99121605433961, -3.6064203776874435], [54.16187996359284, -3.41321776626135], [52.330917102175, -3.2215888708757734], [50.49848577444437, -3.0313760506073555], [48.664737707271264, -2.842418177472664], [46.829818773730544, -2.6545367801424926], [44.9938642316636, -2.467578452421363], [43.156994748845186, -2.281459671106141], [41.31933512089622, -2.095999148741962], [39.481000964853074, -1.9110381882198453], [37.642104149275376, -1.726380817688151], [35.802744844207126, -1.541860071664579], [33.96301548277306, -1.357315977022873], [32.12298937043349, -1.172720483419793], [30.28272416563587, -0.9881463577352376], [28.442282405373096, -0.8035254150554887], [26.601710039390138, -0.6188654923182053], [24.761045934479185, -0.43417988913497885], [22.92032571405587, -0.24948831051465353], [21.079577034086885, -0.06479495403388515], [19.238816883349116, 0.11989959853888432], [17.398053917079686, 0.3045948932665244], [15.557291844379602, 0.48929222851187326], [13.7165314509498, 0.6739904238776334], [11.875772358357924, 0.858687602213511], [10.036736007380004, 1.0605436968594093], [8.205664708143741, 1.3417761259047913], [6.384831899598886, 1.7250616263415919], [4.571961692242988, 2.1877164109197045], [2.7620497192104247, 2.6798523492415107], [0.9491798650092416, 3.142505104699964], [-0.8710266675666131, 3.5320328138006287], [-2.6988898653576823, 3.845213421648798], [-4.533609014935607, 4.0900185769642095], [-6.37420166930855, 4.276312605722852]], "ego_orientations": [3.0415, 3.040816909851243, 3.039161963032906, 3.037061985916536, 3.0348914584617925, 3.032904388196913, 3.031254197623959, 3.030020759973163, 3.0292286480674986, 3.028863334878242, 3.0288843785103503, 3.0292364987388867, 3.0298559119883435, 3.030676868656679, 3.0316380592293353, 3.0326827318349157, 3.0337623818613415, 3.0348367388528046, 3.0358725376226667, 3.036856069176564, 3.0377513356555474, 3.0385518732611914, 3.0392497899691926, 3.0398448821539445, 3.040373555658514, 3.0408320907579, 3.0411774347418126, 3.041435304459769, 3.041571917940074, 3.041632399896932, 3.0415908185316596, 3.041629501961032, 3.0416217882803207, 3.041606022711249, 3.0415937312017007, 3.0415902772209207, 3.0415911768107367, 3.0415913769183227, 3.0415912130911194, 3.0415906324171083, 3.041589363958208, 3.041589457819253, 3.0415902941082154, 3.0153133542952224, 2.961269774182392, 2.9093107676853087, 2.878777850243601, 2.8787781855216976, 2.909313258939116, 2.9518939734782634, 2.9912343702771573, 3.0257762913610478, 3.0546928277054146], "obs_positions": [[-134.6131, 12.122], [-131.6281, 11.8225], [-128.6431, 11.5231], [-125.6581, 11.2236], [-122.6731, 10.9241], [-119.6881, 10.6246], [-116.703, 10.3251], [-113.718, 10.0256], [-110.733, 9.7261], [-107.748, 9.4266], [-104.763, 9.1271], [-101.778, 8.8276], [-98.793, 8.5281], [-95.8079, 8.2286], [-92.8229, 7.9291], [-89.8379, 7.6297], [-86.8529, 7.3302], [-83.8679, 7.0307], [-80.8829, 6.7312], [-77.8979, 6.4317], [-74.9128, 6.1322], [-71.9278, 5.8328], [-68.9428, 5.5333], [-65.9578, 5.2338], [-62.9728, 4.9343], [-59.9878, 4.6348], [-57.0028, 4.3353], [-54.0178, 4.0358], [-51.0327, 3.7363], [-48.0477, 3.4368], [-45.0627, 3.1373], [-42.0777, 2.8379], [-39.0927, 2.5384], [-36.1077, 2.2389], [-33.1227, 1.9394], [-30.1377, 1.6399], [-27.1977, 1.0412], [-24.2221, 0.5292], [-21.251, 0.1132], [-18.2485, -0.2094], [-15.2371, -0.4333], [-12.2395, -0.556], [-9.2202, -0.5776], [-6.2209, -0.4968], [-3.2075, -0.3121], [-0.2204, -0.026], [2.7729, 0.3645], [5.7337, 0.8536], [8.6937, 1.4457], [11.6154, 2.1315], [14.5299, 2.9166], [17.4015, 3.7894], [20.243492831570556, 4.750168830313283]], "obs_orientations": [6.1831, 6.1831, 6.1831, 6.1831, 6.1831, 6.1831, 6.1831, 6.1831, 6.1831, 6.1831, 6.1831, 6.1831, 6.1831, 6.1831, 6.1831, 6.1831, 6.1831, 6.1831, 6.1831, 6.1831, 6.1831, 6.1831, 6.1831, 6.1831, 6.1831, 6.1831, 6.1831, 6.1831, 6.1831, 6.1831, 6.1832, 6.1831, 6.1832, 6.1831, 6.1831, 6.0823, 6.1127, 6.144, 6.1761, -0.0743, -0.041, -0.0072, 0.0269, 0.061, 0.0955, 0.1296, 0.1636, 0.1973, 0.2305, 0.2631, 0.295, 0.326, 0.326], "objectives": {"extension_time": 3.5, "danger_difference": 47.70362675303127, "parameter_difference": 123.73643085755656}, "attributes": {"generation_number": 0, "individual_number": 4, "crash": true, "goal_reached": true, "scenario_length": 53}}, "[[25.964883708719782], [7.233174346574389, 200.0, 409.3183268725329], [2.429111435017698, 46.211601168832274], [1.8584685828600542, 27.6367650551012]]": {"ego_positions": [[88.5304, -7.1536], [86.73931696738072, -6.973301099455463], [84.9476906149517, -6.790738997603446], [83.15502499403699, -6.604602532967937], [81.36088643094249, -6.414393055502735], [79.5649085806247, -6.220182219254645], [77.76679199739267, -6.022413964058022], [75.96630459211268, -5.821749817086778], [74.16327817655055, -5.618953505715649], [72.3576040311346, -5.414805768478706], [70.5492274470437, -5.210044942790132], [68.73814167755323, -5.0053286574002644], [66.92438111232828, -4.801212882289652], [65.10801530480174, -4.598138125900248], [63.28914251842298, -4.396433200090442], [61.467883363660924, -4.196320572419445], [59.64437533342431, -3.997927781371398], [57.81876750564764, -3.8013013785723655], [55.99121605433961, -3.6064203776874435], [54.16187996359284, -3.41321776626135], [52.330917102175, -3.2215888708757734], [50.49848577444437, -3.0313760506073555], [48.664737707271264, -2.842418177472664], [46.829818773730544, -2.6545367801424926], [44.9938642316636, -2.467578452421363], [43.156994748845186, -2.281459671106141], [41.31933512089622, -2.095999148741962], [39.481000964853074, -1.9110381882198453], [37.642104149275376, -1.726380817688151], [35.802744844207126, -1.541860071664579], [33.96301548277306, -1.357315977022873], [32.12298937043349, -1.172720483419793], [30.28272416563587, -0.9881463577352376], [28.442282405373096, -0.8035254150554887], [26.601710039390138, -0.6188654923182053], [24.761045934479185, -0.43417988913497885], [22.92032571405587, -0.24948831051465353], [21.079577034086885, -0.06479495403388515], [19.238816883349116, 0.11989959853888432], [17.398053917079686, 0.3045948932665244], [15.557291844379602, 0.48929222851187326], [13.7165314509498, 0.6739904238776334], [11.875772358357924, 0.858687602213511], [10.036736007380004, 1.0605436968594093], [8.205664708143741, 1.3417761259047913], [6.384831899598886, 1.7250616263415919], [4.571961692242988, 2.1877164109197045], [2.7620497192104247, 2.6798523492415107], [0.9491798650092416, 3.142505104699964], [-0.8710266675666131, 3.5320328138006287], [-2.6988898653576823, 3.845213421648798], [-4.533609014935607, 4.0900185769642095], [-6.37420166930855, 4.276312605722852]],