{"[[21.802906147871056], [2.5, 490.38957129159945, 113.67037258099066], [1.6533879064503287, 72.271181342735], [0.787076713815517, 15.90892932460516]]": {"ego_positions": [[79.5754, -6.2552], [77.78429767897815, -6.075075491317783], [75.99265404406984, -5.892653929097062], [74.19997745410436, -5.706629701917664], [72.40583076404232, -5.516507449464874], [70.60984738906303, -5.322358257966101], [68.8117274525859, -5.124625729197442], [67.01123918328955, -4.923972293727589], [65.2082156410352, -4.721172023238014], [63.4025427731609, -4.517020843147085], [61.59416763423126, -4.31224402245239], [59.783083495775585, -4.107498480514251], [57.96932747442262, -3.9033232811879452], [56.15296882231264, -3.700179354353557], [54.33410347416987, -3.4984046285032013], [52.512850565888414, -3.2982420987360466], [50.68934588483883, -3.099815192227111], [48.86374091168109, -2.903159287187587], [47.03619261777336, -2.708240358281825], [45.20686234787631, -2.514978086731226], [43.37590599706779, -2.323286010883266], [41.543479695849626, -2.1330249776805115], [39.70973440803237, -1.9440404990529678], [37.87481594219652, -1.7561544807866485], [36.0388631980872, -1.5691784791126262], [34.20200025543207, -1.3829956555916423], [32.36434507131258, -1.1974910702421162], [30.526006563293617, -1.0125729971754276], [28.687093286946936, -0.828079019688568], [26.847703605123243, -0.6438609485681865], [25.007920251919337, -0.4598526648261475], [23.1678244138659, -0.275954420687974], [21.327491662626635, -0.09205408708896995], [19.486986333391545, 0.09193338081479821], [17.64635686985878, 0.27602441990897386], [15.805643112304722, 0.46021525638019106], [13.964893731659776, 0.6446162122337021], [12.124135604005248, 0.8292154099216855], [10.285104639449875, 1.031151926526197], [8.454059379224452, 1.3127426916720986], [6.63327918108328, 1.6966785878849378], [4.82048022584425, 2.1601867477445493], [3.0106472937179354, 2.653227300342781], [1.197848390666062, 3.1166762319226513], [-0.6223054576426323, 3.5067840904970375], [-2.4501349392785037, 3.8203501226732675], [-4.284828575534518, 4.065386753445466], [-6.125407227805962, 4.2518026916368825]], "ego_orientations": [3.0416, 3.0409065226266123, 3.0392312456468247, 3.0371176447915076, 3.0349328856132005, 3.032931682719902, 3.0312668051138245, 3.0300203295786248, 3.0292278030617843, 3.0288580091303134, 3.0288724159912785, 3.0292120287972795, 3.029818580064227, 3.0306383480082135, 3.0316027766668925, 3.0326628353507243, 3.033745047632133, 3.0348218619231724, 3.0358436747311557, 3.036820470990276, 3.0377204876139947, 3.038531399764022, 3.0392427843717305, 3.0398410426275437, 3.0403505841433103, 3.0407947422290067, 3.041172880890115, 3.0414902704014537, 3.0416954700022734, 3.0418475238274456, 3.041957111686249, 3.0419995509710285, 3.0419831615511135, 3.0419280097840344, 3.0418955037641884, 3.0418089583160155, 3.041691142396664, 3.0416001553545344, 3.0152017938353977, 2.9609951858957433, 2.9088986676582347, 2.8783010218099596, 2.8783161707175946, 2.9089438470295925, 2.951638400527804, 2.9910717649801706, 3.025682563716956, 3.0546521004197995], "obs_positions": [[-119.6881, 10.6246], [-116.703, 10.3251], [-113.718, 10.0256], [-110.733, 9.7261], [-107.748, 9.4266], [-104.763, 9.1271], [-101.778, 8.8276], [-98.793, 8.5282], [-95.8079, 8.2287], [-92.8229, 7.9292], [-89.8379, 7.6297], [-86.8529, 7.3302], [-83.8679, 7.0307], [-80.8829, 6.7312], [-77.8979, 6.4317], [-74.9128, 6.1322], [-71.9278, 5.8328], [-68.9428, 5.5333], [-65.9578, 5.2338], [-62.9728, 4.9343], [-59.9878, 4.6348], [-57.0028, 4.3353], [-54.0178, 4.0358], [-51.0327, 3.7363], [-48.0477, 3.4368], [-45.0627, 3.1373], [-42.0777, 2.8379], [-39.0927, 2.5384], [-36.1077, 2.2389], [-33.1227, 1.9394], [-30.1377, 1.6399], [-27.1977, 1.0412], [-24.2221, 0.5292], [-21.251, 0.1132], [-18.2485, -0.2094], [-15.2371, -0.4333], [-12.2395, -0.556], [-9.2202, -0.5776], [-6.2209, -0.4968], [-3.2075, -0.3121], [-0.2204, -0.026], [2.7729, 0.3645], [5.7337, 0.8536], [8.6937, 1.4457], [11.6154, 2.1315], [14.5299, 2.9166], [17.4015, 3.7894], [20.243492831570556, 4.750168830313283]], "obs_orientations": [6.1831, 6.1831, 6.1831, 6.1831, 6.1831, 6.1831, 6.1831, 6.1831, 6.1831, 6.1831, 6.1831, 6.1831, 6.1831, 6.1831, 6.1831, 6.1831, 6.1831, 6.1831, 6.1831, 6.1831, 6.1831, 6.1831, 6.1831, 6.1831, 6.1831, 6.1832, 6.1831, 6.1832, 6.1831, 6.1831, 6.0823, 6.1127, 6.144, 6.1761, -0.0743, -0.041, -0.0072, 0.0269, 0.061, 0.0955, 0.1296, 0.1636, 0.1973, 0.2305, 0.2631, 0.295, 0.326, 0.326], "objectives": {"extension_time": 3.0, "danger_difference": 47.702842142872015, "parameter_difference": 5.99339733509448}, "attributes": {"generation_number": 5, "individual_number": 253, "crash": true, "goal_reached": true, "scenario_length": 48}}, "[[6.993496613385178], [2.5, 200.0, 2.5], [11.957354263881872, 26.65039643754575], [0.7842047604429147, 8.365147768340032]]": {"ego_positions": [[79.5754, -6.2552], [77.78429767897815, -6.075075491317783], [75.99265404406984, -5.892653929097062], [74.19997745410436, -5.706629701917664], [72.40583076404232, -5.516507449464874], [70.60984738906303, -5.322358257966101], [68.8117274525859, -5.124625729197442], [67.01123918328955, -4.923972293727589], [65.2082156410352, -4.721172023238014], [63.4025427731609, -4.517020843147085], [61.59416763423126, -4.31224402245239], [59.783083495775585, -4.107498480514251], [57.96932747442262, -3.9033232811879452], [56.15296882231264, -3.700179354353557], [54.33410347416987, -3.4984046285032013], [52.512850565888414, -3.2982420987360466], [50.68934588483883, -3.099815192227111], [48.86374091168109, -2.903159287187587], [47.03619261777336, -2.708240358281825], [45.20686234787631, -2.514978086731226], [43.37590599706779, -2.323286010883266], [41.543479695849626, -2.1330249776805115], [39.70973440803237, -1.9440404990529678], [37.87481594219652, -1.7561544807866485], [36.0388631980872, -1.5691784791126262], [34.20200025543207, -1.3829956555916423], [32.36434507131258, -1.1974910702421162], [30.526006563293617, -1.0125729971754276], [28.687093286946936, -0.828079019688568], [26.847703605123243, -0.6438609485681865], [25.007920251919337, -0.4598526648261475], [23.1678244138659, -0.275954420687974], [21.327491662626635, -0.09205408708896995], [19.486986333391545, 0.09193338081479821], [17.64635686985878, 0.27602441990897386], [15.805643112304722, 0.46021525638019106], [13.964897920337718, 0.6446579579157662], [12.12415067024028, 0.8293655657780753], [10.285120409866078, 1.0313091024005474], [8.45406964674936, 1.3128450235813842], [6.633283083192085, 1.696717479555596], [4.820479625313074, 2.1601807620923497], [3.010644818581435, 2.65320263000623], [1.197846134958445, 3.1166537486914967], [-0.6240891436615476, 3.4890062491266036], [-2.461265816109829, 3.709411031980837], [-4.312880602613693, 3.7858182348096814], [-6.174110832200048, 3.766438221799352]], "ego_orientations": [3.0416, 3.0409065226266123, 3.0392312456468247, 3.0371176447915076, 3.0349328856132005, 3.032931682719902, 3.0312668051138245, 3.0300203295786248, 3.0292278030617843, 3.0288580091303134, 3.0288724159912785, 3.0292120287972795, 3.029818580064227, 3.0306383480082135, 3.0316027766668925, 3.0326628353507243, 3.033745047632133, 3.0348218619231724, 3.0358436747311557, 3.036820470990276, 3.0377204876139947, 3.038531399764022, 3.0392427843717305, 3.0398410426275437, 3.0403505841433103, 3.0407947422290067, 3.041172880890115, 3.0414902704014537, 3.0416954700022734, 3.0418475238274456, 3.041957111686249, 3.0419995509710285, 3.0419831615511135, 3.0419280097840344, 3.0418955037641884, 3.0418089583160155, 3.0416333757008003, 3.041565631070158, 3.015220954368695, 2.9610306058004294, 2.9089290048493703, 2.8783178163688956, 2.8783196676268687, 2.908939081977758, 2.978555350066866, 3.064623309168389, 3.1312597605587924, -3.1155402787067166],