{"[[49.045152281499135], [19.59594430294665, 41.23023989789337, 910.2229501896369], [81.96364269042391, 25.012013660338983], [0.016388028554459422, 38.12559452759599]]": {"ego_positions": [[83.1574, -6.6146], [81.36631705475557, -6.434301024187308], [79.57469093046191, -6.251738662293672], [77.7820256731424, -6.0656012435532585], [75.98788771633247, -5.87539121580462], [74.1919101240599, -5.681179506253848], [72.39379415382665, -5.483410297852109], [70.59330697084965, -5.282745642954666], [68.79028079844447, -5.079947911185552], [66.98460685001027, -4.875797614806294], [65.17623071150564, -4.671032083529613], [63.365145505631446, -4.466310014180048], [61.55138570855848, -4.262186503826346], [59.735020820751366, -4.0591036870860595], [57.91614892087986, -3.857391018664761], [56.09489058724631, -3.657271865779859], [54.27138288580672, -3.458880173613402], [52.44577389256718, -3.262268953944809], [50.6182198246635, -3.0674131094705746], [48.7888817206047, -2.87422601501925], [46.95792013600765, -2.682581599736535], [45.125492758326324, -2.49233068756359], [43.291747225066686, -2.303349072394229], [41.45682896327933, -2.115461770222782], [39.62087084322607, -1.9285389340430281], [37.784000078402066, -1.7424333712175715], [35.94633878455285, -1.5569902325721952], [34.10800382068103, -1.3720393863944398], [32.269096337568946, -1.1874866919342775], [30.429707928237256, -1.0032546563057787], [28.589923245970812, -0.8192596024652321], [26.749826678160648, -0.6353688763954769], [24.909494134827117, -0.45146651414980526], [23.06898903860907, -0.2674767244238521], [21.228359754750617, -0.08338388878781802], [19.387645986929872, 0.10080684530794229], [17.546896428444956, 0.285206023822349], [15.706137117138317, 0.46979342340565866], [13.865375710120336, 0.6544754582632375], [12.024613877951069, 0.8391820790560243], [10.185579287580673, 1.0410980288500171], [8.354533767902305, 1.3226278172181685], [6.533758335898618, 1.7065176493044831], [4.720969714746306, 2.1700178967177295], [2.911149106661351, 2.663086271685125], [1.0983622976753071, 3.126581806226859], [-0.7235648828539839, 3.4989679828711884], [-2.5607352739282416, 3.7193947139620827], [-4.412349775596257, 3.7958143858701137], [-6.273579054987643, 3.7764375387564986]], "ego_orientations": [3.0415, 3.040816837697263, 3.039161653750438, 3.0370613939586746, 3.0348913279479786, 3.032903517658023, 3.0312540593770723, 3.030020204176736, 3.0292276405746827, 3.0288612408105604, 3.028881461932555, 3.029232749813645, 3.02985141171485, 3.030672504434586, 3.031634028231459, 3.032680209070339, 3.0337665354083274, 3.034849758325119, 3.03588649884554, 3.036855774294293, 3.0377333139864326, 3.038534627076996, 3.0392408926648398, 3.039854252965553, 3.0403898311038904, 3.040835313288918, 3.0411869480732565, 3.0414489722610054, 3.041674997832369, 3.041854872709958, 3.0419642373245948, 3.041999599781659, 3.0419818718480753, 3.041926803663621, 3.0418950168633176, 3.04180959934902, 3.041691878398606, 3.041615323684978, 3.0415873823997623, 3.0415849608975303, 3.015230697573268, 2.961026200101896, 2.908912968397694, 2.878293252489388, 2.8782934421928847, 2.9089170564233626, 2.9785401956718305, 3.064613448591695, 3.1312564466401773, -3.1155408485932043], "obs_positions": [[-125.6581, 11.2235], [-122.6731, 10.924], [-119.6881, 10.6245], [-116.703, 10.3251], [-113.718, 10.0256], [-110.733, 9.7261], [-107.748, 9.4266], [-104.763, 9.1271], [-101.778, 8.8276], [-98.793, 8.5281], [-95.8079, 8.2286], [-92.8229, 7.9292], [-89.8379, 7.6297], [-86.8529, 7.3302], [-83.8679, 7.0307], [-80.8829, 6.7312], [-77.8979, 6.4317], [-74.9129, 6.1322], [-71.9278, 5.8327], [-68.9428, 5.5332], [-65.9578, 5.2337], [-62.9728, 4.9342], [-59.9878, 4.6347], [-57.0028, 4.3353], [-54.0178, 4.0358], [-51.0327, 3.7363], [-48.0477, 3.4368], [-45.0627, 3.1373], [-42.0777, 2.8379], [-39.0927, 2.5384], [-36.1077, 2.2389], [-33.1227, 1.9394], [-30.1377, 1.6399], [-27.1977, 1.0412], [-24.2221, 0.5292], [-21.251, 0.1132], [-18.2485, -0.2094], [-15.2371, -0.4333], [-12.2395, -0.556], [-9.2202, -0.5776], [-6.2209, -0.4968], [-3.2075, -0.3121], [-0.2204, -0.026], [2.7729, 0.3645], [5.7337, 0.8536], [8.6937, 1.4457], [11.6154, 2.1315], [14.5299, 2.9166], [17.4015, 3.7894], [20.243492831570556, 4.750168830313283]], "obs_orientations": [6.1831, 6.1831, 6.1831, 6.1831, 6.1831, 6.1831, 6.1831, 6.1831, 6.1831, 6.1831, 6.1831, 6.1831, 6.1831, 6.1831, 6.1831, 6.1831, 6.1831, 6.1831, 6.1831, 6.1831, 6.1831, 6.1831, 6.1831, 6.1831, 6.1831, 6.1831, 6.1831, 6.1832, 6.1831, 6.1832, 6.1831, 6.1831, 6.0823, 6.1127, 6.144, 6.1761, -0.0743, -0.041, -0.0072, 0.0269, 0.061, 0.0955, 0.1296, 0.1636, 0.1973, 0.2305, 0.2631, 0.295, 0.326, 0.326], "objectives": {"extension_time": 3.2, "danger_difference": 47.702731239254405, "parameter_difference": 324.1436516900856}, "attributes": {"generation_number": 1, "individual_number": 56, "crash": true, "goal_reached": true, "scenario_length": 50}}, "[[40.17668410434246], [18.81133601336214, 311.9584063573819, 2.5], [1.489792532264186, 11.464993595603806], [1.9071662919104926, 21.91093218375515]]": {"ego_positions": [[83.1574, -6.6146], [81.36631705475557, -6.434301024187308], [79.57469093046191, -6.251738662293672], [77.7820256731424, -6.0656012435532585], [75.98788771633247, -5.87539121580462], [74.1919101240599, -5.681179506253848], [72.39379415382665, -5.483410297852109], [70.59330697084965, -5.282745642954666], [68.79028079844447, -5.079947911185552], [66.98460685001027, -4.875797614806294], [65.17623071150564, -4.671032083529613], [63.365145505631446, -4.466310014180048], [61.55138570855848, -4.262186503826346], [59.735020820751366, -4.0591036870860595], [57.91614892087986, -3.857391018664761], [56.09489058724631, -3.657271865779859], [54.27138288580672, -3.458880173613402], [52.44577389256718, -3.262268953944809], [50.6182198246635, -3.0674131094705746], [48.7888817206047, -2.87422601501925], [46.95792013600765, -2.682581599736535], [45.125492758326324, -2.49233068756359], [43.291747225066686, -2.303349072394229], [41.45682896327933, -2.115461770222782], [39.62087084322607, -1.9285389340430281], [37.78400047591001, -1.7424294090680694], [35.94634213802322, -1.556956813631678], [34.108016205798464, -1.371915994151507], [32.26912657023741, -1.1871854207618902], [30.429768152666256, -1.0026543826705], [28.59003210339781, -0.8181745871630611], [26.749998987760982, -0.6336515266307362], [24.909735160469324, -0.4490643309055999], [23.069294822572246, -0.2644291270563688], [21.2287232782751, -0.07976082979960225], [19.388059253601067, 0.1049256696116461], [17.547339065918205, 0.28961754253520505], [15.706590629622498, 0.47431328216792923], [13.865830810294128, 0.6590111341242849], [12.025068103568403, 0.8437090648109336], [10.186027541481158, 1.0455655535458988], [8.354952217021925, 1.326798303560709], [6.5341161253742825, 1.710083705175204], [4.721242829997118, 2.1727401001829327], [2.9113286587811475, 2.664875914892115], [1.09845728728513, 3.1275285926538103], [-0.7215908164167513, 3.518643912241927], [-2.5484372415078247, 3.84196962375018], [-4.382558085547352, 4.092735012901905], [-6.225456358668337, 4.256040815714326]],