{"[[22.76939112124168], [17.952686086122, 400.0009482018381, 484.03981840234087], [1.3705005854795789, 104.80669548866555], [1.3584985610921265, 39.04809961870559]]": {"ego_positions": [[30.15, -13.0788]], "ego_orientations": [1.5707], "obs_positions": [[36.2084, -19.4097]], "obs_orientations": [1.5707], "objectives": {"extension_time": 1.5, "danger_difference": 198.5630544061545, "parameter_difference": 153.71525122464024}, "attributes": {"generation_number": 0, "individual_number": 10, "crash": true, "goal_reached": false, "scenario_length": 1}}, "[[38.71797609865015], [2.5, 200.0, 2.5], [1.3702314044893555, 81.49272059578973], [1.3602177609658705, 40.30657004268442]]": {"ego_positions": [[30.15, -13.0788]], "ego_orientations": [1.5707], "obs_positions": [[36.2084, -19.4097]], "obs_orientations": [1.5707], "objectives": {"extension_time": 1.5, "danger_difference": 198.5630544061545, "parameter_difference": 39.032441661100336}, "attributes": {"generation_number": 1, "individual_number": 86, "crash": true, "goal_reached": false, "scenario_length": 1}}}