{"[[6.2270517784174695], [48.68032719193145, 159.8208047281502, 118.25331245902026], [0.42241655112055576, 71.68698084154856], [2.3423145632543148, 49.608387042542326]]": {"ego_positions": [[30.15, -18.2788]], "ego_orientations": [1.5707], "obs_positions": [[36.2084, -26.2654]], "obs_orientations": [1.5707], "objectives": {"extension_time": 1.9, "danger_difference": 198.5630544061545, "parameter_difference": 18.965632654307207}, "attributes": {"generation_number": 0, "individual_number": 6, "crash": true, "goal_reached": false, "scenario_length": 1}}}