{"[[13.440990784577789], [16.994522100678566, 377.5897753429365, 914.2632747701537], [2.3631605967638536, 101.39446942971936], [0.9000402904896596, 40.02820204143248]]": {"ego_positions": [[30.15, -19.5788]], "ego_orientations": [1.5707], "obs_positions": [[36.2084, -27.9793]], "obs_orientations": [1.5707], "objectives": {"extension_time": 2.0, "danger_difference": 198.5630544061545, "parameter_difference": 325.7456012171574}, "attributes": {"generation_number": 0, "individual_number": 15, "crash": true, "goal_reached": false, "scenario_length": 1}}, "[[9.04918288225613], [2.7016105697108883, 244.24564982660846, 363.2049578769776], [1.6529901428685725, 70.00422923517051], [2.4991788107489605, 38.63421185781752]]": {"ego_positions": [[30.15, -19.5788]], "ego_orientations": [1.5707], "obs_positions": [[36.2084, -27.9793]], "obs_orientations": [1.5707], "objectives": {"extension_time": 2.0, "danger_difference": 198.5630544061545, "parameter_difference": 105.29271373238076}, "attributes": {"generation_number": 0, "individual_number": 33, "crash": true, "goal_reached": false, "scenario_length": 1}}, "[[6.563603758861192], [2.5, 244.24564982660846, 2.5], [1.6576996465333929, 113.10385730253873], [2.5082695577796406, 38.63421185781752]]": {"ego_positions": [[30.15, -19.5788]], "ego_orientations": [1.5707], "obs_positions": [[36.2084, -27.9793]], "obs_orientations": [1.5707], "objectives": {"extension_time": 2.0, "danger_difference": 198.5630544061545, "parameter_difference": 39.03118601252944}, "attributes": {"generation_number": 1, "individual_number": 82, "crash": true, "goal_reached": false, "scenario_length": 1}}, "[[5.759676078240474], [2.5, 149.93738870751747, 2.5], [1.6138016131592403, 73.12610716470842], [2.4137030780152244, 49.78871285063872]]": {"ego_positions": [[30.15, -19.5788]], "ego_orientations": [1.5707], "obs_positions": [[36.2084, -27.9793]], "obs_orientations": [1.5707], "objectives": {"extension_time": 2.0, "danger_difference": 198.5630544061545, "parameter_difference": 39.0264717011617}, "attributes": {"generation_number": 3, "individual_number": 153, "crash": true, "goal_reached": false, "scenario_length": 1}}, "[[46.672393530476306], [32.84302879921101, 200.0, 2.5], [1.16429310254169, 187.6034515977314], [0.5931491935128713, 6.742643292150147]]": {"ego_positions": [[30.15, -19.5788]], "ego_orientations": [1.5707], "obs_positions": [[36.2084, -27.9793]], "obs_orientations": [1.5707], "objectives": {"extension_time": 2.0, "danger_difference": 198.5630544061545, "parameter_difference": 40.57595645347009}, "attributes": {"generation_number": 3, "individual_number": 199, "crash": true, "goal_reached": false, "scenario_length": 1}}, "[[45.698245616783346], [2.5, 200.0, 2.5], [114.16245462581476, 54.11901460532311], [0.4861196706064307, 11.18347748735221]]": {"ego_positions": [[30.15, -19.5788]], "ego_orientations": [1.5707], "obs_positions": [[36.2084, -27.9793]], "obs_orientations": [1.5707], "objectives": {"extension_time": 2.0, "danger_difference": 198.5630544061545, "parameter_difference": 39.02893782583632}, "attributes": {"generation_number": 5, "individual_number": 282, "crash": true, "goal_reached": false, "scenario_length": 1}}}