{"[[21.24007101327926], [35.77319373767212, 347.5277091267969, 274.32717253264696], [1.002145731296229, 184.47860687458677], [1.6598257292247354, 7.33238964719698]]": {"ego_positions": [[30.15, -22.1788], [30.163915615623864, -20.834255785419884], [30.23868557391882, -19.45960875055799], [30.384581838118287, -18.086774660479357], [30.605371029116995, -16.718322976559456], [30.921242164284976, -15.354278446301151], [31.305173444757045, -13.993912163718456], [31.706952039444573, -12.636526326622372], [32.0809434664225, -11.284403554939448], [32.397226479005916, -9.947501564507188], [32.652549559773455, -8.622727626137175], [32.850915956390644, -7.296485802449714], [32.94597886053147, -5.969840675709412], [32.92465020777421, -4.669228754086991], [32.86908052405464, -3.4067746494114153], [32.87890036216497, -2.1711129682603074], [32.940390829952854, -0.9522464306881696], [33.05728108534762, 0.25772301712836276], [33.16046568267864, 1.4448906742542775], [33.20151798518918, 2.63717723040635], [33.16934637175809, 3.8514778824525226], [33.106392445566165, 5.081462759167857], [33.0646689133132, 6.312845935780785], [33.08004916924377, 7.5453323129130565], [33.16976927719167, 8.783681898766602], [33.33583269514814, 10.033582859692238], [33.52302158668068, 11.179356820215173], [33.64220182425107, 12.27189729998043], [33.71250588389911, 13.500796596354071], [33.7358880568342, 14.830051702516208], [33.74759153502586, 16.229061790771844], [33.75, 17.63951462101297], [33.75, 19.052014621012972], [33.75, 20.46451462101297], [33.75, 21.87701462101297], [33.75, 23.28951462101297], [33.75, 24.70201462101297], [33.75, 26.114514621012972], [33.76632774624128, 27.52810928182334], [33.82936673945943, 28.94226411911675], [33.94602682123823, 30.355010115390023], [34.1106105759502, 31.764923456459663], [34.318107158213394, 33.170729379884214], [34.5756187970899, 34.57058460740752], [34.86335716584705, 35.96343459732544], [35.14950042025843, 37.34908332236511], [35.40680216286343, 38.72788365860986], [35.63292471826959, 40.09990356364323]], "ego_orientations": [1.5707, 1.541791476496778, 1.4904127342595561, 1.4405470487080063, 1.3765971440368137, 1.314074158384554, 1.2835572389272452, 1.287822907031812, 1.3172819226051438, 1.3617708011031824, 1.3966097352774023, 1.4541959569990204, 1.548517853173785, 1.6147323235233508, 1.5935902252436505, 1.5366476179014865, 1.4903262227039704, 1.453765616605738, 1.5087969967178516, 1.5693378970501612, 1.6172118170048062, 1.6193929228694464, 1.585020268427795, 1.5294427101975423, 1.4676948420632465, 1.4116143977211977, 1.42967840682768, 1.497308525020512, 1.5389040566801286, 1.5590798313362355, 1.5661417390902177, 1.5707963267948966, 1.5707963267948966, 1.5707963267948966, 1.5707963267948966, 1.5707963267948966, 1.5707963267948966, 1.5707963267948966, 1.5445688810137976, 1.5072353912216256, 1.4703371797602771, 1.4403278989675814, 1.4059319374178527, 1.3745147273289275, 1.363501138553678, 1.374091390783737, 1.4006153842640763, 1.410355108104992], "obs_positions": [[36.2084, -31.4072], [36.2084, -29.6933], [36.2084, -27.9794], [36.2084, -26.2654], [36.2084, -24.5515], [36.2084, -22.8376], [36.2084, -21.1236], [36.2084, -19.4097], [36.2084, -17.6958], [36.2084, -15.9818], [36.2084, -14.2679], [36.2084, -12.554], [36.2084, -10.8401], [36.2084, -9.1261], [36.2084, -7.4122], [36.2084, -5.6983], [36.2084, -3.9843], [36.2084, -2.2704], [36.2084, -0.5565], [36.2084, 1.1574], [36.2084, 2.8713], [36.2084, 4.5852], [36.2084, 6.2992], [35.8405, 8.5837], [35.5801, 10.2477], [35.3569, 11.7119], [35.1181, 13.3136], [34.8717, 15.0043], [34.625, 16.739], [34.3839, 18.4811], [34.1529, 20.2042], [33.9344, 21.8922], [33.7298, 23.538], [33.5388, 25.1412], [33.3604, 26.7058], [33.1931, 28.2369], [33.0348, 29.7388], [32.8345, 31.6979], [32.6428, 33.5998], [32.4567, 35.4234], [32.2743, 37.1386], [32.0949, 38.713], [31.9184, 40.122], [31.7021, 41.6422], [31.491, 42.9341], [31.2467, 44.3074], [31.2075, 44.5272], [31.16830510219112, 44.74695197015215]], "obs_orientations": [1.5707, 1.5707, 1.5707, 1.5707, 1.5707, 1.5707, 1.5707, 1.5707, 1.5707, 1.5707, 1.5707, 1.5707, 1.5707, 1.5707, 1.5707, 1.5707, 1.5707, 1.5707, 1.5707, 1.5707, 1.5707, 1.5707, 1.7304, 1.726, 1.722, 1.7188, 1.7155, 1.712, 1.7082, 1.7041, 1.6994, 1.6945, 1.6893, 1.6842, 1.6796, 1.6757, 1.6726, 1.6712, 1.6725, 1.6767, 1.6842, 1.6954, 1.7121, 1.7327, 1.7468, 1.7473, 1.7473, 1.7473], "objectives": {"extension_time": 2.2, "danger_difference": 105.94076175337896, "parameter_difference": 70.82614033424562}, "attributes": {"generation_number": 0, "individual_number": 21, "crash": true, "goal_reached": true, "scenario_length": 48}}, "[[4.683100198820744], [30.89003254021193, 68.46654651332837, 671.7303717317875], [1.207795378797929, 168.45232805989525], [0.41181924686676274, 33.19741812282975]]": {"ego_positions": [[30.15, -22.1788], [30.163915615623864, -20.834870763554], [30.23868557391882, -19.46426383488192], [30.384581838118287, -18.100842853032177], [30.605371029116995, -16.745917477635246], [30.921242164284976, -15.397243316860987], [31.305173444757045, -14.052384258465892], [31.706952039444573, -12.709567667930896], [32.0809434664225, -11.370467055456663], [32.397226479005916, -10.044709029622378], [32.652549559773455, -8.728720480738458], [32.850915956390644, -7.408239533453338], [32.94597886053147, -6.0847555583608735], [32.9246499664131, -4.785573646306358], [32.868291351705324, -3.524145500566262], [32.87575528061613, -2.289069826257269], [32.9412391878657, -1.0734224681415387], [33.05724186443209, 0.13617908020602087], [33.16515476310452, 1.329739975646796], [33.222761927994384, 2.5236993922114723], [33.259030425355114, 3.7187975169115877], [33.29559449531004, 4.911133225456352], [33.34979371998954, 6.101217837359618], [33.43856416809039, 7.289911530718225], [33.5727271804794, 8.478698569903248], [33.75644912461631, 9.669850157061651], [33.970257095649174, 10.812762762652355], [34.12578731853578, 11.871370312133195], [34.230042816658575, 13.013164698030206], [34.298293724342216, 14.213203213213], [34.35487121539451, 15.504111964311711], [34.4098343711903, 16.812045096237846], [34.45471429400486, 18.135044889441637], [34.487296121444075, 19.470252799660734], [34.51840280777209, 20.813819544916676], [34.55717512895964, 22.162251657525694], [34.60833610083765, 23.512658437886394], [34.673426764849424, 24.86268026572082], [34.75180636545563, 26.210422487129996], [34.842520434773725, 27.554786282215268], [34.94669092955898, 28.89645281403819], [35.06227940712361, 30.236351122846806], [35.184678137879395, 31.575222227650848], [35.31069390423201, 32.91373396606283], [35.44174781937389, 34.25269560937422], [35.57141173785944, 35.59266661389797], [35.69028916766647, 36.933929631615875], [35.791137768171616, 38.27657585301791], [35.874852652618245, 39.62074889487146], [35.944191782834224, 40.96689825374066]], "ego_orientations": [1.5707, 1.5417530121268812, 1.4900216716420713, 1.4394254304861982, 1.3745248268088373, 1.3112190160376171, 1.2804916111045297, 1.2850555008149422, 1.3150736494774284, 1.3602168018992213, 1.3956642033502322, 1.4538187807336866, 1.5484813950906553, 1.614761125769326, 1.597929471255257, 1.533889381818384, 1.4886900160883654, 1.4603636537474132, 1.5058751790760898, 1.5350803883410098, 1.5428713700545453, 1.5351904156334069, 1.512784432634983, 1.478284126487635, 1.4381314504820677, 1.3978338602730276, 1.3979897965896946, 1.4620299732552868, 1.5005670875439316, 1.5286955784262342, 1.5266689683187125, 1.53197774396666, 1.542406167398312, 1.5485006702094402, 1.5456786329116605, 1.5378558562161135, 1.5278188527304677, 1.5174950848480837, 1.5081559419383694, 1.4983521113002212, 1.4885580565783163, 1.4815276504091257, 1.4784256734997907, 1.4747843924713293, 1.4726260089951877, 1.4772703769243836, 1.4884438445810302, 1.5036377183369853, 1.5120981545191028, 1.5292243135827364],