{"[[22.164359281068084], [2.422578180807792, 97.9194404690921, 71.66491577844735], [2.310630163972307, 111.97883988331567], [1.9124056521197987, 31.70497934126053]]": {"ego_positions": [[31.0605, 49.9375]], "ego_orientations": [4.6577], "obs_positions": [[34.8717, 15.0043]], "obs_orientations": [1.712], "objectives": {"extension_time": -0.5, "danger_difference": 0, "parameter_difference": 11.402573462303932}, "attributes": {"generation_number": 5, "individual_number": 259, "crash": true, "goal_reached": false, "scenario_length": 1}}, "[[22.16442099578687], [2.5, 200.0, 2.5], [2.0805668504353587, 37.942286471814654], [1.6407085892055344, 31.356033245405825]]": {"ego_positions": [[31.0605, 49.9375]], "ego_orientations": [4.6577], "obs_positions": [[34.8717, 15.0043]], "obs_orientations": [1.712], "objectives": {"extension_time": -0.5, "danger_difference": 0, "parameter_difference": 39.02512354645817}, "attributes": {"generation_number": 6, "individual_number": 313, "crash": true, "goal_reached": false, "scenario_length": 1}}, "[[22.164359281068084], [2.422578180807792, 97.9194404690921, 71.66491577844735], [2.310630163972307, 134.80863510356795], [6.438686815369483, 45.365774169248056]]": {"ego_positions": [[31.0605, 49.9375]], "ego_orientations": [4.6577], "obs_positions": [[34.8717, 15.0043]], "obs_orientations": [1.712], "objectives": {"extension_time": -0.5, "danger_difference": 0, "parameter_difference": 11.420082120891907}, "attributes": {"generation_number": 6, "individual_number": 346, "crash": true, "goal_reached": false, "scenario_length": 1}}, "[[22.164359281068084], [2.5, 83.62384389763466, 2.5], [2.3117358503530276, 116.15511740679847], [1.910436834268138, 16.563891175072037]]": {"ego_positions": [[31.0605, 49.9375]], "ego_orientations": [4.6577], "obs_positions": [[34.8717, 15.0043]], "obs_orientations": [1.712], "objectives": {"extension_time": -0.5, "danger_difference": 0, "parameter_difference": 39.01586459240366}, "attributes": {"generation_number": 6, "individual_number": 349, "crash": true, "goal_reached": false, "scenario_length": 1}}, "[[22.164359281068084], [2.4228548463899218, 97.9194404690921, 71.66491577844735], [2.310630163972307, 136.479827956844], [1.8564183253941344, 45.365774169248056]]": {"ego_positions": [[31.0605, 49.9375]], "ego_orientations": [4.6577], "obs_positions": [[34.8717, 15.0043]], "obs_orientations": [1.712], "objectives": {"extension_time": -0.5, "danger_difference": 0, "parameter_difference": 11.419514257530944}, "attributes": {"generation_number": 7, "individual_number": 359, "crash": true, "goal_reached": false, "scenario_length": 1}}, "[[10.647790519556128], [2.3904787766605646, 199.5558811375846, 2.5], [2.321351825965112, 178.5532695077543], [0.9487154663993493, 31.698836056163533]]": {"ego_positions": [[31.0605, 49.9375]], "ego_orientations": [4.6577], "obs_positions": [[34.8717, 15.0043]], "obs_orientations": [1.712], "objectives": {"extension_time": -0.5, "danger_difference": 0, "parameter_difference": 39.02623933310368}, "attributes": {"generation_number": 7, "individual_number": 375, "crash": true, "goal_reached": false, "scenario_length": 1}}, "[[8.94634204077428], [2.495922284030391, 484.6663189474362, 2.5], [4.112749154862211, 177.71543874964732], [1.6513123855567535, 32.44991385651063]]": {"ego_positions": [[31.0605, 49.9375]], "ego_orientations": [4.6577], "obs_positions": [[34.8717, 15.0043]], "obs_orientations": [1.712], "objectives": {"extension_time": -0.5, "danger_difference": 0, "parameter_difference": 39.07856907101725}, "attributes": {"generation_number": 7, "individual_number": 385, "crash": true, "goal_reached": false, "scenario_length": 1}}, "[[8.584783987250052], [2.5, 122.23492438886515, 2.5], [0.5839868361492604, 99.89475864681563], [0.232036156651802, 45.44009641347172]]": {"ego_positions": [[31.0605, 49.9375]], "ego_orientations": [4.6577], "obs_positions": [[34.8717, 15.0043]], "obs_orientations": [1.712], "objectives": {"extension_time": -0.5, "danger_difference": 0, "parameter_difference": 39.023265891871056}, "attributes": {"generation_number": 8, "individual_number": 425, "crash": true, "goal_reached": false, "scenario_length": 1}}, "[[11.633560014134558], [2.499914705262285, 197.83564646686952, 2.5], [0.5803063908332045, 144.64831004743516], [0.011789815306916362, 32.398162915263924]]": {"ego_positions": [[31.0605, 49.9375]], "ego_orientations": [4.6577], "obs_positions": [[34.8717, 15.0043]], "obs_orientations": [1.712], "objectives": {"extension_time": -0.5, "danger_difference": 0, "parameter_difference": 39.024690769914855}, "attributes": {"generation_number": 11, "individual_number": 592, "crash": true, "goal_reached": false, "scenario_length": 1}}, "[[6.615462993361569], [2.101966224320895, 180.3263403529427, 2.5], [0.9767934028052223, 114.54744157281877], [1.3923630056984024, 32.981321531453005]]": {"ego_positions": [[31.0605, 49.9375]], "ego_orientations": [4.6577], "obs_positions": [[34.8717, 15.0043]], "obs_orientations": [1.712], "objectives": {"extension_time": -0.5, "danger_difference": 0, "parameter_difference": 39.02715599256021}, "attributes": {"generation_number": 11, "individual_number": 598, "crash": true, "goal_reached": false, "scenario_length": 1}}, "[[7.709124993720373], [2.499914705262285, 200.0, 2.5], [0.19928191552846775, 111.94318951727976], [0.04679961577532543, 32.398162915263924]]": {"ego_positions": [[31.0605, 49.9375]], "ego_orientations": [4.6577], "obs_positions": [[34.8717, 15.0043]], "obs_orientations": [1.712], "objectives": {"extension_time": -0.5, "danger_difference": 0, "parameter_difference": 39.02434622683415}, "attributes": {"generation_number": 11, "individual_number": 599, "crash": true, "goal_reached": false, "scenario_length": 1}}, "[[10.59271413737152], [2.4254947770867914, 97.61482313661524, 2.5], [43.99052742203362, 184.758091457393], [1.8081411706969481, 32.54313574736958]]": {"ego_positions": [[31.0605, 49.9375]], "ego_orientations": [4.6577], "obs_positions": [[34.8717, 15.0043]], "obs_orientations": [1.712], "objectives": {"extension_time": -0.5, "danger_difference": 0, "parameter_difference": 39.019797513682725}, "attributes": {"generation_number": 14, "individual_number": 709, "crash": true, "goal_reached": false, "scenario_length": 1}}, "[[9.752732349300759], [2.4996409770691805, 83.06312279207275, 71.66491577844735], [2.28226461198923, 130.3891480537394], [0.9521961182688207, 29.787651279207402]]": {"ego_positions": [[31.0605, 49.9375]], "ego_orientations": [4.6577], "obs_positions": [[34.8717, 15.0043]], "obs_orientations": [1.712], "objectives": {"extension_time": -0.5, "danger_difference": 0, "parameter_difference": 11.392615459680927}, "attributes": {"generation_number": 14, "individual_number": 715, "crash": true, "goal_reached": false, "scenario_length": 1}}, "[[11.552512031202214], [2.441257354385646, 83.5400144193759, 71.66491577844735], [2.2040197245537136, 108.81587890333603], [0.9679557254928084, 39.35157532398034]]": {"ego_positions": [[31.0605, 49.9375]], "ego_orientations": [4.6577], "obs_positions": [[34.8717, 15.0043]], "obs_orientations": [1.712], "objectives": {"extension_time": -0.5, "danger_difference": 0, "parameter_difference": 11.404250904703185}, "attributes": {"generation_number": 16, "individual_number": 805, "crash": true, "goal_reached": false, "scenario_length": 1}}, "[[11.55430121151401], [2.0966640323689565, 79.14857359777601, 71.66491577844735], [0.4012497494351064, 112.01386486337631], [0.08803366677670776, 17.016108284786455]]": {"ego_positions": [[31.0605, 49.9375]], "ego_orientations": [4.6577], "obs_positions": [[34.8717, 15.0043]], "obs_orientations": [1.712], "objectives": {"extension_time": -0.5, "danger_difference": 0, "parameter_difference": 11.399082121268028}, "attributes": {"generation_number": 17, "individual_number": 870, "crash": true, "goal_reached": false, "scenario_length": 1}},