{"[[0.5495618631693733], [2.5, 428.33342798957017, 2.5], [1.6727253386707082, 95.28237075158816], [1.0734472639445423, 21.321327820118096]]": {"ego_positions": [[32.3519, 67.8904], [32.23725392169058, 66.39465242166533], [32.12247649150909, 64.89814625297335], [32.007522833309565, 63.40093489340949], [31.896596688389142, 61.905043208086056], [31.80678012926027, 60.410351316832035], [31.750075625334553, 58.91653144685883], [31.73457019785779, 57.42349258670027], [31.770512776176997, 55.931101699576836], [31.85122527221084, 54.4434098887548], [31.969499912353633, 52.964164299711925], [32.071926137114474, 51.48120381865116], [32.11600313448129, 49.99236007676439], [32.08264310133973, 48.49899117492361], [31.983962736049307, 46.99931790054342], [31.83987471638194, 45.482565540847496], [31.666480581290024, 43.950010747421175], [31.478567917736378, 42.41362067096772], [31.3101110544243, 40.87249622694621], [31.175649540206663, 39.32059328097027], [31.069957803683575, 37.7534128932712], [30.981239902641082, 36.1831089837689], [30.91767413099335, 34.610982347514906], [30.886320036845273, 33.03764245491651], [30.880282283255703, 31.464047107271494]], "ego_orientations": [4.6359, -1.6473123533525742, -1.6473799423339424, -1.6474710071111298, -1.639674490352765, -1.6206418646588663, -1.5963532792725008, -1.5639865481136797, -1.530974441334898, -1.5004024779155136, -1.4897232865482906, -1.5181382431933512, -1.5666619027453832, -1.6169529182271045, -1.6523744438170676, -1.675304752222158, -1.6903685001558397, -1.6871703716870412, -1.6680470009261317, -1.6421646053671681, -1.6334331389229702, -1.6195116997676902, -1.6010815610792513, -1.580753486665503, -1.5686313734264683], "obs_positions": [[38.0948, -5.549], [37.8252, -3.8564], [37.5558, -2.1638], [37.2862, -0.4712], [37.0168, 1.2213], [36.7473, 2.9139], [36.4779, 4.6065], [36.2084, 6.2992], [35.8405, 8.5837], [35.5801, 10.2477], [35.3569, 11.7119], [35.1181, 13.3136], [34.8717, 15.0043], [34.625, 16.739], [34.3839, 18.4811], [34.1529, 20.2042], [33.9344, 21.8922], [33.7298, 23.538], [33.5388, 25.1412], [33.3604, 26.7058], [33.1931, 28.2369], [33.0348, 29.7388], [32.8345, 31.6979], [32.6428, 33.5998], [32.456684168552535, 35.42346750173507]], "obs_orientations": [1.7287, 1.7286, 1.7287, 1.7286, 1.7287, 1.7286, 1.7287, 1.7304, 1.726, 1.722, 1.7188, 1.7155, 1.712, 1.7082, 1.7041, 1.6994, 1.6945, 1.6893, 1.6842, 1.6796, 1.6757, 1.6726, 1.6712, 1.6725, 1.6725], "objectives": {"extension_time": 0.7, "danger_difference": -100.0, "parameter_difference": 39.06041249675452}, "attributes": {"generation_number": 1, "individual_number": 59, "crash": true, "goal_reached": true, "scenario_length": 25}}, "[[0.5495618631693733], [2.2844845369632756, 200.0, 2.5], [1.7084486450281893, 94.39923907721202], [1.0331268589315588, 21.321327820118096]]": {"ego_positions": [[32.3519, 67.8904], [32.23725392169058, 66.39465242166533], [32.12247649150909, 64.89814625297335], [32.007522833309565, 63.40093489340949], [31.896596688389142, 61.905043208086056], [31.80678012926027, 60.410351316832035], [31.750075625334553, 58.91653144685883], [31.73457019785779, 57.42349258670027], [31.770512776176997, 55.931101699576836], [31.85122527221084, 54.4434098887548], [31.969499912353633, 52.964164299711925], [32.071926137114474, 51.48120381865116], [32.11600313448129, 49.99236007676439], [32.08264310133973, 48.49899117492361], [31.983962736049307, 46.99931790054342], [31.83987471638194, 45.482565540847496], [31.666480581290024, 43.950010747421175], [31.478567917736378, 42.41362067096772], [31.3101110544243, 40.87249622694621], [31.175649540206663, 39.32059328097027], [31.069957803683575, 37.7534128932712], [30.981239902641082, 36.1831089837689], [30.91767413099335, 34.610982347514906], [30.886320036845273, 33.03764245491651], [30.880282283255703, 31.464047107271494]], "ego_orientations": [4.6359, -1.6473123533525742, -1.6473799423339424, -1.6474710071111298, -1.639674490352765, -1.6206418646588663, -1.5963532792725008, -1.5639865481136797, -1.530974441334898, -1.5004024779155136, -1.4897232865482906, -1.5181382431933512, -1.5666619027453832, -1.6169529182271045, -1.6523744438170676, -1.675304752222158, -1.6903685001558397, -1.6871703716870412, -1.6680470009261317, -1.6421646053671681, -1.6334331389229702, -1.6195116997676902, -1.6010815610792513, -1.580753486665503, -1.5686313734264683], "obs_positions": [[38.0948, -5.549], [37.8252, -3.8564], [37.5558, -2.1638], [37.2862, -0.4712], [37.0168, 1.2213], [36.7473, 2.9139], [36.4779, 4.6065], [36.2084, 6.2992], [35.8405, 8.5837], [35.5801, 10.2477], [35.3569, 11.7119], [35.1181, 13.3136], [34.8717, 15.0043], [34.625, 16.739], [34.3839, 18.4811], [34.1529, 20.2042], [33.9344, 21.8922], [33.7298, 23.538], [33.5388, 25.1412], [33.3604, 26.7058], [33.1931, 28.2369], [33.0348, 29.7388], [32.8345, 31.6979], [32.6428, 33.5998], [32.456684168552535, 35.42346750173507]], "obs_orientations": [1.7287, 1.7286, 1.7287, 1.7286, 1.7287, 1.7286, 1.7287, 1.7304, 1.726, 1.722, 1.7188, 1.7155, 1.712, 1.7082, 1.7041, 1.6994, 1.6945, 1.6893, 1.6842, 1.6796, 1.6757, 1.6726, 1.6712, 1.6725, 1.6725], "objectives": {"extension_time": 0.7, "danger_difference": -100.0, "parameter_difference": 39.0240849881533}, "attributes": {"generation_number": 3, "individual_number": 177, "crash": true, "goal_reached": true, "scenario_length": 25}}, "[[0.5137934229433014], [2.5, 200.0, 2.5], [1.7084486450281893, 94.28420140374055], [1.9012735090749044, 22.865687227291275]]": {"ego_positions": [[32.3519, 67.8904], [32.23725392169058, 66.39465242166533], [32.12247649150909, 64.89814625297335], [32.007522833309565, 63.40093489340949], [31.896596688389142, 61.905043208086056], [31.80678012926027, 60.410351316832035], [31.750075625334553, 58.91653144685883], [31.73457019785779, 57.42349258670027], [31.770512776176997, 55.931101699576836], [31.85122527221084, 54.4434098887548], [31.969499912353633, 52.964164299711925], [32.071926137114474, 51.48120381865116], [32.11600313448129, 49.99236007676439], [32.08264310133973, 48.49899117492361], [31.983962736049307, 46.99931790054342], [31.83987471638194, 45.482565540847496], [31.666480581290024, 43.950010747421175], [31.478567917736378, 42.41362067096772], [31.3101110544243, 40.87249622694621], [31.175649540206663, 39.32059328097027], [31.069957803683575, 37.7534128932712], [30.981239902641082, 36.1831089837689], [30.91767413099335, 34.610982347514906], [30.886320036845273, 33.03764245491651], [30.880282283255703, 31.464047107271494]], "ego_orientations": [4.6359, -1.6473123533525742, -1.6473799423339424, -1.6474710071111298, -1.639674490352765, -1.6206418646588663, -1.5963532792725008, -1.5639865481136797, -1.530974441334898, -1.5004024779155136, -1.4897232865482906, -1.5181382431933512, -1.5666619027453832, -1.6169529182271045, -1.6523744438170676, -1.675304752222158, -1.6903685001558397, -1.6871703716870412, -1.6680470009261317, -1.6421646053671681, -1.6334331389229702, -1.6195116997676902, -1.6010815610792513, -1.580753486665503, -1.5686313734264683], "obs_positions": [[38.0948, -5.549], [37.8252, -3.8564], [37.5558, -2.1638], [37.2862, -0.4712], [37.0168, 1.2213], [36.7473, 2.9139], [36.4779, 4.6065], [36.2084, 6.2992], [35.8405, 8.5837], [35.5801, 10.2477], [35.3569, 11.7119], [35.1181, 13.3136], [34.8717, 15.0043], [34.625, 16.739], [34.3839, 18.4811], [34.1529, 20.2042], [33.9344, 21.8922], [33.7298, 23.538], [33.5388, 25.1412], [33.3604, 26.7058], [33.1931, 28.2369], [33.0348, 29.7388], [32.8345, 31.6979], [32.6428, 33.5998], [32.456684168552535, 35.42346750173507]], "obs_orientations": [1.7287, 1.7286, 1.7287, 1.7286, 1.7287, 1.7286, 1.7287, 1.7304, 1.726, 1.722, 1.7188, 1.7155, 1.712, 1.7082, 1.7041, 1.6994, 1.6945, 1.6893, 1.6842, 1.6796, 1.6757, 1.6726, 1.6712, 1.6725, 1.6725], "objectives": {"extension_time": 0.7, "danger_difference": -100.0, "parameter_difference": 39.022062847969586}, "attributes": {"generation_number": 4, "individual_number": 209, "crash": true, "goal_reached": true,