{"[[4.842899268348521], [0.7307271279887839, 184.47159951017466, 302.20807673383644], [0.24665294256420056, 102.99905155567635], [0.8572398451023202, 33.440698394065]]": {"ego_positions": [[33.2686, 79.8553]], "ego_orientations": [4.6359], "obs_positions": [[40.2506, -19.0899]], "obs_orientations": [1.7286], "objectives": {"extension_time": 1.5, "danger_difference": 0, "parameter_difference": 80.90622105441562}, "attributes": {"generation_number": 0, "individual_number": 12, "crash": true, "goal_reached": false, "scenario_length": 1}}, "[[4.541136423006886], [20.607084301365, 46.16530095302629, 939.3297720884096], [0.4193297250816336, 179.42542582867347], [1.4705958419607894, 36.722578415812315]]": {"ego_positions": [[33.2686, 79.8553]], "ego_orientations": [4.6359], "obs_positions": [[40.2506, -19.0899]], "obs_orientations": [1.7286], "objectives": {"extension_time": 1.5, "danger_difference": 0, "parameter_difference": 335.7906979437834}, "attributes": {"generation_number": 0, "individual_number": 27, "crash": true, "goal_reached": false, "scenario_length": 1}}, "[[49.06672783866157], [2.5, 41.61621701997434, 939.3297720884096], [0.4058786866145859, 179.42542582867347], [2.3010684985163783, 37.093255007152]]": {"ego_positions": [[33.2686, 79.8553]], "ego_orientations": [4.6359], "obs_positions": [[40.2506, -19.0899]], "obs_orientations": [1.7286], "objectives": {"extension_time": 1.5, "danger_difference": 0, "parameter_difference": 335.7353250068913}, "attributes": {"generation_number": 1, "individual_number": 50, "crash": true, "goal_reached": false, "scenario_length": 1}}}