{"[[48.926236768583124], [38.35988344847206, 402.2709285978849, 211.85991195120312], [0.4052129843002361, 6.250153476872788], [1.3632889343833337, 26.796087806907053]]": {"ego_positions": [[33.6123, 84.3422]], "ego_orientations": [4.6359], "obs_positions": [[41.0591, -24.1678]], "obs_orientations": [1.7286], "objectives": {"extension_time": 1.8, "danger_difference": 0, "parameter_difference": 46.734879177728416}, "attributes": {"generation_number": 0, "individual_number": 3, "crash": true, "goal_reached": false, "scenario_length": 1}}, "[[10.210006011366591], [4.024150227117168, 281.7007967011984, 497.1375174138779], [1.670149342752285, 41.28591135446453], [0.7484825149626475, 41.80109052495536]]": {"ego_positions": [[33.6123, 84.3422]], "ego_orientations": [4.6359], "obs_positions": [[41.0591, -24.1678]], "obs_orientations": [1.7286], "objectives": {"extension_time": 1.8, "danger_difference": 0, "parameter_difference": 158.8614561002486}, "attributes": {"generation_number": 0, "individual_number": 26, "crash": true, "goal_reached": false, "scenario_length": 1}}, "[[46.09757390629652], [38.35988344847206, 402.2709285978849, 211.85991195120312], [0.4052129843002361, 6.250153476872788], [1.3632889343833337, 26.796087806907053]]": {"ego_positions": [[33.6123, 84.3422]], "ego_orientations": [4.6359], "obs_positions": [[41.0591, -24.1678]], "obs_orientations": [1.7286], "objectives": {"extension_time": 1.8, "danger_difference": 0, "parameter_difference": 46.73384994068653}, "attributes": {"generation_number": 1, "individual_number": 65, "crash": true, "goal_reached": false, "scenario_length": 1}}, "[[9.762909009492166], [2.5, 200.0, 867.2425981438995], [1.611783475548055, 41.47474882949288], [2.0152484564050877, 47.15280886075291]]": {"ego_positions": [[33.6123, 84.3422]], "ego_orientations": [4.6359], "obs_positions": [[41.0591, -24.1678]], "obs_orientations": [1.7286], "objectives": {"extension_time": 1.8, "danger_difference": 0, "parameter_difference": 306.90076265113726}, "attributes": {"generation_number": 1, "individual_number": 70, "crash": true, "goal_reached": false, "scenario_length": 1}}, "[[48.926236768583124], [38.35988344847206, 402.2709285978849, 2.5], [64.67025280956945, 5.623505237929237], [1.57144387344877, 26.796087806907053]]": {"ego_positions": [[33.6123, 84.3422]], "ego_orientations": [4.6359], "obs_positions": [[41.0591, -24.1678]], "obs_orientations": [1.7286], "objectives": {"extension_time": 1.8, "danger_difference": 0, "parameter_difference": 41.269007386254884}, "attributes": {"generation_number": 1, "individual_number": 89, "crash": true, "goal_reached": false, "scenario_length": 1}}}