{"[[17.755821806661498], [37.29975829429491, 220.65370278074013, 699.1582407017862], [0.8184122237791913, 145.51098097209942], [2.14188589918114, 28.068781138716858]]": {"ego_positions": [[32.9248, 75.3685]], "ego_orientations": [4.6359], "obs_positions": [[39.4422, -14.0121]], "obs_orientations": [1.7286], "objectives": {"extension_time": 1.2, "danger_difference": 0, "parameter_difference": 240.01352034611753}, "attributes": {"generation_number": 0, "individual_number": 14, "crash": true, "goal_reached": false, "scenario_length": 1}}, "[[31.699242312663916], [37.30588566565558, 132.8435900036483, 380.01160369758514], [1.6208938632654823, 85.74420183163562], [0.7176330785903482, 31.481915595481702]]": {"ego_positions": [[32.9248, 75.3685]], "ego_orientations": [4.6359], "obs_positions": [[39.4422, -14.0121]], "obs_orientations": [1.7286], "objectives": {"extension_time": 1.2, "danger_difference": 0, "parameter_difference": 112.75097145590037}, "attributes": {"generation_number": 0, "individual_number": 40, "crash": true, "goal_reached": false, "scenario_length": 1}}, "[[17.755821806661498], [2.5, 220.65370278074013, 2.5], [0.8184122237791913, 145.51098097209942], [5.1269274239641724, 28.068781138716858]]": {"ego_positions": [[32.9248, 75.3685]], "ego_orientations": [4.6359], "obs_positions": [[39.4422, -14.0121]], "obs_orientations": [1.7286], "objectives": {"extension_time": 1.2, "danger_difference": 0, "parameter_difference": 39.026638916706695}, "attributes": {"generation_number": 1, "individual_number": 54, "crash": true, "goal_reached": false, "scenario_length": 1}}, "[[17.755821806661498], [2.5, 200.0, 2.5], [0.8675232155315152, 145.51098097209942], [2.1501287760111145, 6.9159102730891835]]": {"ego_positions": [[32.9248, 75.3685]], "ego_orientations": [4.6359], "obs_positions": [[39.4422, -14.0121]], "obs_orientations": [1.7286], "objectives": {"extension_time": 1.2, "danger_difference": 0, "parameter_difference": 39.02170561730119}, "attributes": {"generation_number": 1, "individual_number": 67, "crash": true, "goal_reached": false, "scenario_length": 1}}, "[[18.20335151619977], [2.5, 220.65370278074013, 2.5], [1.340067324240378, 145.51098097209942], [5.1269274239641724, 28.068781138716858]]": {"ego_positions": [[32.9248, 75.3685]], "ego_orientations": [4.6359], "obs_positions": [[39.4422, -14.0121]], "obs_orientations": [1.7286], "objectives": {"extension_time": 1.2, "danger_difference": 0, "parameter_difference": 39.02669846400895}, "attributes": {"generation_number": 2, "individual_number": 115, "crash": true, "goal_reached": false, "scenario_length": 1}}, "[[31.810136168801172], [37.30588566565558, 195.23942272732768, 2.5], [1.6504924938992098, 85.74420183163562], [1.9265138222264853, 31.481915595481702]]": {"ego_positions": [[32.9248, 75.3685]], "ego_orientations": [4.6359], "obs_positions": [[39.4422, -14.0121]], "obs_orientations": [1.7286], "objectives": {"extension_time": 1.2, "danger_difference": 0, "parameter_difference": 41.09867452331953}, "attributes": {"generation_number": 2, "individual_number": 137, "crash": true, "goal_reached": false, "scenario_length": 1}}, "[[37.56037632252877], [2.5, 200.0, 2.5], [1.606392170533397, 145.27075592774], [0.7137884031619586, 31.456848542836536]]": {"ego_positions": [[32.9248, 75.3685]], "ego_orientations": [4.6359], "obs_positions": [[39.4422, -14.0121]], "obs_orientations": [1.7286], "objectives": {"extension_time": 1.2, "danger_difference": 0, "parameter_difference": 39.02985288346946}, "attributes": {"generation_number": 3, "individual_number": 172, "crash": true, "goal_reached": false, "scenario_length": 1}}}