{"[[25.863488211015135], [7.98642077584465, 193.1693163814754, 547.5389715539308], [0.5609473895416961, 117.0713469486082], [1.834988615300839, 20.442364997878332]]": {"ego_positions": [[33.154, 78.3597]], "ego_orientations": [4.6359], "obs_positions": [[39.9812, -17.3973]], "obs_orientations": [1.7286], "objectives": {"extension_time": 1.4, "danger_difference": 0, "parameter_difference": 179.0218662520687}, "attributes": {"generation_number": 0, "individual_number": 5, "crash": true, "goal_reached": false, "scenario_length": 1}}, "[[9.573458970456667], [37.55025338363161, 152.34038977097563, 807.1883989129439], [0.7879723368617466, 134.90435660927602], [1.2269697741771997, 21.43651871861873]]": {"ego_positions": [[33.154, 78.3597]], "ego_orientations": [4.6359], "obs_positions": [[39.9812, -17.3973]], "obs_orientations": [1.7286], "objectives": {"extension_time": 1.4, "danger_difference": 0, "parameter_difference": 283.1756055024143}, "attributes": {"generation_number": 0, "individual_number": 19, "crash": true, "goal_reached": false, "scenario_length": 1}}, "[[9.205702794297842], [3.966364796116645, 262.7465823933547, 324.57479146049286], [2.4256982512746856, 142.1409546305178], [2.1466268605175207, 8.694588362665312]]": {"ego_positions": [[33.154, 78.3597]], "ego_orientations": [4.6359], "obs_positions": [[39.9812, -17.3973]], "obs_orientations": [1.7286], "objectives": {"extension_time": 1.4, "danger_difference": 0, "parameter_difference": 89.83757586856}, "attributes": {"generation_number": 0, "individual_number": 43, "crash": true, "goal_reached": false, "scenario_length": 1}}, "[[9.898123242019514], [37.55025338363161, 152.34038977097563, 807.1883989129439], [0.787399122103668, 140.28979275726772], [0.8389844368237972, 21.43651871861873]]": {"ego_positions": [[33.154, 78.3597]], "ego_orientations": [4.6359], "obs_positions": [[39.9812, -17.3973]], "obs_orientations": [1.7286], "objectives": {"extension_time": 1.4, "danger_difference": 0, "parameter_difference": 283.17561619100877}, "attributes": {"generation_number": 1, "individual_number": 83, "crash": true, "goal_reached": false, "scenario_length": 1}}, "[[25.863488211015135], [2.5, 200.0, 547.5389715539308], [0.5609473895416961, 71.17523107005165], [0.12287549174670598, 20.6489864474882]]": {"ego_positions": [[33.154, 78.3597]], "ego_orientations": [4.6359], "obs_positions": [[39.9812, -17.3973]], "obs_orientations": [1.7286], "objectives": {"extension_time": 1.4, "danger_difference": 0, "parameter_difference": 179.0207418766689}, "attributes": {"generation_number": 1, "individual_number": 96, "crash": true, "goal_reached": false, "scenario_length": 1}}, "[[17.755821806661498], [2.5, 197.98653536648038, 2.5], [0.8675232155315152, 153.83308595859506], [2.1501287760111145, 8.172802306844435]]": {"ego_positions": [[33.154, 78.3597]], "ego_orientations": [4.6359], "obs_positions": [[39.9812, -17.3973]], "obs_orientations": [1.7286], "objectives": {"extension_time": 1.4, "danger_difference": 0, "parameter_difference": 39.02165682270156}, "attributes": {"generation_number": 2, "individual_number": 104, "crash": true, "goal_reached": false, "scenario_length": 1}}, "[[9.942531378036236], [3.966364796116645, 262.7465823933547, 2.5], [2.3416786787219674, 100.06321114138889], [2.1466268605175207, 8.906522264360762]]": {"ego_positions": [[33.154, 78.3597]], "ego_orientations": [4.6359], "obs_positions": [[39.9812, -17.3973]], "obs_orientations": [1.7286], "objectives": {"extension_time": 1.4, "danger_difference": 0, "parameter_difference": 39.01724530925032}, "attributes": {"generation_number": 2, "individual_number": 144, "crash": true, "goal_reached": false, "scenario_length": 1}}}