{"[[42.7028752780069], [19.56398834783059, 41.84929987598346, 60.39776841493805], [2.0712581021552463, 74.26649555657295], [0.06141924555077144, 32.35705096397632]]": {"ego_positions": [[34.7581, 99.2983]], "ego_orientations": [4.6359], "obs_positions": [[43.754, -41.0939]], "obs_orientations": [1.7286], "objectives": {"extension_time": 2.8, "danger_difference": 0, "parameter_difference": 16.904226226441832}, "attributes": {"generation_number": 0, "individual_number": 25, "crash": true, "goal_reached": false, "scenario_length": 1}}, "[[42.7028752780069], [19.56398834783059, 30.277522439255, 60.39776841493805], [2.0712581021552463, 42.15211826711389], [0.06141924555077144, 32.35705096397632]]": {"ego_positions": [[34.7581, 99.2983]], "ego_orientations": [4.6359], "obs_positions": [[43.754, -41.0939]], "obs_orientations": [1.7286], "objectives": {"extension_time": 2.8, "danger_difference": 0, "parameter_difference": 16.904174375731998}, "attributes": {"generation_number": 1, "individual_number": 62, "crash": true, "goal_reached": false, "scenario_length": 1}}, "[[37.99317660499942], [2.5, 200.0, 2.5], [2.0712581021552463, 79.1898983964764], [0.0368014303188397, 31.742815546148954]]": {"ego_positions": [[34.7581, 99.2983]], "ego_orientations": [4.6359], "obs_positions": [[43.754, -41.0939]], "obs_orientations": [1.7286], "objectives": {"extension_time": 2.8, "danger_difference": 0, "parameter_difference": 39.02945075746072}, "attributes": {"generation_number": 1, "individual_number": 78, "crash": true, "goal_reached": false, "scenario_length": 1}}, "[[42.7028752780069], [19.56398834783059, 41.84929987598346, 60.39776841493805], [0.8814919159261221, 74.26649555657295], [0.06141924555077144, 32.35705096397632]]": {"ego_positions": [[34.7581, 99.2983]], "ego_orientations": [4.6359], "obs_positions": [[43.754, -41.0939]], "obs_orientations": [1.7286], "objectives": {"extension_time": 2.8, "danger_difference": 0, "parameter_difference": 16.90422614012617}, "attributes": {"generation_number": 2, "individual_number": 106, "crash": true, "goal_reached": false, "scenario_length": 1}}, "[[23.199637067056365], [2.5, 200.0, 2.5], [2.0323398908890424, 78.77180807156307], [0.03204334559770784, 30.783803147212367]]": {"ego_positions": [[34.7581, 99.2983]], "ego_orientations": [4.6359], "obs_positions": [[43.754, -41.0939]], "obs_orientations": [1.7286], "objectives": {"extension_time": 2.8, "danger_difference": 0, "parameter_difference": 39.02530911085927}, "attributes": {"generation_number": 2, "individual_number": 113, "crash": true, "goal_reached": false, "scenario_length": 1}}, "[[42.51023955016315], [2.5, 30.277522439255, 2.5], [2.0712581021552463, 42.15211826711389], [0.6141810000302221, 32.35705096397632]]": {"ego_positions": [[34.7581, 99.2983]], "ego_orientations": [4.6359], "obs_positions": [[43.754, -41.0939]], "obs_orientations": [1.7286], "objectives": {"extension_time": 2.8, "danger_difference": 0, "parameter_difference": 39.02401714534176}, "attributes": {"generation_number": 2, "individual_number": 124, "crash": true, "goal_reached": false, "scenario_length": 1}}, "[[35.45187567840415], [2.5, 145.45718874969282, 2.5], [1.7627121577957148, 229.61380715606418], [0.02993955378039942, 29.910115679983836]]": {"ego_positions": [[34.7581, 99.2983]], "ego_orientations": [4.6359], "obs_positions": [[43.754, -41.0939]], "obs_orientations": [1.7286], "objectives": {"extension_time": 2.8, "danger_difference": 0, "parameter_difference": 39.02592353246556}, "attributes": {"generation_number": 2, "individual_number": 125, "crash": true, "goal_reached": false, "scenario_length": 1}}, "[[42.7028752780069], [19.56398834783059, 30.277522439255, 2.5], [0.97913937756936, 42.068648869305676], [0.06141924555077144, 45.66619013007979]]": {"ego_positions": [[34.7581, 99.2983]], "ego_orientations": [4.6359], "obs_positions": [[43.754, -41.0939]], "obs_orientations": [1.7286], "objectives": {"extension_time": 2.8, "danger_difference": 0, "parameter_difference": 39.448439090104614}, "attributes": {"generation_number": 2, "individual_number": 148, "crash": true, "goal_reached": false, "scenario_length": 1}}, "[[42.7028752780069], [2.5, 200.0, 60.39776841493805], [2.0712581021552463, 37.421312667174504], [1.006586857287411, 32.04278067885308]]": {"ego_positions": [[34.7581, 99.2983]], "ego_orientations": [4.6359], "obs_positions": [[43.754, -41.0939]], "obs_orientations": [1.7286], "objectives": {"extension_time": 2.8, "danger_difference": 0, "parameter_difference": 15.917253320033586}, "attributes": {"generation_number": 3, "individual_number": 160, "crash": true, "goal_reached": false, "scenario_length": 1}}, "[[8.632234122262432], [19.56398834783059, 200.0, 1.5602665524584083], [2.062342197290406, 74.26649555657295], [0.030237703332820776, 32.35705096397632]]": {"ego_positions": [[34.7581, 99.2983]], "ego_orientations": [4.6359], "obs_positions": [[43.754, -41.0939]], "obs_orientations": [1.7286], "objectives": {"extension_time": 2.8, "danger_difference": 0, "parameter_difference": 39.815543233877925}, "attributes": {"generation_number": 3, "individual_number": 170, "crash": true, "goal_reached": false, "scenario_length": 1}}, "[[42.7028752780069], [2.5, 3.429921390006484, 60.39776841493805], [2.2825569944885964, 17.422932052774044], [1.795416539889132, 22.582614924714235]]": {"ego_positions": [[34.7581, 99.2983]], "ego_orientations": [4.6359], "obs_positions": [[43.754, -41.0939]], "obs_orientations": [1.7286], "objectives": {"extension_time": 2.8, "danger_difference": 0, "parameter_difference": 15.895953788001819}, "attributes": {"generation_number": 3, "individual_number": 174, "crash": true, "goal_reached": false, "scenario_length": 1}}, "[[42.7028752780069], [2.5, 30.277522439255, 2.5], [2.0712581021552463, 42.15211826711389], [0.02078635252219102, 32.35705096397632]]": {"ego_positions": [[34.7581, 99.2983]], "ego_orientations": [4.6359], "obs_positions": [[43.754, -41.0939]], "obs_orientations": [1.7286], "objectives": {"extension_time": 2.8, "danger_difference": 0, "parameter_difference": 39.02409099027949}, "attributes": {"generation_number": 3, "individual_number": 183, "crash": true, "goal_reached": false, "scenario_length": 1}}, "[[40.64834687584974], [2.5, 200.0, 22.23179473037007], [0.7292095551183972, 143.33442450417974], [0.06078474530769462, 15.790459138645554]]": {"ego_positions": [[34.7581, 99.2983]], "ego_orientations": [4.6359], "obs_positions": [[43.754, -41.0939]], "obs_orientations": [1.7286], "objectives": {"extension_time": 2.8, "danger_difference": 0, "parameter_difference": 31.142274413833793}, "attributes": {"generation_number": 4, "individual_number": 235, "crash": true, "goal_reached": false, "scenario_length": 1}}, "[[42.7028752780069], [19.56398834783059, 4.520702629671348, 2.5], [2.0712581021552463, 0.03873162099000638], [1.795416539889132, 32.35705096397632]]": {"ego_positions": [[34.7581, 99.2983]], "ego_orientations": [4.6359], "obs_positions": [[43.754, -41.0939]], "obs_orientations": [1.7286], "objectives": {"extension_time": 2.8, "danger_difference": 0, "parameter_difference": 39.44438855762701}, "attributes": {"generation_number": 4, "individual_number": 239, "crash": true, "goal_reached": false, "scenario_length": 1}}, "[[42.19380664267992], [2.5, 3.429921390006484, 60.39776841493805], [2.2825569944885964, 17.422932052774044], [1.795416539889132, 22.582614924714235]]": {"ego_positions": [[34.7581, 99.2983]], "ego_orientations": [4.6359], "obs_positions": [[43.754, -41.0939]], "obs_orientations": [1.7286], "objectives": {"extension_time": 2.8, "danger_difference": 0, "parameter_difference": 15.895474066841386}, "attributes": {"generation_number": 5, "individual_number": 298, "crash": true, "goal_reached": false, "scenario_length": 1}}}