{"[[27.730494968463205], [15.178663895500454, 0.4410672282529893, 334.52818365419125], [0.17392474104574063, 16.455386047432373], [1.4178595081083212, 30.179577427770816]]": {"ego_positions": [[34.0706, 90.3246]], "ego_orientations": [4.6359], "obs_positions": [[42.1371, -30.9382]], "obs_orientations": [1.7286], "objectives": {"extension_time": 2.2, "danger_difference": 0, "parameter_difference": 93.90236489523654}, "attributes": {"generation_number": 0, "individual_number": 32, "crash": true, "goal_reached": false, "scenario_length": 1}}, "[[5.631703617548917], [31.130053446835625, 406.49545795992293, 206.1466106702986], [1.3203771803019362, 27.655051694309087], [1.3498617359165335, 14.815583046672343]]": {"ego_positions": [[34.0706, 90.3246]], "ego_orientations": [4.6359], "obs_positions": [[42.1371, -30.9382]], "obs_orientations": [1.7286], "objectives": {"extension_time": 2.2, "danger_difference": 0, "parameter_difference": 43.76297369453077}, "attributes": {"generation_number": 0, "individual_number": 41, "crash": true, "goal_reached": false, "scenario_length": 1}}, "[[5.631703617548917], [31.130053446835625, 200.0, 2.5], [0.9113296873020824, 27.655051694309087], [1.3498617359165335, 14.860827114715871]]": {"ego_positions": [[34.0706, 90.3246]], "ego_orientations": [4.6359], "obs_positions": [[42.1371, -30.9382]], "obs_orientations": [1.7286], "objectives": {"extension_time": 2.2, "danger_difference": 0, "parameter_difference": 40.38374702279142}, "attributes": {"generation_number": 1, "individual_number": 76, "crash": true, "goal_reached": false, "scenario_length": 1}}}