{"[[2.375653289683272], [3.5886883335802313, 276.9872874331092, 700.885225045903], [1.8759152648487285, 9.70711294486193], [0.9843656483282328, 2.4104648208882082]]": {"ego_positions": [[34.6435, 97.8027]], "ego_orientations": [4.6359], "obs_positions": [[43.4845, -39.4013]], "obs_orientations": [1.7286], "objectives": {"extension_time": 2.7, "danger_difference": 0, "parameter_difference": 240.35744514505924}, "attributes": {"generation_number": 0, "individual_number": 37, "crash": true, "goal_reached": false, "scenario_length": 1}}, "[[9.72005045169254], [3.5886883335802313, 276.9872874331092, 2.5], [1.8759152648487285, 9.70711294486193], [0.9864169288079713, 3.967126806186041]]": {"ego_positions": [[34.6435, 97.8027]], "ego_orientations": [4.6359], "obs_positions": [[43.4845, -39.4013]], "obs_orientations": [1.7286], "objectives": {"extension_time": 2.7, "danger_difference": 0, "parameter_difference": 39.02072206454596}, "attributes": {"generation_number": 1, "individual_number": 90, "crash": true, "goal_reached": false, "scenario_length": 1}}, "[[9.760322406173145], [2.7068002635087463, 322.07586420347525, 246.21062767399883], [2.3575405184357003, 9.757272940292772], [1.6760866524616946, 5.330113964858793]]": {"ego_positions": [[34.6435, 97.8027]], "ego_orientations": [4.6359], "obs_positions": [[43.4845, -39.4013]], "obs_orientations": [1.7286], "objectives": {"extension_time": 2.7, "danger_difference": 0, "parameter_difference": 58.50734999054996}, "attributes": {"generation_number": 2, "individual_number": 120, "crash": true, "goal_reached": false, "scenario_length": 1}}, "[[42.7028752780069], [19.56398834783059, 3.429921390006484, 60.39776841493805], [2.0712581021552463, 37.421312667174504], [1.795416539889132, 32.35705096397632]]": {"ego_positions": [[34.6435, 97.8027]], "ego_orientations": [4.6359], "obs_positions": [[43.4845, -39.4013]], "obs_orientations": [1.7286], "objectives": {"extension_time": 2.7, "danger_difference": 0, "parameter_difference": 16.905496102471144}, "attributes": {"generation_number": 2, "individual_number": 132, "crash": true, "goal_reached": false, "scenario_length": 1}}, "[[40.43588595535192], [2.1395342707449982, 265.7149682373634, 22.23179473037007], [0.7551928676058001, 115.43660077545597], [3.0223964987944383, 16.54378410756748]]": {"ego_positions": [[34.6435, 97.8027]], "ego_orientations": [4.6359], "obs_positions": [[43.4845, -39.4013]], "obs_orientations": [1.7286], "objectives": {"extension_time": 2.7, "danger_difference": 0, "parameter_difference": 31.15654951673662}, "attributes": {"generation_number": 4, "individual_number": 214, "crash": true, "goal_reached": false, "scenario_length": 1}}}