{"[[37.419590986711505], [46.58123916092555, 475.25099824717074, 695.409088185555], [0.9507368435841548, 185.4413428563354], [0.5868423697342734, 36.48833577025843]]": {"ego_positions": [[34.1852, 91.8203]], "ego_orientations": [4.6359], "obs_positions": [[42.4066, -32.6308]], "obs_orientations": [1.7286], "objectives": {"extension_time": 2.3, "danger_difference": 0, "parameter_difference": 238.75511426279704}, "attributes": {"generation_number": 0, "individual_number": 35, "crash": true, "goal_reached": false, "scenario_length": 1}}, "[[5.176796962779961], [2.5, 200.0, 246.21062767399883], [2.2718626622210754, 91.72074333429619], [1.6760866524616946, 5.283508088033001]]": {"ego_positions": [[34.1852, 91.8203]], "ego_orientations": [4.6359], "obs_positions": [[42.4066, -32.6308]], "obs_orientations": [1.7286], "objectives": {"extension_time": 2.3, "danger_difference": 0, "parameter_difference": 58.497791076782015}, "attributes": {"generation_number": 1, "individual_number": 98, "crash": true, "goal_reached": false, "scenario_length": 1}}}