{"[[25.77893917357519], [47.687868278569766, 169.23519823846596, 892.5808201762623], [0.46669658155440635, 41.11506294936906], [0.1778668086568072, 32.37008015712995]]": {"ego_positions": [[33.9561, 88.829]], "ego_orientations": [4.6359], "obs_positions": [[41.8676, -29.2456]], "obs_orientations": [1.7286], "objectives": {"extension_time": 2.1, "danger_difference": 0, "parameter_difference": 317.4931294738137}, "attributes": {"generation_number": 0, "individual_number": 18, "crash": true, "goal_reached": false, "scenario_length": 1}}, "[[37.419590986711505], [2.5, 173.43070485627246, 2.5], [0.9507368435841548, 185.4413428563354], [1.3171093453320035, 36.48833577025843]]": {"ego_positions": [[33.9561, 88.829]], "ego_orientations": [4.6359], "obs_positions": [[41.8676, -29.2456]], "obs_orientations": [1.7286], "objectives": {"extension_time": 2.1, "danger_difference": 0, "parameter_difference": 39.02957642444947}, "attributes": {"generation_number": 1, "individual_number": 56, "crash": true, "goal_reached": false, "scenario_length": 1}}}