{"[[19.17061221152048], [12.75880464419275, 179.15828457090927, 269.38586768394936], [2.136384992798429, 94.0604386822701], [2.0816316325021087, 44.341985718523766]]": {"ego_positions": [[34.8727, 100.794]], "ego_orientations": [4.6359], "obs_positions": [[44.0235, -42.7865]], "obs_orientations": [1.7286], "objectives": {"extension_time": 2.9, "danger_difference": 0, "parameter_difference": 67.8337907417007}, "attributes": {"generation_number": 0, "individual_number": 2, "crash": true, "goal_reached": false, "scenario_length": 1}}, "[[35.259239950571], [46.40249437588108, 156.88784887083867, 4.008015850101909], [1.7627121577957148, 194.25218139736128], [1.3111426424336259, 29.910115679983836]]": {"ego_positions": [[34.8727, 100.794]], "ego_orientations": [4.6359], "obs_positions": [[44.0235, -42.7865]], "obs_orientations": [1.7286], "objectives": {"extension_time": 2.9, "danger_difference": 0, "parameter_difference": 41.82824879592102}, "attributes": {"generation_number": 0, "individual_number": 44, "crash": true, "goal_reached": false, "scenario_length": 1}}, "[[22.8190852051595], [47.96945676218563, 342.07394073380095, 29.49582271820239], [1.3930604160476694, 14.389269697729334], [1.962670125955761, 7.487906116013016]]": {"ego_positions": [[34.8727, 100.794]], "ego_orientations": [4.6359], "obs_positions": [[44.0235, -42.7865]], "obs_orientations": [1.7286], "objectives": {"extension_time": 2.9, "danger_difference": 0, "parameter_difference": 33.06081639288083}, "attributes": {"generation_number": 0, "individual_number": 46, "crash": true, "goal_reached": false, "scenario_length": 1}}, "[[35.259239950571], [2.5, 145.45718874969282, 2.5], [1.7627121577957148, 194.25218139736128], [0.5808756668619977, 29.910115679983836]]": {"ego_positions": [[34.8727, 100.794]], "ego_orientations": [4.6359], "obs_positions": [[44.0235, -42.7865]], "obs_orientations": [1.7286], "objectives": {"extension_time": 2.9, "danger_difference": 0, "parameter_difference": 39.02516825625481}, "attributes": {"generation_number": 1, "individual_number": 57, "crash": true, "goal_reached": false, "scenario_length": 1}}, "[[35.259239950571], [2.5, 156.88784887083867, 4.008015850101909], [0.19365018057358685, 194.25218139736128], [2.4072978111304844, 29.910115679983836]]": {"ego_positions": [[34.8727, 100.794]], "ego_orientations": [4.6359], "obs_positions": [[44.0235, -42.7865]], "obs_orientations": [1.7286], "objectives": {"extension_time": 2.9, "danger_difference": 0, "parameter_difference": 38.42313313259634}, "attributes": {"generation_number": 1, "individual_number": 68, "crash": true, "goal_reached": false, "scenario_length": 1}}, "[[8.17702593849458], [2.5, 156.88784887083867, 2.22597471286532], [0.7188146702260974, 193.54341119010928], [1.3111426424336259, 29.910115679983836]]": {"ego_positions": [[34.8727, 100.794]], "ego_orientations": [4.6359], "obs_positions": [[44.0235, -42.7865]], "obs_orientations": [1.7286], "objectives": {"extension_time": 2.9, "danger_difference": 0, "parameter_difference": 39.13081128057695}, "attributes": {"generation_number": 1, "individual_number": 93, "crash": true, "goal_reached": false, "scenario_length": 1}}, "[[22.8190852051595], [2.5, 200.0, 29.49582271820239], [1.3930604160476694, 14.389269697729334], [1.843563618458825, 7.487906116013016]]": {"ego_positions": [[34.8727, 100.794]], "ego_orientations": [4.6359], "obs_positions": [[44.0235, -42.7865]], "obs_orientations": [1.7286], "objectives": {"extension_time": 2.9, "danger_difference": 0, "parameter_difference": 28.231673153832514}, "attributes": {"generation_number": 2, "individual_number": 101, "crash": true, "goal_reached": false, "scenario_length": 1}}, "[[35.259239950571], [2.5, 145.45718874969282, 2.5], [1.7627121577957148, 185.8072153413673], [0.5808756668619977, 29.910115679983836]]": {"ego_positions": [[34.8727, 100.794]], "ego_orientations": [4.6359], "obs_positions": [[44.0235, -42.7865]], "obs_orientations": [1.7286], "objectives": {"extension_time": 2.9, "danger_difference": 0, "parameter_difference": 39.02502107967077}, "attributes": {"generation_number": 2, "individual_number": 103, "crash": true, "goal_reached": false, "scenario_length": 1}}, "[[34.67138318830405], [2.5, 30.440818009298567, 2.5], [0.08656240412093977, 194.25218139736128], [2.4096379562317267, 29.53464963277685]]": {"ego_positions": [[34.8727, 100.794]], "ego_orientations": [4.6359], "obs_positions": [[44.0235, -42.7865]], "obs_orientations": [1.7286], "objectives": {"extension_time": 2.9, "danger_difference": 0, "parameter_difference": 39.022119637164856}, "attributes": {"generation_number": 2, "individual_number": 116, "crash": true, "goal_reached": false, "scenario_length": 1}}, "[[38.69814222436329], [2.5, 139.55898741898025, 2.5], [1.7627121577957148, 194.25218139736128], [0.34091095536434857, 30.253639319247]]": {"ego_positions": [[34.8727, 100.794]], "ego_orientations": [4.6359], "obs_positions": [[44.0235, -42.7865]], "obs_orientations": [1.7286], "objectives": {"extension_time": 2.9, "danger_difference": 0, "parameter_difference": 39.02603369067999}, "attributes": {"generation_number": 2, "individual_number": 129, "crash": true, "goal_reached": false, "scenario_length": 1}}, "[[22.8190852051595], [47.96945676218563, 342.07394073380095, 29.49582271820239], [1.3930604160476694, 20.812328996286855], [1.962670125955761, 7.487906116013016]]": {"ego_positions": [[34.8727, 100.794]], "ego_orientations": [4.6359], "obs_positions": [[44.0235, -42.7865]], "obs_orientations": [1.7286], "objectives": {"extension_time": 2.9, "danger_difference": 0, "parameter_difference": 33.060814528412834}, "attributes": {"generation_number": 2, "individual_number": 134, "crash": true, "goal_reached": false, "scenario_length": 1}}, "[[46.23823044321541], [19.56398834783059, 3.429921390006484, 2.5], [2.0667135351545727, 37.421312667174504], [1.7950827825580062, 22.626772379034314]]": {"ego_positions": [[34.8727, 100.794]], "ego_orientations": [4.6359], "obs_positions": [[44.0235, -42.7865]], "obs_orientations": [1.7286], "objectives": {"extension_time": 2.9, "danger_difference": 0, "parameter_difference": 39.44361127589624}, "attributes": {"generation_number": 3, "individual_number": 159, "crash": true, "goal_reached": false, "scenario_length": 1}}}