{"[[11.881699147599367], [19.889603736841128, 395.5244754012846, 943.8063346703074], [1.4052362405281649, 51.611387988174464], [2.1842939998697157, 42.944418196453135]]": {"ego_positions": [[35.4456, 108.272]], "ego_orientations": [4.6359], "obs_positions": [[45.3709, -51.2495]], "obs_orientations": [1.7286], "objectives": {"extension_time": 3.4, "danger_difference": 0, "parameter_difference": 337.5803873827086}, "attributes": {"generation_number": 0, "individual_number": 4, "crash": true, "goal_reached": false, "scenario_length": 1}}, "[[9.762909009492166], [2.5, 280.51425142607326, 2.5], [0.3891749749705349, 2.8650653887626554], [1.967763456927628, 47.15280886075291]]": {"ego_positions": [[35.4456, 108.272]], "ego_orientations": [4.6359], "obs_positions": [[45.3709, -51.2495]], "obs_orientations": [1.7286], "objectives": {"extension_time": 3.4, "danger_difference": 0, "parameter_difference": 39.039090576874614}, "attributes": {"generation_number": 1, "individual_number": 58, "crash": true, "goal_reached": false, "scenario_length": 1}}, "[[42.78153426993539], [32.06140226046695, 176.44604343450789, 2.5], [1.170990477252682, 147.32587974558257], [1.0042110405412195, 0.04906627929728846]]": {"ego_positions": [[35.4456, 108.272]], "ego_orientations": [4.6359], "obs_positions": [[45.3709, -51.2495]], "obs_orientations": [1.7286], "objectives": {"extension_time": 3.4, "danger_difference": 0, "parameter_difference": 40.48724110318097}, "attributes": {"generation_number": 1, "individual_number": 64, "crash": true, "goal_reached": false, "scenario_length": 1}}, "[[41.95970275300445], [2.5, 194.0701468386098, 840.7608356811301], [2.032201649743419, 117.51406503059134], [1.2806942247212039, 45.81735513163504]]": {"ego_positions": [[35.4456, 108.272]], "ego_orientations": [4.6359], "obs_positions": [[45.3709, -51.2495]], "obs_orientations": [1.7286], "objectives": {"extension_time": 3.4, "danger_difference": 0, "parameter_difference": 296.3090088207651}, "attributes": {"generation_number": 2, "individual_number": 127, "crash": true, "goal_reached": false, "scenario_length": 1}}}