{"[[9.762909009492166], [47.408569493601, 280.51425142607326, 867.2425981438995], [1.6123989822883897, 2.8650653887626554], [2.004736652961185, 47.15280886075291]]": {"ego_positions": [[35.331, 106.7764]], "ego_orientations": [4.6359], "obs_positions": [[45.1014, -49.5569]], "obs_orientations": [1.7286], "objectives": {"extension_time": 3.3, "danger_difference": 0, "parameter_difference": 307.3688358210004}, "attributes": {"generation_number": 0, "individual_number": 16, "crash": true, "goal_reached": false, "scenario_length": 1}}, "[[10.210006011366591], [2.5, 200.0, 497.1375174138779], [1.6707648494926197, 2.7117981420660655], [1.189242071885559, 41.80109052495536]]": {"ego_positions": [[35.331, 106.7764]], "ego_orientations": [4.6359], "obs_positions": [[45.1014, -49.5569]], "obs_orientations": [1.7286], "objectives": {"extension_time": 3.3, "danger_difference": 0, "parameter_difference": 158.8616689897611}, "attributes": {"generation_number": 1, "individual_number": 71, "crash": true, "goal_reached": false, "scenario_length": 1}}, "[[9.762909009492166], [47.408569493601, 139.23984008772732, 867.2425981438995], [1.522933463276949, 2.8650653887626554], [3.377131001423593, 47.12219337641115]]": {"ego_positions": [[35.331, 106.7764]], "ego_orientations": [4.6359], "obs_positions": [[45.1014, -49.5569]], "obs_orientations": [1.7286], "objectives": {"extension_time": 3.3, "danger_difference": 0, "parameter_difference": 307.36700140847273}, "attributes": {"generation_number": 1, "individual_number": 73, "crash": true, "goal_reached": false, "scenario_length": 1}}, "[[9.762909009492166], [2.5, 280.51425142607326, 2.5], [2.285743127607174, 2.8650653887626554], [2.004736652961185, 48.54855583250723]]": {"ego_positions": [[35.331, 106.7764]], "ego_orientations": [4.6359], "obs_positions": [[45.1014, -49.5569]], "obs_orientations": [1.7286], "objectives": {"extension_time": 3.3, "danger_difference": 0, "parameter_difference": 39.03970409106824}, "attributes": {"generation_number": 1, "individual_number": 75, "crash": true, "goal_reached": false, "scenario_length": 1}}, "[[2.4185144165276187], [47.408569493601, 280.51425142607326, 2.5], [1.6123989822883897, 2.8650653887626554], [2.002685372483353, 45.61482393398129]]": {"ego_positions": [[35.331, 106.7764]], "ego_orientations": [4.6359], "obs_positions": [[45.1014, -49.5569]], "obs_orientations": [1.7286], "objectives": {"extension_time": 3.3, "danger_difference": 0, "parameter_difference": 42.552922336551845}, "attributes": {"generation_number": 1, "individual_number": 91, "crash": true, "goal_reached": false, "scenario_length": 1}}}