{"[[23.741159556095447], [46.778899713875575, 289.71959783442355, 954.6446085728473], [2.2393853482235677, 136.9740422022669], [1.5997542963348348, 43.091274281251614]]": {"ego_positions": [[35.2164, 105.2808]], "ego_orientations": [4.6359], "obs_positions": [[44.8319, -47.8643]], "obs_orientations": [1.7286], "objectives": {"extension_time": 3.2, "danger_difference": 0, "parameter_difference": 342.2693008726656}, "attributes": {"generation_number": 0, "individual_number": 0, "crash": true, "goal_reached": false, "scenario_length": 1}}, "[[41.75555362499631], [12.045483654251509, 83.48735627495496, 71.66491577844735], [2.310630163972307, 112.17167367570111], [1.2725595935304694, 31.764571335920433]]": {"ego_positions": [[35.2164, 105.2808]], "ego_orientations": [4.6359], "obs_positions": [[44.8319, -47.8643]], "obs_orientations": [1.7286], "objectives": {"extension_time": 3.2, "danger_difference": 0, "parameter_difference": 11.717162595343414}, "attributes": {"generation_number": 0, "individual_number": 11, "crash": true, "goal_reached": false, "scenario_length": 1}}, "[[2.9995705305103426], [25.320131499672822, 479.76012412700953, 603.9711488897932], [1.1041420240030653, 177.2666160615351], [1.2902977544011893, 0.55994444936317]]": {"ego_positions": [[35.2164, 105.2808]], "ego_orientations": [4.6359], "obs_positions": [[44.8319, -47.8643]], "obs_orientations": [1.7286], "objectives": {"extension_time": 3.2, "danger_difference": 0, "parameter_difference": 201.7639672002837}, "attributes": {"generation_number": 0, "individual_number": 15, "crash": true, "goal_reached": false, "scenario_length": 1}}, "[[23.741159556095447], [46.778899713875575, 289.71959783442355, 2.5], [1.0454316204147962, 172.95395896427357], [1.5809518951092818, 43.62502452521322]]": {"ego_positions": [[35.2164, 105.2808]], "ego_orientations": [4.6359], "obs_positions": [[44.8319, -47.8643]], "obs_orientations": [1.7286], "objectives": {"extension_time": 3.2, "danger_difference": 0, "parameter_difference": 42.456382432333456}, "attributes": {"generation_number": 1, "individual_number": 86, "crash": true, "goal_reached": false, "scenario_length": 1}}, "[[2.9995705305103426], [25.320131499672822, 479.76012412700953, 2.5], [2.2980957518429124, 141.28669929952844], [1.3091001556267423, 0.55994444936317]]": {"ego_positions": [[35.2164, 105.2808]], "ego_orientations": [4.6359], "obs_positions": [[44.8319, -47.8643]], "obs_orientations": [1.7286], "objectives": {"extension_time": 3.2, "danger_difference": 0, "parameter_difference": 39.896758818526635}, "attributes": {"generation_number": 1, "individual_number": 87, "crash": true, "goal_reached": false, "scenario_length": 1}}, "[[23.741159556095447], [46.778899713875575, 289.71959783442355, 2.5], [2.2393853482235677, 137.9838156665977], [1.3915993572693985, 43.091274281251614]]": {"ego_positions": [[35.2164, 105.2808]], "ego_orientations": [4.6359], "obs_positions": [[44.8319, -47.8643]], "obs_orientations": [1.7286], "objectives": {"extension_time": 3.2, "danger_difference": 0, "parameter_difference": 42.45574104197756}, "attributes": {"generation_number": 1, "individual_number": 88, "crash": true, "goal_reached": false, "scenario_length": 1}}, "[[41.75555362499631], [2.5, 83.48735627495496, 2.3394581885561436], [2.310630163972307, 112.17167367570111], [1.248251537297039, 31.764571335920433]]": {"ego_positions": [[35.2164, 105.2808]], "ego_orientations": [4.6359], "obs_positions": [[44.8319, -47.8643]], "obs_orientations": [1.7286], "objectives": {"extension_time": 3.2, "danger_difference": 0, "parameter_difference": 39.088391804975984}, "attributes": {"generation_number": 4, "individual_number": 228, "crash": true, "goal_reached": false, "scenario_length": 1}}, "[[42.27007499553622], [2.5, 2.5411589374317742, 2.5], [0.7041994301078077, 77.29160318287113], [0.8584997446346516, 7.130265987068478]]": {"ego_positions": [[35.2164, 105.2808]], "ego_orientations": [4.6359], "obs_positions": [[44.8319, -47.8643]], "obs_orientations": [1.7286], "objectives": {"extension_time": 3.2, "danger_difference": 0, "parameter_difference": 39.02085371664065}, "attributes": {"generation_number": 4, "individual_number": 241, "crash": true, "goal_reached": false, "scenario_length": 1}}}