{"[[21.60185205326689], [29.754497305663392, 254.831024122812, 326.1104038253392], [0.8230532331704423, 178.97353261883208], [1.8180850576550875, 16.32421128502579]]": {"ego_positions": [[35.5601, 109.7677]], "ego_orientations": [4.6359], "obs_positions": [[45.6404, -52.9421]], "obs_orientations": [1.7286], "objectives": {"extension_time": 3.5, "danger_difference": 0, "parameter_difference": 90.99178253237729}, "attributes": {"generation_number": 0, "individual_number": 28, "crash": true, "goal_reached": false, "scenario_length": 1}}, "[[13.189862183420708], [31.150421679271762, 142.51333223374195, 576.5077081790685], [0.4644480806678386, 179.19026149464776], [1.5832920974965727, 43.40582983491672]]": {"ego_positions": [[35.5601, 109.7677]], "ego_orientations": [4.6359], "obs_positions": [[45.6404, -52.9421]], "obs_orientations": [1.7286], "objectives": {"extension_time": 3.5, "danger_difference": 0, "parameter_difference": 190.89233446925323}, "attributes": {"generation_number": 0, "individual_number": 39, "crash": true, "goal_reached": false, "scenario_length": 1}}, "[[13.189862183420708], [31.150421679271762, 200.0, 2.5], [0.5539136448595194, 179.19026149464776], [1.5832920974965727, 43.43644531909487]]": {"ego_positions": [[35.5601, 109.7677]], "ego_orientations": [4.6359], "obs_positions": [[45.6404, -52.9421]], "obs_orientations": [1.7286], "objectives": {"extension_time": 3.5, "danger_difference": 0, "parameter_difference": 40.39427533235429}, "attributes": {"generation_number": 1, "individual_number": 72, "crash": true, "goal_reached": false, "scenario_length": 1}}, "[[2.664631699300407], [2.5, 99.26227514252447, 619.2370545704824], [0.5192367494862005, 80.3433671386669], [2.346066500965637, 44.332857453383674]]": {"ego_positions": [[35.5601, 109.7677]], "ego_orientations": [4.6359], "obs_positions": [[45.6404, -52.9421]], "obs_orientations": [1.7286], "objectives": {"extension_time": 3.5, "danger_difference": 0, "parameter_difference": 207.69890952372637}, "attributes": {"generation_number": 1, "individual_number": 81, "crash": true, "goal_reached": false, "scenario_length": 1}}}