{"[[44.41215756376051], [12.219240466352977, 201.38676912904913, 323.72003832449406], [0.07779359700296279, 179.9215557738709], [2.158043800940711, 29.838764242986727]]": {"ego_positions": [[36.3623, 120.237]], "ego_orientations": [4.6359], "obs_positions": [[47.5268, -64.7904]], "obs_orientations": [1.7286], "objectives": {"extension_time": 4.2, "danger_difference": 0, "parameter_difference": 89.5432213773094}, "attributes": {"generation_number": 0, "individual_number": 24, "crash": true, "goal_reached": false, "scenario_length": 1}}, "[[31.806620102485716], [28.460142018502566, 451.59159779376745, 182.47352985219433], [1.3522394506634496, 102.73496598954341], [1.7487370651610126, 5.462725374452288]]": {"ego_positions": [[36.3623, 120.237]], "ego_orientations": [4.6359], "obs_positions": [[47.5268, -64.7904]], "obs_orientations": [1.7286], "objectives": {"extension_time": 4.2, "danger_difference": 0, "parameter_difference": 34.36145400374951}, "attributes": {"generation_number": 0, "individual_number": 29, "crash": true, "goal_reached": false, "scenario_length": 1}}}