{"[[20.272865151751567], [10.736745159901723, 289.10036211687907, 669.5767146460607], [2.3777061732652935, 13.596725755607974], [1.7536748569489014, 28.077680353042684]]": {"ego_positions": [[36.4768, 121.7326]], "ego_orientations": [4.6359], "obs_positions": [[47.7964, -66.483]], "obs_orientations": [1.7286], "objectives": {"extension_time": 4.3, "danger_difference": 0, "parameter_difference": 227.84605261305293}, "attributes": {"generation_number": 0, "individual_number": 21, "crash": true, "goal_reached": false, "scenario_length": 1}}}