{"[[0], [0, 0, 0], [0, 0], [0, 0]]": {"ego_positions": [[49.623, 16.25], [47.92213903787333, 16.250153136249594], [46.21680675120163, 16.250285654734366], [44.50214079328014, 16.270567790228256], [42.76821795153586, 16.378814989956172], [41.01862103485438, 16.565173484525772], [39.259553957029134, 16.75234231448573], [37.497294900846235, 16.893510486878448], [35.73680653167432, 16.880852020300775], [33.979900202054, 16.77941084217421], [32.231835672545614, 16.644634409652426], [30.498263874819227, 16.507606308504368], [28.786300566740998, 16.370868276231278], [27.101815536312312, 16.235280869811607], [25.448606091302697, 16.10548837558077], [23.828397059249838, 15.98819160089812], [22.240840787459575, 15.89042066581393], [20.68351714300588, 15.817807794736371], [19.1519335127309, 15.772860108098476], [17.632253442658296, 15.75513016101185], [16.091740724602907, 15.756808842127274], [14.519346393297461, 15.75823983310723], [12.917045262965665, 15.756109767923682], [11.295711749172611, 15.75513016101185], [9.670711749172611, 15.755130161011849], [8.045711749172611, 15.755130161011847], [6.420711749172611, 15.755130161011845]], "ego_orientations": [3.1415, 3.141507592315479, 3.1415225215265563, 3.1085498780386276, 3.0502134864308506, 3.0324573034752005, 3.0353584074529674, 3.106464850602245, -3.1021226949711505, -3.0702891558536525, -3.062432649889202, -3.0625054777889904, -3.061320173784819, -3.0616743613860016, -3.0655271960185364, -3.073946524129016, -3.086980855694368, -3.103483403273386, -3.1209435861674213, -3.1386568234303294, 3.139299086629956, -3.140966386731095, -3.140220143911752, -3.1415926535897922, -3.1415926535897922, -3.1415926535897922, -3.1415926535897922], "obs_positions": [[49.0541, 20.4627], [47.0386, 20.6999], [44.9735, 20.9537], [42.9295, 21.1939], [40.8676, 21.4029], [38.794, 21.5567], [36.7855, 21.6306], [34.7459, 21.6084], [32.6662, 21.4627], [30.6341, 21.1784], [28.6588, 20.7472], [26.6699, 20.1387], [24.809, 19.3933], [22.9685, 18.472], [21.2044, 17.4026], [19.5455, 16.2178], [17.9884, 14.9371], [16.5126, 13.5635]], "obs_orientations": [3.0244, 3.0192, 3.0246, 3.0406, 3.0675, 3.1048, 3.1524, 3.2115, 3.2805, 3.3565, 3.4384, 3.5226, 3.6056, 3.6865, 3.7618, 3.8299, 3.891, 3.9457], "attributes": {"crash": true, "goal_reached": true, "max_danger": 112.81015840678705, "scenario_length": 27, "lower_bound": -1.5, "upper_bound": -1.1}}}