{"[[17.49097125079882], [39.08364442975073, 287.2061761634032, 415.3332703057063], [1.0079630669985153, 161.1695369130722], [0.21770795874957366, 23.53802338938802]]": {"ego_positions": [[58.123, 16.25], [56.42286524413762, 16.25049202012808], [54.72196614260723, 16.25272382718114], [53.019678816852334, 16.257680403660817], [51.31551792485067, 16.265714805346505], [49.60912615890668, 16.27675800505834], [47.900251075295174, 16.290439558065177], [46.18872777528866, 16.306220336891204], [44.47446514831745, 16.323485133026523], [42.757432956853364, 16.341609639561206], [41.03761319838014, 16.360078672935998], [39.314901467767505, 16.37862670224957], [37.589263256138764, 16.396856856650917], [35.860756170629585, 16.414288062872632], [34.12950466450303, 16.430474615807682], [32.396294326091564, 16.445070627386347], [30.66560232383622, 16.440666180243834], [28.946541900595143, 16.361730942887935], [27.246229499132298, 16.205385713305173], [25.568139311780524, 16.016279164940958], [23.91210328044146, 15.855073728914018], [22.27431109658564, 15.766931476230825], [20.647310201252367, 15.750000000000004], [19.022310201252367, 15.750000000000004], [17.397720718169662, 15.749615544424891], [15.773423230562184, 15.74943983621283], [14.148998222307823, 15.749503411548819], [12.524287154223954, 15.749593017731037], [10.899338277366173, 15.749615544424891], [9.274338277366173, 15.749615544424891], [7.649338277366172, 15.749615544424891], [6.024338277366171, 15.749615544424891]], "ego_orientations": [3.1415, 3.1409255789855415, 3.139540418494685, 3.1377909296765942, 3.1359743319207176, 3.134306742108542, 3.1329213425227986, 3.1318854424186213, 3.131219828485453, 3.1309123956564364, 3.1308107526433444, 3.1308824112813234, 3.131222605262713, 3.1318374669090154, 3.1326820260947663, 3.133679004434603, -3.1209431798824365, -3.0702921708338184, -3.033957694721172, -3.0310345418464575, -3.063178206241979, -3.112943950186352, -3.1415926535897927, -3.1415926535897927, -3.141355969165902, -3.1415843325469277, 3.141528560260737, 3.1415566076687123, -3.141592653589793, -3.141592653589793, -3.141592653589793, -3.141592653589793], "obs_positions": [[59.054, 20.4627], [57.054, 20.4627], [55.0541, 20.4627], [53.0541, 20.4627], [51.0541, 20.4627], [49.0541, 20.4627], [47.0386, 20.6999], [44.9735, 20.9537], [42.9295, 21.1939], [40.8676, 21.4029], [38.794, 21.5567], [36.7855, 21.6306], [34.7459, 21.6084], [32.6662, 21.4627], [30.6341, 21.1784], [28.6588, 20.7472], [26.6699, 20.1387], [24.809, 19.3933], [22.9685, 18.472], [21.2044, 17.4026], [19.5455, 16.2178], [17.9884, 14.9371], [16.5126, 13.5635]], "obs_orientations": [3.1415, 3.1415, 3.1415, 3.1415, 3.1415, 3.0244, 3.0192, 3.0246, 3.0406, 3.0675, 3.1048, 3.1524, 3.2115, 3.2805, 3.3565, 3.4384, 3.5226, 3.6056, 3.6865, 3.7618, 3.8299, 3.891, 3.9457], "objectives": {"extension_time": 0.5, "danger_difference": 0.45173921822082264, "parameter_difference": 166.87477690097768}, "attributes": {"generation_number": 0, "individual_number": 30, "crash": true, "goal_reached": true, "scenario_length": 32}}, "[[17.49097125079882], [2.5, 200.0, 415.3332703057063], [1.0079630669985153, 161.1695369130722], [0.21770795874957366, 23.53802338938802]]": {"ego_positions": [[58.123, 16.25], [56.42286524413762, 16.25049202012808], [54.72196614260723, 16.25272382718114], [53.019678816852334, 16.257680403660817], [51.31551792485067, 16.265714805346505], [49.60912615890668, 16.27675800505834], [47.900251075295174, 16.290439558065177], [46.18872777528866, 16.306220336891204], [44.47446514831745, 16.323485133026523], [42.757432956853364, 16.341609639561206], [41.03761319838014, 16.360078672935998], [39.314901467767505, 16.37862670224957], [37.589263256138764, 16.396856856650917], [35.860756170629585, 16.414288062872632], [34.12950466450303, 16.430474615807682], [32.396294326091564, 16.445070627386347], [30.66560232383622, 16.440666180243834], [28.946541900595143, 16.361730942887935], [27.246229499132298, 16.205385713305173], [25.568139311780524, 16.016279164940958], [23.91210328044146, 15.855073728914018], [22.27431109658564, 15.766931476230825], [20.647310201252367, 15.750000000000004], [19.022310201252367, 15.750000000000004], [17.397720718169662, 15.749615544424891], [15.773423230562184, 15.74943983621283], [14.148998222307823, 15.749503411548819], [12.524287154223954, 15.749593017731037], [10.899338277366173, 15.749615544424891], [9.274338277366173, 15.749615544424891], [7.649338277366172, 15.749615544424891], [6.024338277366171, 15.749615544424891]], "ego_orientations": [3.1415, 3.1409255789855415, 3.139540418494685, 3.1377909296765942, 3.1359743319207176, 3.134306742108542, 3.1329213425227986, 3.1318854424186213, 3.131219828485453, 3.1309123956564364, 3.1308107526433444, 3.1308824112813234, 3.131222605262713, 3.1318374669090154, 3.1326820260947663, 3.133679004434603, -3.1209431798824365, -3.0702921708338184, -3.033957694721172, -3.0310345418464575, -3.063178206241979, -3.112943950186352, -3.1415926535897927, -3.1415926535897927, -3.141355969165902, -3.1415843325469277, 3.141528560260737, 3.1415566076687123, -3.141592653589793, -3.141592653589793, -3.141592653589793, -3.141592653589793], "obs_positions": [[59.054, 20.4627], [57.054, 20.4627], [55.0541, 20.4627], [53.0541, 20.4627], [51.0541, 20.4627], [49.0541, 20.4627], [47.0386, 20.6999], [44.9735, 20.9537], [42.9295, 21.1939], [40.8676, 21.4029], [38.794, 21.5567], [36.7855, 21.6306], [34.7459, 21.6084], [32.6662, 21.4627], [30.6341, 21.1784], [28.6588, 20.7472], [26.6699, 20.1387], [24.809, 19.3933], [22.9685, 18.472], [21.2044, 17.4026], [19.5455, 16.2178], [17.9884, 14.9371], [16.5126, 13.5635]], "obs_orientations": [3.1415, 3.1415, 3.1415, 3.1415, 3.1415, 3.0244, 3.0192, 3.0246, 3.0406, 3.0675, 3.1048, 3.1524, 3.2115, 3.2805, 3.3565, 3.4384, 3.5226, 3.6056, 3.6865, 3.7618, 3.8299, 3.891, 3.9457], "objectives": {"extension_time": 0.5, "danger_difference": 0.45173921822082264, "parameter_difference": 166.14067526994893}, "attributes": {"generation_number": 1, "individual_number": 74, "crash": true, "goal_reached": true, "scenario_length": 32}}, "[[46.56655406389744], [2.2507211283659165, 28.548081346020197, 2.5], [1.007576983084293, 183.52671960231615], [0.7306472066418066, 17.625671972577017]]": {"ego_positions": [[58.123, 16.25], [56.42286524413762, 16.25049202012808], [54.72196614260723, 16.25272382718114], [53.019678816852334, 16.257680403660817], [51.31551792485067, 16.265714805346505], [49.60912615890668, 16.27675800505834], [47.900251075295174, 16.290439558065177], [46.18872777528866, 16.306220336891204], [44.47446514831745, 16.323485133026523], [42.757432956853364, 16.341609639561206], [41.03761319838014, 16.360078672935998], [39.314901467767505, 16.37862670224957], [37.589263256138764, 16.396856856650917], [35.860756170629585, 16.414288062872632], [34.12950466450303, 16.430474615807682], [32.396294326091564, 16.445070627386347], [30.66560232383622, 16.440666180243834], [28.946541900595143, 16.361730942887935], [27.246229499132298, 16.205385713305173], [25.568139311780524, 16.016279164940958], [23.91210328044146, 15.855073728914018], [22.27431109658564, 15.766931476230825], [20.647310201252367, 15.750000000000004], [19.022310201252367, 15.750000000000004], [17.397720718169662, 15.749615544424891], [15.773423230562184, 15.74943983621283], [14.148998222307823, 15.749503411548819], [12.524287154223954, 15.749593017731037], [10.899338277366173, 15.749615544424891], [9.274338277366173, 15.749615544424891], [7.649338277366172, 15.749615544424891], [6.024338277366171, 15.749615544424891]],