{"[[4.476395914294495], [44.43532554194363, 300.2905638710975, 129.87830934073173], [1.588933500745116, 182.58887077007952], [0.46765535630480054, 12.9947785080473]]": {"ego_positions": [[49.623, 16.25], [47.922865147968366, 16.25049138858552], [46.22196387963214, 16.252723593546474], [44.51967177624941, 16.257691003024043], [42.81550776725209, 16.26575125305653], [41.10904112601962, 16.277075205516724], [39.39969796264808, 16.292231756154393], [37.687059446526405, 16.31096882646404], [35.970907949569266, 16.33234759414799], [34.251181622867556, 16.35515637325577], [32.5278311528012, 16.37854122512726], [30.806659028978736, 16.39626516144048], [29.115989207739215, 16.40770179636909], [27.487594510489522, 16.44703587421917], [25.929322143591065, 16.488772951938685], [24.41959643006559, 16.5], [22.91959643006559, 16.5], [21.41959643006559, 16.5], [19.92234182101693, 16.495015142911914], [18.40117108816966, 16.49325291804288], [16.83598964231522, 16.495802755047727], [15.209307719092784, 16.498542356874673], [13.526896353298184, 16.499845908484243], [11.803331474891046, 16.50003859407647], [10.05730386618297, 16.5], [8.30730386618297, 16.5], [6.55730386618297, 16.499999999999996]], "ego_orientations": [3.1415, 3.1409270715435267, 3.1395390837318633, 3.137778133415253, 3.135959037908465, 3.1338647467196683, 3.131620659517712, 3.129782589947469, 3.128611272818217, 3.1281695141678645, 3.127818817720145, 3.137095736788245, 3.12668188013231, 3.1113217105181596, 3.1230258842540777, 3.141592653589793, 3.141592653589793, 3.141592653589793, -3.1382784571615567, 3.1408528991359947, 3.1396178071336696, 3.140335302761805, 3.1412400479702924, -3.141565982217517, -3.1415926535897922, -3.1415926535897922, -3.1415926535897922], "obs_positions": [[49.0541, 20.4627], [47.0386, 20.6999], [44.9735, 20.9537], [42.9295, 21.1939], [40.8676, 21.4029], [38.794, 21.5567], [36.7855, 21.6306], [34.7459, 21.6084], [32.6662, 21.4627], [30.6341, 21.1784], [28.6588, 20.7472], [26.6699, 20.1387], [24.809, 19.3933], [22.9685, 18.472], [21.2044, 17.4026], [19.5455, 16.2178], [17.9884, 14.9371], [16.5126, 13.5635]], "obs_orientations": [3.0244, 3.0192, 3.0246, 3.0406, 3.0675, 3.1048, 3.1524, 3.2115, 3.2805, 3.3565, 3.4384, 3.5226, 3.6056, 3.6865, 3.7618, 3.8299, 3.891, 3.9457], "objectives": {"extension_time": 0.0, "danger_difference": -110.17552610424616, "parameter_difference": 54.93016574914535}, "attributes": {"generation_number": 0, "individual_number": 7, "crash": false, "goal_reached": true, "scenario_length": 27}}, "[[43.91906022559387], [2.3720359721863025, 200.0, 129.87830934073173], [1.572779543113312, 130.93838883486282], [0.46765535630480054, 12.957901036588945]]": {"ego_positions": [[49.623, 16.25], [47.922865147968366, 16.25049138858552], [46.22196387963214, 16.252723593546474], [44.51967177624941, 16.257691003024043], [42.81550776725209, 16.26575125305653], [41.10904112601962, 16.277075205516724], [39.39969796264808, 16.292231756154393], [37.687059446526405, 16.31096882646404], [35.970907949569266, 16.33234759414799], [34.251181622867556, 16.35515637325577], [32.5278311528012, 16.37854122512726], [30.806659028978736, 16.39626516144048], [29.115989207739215, 16.40770179636909], [27.487594510489522, 16.44703587421917], [25.929322143591065, 16.488772951938685], [24.41959643006559, 16.5], [22.91959643006559, 16.5], [21.41959643006559, 16.5], [19.92917775851693, 16.495015142911914], [18.445574164341537, 16.49325291804288], [16.959451365642856, 16.495802755047727], [15.468574304204402, 16.498542356874673], [13.973513956600186, 16.499845908484243], [12.475425551762918, 16.50003859407647], [10.9757103526942, 16.5], [9.4757103526942, 16.5], [7.9757103526942, 16.500000000000004], [6.4757103526941995, 16.500000000000004]], "ego_orientations": [3.1415, 3.1409270715435267, 3.1395390837318633, 3.137778133415253, 3.135959037908465, 3.1338647467196683, 3.131620659517712, 3.129782589947469, 3.128611272818217, 3.1281695141678645, 3.127818817720145, 3.137095736788245, 3.12668188013231, 3.1113217105181596, 3.1230258842540777, 3.141592653589793, 3.141592653589793, 3.141592653589793, -3.138234854940633, 3.1408250918589617, 3.1394764728137705, 3.140197628564477, 3.1411908191877225, -3.1415617284348096, 3.1415926535897922, 3.1415926535897922, 3.1415926535897922, 3.1415926535897922], "obs_positions": [[49.0541, 20.4627], [47.0386, 20.6999], [44.9735, 20.9537], [42.9295, 21.1939], [40.8676, 21.4029], [38.794, 21.5567], [36.7855, 21.6306], [34.7459, 21.6084], [32.6662, 21.4627], [30.6341, 21.1784], [28.6588, 20.7472], [26.6699, 20.1387], [24.809, 19.3933], [22.9685, 18.472], [21.2044, 17.4026], [19.5455, 16.2178], [17.9884, 14.9371], [16.5126, 13.5635]], "obs_orientations": [3.0244, 3.0192, 3.0246, 3.0406, 3.0675, 3.1048, 3.1524, 3.2115, 3.2805, 3.3565, 3.4384, 3.5226, 3.6056, 3.6865, 3.7618, 3.8299, 3.891, 3.9457], "objectives": {"extension_time": 0.0, "danger_difference": -110.17552610424616, "parameter_difference": 51.97833849324836}, "attributes": {"generation_number": 1, "individual_number": 59, "crash": false, "goal_reached": true, "scenario_length": 28}}, "[[40.9705961476177], [2.5, 300.2905638710975, 129.87830934073173], [1.588933500745116, 182.58887077007952], [0.7956377723062364, 37.542446241411156]]": {"ego_positions": [[49.623, 16.25], [47.922865147968366, 16.25049138858552], [46.22196387963214, 16.252723593546474], [44.51967177624941, 16.257691003024043], [42.81550776725209, 16.26575125305653], [41.10904112601962, 16.277075205516724], [39.39969796264808, 16.292231756154393], [37.687059446526405, 16.31096882646404], [35.970907949569266, 16.33234759414799], [34.251181622867556, 16.35515637325577], [32.5278311528012, 16.37854122512726], [30.806659028978736, 16.39626516144048], [29.115989207739215, 16.40770179636909], [27.487594510489522, 16.44703587421917], [25.929322143591065, 16.488772951938685], [24.41959643006559, 16.5], [22.91959643006559, 16.5], [21.41959643006559, 16.5], [19.92917775851693, 16.495015142911914], [18.445574164341537, 16.49325291804288], [16.959451365642856, 16.495802755047727], [15.468574304204402, 16.498542356874673], [13.973513956600186, 16.499845908484243], [12.475425551762918, 16.50003859407647], [10.9757103526942, 16.5], [9.4757103526942, 16.5], [7.9757103526942, 16.500000000000004], [6.4757103526941995, 16.500000000000004]], "ego_orientations": [3.1415, 3.1409270715435267, 3.1395390837318633, 3.137778133415253, 3.135959037908465, 3.1338647467196683, 3.131620659517712, 3.129782589947469, 3.128611272818217, 3.1281695141678645, 3.127818817720145, 3.137095736788245, 3.12668188013231, 3.1113217105181596, 3.1230258842540777, 3.141592653589793, 3.141592653589793, 3.141592653589793, -3.138234854940633, 3.1408250918589617, 3.1394764728137705, 3.140197628564477, 3.1411908191877225, -3.1415617284348096, 3.1415926535897922, 3.1415926535897922, 3.1415926535897922, 3.1415926535897922], "obs_positions": [[49.0541, 20.4627], [47.0386, 20.6999], [44.9735, 20.9537], [42.9295, 21.1939], [40.8676, 21.4029], [38.794, 21.5567], [36.7855, 21.6306], [34.7459, 21.6084], [32.6662, 21.4627], [30.6341, 21.1784], [28.6588, 20.7472], [26.6699, 20.1387], [24.809, 19.3933], [22.9685, 18.472], [21.2044, 17.4026], [19.5455, 16.2178], [17.9884, 14.9371], [16.5126, 13.5635]], "obs_orientations": [3.0244, 3.0192, 3.0246, 3.0406, 3.0675, 3.1048, 3.1524, 3.2115, 3.2805, 3.3565, 3.4384, 3.5226, 3.6056, 3.6865, 3.7618, 3.8299, 3.891, 3.9457], "objectives": {"extension_time": 0.0, "danger_difference": -110.17552610424616, "parameter_difference": 51.9958000135842}, "attributes": {"generation_number": 2, "individual_number": 111, "crash": false, "goal_reached": true, "scenario_length": 28}},