{"[[1.8749662592425942], [1.0703958264559825, 78.27336098443004, 0.15103093493060676], [1.012524209556622, 205.54015414503655], [1.7560026128626927, 6.700938809122843]]": {"ego_positions": [[41.1229, 16.25], [39.42265401600744, 16.250969388406432], [37.721037980592655, 16.255946834742776], [36.01702675275904, 16.26659788663921], [34.30992632202424, 16.282829022250365], [32.599308608041106, 16.303558450000782], [30.88625250028308, 16.325669762149108], [29.186669309847108, 16.35718840833114], [27.54428641810592, 16.423768060745903], [25.977474032135838, 16.484557067443166], [24.466095757896458, 16.5], [22.966095757896458, 16.5], [21.466095757896458, 16.5], [19.960492471715128, 16.4986051895807], [18.425034753606788, 16.49811210230357], [16.85459736532588, 16.498825570946508], [15.257533321031403, 16.49959213759133], [13.644090501115144, 16.49995688372848], [12.022345064360984, 16.500010798989628], [10.39768184358826, 16.5], [8.77268184358826, 16.5], [7.147681843588258, 16.5], [5.522681843588257, 16.5]], "ego_orientations": [3.1415, 3.1401217910985295, 3.1370630878856973, 3.133641879757667, 3.1306429446234825, 3.128462467674893, 3.1298332856773743, 3.111229134638692, 3.095669383977504, 3.115773309344124, 3.141592653589793, 3.141592653589793, 3.141592653589793, -3.140673530480162, 3.1413875120800996, 3.141036769013242, 3.1412299287989973, 3.1414886857298057, -3.141584665041434, 3.141592653589793, 3.141592653589793, 3.141592653589793, 3.141592653589793], "obs_positions": [[38.794, 21.5567], [36.7855, 21.6306], [34.7459, 21.6084], [32.6662, 21.4627], [30.6341, 21.1784], [28.6588, 20.7472], [26.6699, 20.1387], [24.809, 19.3933], [22.9685, 18.472], [21.2044, 17.4026], [19.5455, 16.2178], [17.9884, 14.9371], [16.5126, 13.5635]], "obs_orientations": [3.1048, 3.1524, 3.2115, 3.2805, 3.3565, 3.4384, 3.5226, 3.6056, 3.6865, 3.7618, 3.8299, 3.891, 3.9457], "objectives": {"extension_time": -0.5, "danger_difference": -110.19791957995457, "parameter_difference": 0.7278226994739088}, "attributes": {"generation_number": 9, "individual_number": 488, "crash": false, "goal_reached": true, "scenario_length": 23}}, "[[0.18129735390836532], [1.059548690620934, 66.41952334450745, 0.06634578762539367], [1.031561452851303, 208.35669195543562], [0.6571847944670658, 6.368160278058591]]": {"ego_positions": [[41.1229, 16.25], [39.42265401600744, 16.250969388406432], [37.721037980592655, 16.255946834742776], [36.01702675275904, 16.26659788663921], [34.30992632202424, 16.282829022250365], [32.599308608041106, 16.303558450000782], [30.88625250028308, 16.325669762149108], [29.186669309847108, 16.35718840833114], [27.54428641810592, 16.423768060745903], [25.977474032135838, 16.484557067443166], [24.466095757896458, 16.5], [22.966095757896458, 16.5], [21.466095757896458, 16.5], [19.960492471715128, 16.498605189580704], [18.418198816106788, 16.498112102303573], [16.810194289154005, 16.498825570946508], [15.147743472703766, 16.499592137591332], [13.475801316544832, 16.49995688372848], [11.823535440642708, 16.500010798989628], [10.193366658041384, 16.5], [8.568366658041384, 16.5], [6.943366658041384, 16.500000000000004]], "ego_orientations": [3.1415, 3.1401217910985295, 3.1370630878856973, 3.133641879757667, 3.1306429446234825, 3.128462467674893, 3.1298332856773743, 3.111229134638692, 3.095669383977504, 3.115773309344124, 3.141592653589793, 3.141592653589793, 3.141592653589793, -3.140673530480163, 3.141390058797607, 3.1410556630131956, 3.141244544260358, 3.141491559850731, -3.1415847406410053, 3.1415926535897922, 3.1415926535897922, 3.1415926535897922], "obs_positions": [[38.794, 21.5567], [36.7855, 21.6306], [34.7459, 21.6084], [32.6662, 21.4627], [30.6341, 21.1784], [28.6588, 20.7472], [26.6699, 20.1387], [24.809, 19.3933], [22.9685, 18.472], [21.2044, 17.4026], [19.5455, 16.2178], [17.9884, 14.9371], [16.5126, 13.5635]], "obs_orientations": [3.1048, 3.1524, 3.2115, 3.2805, 3.3565, 3.4384, 3.5226, 3.6056, 3.6865, 3.7618, 3.8299, 3.891, 3.9457], "objectives": {"extension_time": -0.5, "danger_difference": -110.19791957995457, "parameter_difference": 0.6933068991868457}, "attributes": {"generation_number": 10, "individual_number": 531, "crash": false, "goal_reached": true, "scenario_length": 22}}, "[[4.309257865345299], [0.7625862462915665, 7.511535475380139, 0.02184180442255479], [1.475212098635525, 51.22039161932835], [2.2352371972976837, 13.461416303507239]]": {"ego_positions": [[41.1229, 16.25], [39.42265401600744, 16.250969388406432], [37.721037980592655, 16.255946834742776], [36.01702675275904, 16.26659788663921], [34.30992632202424, 16.282829022250365], [32.599308608041106, 16.303558450000782], [30.88625250028308, 16.325669762149108], [29.186669309847108, 16.35718840833114], [27.54428641810592, 16.423768060745903], [25.977474032135838, 16.484557067443166], [24.466095757896458, 16.5], [22.966095757896458, 16.5], [21.466095757896458, 16.5], [19.967328409215128, 16.498605189580704], [18.469437829778663, 16.497967717631262], [16.971223151153517, 16.498110804033377], [15.472396829971146, 16.498387033256808], [13.973032323167146, 16.499110065044803], [12.47327825256098, 16.499815974231844], [10.97331489259949, 16.5], [9.47331489259949, 16.5], [7.97331489259949, 16.5], [6.47331489259949, 16.5]], "ego_orientations": [3.1415, 3.1401217910985295, 3.1370630878856973, 3.133641879757667, 3.1306429446234825, 3.128462467674893, 3.1298332856773743, 3.111229134638692, 3.095669383977504, 3.115773309344124, 3.141592653589793, 3.141592653589793, 3.141592653589793, -3.1406615468642327, -3.141559918002638, 3.141483363041181, 3.141252651058283, 3.1410339947867554, 3.141280195886742, 3.141592653589793, 3.141592653589793, 3.141592653589793, 3.141592653589793], "obs_positions": [[38.794, 21.5567], [36.7855, 21.6306], [34.7459, 21.6084], [32.6662, 21.4627], [30.6341, 21.1784], [28.6588, 20.7472], [26.6699, 20.1387], [24.809, 19.3933], [22.9685, 18.472], [21.2044, 17.4026], [19.5455, 16.2178], [17.9884, 14.9371], [16.5126, 13.5635]], "obs_orientations": [3.1048, 3.1524, 3.2115, 3.2805, 3.3565, 3.4384, 3.5226, 3.6056, 3.6865, 3.7618, 3.8299, 3.891, 3.9457], "objectives": {"extension_time": -0.5, "danger_difference": -110.19791957995457, "parameter_difference": 0.4323650449257127}, "attributes": {"generation_number": 12, "individual_number": 606, "crash": false, "goal_reached": true, "scenario_length": 23}}, "[[4.526268437391892], [1.0683468373648048, 7.399884370780194, 0.1923984409158972], [0.4330147070079862, 64.9586017751056], [0.23450224511601803, 5.945921846670378]]": {"ego_positions": [[41.1229, 16.25], [39.42265401600744, 16.250969388406432], [37.721037980592655, 16.255946834742776], [36.01702675275904, 16.26659788663921], [34.30992632202424, 16.282829022250365], [32.599308608041106, 16.303558450000782], [30.88625250028308, 16.325669762149108], [29.186669309847108, 16.35718840833114], [27.54428641810592, 16.423768060745903], [25.977474032135838, 16.484557067443166], [24.466095757896458, 16.5], [22.966095757896458, 16.5], [21.466095757896458, 16.5], [19.967328409215128, 16.498605189580704], [18.469437829778663, 16.498112102303573], [16.971223151153517, 16.498825570946508], [15.472396829971146, 16.499592137591332], [13.973032323167146, 16.49995688372848], [12.47327825256098, 16.500010798989628], [10.97331489259949, 16.5], [9.47331489259949, 16.5], [7.97331489259949, 16.5], [6.47331489259949, 16.5]], "ego_orientations": [3.1415, 3.1401217910985295, 3.1370630878856973, 3.133641879757667, 3.1306429446234825, 3.128462467674893, 3.1298332856773743, 3.111229134638692, 3.095669383977504, 3.115773309344124, 3.141592653589793, 3.141592653589793, 3.141592653589793, -3.1406615468642327, 3.1413798722764144, 3.1410044979397136, 3.1412038683334838, 3.1414804263834624, -3.141584004680853, 3.141592653589793, 3.141592653589793, 3.141592653589793, 3.141592653589793],