{"[[19.191659901243625], [40.091017579541685, 174.7867057198439, 121.95186495145838], [1.7287096618436117, 188.92732584947888], [0.5328128468552149, 35.917798790765055]]": {"ego_positions": [[44.5229, 16.25], [42.82276514796837, 16.25049138858552], [41.121863879632144, 16.252723593546474], [39.41948082581981, 16.258053031125243], [37.7147328421736, 16.26818136531038], [36.0069391167828, 16.283483180295967], [34.29568014544982, 16.303187825547518], [32.580584958600866, 16.326668637835073], [30.86675031720677, 16.346739534725206], [29.181287766305385, 16.36374876330728], [27.555885110633522, 16.422427037060995], [25.998829517539047, 16.483654470427144], [24.48929224673334, 16.5], [22.98929224673334, 16.5], [21.48929224673334, 16.5], [19.991209282014914, 16.49435506024965], [18.468620994618966, 16.492359485845718], [16.909075730047327, 16.49524696607057], [15.319172220016704, 16.498349339314128], [13.70960650066327, 16.499825504060176], [12.089361462335432, 16.50004370461029], [10.464921779933952, 16.5], [8.839921779933952, 16.5], [7.214921779933952, 16.500000000000004], [5.589921779933951, 16.500000000000004]], "ego_orientations": [3.1415, 3.1409270715435267, 3.1395390837318633, 3.137169822496096, 3.1341080149198337, 3.1312424970870496, 3.129051180454961, 3.126583143060391, 3.136200519768131, 3.118890232303092, 3.0968712586963076, 3.1145019929214643, 3.141592653589793, 3.141592653589793, 3.141592653589793, -3.137842932005455, 3.1407556911278682, 3.13933001182651, 3.140119735308033, 3.141171228630886, -3.1415603099246576, 3.1415926535897922, 3.1415926535897922, 3.1415926535897922, 3.1415926535897922], "obs_positions": [[42.9295, 21.1939], [40.8676, 21.4029], [38.794, 21.5567], [36.7855, 21.6306], [34.7459, 21.6084], [32.6662, 21.4627], [30.6341, 21.1784], [28.6588, 20.7472], [26.6699, 20.1387], [24.809, 19.3933], [22.9685, 18.472], [21.2044, 17.4026], [19.5455, 16.2178], [17.9884, 14.9371], [16.5126, 13.5635]], "obs_orientations": [3.0406, 3.0675, 3.1048, 3.1524, 3.2115, 3.2805, 3.3565, 3.4384, 3.5226, 3.6056, 3.6865, 3.7618, 3.8299, 3.891, 3.9457], "objectives": {"extension_time": -0.3, "danger_difference": -110.20895592514026, "parameter_difference": 51.36436062717673}, "attributes": {"generation_number": 0, "individual_number": 17, "crash": false, "goal_reached": true, "scenario_length": 25}}, "[[27.423775878240768], [1.6554964247864734, 115.72349923923187, 962.0565255913283], [2.194872716282506, 29.547706607006695], [2.2016927897196044, 38.826534949450284]]": {"ego_positions": [[44.5229, 16.25], [42.82276514796837, 16.25049138858552], [41.121863879632144, 16.252723593546474], [39.41948082581981, 16.258053031125243], [37.7147328421736, 16.26818136531038], [36.0069391167828, 16.283483180295967], [34.29568014544982, 16.303187825547518], [32.580584958600866, 16.326668637835073], [30.86675031720677, 16.346739534725206], [29.181287766305385, 16.36374876330728], [27.555885110633522, 16.422427037060995], [25.998829517539047, 16.483654470427144], [24.48929224673334, 16.5], [22.98929224673334, 16.5], [21.48929224673334, 16.5], [19.998045219514914, 16.49435506024965], [18.51302407079084, 16.49177514637937], [17.025701515874964, 16.492354231614076], [15.534035728956447, 16.493472159399815], [14.038548322715272, 16.4963983426462], [12.54029465053543, 16.49925522898354], [11.040554828945183, 16.5], [9.540554828945183, 16.5], [8.040554828945183, 16.5], [6.540554828945183, 16.5]], "ego_orientations": [3.1415, 3.1409270715435267, 3.1395390837318633, 3.137169822496096, 3.1341080149198337, 3.1312424970870496, 3.129051180454961, 3.126583143060391, 3.136200519768131, 3.118890232303092, 3.0968712586963076, 3.1145019929214643, 3.141592653589793, 3.141592653589793, 3.141592653589793, -3.1377936443639696, -3.141459054386501, 3.1411476543070167, 3.140211670023344, 3.1393279000231646, 3.1403275472388503, 3.141592653589793, 3.141592653589793, 3.141592653589793, 3.141592653589793], "obs_positions": [[42.9295, 21.1939], [40.8676, 21.4029], [38.794, 21.5567], [36.7855, 21.6306], [34.7459, 21.6084], [32.6662, 21.4627], [30.6341, 21.1784], [28.6588, 20.7472], [26.6699, 20.1387], [24.809, 19.3933], [22.9685, 18.472], [21.2044, 17.4026], [19.5455, 16.2178], [17.9884, 14.9371], [16.5126, 13.5635]], "obs_orientations": [3.0406, 3.0675, 3.1048, 3.1524, 3.2115, 3.2805, 3.3565, 3.4384, 3.5226, 3.6056, 3.6865, 3.7618, 3.8299, 3.891, 3.9457], "objectives": {"extension_time": -0.3, "danger_difference": -110.20895592514026, "parameter_difference": 384.82479638894876}, "attributes": {"generation_number": 0, "individual_number": 47, "crash": false, "goal_reached": true, "scenario_length": 25}}, "[[23.59182195538487], [49.357483611975724, 316.6722493309208, 604.4003752390471], [2.2436193048953554, 35.174044400986276], [1.6675585312363872, 47.58957587571416]]": {"ego_positions": [[44.5229, 16.25], [42.82276514796837, 16.25049138858552], [41.121863879632144, 16.252723593546474], [39.41948082581981, 16.258053031125243], [37.7147328421736, 16.26818136531038], [36.0069391167828, 16.283483180295967], [34.29568014544982, 16.303187825547518], [32.580584958600866, 16.326668637835073], [30.86675031720677, 16.346739534725206], [29.181287766305385, 16.36374876330728], [27.555885110633522, 16.422427037060995], [25.998829517539047, 16.483654470427144], [24.48929224673334, 16.5], [22.98929224673334, 16.5], [21.48929224673334, 16.5], [19.991209282014914, 16.49435506024965], [18.468620994618966, 16.49177514637937], [16.909075730047327, 16.492354231614076], [15.319172220016704, 16.492680702906743], [13.70960650066327, 16.49257545845324], [12.089361462335432, 16.492400917090688], [10.464921779933952, 16.492354231614076], [8.839921779933952, 16.492354231614076], [7.214921779933952, 16.492354231614076], [5.589921779933951, 16.492354231614076]], "ego_orientations": [3.1415, 3.1409270715435267, 3.1395390837318633, 3.137169822496096, 3.1341080149198337, 3.1312424970870496, 3.129051180454961, 3.126583143060391, 3.136200519768131, 3.118890232303092, 3.0968712586963076, 3.1145019929214643, 3.141592653589793, 3.141592653589793, 3.141592653589793, -3.137842932005455, -3.1414638901047574, 3.1411722109068316, 3.1415633992936987, -3.141472949873661, -3.1415191641486966, 3.141592653589793, 3.141592653589793, 3.141592653589793, 3.141592653589793], "obs_positions": [[42.9295, 21.1939], [40.8676, 21.4029], [38.794, 21.5567], [36.7855, 21.6306], [34.7459, 21.6084], [32.6662, 21.4627], [30.6341, 21.1784], [28.6588, 20.7472], [26.6699, 20.1387], [24.809, 19.3933], [22.9685, 18.472], [21.2044, 17.4026], [19.5455, 16.2178], [17.9884, 14.9371], [16.5126, 13.5635]], "obs_orientations": [3.0406, 3.0675, 3.1048, 3.1524, 3.2115, 3.2805, 3.3565, 3.4384, 3.5226, 3.6056, 3.6865, 3.7618, 3.8299, 3.891, 3.9457], "objectives": {"extension_time": -0.3, "danger_difference": -110.20895592514026, "parameter_difference": 242.5724584534705}, "attributes": {"generation_number": 1, "individual_number": 66, "crash": false, "goal_reached": true, "scenario_length": 25}}}