{"[[1.69271798682233], [0.7648348330368623, 6.854862471751543, 0.2079017196606736], [0.8251089904935649, 42.81272968586656], [0.24507628305194862, 1.3865774156103527]]": {"ego_positions": [[46.223, 16.25], [44.52286514796836, 16.25049138858552], [42.82196387963214, 16.252723593546474], [41.11958082581981, 16.258053031125243], [39.414832842173595, 16.26818136531038], [37.7070391167828, 16.283483180295967], [35.99578014544982, 16.303187825547518], [34.28084263304833, 16.32596297581723], [32.56204132693591, 16.350822123405397], [30.844841811826242, 16.370611282413446], [29.156962864371366, 16.384929272105417], [27.530159934736684, 16.43420338117256], [25.972531084967226, 16.48609020566015], [24.462904592894766, 16.5], [22.962904592894766, 16.5], [21.462904592894766, 16.5], [19.972028918189082, 16.49443429902897], [18.48764326030888, 16.492466736771647], [17.000858557069755, 16.495313685047805], [15.50954635641807, 16.498372509860427], [14.014250400907201, 16.499827953483177], [12.516070818209904, 16.500043091122794], [11.016342034915859, 16.5], [9.516342034915859, 16.5], [8.016342034915859, 16.5], [6.5163420349158585, 16.5]], "ego_orientations": [3.1415, 3.1409270715435267, 3.1395390837318633, 3.137169822496096, 3.1341080149198337, 3.1312424970870496, 3.129051180454961, 3.1277245788803367, 3.12644443943388, 3.1364471819795328, 3.1227331086619428, 3.10383656882982, 3.1185661355048704, -3.1415926535897927, -3.1415926535897927, -3.1415926535897927, -3.137845461505789, 3.1407360927891226, 3.139230766033154, 3.1400354193763014, 3.1411440427031274, -3.141558125911375, 3.141592653589793, 3.141592653589793, 3.141592653589793, 3.141592653589793], "obs_positions": [[44.9735, 20.9537], [42.9295, 21.1939], [40.8676, 21.4029], [38.794, 21.5567], [36.7855, 21.6306], [34.7459, 21.6084], [32.6662, 21.4627], [30.6341, 21.1784], [28.6588, 20.7472], [26.6699, 20.1387], [24.809, 19.3933], [22.9685, 18.472], [21.2044, 17.4026], [19.5455, 16.2178], [17.9884, 14.9371], [16.5126, 13.5635]], "obs_orientations": [3.0246, 3.0406, 3.0675, 3.1048, 3.1524, 3.2115, 3.2805, 3.3565, 3.4384, 3.5226, 3.6056, 3.6865, 3.7618, 3.8299, 3.891, 3.9457], "objectives": {"extension_time": -0.2, "danger_difference": -110.19639432798418, "parameter_difference": 0.3331029592816574}, "attributes": {"generation_number": 17, "individual_number": 879, "crash": false, "goal_reached": true, "scenario_length": 26}}}