{"[[36.71876079644696], [2.5, 46.04236680041662, 0.11475411131699637], [1.7471697735613119, 189.22736903212498], [2.2054436747523165, 41.819345556303524]]": {"ego_positions": [[29.2229, 16.25]], "ego_orientations": [3.1415], "obs_positions": [[24.809, 19.3933]], "obs_orientations": [3.6056], "objectives": {"extension_time": -1.2, "danger_difference": 87.18984159321295, "parameter_difference": 1.5617717843670542}, "attributes": {"generation_number": 2, "individual_number": 143, "crash": true, "goal_reached": false, "scenario_length": 1}}, "[[36.815078301700154], [2.5, 69.13424345295905, 0.11475411131699637], [1.7618929893995297, 214.9462553167109], [2.2054436747523165, 43.43339112598379]]": {"ego_positions": [[29.2229, 16.25]], "ego_orientations": [3.1415], "obs_positions": [[24.809, 19.3933]], "obs_orientations": [3.6056], "objectives": {"extension_time": -1.2, "danger_difference": 87.18984159321295, "parameter_difference": 1.614024659392602}, "attributes": {"generation_number": 3, "individual_number": 155, "crash": true, "goal_reached": false, "scenario_length": 1}}, "[[4.029855254939317], [2.4948856439083276, 69.13424345295905, 0.11475411131699637], [1.7618929893995297, 198.12669459327728], [1.7211474322664178, 43.43339112598379]]": {"ego_positions": [[29.2229, 16.25]], "ego_orientations": [3.1415], "obs_positions": [[24.809, 19.3933]], "obs_orientations": [3.6056], "objectives": {"extension_time": -1.2, "danger_difference": 87.18984159321295, "parameter_difference": 1.4271624725089729}, "attributes": {"generation_number": 4, "individual_number": 240, "crash": true, "goal_reached": false, "scenario_length": 1}}, "[[4.165651831980414], [2.4996507063752786, 26.358701168726373, 0.11475411131699637], [0.3626944481230424, 198.12669459327728], [1.7211474322664178, 43.43339112598379]]": {"ego_positions": [[29.2229, 16.25]], "ego_orientations": [3.1415], "obs_positions": [[24.809, 19.3933]], "obs_orientations": [3.6056], "objectives": {"extension_time": -1.2, "danger_difference": 87.18984159321295, "parameter_difference": 1.3924524196940191}, "attributes": {"generation_number": 5, "individual_number": 252, "crash": true, "goal_reached": false, "scenario_length": 1}}, "[[7.376054283748148], [2.390897487189978, 25.01261458736502, 2.4906412256562094], [0.24241915171198908, 189.82536172171922], [0.6975791801100788, 19.170849269139584]]": {"ego_positions": [[29.2229, 16.25]], "ego_orientations": [3.1415], "obs_positions": [[24.809, 19.3933]], "obs_orientations": [3.6056], "objectives": {"extension_time": -1.2, "danger_difference": 87.18984159321295, "parameter_difference": 1.4952895125508867}, "attributes": {"generation_number": 5, "individual_number": 279, "crash": true, "goal_reached": false, "scenario_length": 1}}, "[[12.984802180047804], [2.4619247681590797, 7.968595810730605, 2.4921008218738847], [0.98604133782123, 67.05374736944329], [2.0814871499651733, 6.620190334118492]]": {"ego_positions": [[29.2229, 16.25]], "ego_orientations": [3.1415], "obs_positions": [[24.809, 19.3933]], "obs_orientations": [3.6056], "objectives": {"extension_time": -1.2, "danger_difference": 87.18984159321295, "parameter_difference": 1.4386596210585154}, "attributes": {"generation_number": 5, "individual_number": 287, "crash": true, "goal_reached": false, "scenario_length": 1}}, "[[4.029855254939317], [2.4948856439083276, 69.13424345295905, 0.11475411131699637], [1.7618929893995297, 198.12669459327728], [1.7211474322664178, 35.0751540786072]]": {"ego_positions": [[29.2229, 16.25]], "ego_orientations": [3.1415], "obs_positions": [[24.809, 19.3933]], "obs_orientations": [3.6056], "objectives": {"extension_time": -1.2, "danger_difference": 87.18984159321295, "parameter_difference": 1.3320343503498941}, "attributes": {"generation_number": 5, "individual_number": 291, "crash": true, "goal_reached": false, "scenario_length": 1}}, "[[3.81881350496878], [1.2420888542000323, 82.49849360696008, 2.47051835183918], [1.7672287068607595, 214.9462553167109], [2.014286981844466, 23.509970733348844]]": {"ego_positions": [[29.2229, 16.25]], "ego_orientations": [3.1415], "obs_positions": [[24.809, 19.3933]], "obs_orientations": [3.6056], "objectives": {"extension_time": -1.2, "danger_difference": 87.18984159321295, "parameter_difference": 1.3442112180559058}, "attributes": {"generation_number": 5, "individual_number": 293, "crash": true, "goal_reached": false, "scenario_length": 1}}, "[[3.8185319271674567], [1.2420888542000323, 81.8972201646014, 2.499815937558118], [1.4842078506353795, 215.56671001240727], [0.9944309196637559, 19.571740207511937]]": {"ego_positions": [[29.2229, 16.25]], "ego_orientations": [3.1415], "obs_positions": [[24.809, 19.3933]], "obs_orientations": [3.6056], "objectives": {"extension_time": -1.2, "danger_difference": 87.18984159321295, "parameter_difference": 1.3265385949603268}, "attributes": {"generation_number": 6, "individual_number": 335, "crash": true, "goal_reached": false, "scenario_length": 1}}, "[[34.481355898275325], [1.2100840512206148, 15.646438907843088, 2.4992188222061107], [0.028274074882361333, 69.62351291644413], [0.07477896171923526, 6.887728114176955]]": {"ego_positions": [[29.2229, 16.25]], "ego_orientations": [3.1415], "obs_positions": [[24.809, 19.3933]], "obs_orientations": [3.6056], "objectives": {"extension_time": -1.2, "danger_difference": 87.18984159321295, "parameter_difference": 1.3242876690703511}, "attributes": {"generation_number": 7, "individual_number": 352, "crash": true, "goal_reached": false, "scenario_length": 1}}, "[[3.055208901532703], [1.1843683187889305, 24.21746273715512, 2.497540099127316], [0.9976766560336232, 81.0203743937852], [0.5200543391942878, 11.479144544988156]]": {"ego_positions": [[29.2229, 16.25]], "ego_orientations": [3.1415], "obs_positions": [[24.809, 19.3933]], "obs_orientations": [3.6056], "objectives": {"extension_time": -1.2, "danger_difference": 87.18984159321295, "parameter_difference": 1.1488864704325368}, "attributes": {"generation_number": 7, "individual_number": 383, "crash": true, "goal_reached": false, "scenario_length": 1}}, "[[2.7114679684424225], [1.1641631308980234, 21.298771147632447, 2.36284648721199], [22.783397510368992, 43.47980175280925], [0.7447253663972223, 19.59641538482058]]": {"ego_positions": [[29.2229, 16.25]], "ego_orientations": [3.1415], "obs_positions": [[24.809, 19.3933]], "obs_orientations": [3.6056], "objectives": {"extension_time": -1.2, "danger_difference": 87.18984159321295, "parameter_difference": 1.134162050189211}, "attributes": {"generation_number": 8, "individual_number": 408, "crash": true, "goal_reached": false, "scenario_length": 1}}, "[[4.526268437391892], [1.072077067529068, 8.207286569118665, 0.02415695221469899], [0.7229412493142965, 68.94317949731843], [0.23450224511601803, 11.373927096822108]]": {"ego_positions": [[29.2229, 16.25]], "ego_orientations": [3.1415], "obs_positions": [[24.809, 19.3933]], "obs_orientations": [3.6056], "objectives": {"extension_time": -1.2, "danger_difference": 87.18984159321295, "parameter_difference": 0.5144411851136249}, "attributes": {"generation_number": 10, "individual_number": 519, "crash": true, "goal_reached": false, "scenario_length": 1}}, "[[15.777557489944458], [0.7530513741784137, 24.547391061669607, 0.1408737699140994], [0.10029203130843284, 202.17285205619072], [0.4993100027035319, 6.035657601761155]]": {"ego_positions": [[29.2229, 16.25]], "ego_orientations": [3.1415], "obs_positions": [[24.809, 19.3933]], "obs_orientations": [3.6056], "objectives": {"extension_time": -1.2, "danger_difference": 87.18984159321295, "parameter_difference": 0.6218623824356009}, "attributes": {"generation_number": 10, "individual_number": 524, "crash": true, "goal_reached": false, "scenario_length": 1}}, "[[1.918206645568574], [0.7648337328097087, 7.323730148362528, 0.1712617503469993], [0.860329746557331, 42.98734747144704], [0.1632653251896734, 5.85649933675392]]": {"ego_positions": [[29.2229, 16.25]], "ego_orientations": [3.1415],