{"[[49.52139875550512], [3.585205661680874, 493.9234808641687, 85.71475203882939], [0.9807972046876425, 134.74649566486914], [1.3045771804436574, 25.820238416817983]]": {"ego_positions": [[27.523, 16.25]], "ego_orientations": [3.1415], "obs_positions": [[22.9685, 18.472]], "obs_orientations": [3.6865], "objectives": {"extension_time": -1.3, "danger_difference": 87.18984159321295, "parameter_difference": 34.42382207802732}, "attributes": {"generation_number": 0, "individual_number": 23, "crash": true, "goal_reached": false, "scenario_length": 1}}, "[[17.744106346730774], [2.5, 444.3996607394351, 2.0097842070249996], [0.9823718239681238, 171.7707070362299], [2.417462049013314, 20.46379142027117]]": {"ego_positions": [[27.523, 16.25]], "ego_orientations": [3.1415], "obs_positions": [[22.9685, 18.472]], "obs_orientations": [3.6865], "objectives": {"extension_time": -1.3, "danger_difference": 87.18984159321295, "parameter_difference": 2.645252542975343}, "attributes": {"generation_number": 2, "individual_number": 102, "crash": true, "goal_reached": false, "scenario_length": 1}}, "[[49.52139875550512], [3.585205661680874, 200.0, 2.5], [13.723068397172966, 134.74649566486914], [1.3045771804436574, 25.810288299756195]]": {"ego_positions": [[27.523, 16.25]], "ego_orientations": [3.1415], "obs_positions": [[22.9685, 18.472]], "obs_orientations": [3.6865], "objectives": {"extension_time": -1.3, "danger_difference": 87.18984159321295, "parameter_difference": 2.31894447372184}, "attributes": {"generation_number": 2, "individual_number": 147, "crash": true, "goal_reached": false, "scenario_length": 1}}, "[[7.280672424311271], [2.5, 199.67103023508653, 2.5], [0.8635138449352137, 31.51428725992554], [1.9849470156340587, 25.88549748558623]]": {"ego_positions": [[27.523, 16.25]], "ego_orientations": [3.1415], "obs_positions": [[22.9685, 18.472]], "obs_orientations": [3.6865], "objectives": {"extension_time": -1.3, "danger_difference": 87.18984159321295, "parameter_difference": 1.8142461875426947}, "attributes": {"generation_number": 3, "individual_number": 156, "crash": true, "goal_reached": false, "scenario_length": 1}}, "[[31.409801858148736], [2.5, 153.14382569356036, 2.5], [0.4450717315359415, 21.4786245639488], [4.065224297329447, 24.96672566311575]]": {"ego_positions": [[27.523, 16.25]], "ego_orientations": [3.1415], "obs_positions": [[22.9685, 18.472]], "obs_orientations": [3.6865], "objectives": {"extension_time": -1.3, "danger_difference": 87.18984159321295, "parameter_difference": 1.79965189515089}, "attributes": {"generation_number": 4, "individual_number": 211, "crash": true, "goal_reached": false, "scenario_length": 1}}, "[[7.280672424311271], [2.5, 196.10352005322994, 2.5], [0.8538611173501971, 31.51428725992554], [1.9849470156340587, 25.88549748558623]]": {"ego_positions": [[27.523, 16.25]], "ego_orientations": [3.1415], "obs_positions": [[22.9685, 18.472]], "obs_orientations": [3.6865], "objectives": {"extension_time": -1.3, "danger_difference": 87.18984159321295, "parameter_difference": 1.8044918866509259}, "attributes": {"generation_number": 4, "individual_number": 234, "crash": true, "goal_reached": false, "scenario_length": 1}}, "[[4.546799749633367], [2.4807667309675385, 161.17005424852707, 2.5], [1.050941386391755, 46.280981430069545], [0.5026544749372952, 13.478861110194021]]": {"ego_positions": [[27.523, 16.25]], "ego_orientations": [3.1415], "obs_positions": [[22.9685, 18.472]], "obs_orientations": [3.6865], "objectives": {"extension_time": -1.3, "danger_difference": 87.18984159321295, "parameter_difference": 1.6503570375494945}, "attributes": {"generation_number": 4, "individual_number": 238, "crash": true, "goal_reached": false, "scenario_length": 1}}, "[[7.3111211729983765], [2.5, 199.67103023508653, 2.4282476424676487], [0.9020823547410899, 31.51428725992554], [1.9849470156340587, 6.41292288393165]]": {"ego_positions": [[27.523, 16.25]], "ego_orientations": [3.1415], "obs_positions": [[22.9685, 18.472]], "obs_orientations": [3.6865], "objectives": {"extension_time": -1.3, "danger_difference": 87.18984159321295, "parameter_difference": 1.7272855918728693}, "attributes": {"generation_number": 4, "individual_number": 245, "crash": true, "goal_reached": false, "scenario_length": 1}}, "[[16.2217949880358], [2.482757610851521, 24.909954434232382, 2.5], [1.0072610136350546, 20.762927518133324], [0.9319556133194173, 6.60989418140487]]": {"ego_positions": [[27.523, 16.25]], "ego_orientations": [3.1415], "obs_positions": [[22.9685, 18.472]], "obs_orientations": [3.6865], "objectives": {"extension_time": -1.3, "danger_difference": 87.18984159321295, "parameter_difference": 1.458277773139633}, "attributes": {"generation_number": 5, "individual_number": 255, "crash": true, "goal_reached": false, "scenario_length": 1}}, "[[7.280247669498463], [2.431707518642392, 25.761777229907537, 2.452006418896985], [0.8780904477027087, 145.37704036794807], [0.7447881322104732, 19.531410096904786]]": {"ego_positions": [[27.523, 16.25]], "ego_orientations": [3.1415], "obs_positions": [[22.9685, 18.472]], "obs_orientations": [3.6865], "objectives": {"extension_time": -1.3, "danger_difference": 87.18984159321295, "parameter_difference": 1.4775755221069973}, "attributes": {"generation_number": 5, "individual_number": 265, "crash": true, "goal_reached": false, "scenario_length": 1}}, "[[3.99324501137459], [1.2396681619506438, 18.9796269122387, 2.5], [0.7997884447691032, 158.38671563955026], [0.516419560642965, 28.465819789563916]]": {"ego_positions": [[27.523, 16.25]], "ego_orientations": [3.1415], "obs_positions": [[22.9685, 18.472]], "obs_orientations": [3.6865], "objectives": {"extension_time": -1.3, "danger_difference": 87.18984159321295, "parameter_difference": 1.2983998933764223}, "attributes": {"generation_number": 5, "individual_number": 268, "crash": true, "goal_reached": false, "scenario_length": 1}}, "[[34.260240504569076], [1.1315655737658223, 30.99478285091323, 2.4993278824734366], [109.11055516242627, 92.15977326821823], [0.5176693500562584, 11.330192496418402]]": {"ego_positions": [[27.523, 16.25]], "ego_orientations": [3.1415], "obs_positions": [[22.9685, 18.472]], "obs_orientations": [3.6865], "objectives": {"extension_time": -1.3, "danger_difference": 87.18984159321295, "parameter_difference": 1.3398472799816896}, "attributes": {"generation_number": 6, "individual_number": 313, "crash": true, "goal_reached": false, "scenario_length": 1}}, "[[16.679550826164135], [1.536634873147068, 64.40288067266754, 2.3532168157386333], [1.5389946538359442, 88.42313593138805], [0.12588256615731186, 6.145191071871733]]": {"ego_positions": [[27.523, 16.25]], "ego_orientations": [3.1415], "obs_positions": [[22.9685, 18.472]], "obs_orientations": [3.6865], "objectives": {"extension_time": -1.3, "danger_difference": 87.18984159321295, "parameter_difference": 1.2349838383502778}, "attributes": {"generation_number": 7, "individual_number": 366, "crash": true, "goal_reached": false, "scenario_length": 1}}, "[[32.86726956970067], [1.1244295892987615, 16.141364819184613, 2.499220440069076], [1.2391013994317712, 68.5143318475852], [0.4416974489760815, 3.128668796182173]]": {"ego_positions": [[27.523, 16.25]], "ego_orientations": [3.1415], "obs_positions": [[22.9685, 18.472]], "obs_orientations": [3.6865], "objectives": {"extension_time": -1.3, "danger_difference": 87.18984159321295, "parameter_difference": 1.2895966674173591}, "attributes": {"generation_number": 7, "individual_number": 388, "crash": true, "goal_reached": false, "scenario_length": 1}}, "[[12.916698679397058], [1.1246486474677915, 23.592528270539326, 2.4622478671990944], [89.59245708622825, 68.45308601838202], [3.771914874222319, 6.620190334118492]]": {"ego_positions": [[27.523, 16.25]], "ego_orientations": [3.1415], "obs_positions": [[22.9685, 18.472]], "obs_orientations": [3.6865], "objectives": {"extension_time": -1.3, "danger_difference": 87.18984159321295, "parameter_difference": 1.1415092212018707},