{"[[14.932970939510303], [5.207918101036746, 53.68318090830354, 807.1163823989915], [2.3778319908640633, 126.2728580863637], [1.315527091420301, 25.97311623716102]]": {"ego_positions": [[68.323, 16.25], [66.62286514796835, 16.25049132132246], [64.92196387963213, 16.25272310825576], [63.219671776249406, 16.25768954837278], [61.515507767252096, 16.265748205305563], [59.80911383020539, 16.27681395224489], [58.100235659170785, 16.29051536726402], [56.3887085226775, 16.306329632880363], [54.67444561762435, 16.323622970880642], [52.95741308277955, 16.34175894407079], [51.23762927090435, 16.360155445870806], [49.51515398180141, 16.378301536923455], [47.790077187668984, 16.39576314481797], [46.06251220718423, 16.412197498380685], [44.33258951807547, 16.427352834490335], [42.60045136453835, 16.441062799799504], [40.86623457595326, 16.453229610082676], [39.13003749205279, 16.46379453308725], [37.39197540914673, 16.47275504781421], [35.65218710851934, 16.480167868942637], [33.9108248831795, 16.486139673428784], [32.169485854844346, 16.490802780727194], [30.436450224970706, 16.476836774816444], [28.72488055614297, 16.388221772127114], [27.044476579990324, 16.22245710055626], [25.399597401271414, 16.025240406405203], [23.78926149787403, 15.858332919734385], [22.207146720815267, 15.767424719718232], [20.641590294241603, 15.750000000000002], [19.079090294241603, 15.750000000000002], [17.51556989773433, 15.74974949331077], [15.938389263360413, 15.749635003925459], [14.342611077540035, 15.749676428859743], [12.730055994218226, 15.749734815184446], [11.107048298063848, 15.74974949331077], [9.482048298063848, 15.74974949331077], [7.857048298063848, 15.74974949331077], [6.232048298063848, 15.74974949331077]], "ego_orientations": [3.1415, 3.140927186973007, 3.1395394788854842, 3.137778883614748, 3.135960155088673, 3.1342946596264882, 3.1329065209937035, 3.131864065387582, 3.1312084181549356, 3.1309109451802435, 3.1309309800805365, 3.13122714200495, 3.1317470799832194, 3.132436438000058, 3.1332432314122927, 3.1341202128389547, 3.1350394824147374, 3.1359754980700463, 3.1368929441528626, 3.137760095609819, 3.138552230414653, 3.1392649162504864, -3.1153568523546995, -3.0640534128090082, -3.026929095139245, -3.024074179688768, -3.0580261199932055, -3.110978679592174, -3.1415926535897927, -3.1415926535897927, -3.1414329325069863, -3.1415871021312203, 3.141550378139152, 3.1415690846203606, -3.141592653589793, -3.141592653589793, -3.141592653589793, -3.141592653589793], "obs_positions": [[71.054, 20.4627], [69.054, 20.4627], [67.054, 20.4627], [65.054, 20.4627], [63.054, 20.4627], [61.054, 20.4627], [59.054, 20.4627], [57.054, 20.4627], [55.054, 20.4627], [53.054, 20.4627], [51.054, 20.4627], [49.0541, 20.4627], [47.0386, 20.6999], [44.9735, 20.9537], [42.9295, 21.1939], [40.8676, 21.4029], [38.794, 21.5567], [36.7855, 21.6306], [34.7459, 21.6084], [32.6662, 21.4627], [30.6341, 21.1784], [28.6588, 20.7472], [26.6699, 20.1387], [24.809, 19.3933], [22.9685, 18.472], [21.2044, 17.4026], [19.5455, 16.2178], [17.9884, 14.9371], [16.5126, 13.5635]], "obs_orientations": [3.1415, 3.1415, 3.1415, 3.1415, 3.1415, 3.1415, 3.1415, 3.1415, 3.1415, 3.1415, 3.1415, 3.0244, 3.0192, 3.0246, 3.0406, 3.0675, 3.1048, 3.1524, 3.2115, 3.2805, 3.3565, 3.4384, 3.5226, 3.6056, 3.6865, 3.7618, 3.8299, 3.891, 3.9457], "objectives": {"extension_time": 1.1, "danger_difference": 0.3764053046581921, "parameter_difference": 322.85404118043135}, "attributes": {"generation_number": 0, "individual_number": 13, "crash": true, "goal_reached": true, "scenario_length": 38}}, "[[12.352740331944661], [36.366331525913886, 200.0, 2.5], [0.6536979990990661, 70.14159417899542], [0.8432279542282312, 37.21495511375455]]": {"ego_positions": [[68.323, 16.25], [66.62286514796835, 16.25049132132246], [64.92196387963213, 16.25272310825576], [63.219671776249406, 16.25768954837278], [61.515507767252096, 16.265748205305563], [59.80911383020539, 16.27681395224489], [58.100235659170785, 16.29051536726402], [56.3887085226775, 16.306329632880363], [54.67444561762435, 16.323622970880642], [52.95741308277955, 16.34175894407079], [51.23762927090435, 16.360155445870806], [49.51515398180141, 16.378301536923455], [47.790077187668984, 16.39576314481797], [46.06251220718423, 16.412197498380685], [44.33258951807547, 16.427352834490335], [42.60045136453835, 16.441062799799504], [40.86623457595326, 16.453229610082676], [39.13003749205279, 16.46379453308725], [37.39197540914673, 16.47275504781421], [35.65218710851934, 16.480167868942637], [33.9108248831795, 16.486139673428784], [32.169485854844346, 16.490802780727194], [30.436450224970706, 16.476836774816444], [28.72488055614297, 16.388221772127114], [27.044476579990324, 16.22245710055626], [25.399597401271414, 16.025240406405203], [23.78926149787403, 15.858332919734385], [22.207146720815267, 15.767424719718232], [20.641590294241603, 15.750000000000002], [19.079090294241603, 15.750000000000002], [17.51556989773433, 15.74974949331077], [15.938389263360413, 15.749635003925459], [14.342611077540035, 15.749676428859743], [12.730055994218226, 15.749734815184446], [11.107048298063848, 15.74974949331077], [9.482048298063848, 15.74974949331077], [7.857048298063848, 15.74974949331077], [6.232048298063848, 15.74974949331077]], "ego_orientations": [3.1415, 3.140927186973007, 3.1395394788854842, 3.137778883614748, 3.135960155088673, 3.1342946596264882, 3.1329065209937035, 3.131864065387582, 3.1312084181549356, 3.1309109451802435, 3.1309309800805365, 3.13122714200495, 3.1317470799832194, 3.132436438000058, 3.1332432314122927, 3.1341202128389547, 3.1350394824147374, 3.1359754980700463, 3.1368929441528626, 3.137760095609819, 3.138552230414653, 3.1392649162504864, -3.1153568523546995, -3.0640534128090082, -3.026929095139245, -3.024074179688768, -3.0580261199932055, -3.110978679592174, -3.1415926535897927, -3.1415926535897927, -3.1414329325069863, -3.1415871021312203, 3.141550378139152, 3.1415690846203606, -3.141592653589793, -3.141592653589793, -3.141592653589793, -3.141592653589793], "obs_positions": [[71.054, 20.4627], [69.054, 20.4627], [67.054, 20.4627], [65.054, 20.4627], [63.054, 20.4627], [61.054, 20.4627], [59.054, 20.4627], [57.054, 20.4627], [55.054, 20.4627], [53.054, 20.4627], [51.054, 20.4627], [49.0541, 20.4627], [47.0386, 20.6999], [44.9735, 20.9537], [42.9295, 21.1939], [40.8676, 21.4029], [38.794, 21.5567], [36.7855, 21.6306], [34.7459, 21.6084], [32.6662, 21.4627], [30.6341, 21.1784], [28.6588, 20.7472], [26.6699, 20.1387], [24.809, 19.3933], [22.9685, 18.472], [21.2044, 17.4026], [19.5455, 16.2178], [17.9884, 14.9371], [16.5126, 13.5635]], "obs_orientations": [3.1415, 3.1415, 3.1415, 3.1415, 3.1415, 3.1415, 3.1415, 3.1415, 3.1415, 3.1415, 3.1415, 3.0244, 3.0192, 3.0246, 3.0406, 3.0675, 3.1048, 3.1524, 3.2115, 3.2805, 3.3565, 3.4384, 3.5226, 3.6056, 3.6865, 3.7618, 3.8299, 3.891, 3.9457], "objectives": {"extension_time": 1.1, "danger_difference": 0.3764053046581921, "parameter_difference": 14.636823167243959}, "attributes": {"generation_number": 1, "individual_number": 57, "crash": true, "goal_reached": true, "scenario_length": 38}},