{"[[49.73064180883882], [0.8738501962635536, 101.93445416057622, 885.4048720392798], [1.5477661638795555, 131.18057019992466], [1.4731255024982715, 39.42899492566953]]": {"ego_positions": [[70.023, 16.25], [68.32286514796836, 16.25049132132246], [66.62196387963213, 16.25272310825576], [64.9196717762494, 16.25768954837278], [63.2155077672521, 16.265748205305563], [61.50911383020539, 16.27681395224489], [59.80023670031828, 16.29051387912759], [58.08871086631297, 16.306308564635177], [56.374443548858004, 16.323602292650353], [54.65741222676442, 16.34175326816724], [52.93762910510011, 16.360155128623404], [51.2151539818504, 16.37830153692346], [49.49007718771797, 16.39576314481797], [47.762512207233215, 16.412197498380685], [46.03258951812446, 16.427352834490335], [44.30045136458734, 16.441062799799504], [42.56624722809565, 16.453237484239637], [40.83012000296052, 16.46384101176461], [39.092179788720024, 16.472856095485245], [37.35254855699534, 16.48032258244636], [35.61136510187177, 16.486337671203632], [33.86877677544341, 16.49104043208252], [32.12637596166772, 16.494579675597492], [30.392451056064345, 16.479621530643218], [28.680177237885843, 16.39012671690179], [26.999256461576863, 16.22361248395712], [25.354036749911074, 16.025816378786278], [23.74351219399111, 15.858533542874488], [22.161322953248472, 15.767454009330178], [20.595755255443777, 15.750000000000004], [19.033255255443777, 15.750000000000002], [17.476630366240002, 15.749778573276352], [15.937118811586942, 15.74967737434406], [14.414696767467802, 15.749713990481954], [12.905668718262604, 15.749765599054262], [11.404280989377359, 15.749778573276352], [9.904280989377359, 15.749778573276352], [8.404280989377359, 15.749778573276352], [6.904280989377359, 15.749778573276352]], "ego_orientations": [3.1415, 3.140927186973007, 3.1395394788854842, 3.137778883614748, 3.135960155088673, 3.1342946596264882, 3.1329120127240593, 3.131875266482494, 3.131196595343951, 3.130905778825002, 3.130929932632273, 3.13122714200495, 3.1317470799832194, 3.132436438000058, 3.1332432314122927, 3.1341202128389547, 3.135026287353421, 3.1359463169159674, 3.136860220185575, 3.1377312497581906, 3.1385310442875114, 3.1392406081410735, 3.1398715721162205, -3.1148269639114354, -3.063600819879227, -3.026559740519094, -3.023801144185433, -3.057865039629301, -3.1109262906410398, -3.1415926535897922, -3.1415926535897922, -3.141449684520013, -3.1415875673961597, 3.141553067974476, 3.1415702259030587, -3.141592653589793, -3.141592653589793, -3.141592653589793, -3.141592653589793], "obs_positions": [[73.054, 20.4627], [71.054, 20.4627], [69.054, 20.4627], [67.054, 20.4627], [65.054, 20.4627], [63.054, 20.4627], [61.054, 20.4627], [59.054, 20.4627], [57.054, 20.4627], [55.054, 20.4627], [53.054, 20.4627], [51.0541, 20.4627], [49.0541, 20.4627], [47.0386, 20.6999], [44.9735, 20.9537], [42.9295, 21.1939], [40.8676, 21.4029], [38.794, 21.5567], [36.7855, 21.6306], [34.7459, 21.6084], [32.6662, 21.4627], [30.6341, 21.1784], [28.6588, 20.7472], [26.6699, 20.1387], [24.809, 19.3933], [22.9685, 18.472], [21.2044, 17.4026], [19.5455, 16.2178], [17.9884, 14.9371], [16.5126, 13.5635]], "obs_orientations": [3.1415, 3.1415, 3.1415, 3.1415, 3.1415, 3.1415, 3.1415, 3.1415, 3.1415, 3.1415, 3.1415, 3.1415, 3.0244, 3.0192, 3.0246, 3.0406, 3.0675, 3.1048, 3.1524, 3.2115, 3.2805, 3.3565, 3.4384, 3.5226, 3.6056, 3.6865, 3.7618, 3.8299, 3.891, 3.9457], "objectives": {"extension_time": 1.2, "danger_difference": 0.375600888244108, "parameter_difference": 354.16486097548744}, "attributes": {"generation_number": 0, "individual_number": 26, "crash": true, "goal_reached": true, "scenario_length": 39}}, "[[49.73064180883882], [0.8738501962635536, 101.93445416057622, 885.4048720392798], [0.7369726118428277, 129.39076789375798], [0.6564332914393189, 39.42899492566953]]": {"ego_positions": [[70.023, 16.25], [68.32286514796836, 16.25049132132246], [66.62196387963213, 16.25272310825576], [64.9196717762494, 16.25768954837278], [63.2155077672521, 16.265748205305563], [61.50911383020539, 16.27681395224489], [59.80023670031828, 16.29051387912759], [58.08871086631297, 16.306308564635177], [56.374443548858004, 16.323602292650353], [54.65741222676442, 16.34175326816724], [52.93762910510011, 16.360155128623404], [51.2151539818504, 16.37830153692346], [49.49007718771797, 16.39576314481797], [47.762512207233215, 16.412197498380685], [46.03258951812446, 16.427352834490335], [44.30045136458734, 16.441062799799504], [42.56624722809565, 16.453237484239637], [40.83012000296052, 16.46384101176461], [39.092179788720024, 16.472856095485245], [37.35254855699534, 16.48032258244636], [35.61136510187177, 16.486337671203632], [33.86877677544341, 16.49104043208252], [32.12637596166772, 16.494579675597492], [30.392451056064345, 16.479621530643218], [28.680177237885843, 16.39012671690179], [26.999256461576863, 16.22361248395712], [25.354036749911074, 16.025816378786278], [23.74351219399111, 15.858533542874488], [22.161322953248472, 15.767454009330178], [20.595755255443777, 15.750000000000004], [19.033255255443777, 15.750000000000002], [17.476630366240002, 15.749778573276352], [15.937118811586942, 15.74967737434406], [14.414696767467802, 15.749713990481954], [12.905668718262604, 15.749765599054262], [11.404280989377359, 15.749778573276352], [9.904280989377359, 15.749778573276352], [8.404280989377359, 15.749778573276352], [6.904280989377359, 15.749778573276352]], "ego_orientations": [3.1415, 3.140927186973007, 3.1395394788854842, 3.137778883614748, 3.135960155088673, 3.1342946596264882, 3.1329120127240593, 3.131875266482494, 3.131196595343951, 3.130905778825002, 3.130929932632273, 3.13122714200495, 3.1317470799832194, 3.132436438000058, 3.1332432314122927, 3.1341202128389547, 3.135026287353421, 3.1359463169159674, 3.136860220185575, 3.1377312497581906, 3.1385310442875114, 3.1392406081410735, 3.1398715721162205, -3.1148269639114354, -3.063600819879227, -3.026559740519094, -3.023801144185433, -3.057865039629301, -3.1109262906410398, -3.1415926535897922, -3.1415926535897922, -3.141449684520013, -3.1415875673961597, 3.141553067974476, 3.1415702259030587, -3.141592653589793, -3.141592653589793, -3.141592653589793, -3.141592653589793], "obs_positions": [[73.054, 20.4627], [71.054, 20.4627], [69.054, 20.4627], [67.054, 20.4627], [65.054, 20.4627], [63.054, 20.4627], [61.054, 20.4627], [59.054, 20.4627], [57.054, 20.4627], [55.054, 20.4627], [53.054, 20.4627], [51.0541, 20.4627], [49.0541, 20.4627], [47.0386, 20.6999], [44.9735, 20.9537], [42.9295, 21.1939], [40.8676, 21.4029], [38.794, 21.5567], [36.7855, 21.6306], [34.7459, 21.6084], [32.6662, 21.4627], [30.6341, 21.1784], [28.6588, 20.7472], [26.6699, 20.1387], [24.809, 19.3933], [22.9685, 18.472], [21.2044, 17.4026], [19.5455, 16.2178], [17.9884, 14.9371], [16.5126, 13.5635]], "obs_orientations": [3.1415, 3.1415, 3.1415, 3.1415, 3.1415, 3.1415, 3.1415, 3.1415, 3.1415, 3.1415, 3.1415, 3.1415, 3.0244, 3.0192, 3.0246, 3.0406, 3.0675, 3.1048, 3.1524, 3.2115, 3.2805, 3.3565, 3.4384, 3.5226, 3.6056, 3.6865, 3.7618, 3.8299, 3.891, 3.9457], "objectives": {"extension_time": 1.2, "danger_difference": 0.375600888244108, "parameter_difference": 354.1648573570951}, "attributes": {"generation_number": 1, "individual_number": 99, "crash": true, "goal_reached": true, "scenario_length": 39}}}