{"[[49.4240032015516], [33.460019839504255, 202.63308446533546, 897.047753616467], [0.09422147432750799, 81.32185180997473], [0.2032509988128109, 45.1928592625091]]": {"ego_positions": [[78.523, 16.25], [76.82286514796837, 16.25049132132246], [75.12196387963215, 16.25272310825576], [73.41967177624942, 16.25768954837278], [71.7155077672521, 16.265748205305563], [70.0091138302054, 16.27681395224489], [68.3002367003183, 16.29051387912759], [66.58871148682256, 16.306308085218234], [64.87444708346803, 16.32358117842326], [63.15741325404606, 16.34170908348158], [61.43762927062705, 16.360105445870804], [59.71515380690081, 16.378252384815763], [57.99007631136859, 16.39572048846753], [56.262511079574885, 16.41217697007233], [54.53258910251434, 16.427348165605004], [52.80045136450848, 16.441062799799504], [51.06624722801678, 16.453237484239637], [49.33013006496433, 16.463852524775444], [47.592253221273374, 16.47293739764363], [45.85276794091748, 16.48056373794443], [44.11182139210319, 16.486834287084445], [42.36955229878583, 16.49185948604224], [40.62608381493586, 16.495724985243612], [38.88153779203568, 16.49855155347861], [37.1360354803552, 16.500490980593018], [35.389694233408484, 16.501706181997037], [33.6426210025138, 16.502337809771465], [31.90167964730758, 16.502258982132936], [30.190242046284634, 16.483884471791633], [28.512911517939965, 16.39182587813796], [26.868010978721326, 16.223865988117716], [25.25225141850451, 16.025569031152042], [23.66073190059343, 15.85832736056961], [22.086939561719984, 15.76740813503883], [20.522749612044162, 15.75], [18.960249612044162, 15.749999999999996], [17.406303202202945, 15.749780741188037], [15.8455064097496, 15.749680533059136], [14.263138056932103, 15.749716790701218], [12.657321381203158, 15.749767893992024], [11.035505967903173, 15.749780741188037], [9.410505967903173, 15.749780741188038], [7.785505967903173, 15.749780741188038], [6.160505967903173, 15.74978074118804]], "ego_orientations": [3.1415, 3.140927186973007, 3.1395394788854842, 3.137778883614748, 3.135960155088673, 3.1342946596264882, 3.1329120127240593, 3.1318791173694005, 3.1312164688417674, 3.1309117647720637, 3.1309309800805365, 3.1312256310636717, 3.1317382627883763, 3.1324238656594656, 3.13323773169816, 3.1341202128389547, 3.135026287353421, 3.135927189421794, 3.136795605172536, 3.137610895245431, 3.1383585466874595, 3.1390514802402607, 3.1396875390793095, 3.140242421479907, 3.1407048442878294, 3.1410733312959205, 3.1413833156388296, -3.1412411856810443, -3.1125213790297686, -3.0606675477581673, -3.0236467211922977, -3.021917629254632, -3.057260145874907, -3.110922318681743, -3.141592653589791, -3.141592653589791, -3.1414514666599103, -3.141587745373295, 3.141555412777455, 3.141571981483431, 3.1415926535897922, 3.1415926535897922, 3.1415926535897922, 3.1415926535897922], "obs_positions": [[83.0541, 20.4627], [81.0541, 20.4627], [79.0541, 20.4627], [77.0541, 20.4627], [75.0541, 20.4627], [73.0541, 20.4627], [71.0541, 20.4627], [69.0541, 20.4627], [67.0541, 20.4627], [65.0541, 20.4627], [63.0541, 20.4627], [61.0541, 20.4627], [59.0541, 20.4627], [57.0541, 20.4627], [55.0541, 20.4627], [53.0541, 20.4627], [51.0541, 20.4627], [49.0541, 20.4627], [47.0386, 20.6999], [44.9735, 20.9537], [42.9295, 21.1939], [40.8676, 21.4029], [38.794, 21.5567], [36.7855, 21.6306], [34.7459, 21.6084], [32.6662, 21.4627], [30.6341, 21.1784], [28.6588, 20.7472], [26.6699, 20.1387], [24.809, 19.3933], [22.9685, 18.472], [21.2044, 17.4026], [19.5455, 16.2178], [17.9884, 14.9371], [16.5126, 13.5635]], "obs_orientations": [3.1415, 3.1415, 3.1415, 3.1415, 3.1415, 3.1415, 3.1415, 3.1415, 3.1415, 3.1415, 3.1415, 3.1415, 3.1415, 3.1415, 3.1415, 3.1415, 3.1415, 3.0244, 3.0192, 3.0246, 3.0406, 3.0675, 3.1048, 3.1524, 3.2115, 3.2805, 3.3565, 3.4384, 3.5226, 3.6056, 3.6865, 3.7618, 3.8299, 3.891, 3.9457], "objectives": {"extension_time": 1.7, "danger_difference": 0.3735782818435922, "parameter_difference": 359.07259190265484}, "attributes": {"generation_number": 0, "individual_number": 0, "crash": true, "goal_reached": true, "scenario_length": 44}}, "[[1.600659113034098], [1.1984665423527807, 23.612327281032464, 2.5], [0.12122455404738486, 78.19622948197667], [0.7417820769323846, 19.531410096904786]]": {"ego_positions": [[78.523, 16.25], [76.82286514796837, 16.25049132132246], [75.12196387963215, 16.25272310825576], [73.41967177624942, 16.25768954837278], [71.7155077672521, 16.265748205305563], [70.0091138302054, 16.27681395224489], [68.3002367003183, 16.29051387912759], [66.58871148682256, 16.306308085218234], [64.87444708346803, 16.32358117842326], [63.15741325404606, 16.34170908348158], [61.43762927062705, 16.360105445870804], [59.71515380690081, 16.378252384815763], [57.99007631136859, 16.39572048846753], [56.262511079574885, 16.41217697007233], [54.53258910251434, 16.427348165605004], [52.80045136450848, 16.441062799799504], [51.06624722801678, 16.453237484239637], [49.33013006496433, 16.463852524775444], [47.592253221273374, 16.47293739764363], [45.85276794091748, 16.48056373794443], [44.11182139210319, 16.486834287084445], [42.36955229878583, 16.49185948604224], [40.62608381493586, 16.495724985243612], [38.88153779203568, 16.49855155347861], [37.1360354803552, 16.500490980593018], [35.389694233408484, 16.501706181997037], [33.6426210025138, 16.502337809771465], [31.90167964730758, 16.502258982132936], [30.190242046284634, 16.483884471791633], [28.512911517939965, 16.39182587813796], [26.868010978721326, 16.223865988117716], [25.25225141850451, 16.025569031152042], [23.66073190059343, 15.85832736056961], [22.086939561719984, 15.76740813503883], [20.522749612044162, 15.75], [18.960249612044162, 15.749999999999996], [17.406303202202945, 15.749780741188037], [15.8455064097496, 15.749680533059136], [14.263138056932103, 15.749716790701218], [12.657321381203158, 15.749767893992024], [11.035505967903173, 15.749780741188037], [9.410505967903173, 15.749780741188038], [7.785505967903173, 15.749780741188038], [6.160505967903173, 15.74978074118804]], "ego_orientations": [3.1415, 3.140927186973007, 3.1395394788854842, 3.137778883614748, 3.135960155088673, 3.1342946596264882, 3.1329120127240593, 3.1318791173694005, 3.1312164688417674, 3.1309117647720637, 3.1309309800805365, 3.1312256310636717, 3.1317382627883763, 3.1324238656594656, 3.13323773169816, 3.1341202128389547, 3.135026287353421, 3.135927189421794, 3.136795605172536, 3.137610895245431, 3.1383585466874595, 3.1390514802402607, 3.1396875390793095, 3.140242421479907, 3.1407048442878294, 3.1410733312959205, 3.1413833156388296, -3.1412411856810443, -3.1125213790297686, -3.0606675477581673, -3.0236467211922977, -3.021917629254632, -3.057260145874907, -3.110922318681743, -3.141592653589791, -3.141592653589791, -3.1414514666599103, -3.141587745373295, 3.141555412777455, 3.141571981483431, 3.1415926535897922, 3.1415926535897922, 3.1415926535897922, 3.1415926535897922], "obs_positions": [[83.0541, 20.4627], [81.0541, 20.4627], [79.0541, 20.4627], [77.0541, 20.4627], [75.0541, 20.4627], [73.0541, 20.4627], [71.0541, 20.4627], [69.0541, 20.4627], [67.0541, 20.4627], [65.0541, 20.4627], [63.0541, 20.4627], [61.0541, 20.4627], [59.0541, 20.4627], [57.0541, 20.4627], [55.0541, 20.4627], [53.0541, 20.4627], [51.0541, 20.4627], [49.0541, 20.4627], [47.0386, 20.6999], [44.9735, 20.9537], [42.9295, 21.1939], [40.8676, 21.4029], [38.794, 21.5567], [36.7855, 21.6306], [34.7459, 21.6084], [32.6662, 21.4627], [30.6341, 21.1784], [28.6588, 20.7472], [26.6699, 20.1387], [24.809, 19.3933], [22.9685, 18.472], [21.2044, 17.4026], [19.5455, 16.2178], [17.9884, 14.9371], [16.5126, 13.5635]], "obs_orientations": [3.1415, 3.1415, 3.1415, 3.1415, 3.1415, 3.1415, 3.1415, 3.1415, 3.1415, 3.1415, 3.1415, 3.1415, 3.1415, 3.1415, 3.1415, 3.1415, 3.1415, 3.0244, 3.0192, 3.0246, 3.0406, 3.0675, 3.1048, 3.1524, 3.2115, 3.2805, 3.3565, 3.4384, 3.5226, 3.6056, 3.6865, 3.7618, 3.8299, 3.891, 3.9457], "objectives": {"extension_time": 1.7,