{"[[40.61906185771528], [25.422268267200398, 82.21078477480181, 260.2896896840214], [0.19024941736086015, 0.44789802688047775], [2.1253693043537076, 39.81837916081955]]": {"ego_positions": [[66.623, 16.25], [64.92286514796837, 16.25015507327664], [63.22196387963214, 16.25029734860602], [61.51967177624941, 16.25041944321645], [59.81550776725211, 16.2505185549329], [58.10911252353182, 16.25059727827782], [56.40023365759566, 16.25066968965097], [54.68870870135216, 16.25072959907755], [52.974447053258196, 16.250763216468133], [51.25741325430721, 16.25077664004545], [49.537629270888196, 16.2507822705407], [47.81515398178526, 16.250782614907397], [46.09007718765283, 16.250779674023764], [44.36251220716807, 16.250774964132876], [42.63258951805932, 16.250769571941177], [40.900435744531016, 16.25076429091891], [39.16613270405276, 16.250759803552267], [37.42978515112877, 16.25075640367439], [35.69152913702671, 16.250754078541693], [33.951520110213984, 16.25075265918107], [32.210538495684595, 16.250751921557224], [30.47708800645187, 16.198916022108293], [28.77478712184771, 16.00037578094219], [27.11353167672246, 15.80183560861562], [25.482359068493484, 15.750000000000004], [23.857359068493484, 15.750000000000005], [22.232359068493484, 15.750000000000005], [20.607359068493484, 15.750000000000007], [18.982359068493484, 15.750000000000009], [17.358103583473326, 15.750000097218003], [15.734377662513001, 15.75000014164968], [14.11042046964194, 15.750000125573262], [12.485944477619817, 15.750000102914372], [10.861037194737197, 15.750000097218003], [9.236037194737197, 15.750000097218003], [7.611037194737196, 15.750000097218003], [5.986037194737195, 15.750000097218003]], "ego_orientations": [3.1415, 3.141504219101336, 3.1415144995128395, 3.1415276146634743, 3.1415413296420303, 3.1415486080216097, 3.1415532228371394, 3.141563989007777, 3.1415819995951377, 3.1415873765035225, 3.1415911359145463, -3.1415917313907817, -3.141590313402067, -3.1415896458144905, -3.1415894968430615, -3.1415897871928533, -3.141590370817493, -3.1415910169079604, -3.141591597291842, -3.141592055993002, -3.1415923823521084, -3.0650348126721405, -3.0029103382285083, -3.061386309118143, 3.1415926535897922, 3.1415926535897922, 3.1415926535897922, 3.1415926535897922, 3.1415926535897922, 3.1415925937190967, 3.141592651484915, -3.1415926373788063, -3.1415926444741302, 3.141592653589793, 3.141592653589793, 3.141592653589793, 3.141592653589793], "obs_positions": [[69.054, 20.4627], [67.054, 20.4627], [65.054, 20.4627], [63.054, 20.4627], [61.0541, 20.4627], [59.0541, 20.4627], [57.0541, 20.4627], [55.0541, 20.4627], [53.0541, 20.4627], [51.0541, 20.4627], [49.0541, 20.4627], [47.0386, 20.6999], [44.9735, 20.9537], [42.9295, 21.1939], [40.8676, 21.4029], [38.794, 21.5567], [36.7855, 21.6306], [34.7459, 21.6084], [32.6662, 21.4627], [30.6341, 21.1784], [28.6588, 20.7472], [26.6699, 20.1387], [24.809, 19.3933], [22.9685, 18.472], [21.2044, 17.4026], [19.5455, 16.2178], [17.9884, 14.9371], [16.5126, 13.5635]], "obs_orientations": [3.1415, 3.1415, 3.1415, 3.1415, 3.1415, 3.1415, 3.1415, 3.1415, 3.1415, 3.1415, 3.0244, 3.0192, 3.0246, 3.0406, 3.0675, 3.1048, 3.1524, 3.2115, 3.2805, 3.3565, 3.4384, 3.5226, 3.6056, 3.6865, 3.7618, 3.8299, 3.891, 3.9457], "objectives": {"extension_time": 1.0, "danger_difference": 0.9085235486236201, "parameter_difference": 104.61829296251929}, "attributes": {"generation_number": 0, "individual_number": 16, "crash": true, "goal_reached": true, "scenario_length": 37}}, "[[15.954355185794682], [36.366331525913886, 287.2239501363226, 370.21123924967844], [0.626171939602127, 70.14159417899542], [0.8432279542282312, 20.272212091807173]]": {"ego_positions": [[66.623, 16.25], [64.92286514796837, 16.25049132132246], [63.22196387963214, 16.25272310825576], [61.51967177624941, 16.25768954837278], [59.81550776725211, 16.265748205305563], [58.10911266092543, 16.276816285729687], [56.4002341441436, 16.290532831017664], [54.68870932294093, 16.30634866128985], [52.974447062166824, 16.323631178423263], [51.25741325430721, 16.34175908348158], [49.537629270888196, 16.360155445870806], [47.81515398178526, 16.37830153692346], [46.09007718765283, 16.39576314481797], [44.36251220716807, 16.412197498380685], [42.63258951805932, 16.427352834490335], [40.900435744531016, 16.441060560708532], [39.16613270405276, 16.4532161041014], [37.42978515112877, 16.463764995096916], [35.69152913702671, 16.472709702115434], [33.951520110213984, 16.480109748114252], [32.21135834300312, 16.486070040507617], [30.47931262999207, 16.473284313000576], [28.768529349647736, 16.385752189262476], [27.08870407498506, 16.22093848822022], [25.44420706924763, 16.024474644636705], [23.8340832859076, 15.85806366892951], [22.252052368665804, 15.767385106989597], [20.68650865145169, 15.75], [19.12400865145169, 15.749999999999998], [17.5604235828139, 15.749723119818402], [15.983132275843506, 15.749596576922906], [14.38726350681046, 15.74964236309877], [12.7746629056505, 15.749706896370261], [11.151647155644106, 15.749723119818402], [9.526647155644106, 15.749723119818402], [7.901647155644106, 15.749723119818402], [6.276647155644106, 15.749723119818402]], "ego_orientations": [3.1415, 3.140927186973007, 3.1395394788854842, 3.137778883614748, 3.135960155088673, 3.134289050004839, 3.132899761049498, 3.131868357154654, 3.1312164688417674, 3.1309117647720637, 3.1309309800805365, 3.13122714200495, 3.1317470799832194, 3.132436438000058, 3.1332432314122927, 3.1341241779355467, 3.135048413516016, 3.135985588718991, 3.1369019123715605, 3.1377667689363413, 3.138553881233502, -3.1160000881469325, -3.0646239228362235, -3.027409165958296, -3.0244363448810394, -3.0582423223582462, -3.111049506980079, -3.1415926535897922, -3.1415926535897922, -3.1414161287104334, -3.141586518086161, 3.1415459293781254, 3.1415666036321976, -3.141592653589793, -3.141592653589793, -3.141592653589793, -3.141592653589793], "obs_positions": [[69.054, 20.4627], [67.054, 20.4627], [65.054, 20.4627], [63.054, 20.4627], [61.0541, 20.4627], [59.0541, 20.4627], [57.0541, 20.4627], [55.0541, 20.4627], [53.0541, 20.4627], [51.0541, 20.4627], [49.0541, 20.4627], [47.0386, 20.6999], [44.9735, 20.9537], [42.9295, 21.1939], [40.8676, 21.4029], [38.794, 21.5567], [36.7855, 21.6306], [34.7459, 21.6084], [32.6662, 21.4627], [30.6341, 21.1784], [28.6588, 20.7472], [26.6699, 20.1387], [24.809, 19.3933], [22.9685, 18.472], [21.2044, 17.4026], [19.5455, 16.2178], [17.9884, 14.9371], [16.5126, 13.5635]], "obs_orientations": [3.1415, 3.1415, 3.1415, 3.1415, 3.1415, 3.1415, 3.1415, 3.1415, 3.1415, 3.1415, 3.0244, 3.0192, 3.0246, 3.0406, 3.0675, 3.1048, 3.1524, 3.2115, 3.2805, 3.3565, 3.4384, 3.5226, 3.6056, 3.6865, 3.7618, 3.8299, 3.891, 3.9457], "objectives": {"extension_time": 1.0, "danger_difference": 0.37749659869487573, "parameter_difference": 148.8051346002527}, "attributes": {"generation_number": 0, "individual_number": 35, "crash": true, "goal_reached": true, "scenario_length": 37}},