{"[[40.64607734477113], [2.5, 158.8655705558702, 2.5], [0.3741905967995915, 46.628657818544575], [0.7953071161081458, 37.7685320964489]]": {"ego_positions": [[88.723, 16.25], [87.02286514796836, 16.25049132132246], [85.32196387963214, 16.25272310825576], [83.61967177624942, 16.25768954837278], [81.91550776725211, 16.265748205305563], [80.20911383020541, 16.27681395224489], [78.50023670031828, 16.29051387912759], [76.78871148682256, 16.306308085218234], [75.07444708346803, 16.32358117842326], [73.35741325404608, 16.34170908348158], [71.63762927062707, 16.360105445870804], [69.91515398152414, 16.378251536923457], [68.19007718739171, 16.395713144817968], [66.46251220690696, 16.412147498380683], [64.73258951779822, 16.427302834490334], [63.00045136426109, 16.441012799799502], [61.26624722776937, 16.453187484239635], [59.53012986154479, 16.46380693135579], [57.792252950355625, 16.472905778705996], [56.05276776984525, 16.480550204486544], [54.31182134155801, 16.486831965476803], [52.569555141483264, 16.491872869805945], [50.82610401357249, 16.495815640870088], [49.08159527777238, 16.498803713612745], [47.33614819614948, 16.500968234531484], [45.58987458113353, 16.502413899935682], [43.84288044448529, 16.503265525029793], [42.095265102428286, 16.503643168290374], [40.347120067565896, 16.50366289894516], [38.59852852222246, 16.503418349511737], [36.84956624254039, 16.502962387906116], [35.10030402980718, 16.5023847145896], [33.3508058793108, 16.501783120403676], [31.60404226594094, 16.501253569116972], [29.87546744874379, 16.474256714310368], [28.18630327094475, 16.343169271820503], [26.549844660341652, 16.125318204914326], [24.96870903766805, 15.907530134929242], [23.43483631659329, 15.776640047702402], [21.9294889037224, 15.750000000000002], [20.4294889037224, 15.750000000000002], [18.9294889037224, 15.750000000000004], [17.435186694269365, 15.750042162241646], [15.944937250946992, 15.750061431703639], [14.452917878284936, 15.750054459562119], [12.95692812359063, 15.750044632685489], [11.457637689857414, 15.750042162241643], [9.957637689857414, 15.750042162241645], [8.457637689857414, 15.750042162241646], [6.957637689857413, 15.750042162241648]], "ego_orientations": [3.1415, 3.140927186973007, 3.1395394788854842, 3.137778883614748, 3.135960155088673, 3.1342946596264882, 3.1329120127240593, 3.1318791173694005, 3.1312164688417674, 3.1309117647720637, 3.1309309800805365, 3.13122714200495, 3.1317470799832194, 3.132436438000058, 3.1332432314122927, 3.1341202128389547, 3.1350266577432664, 3.135921343693803, 3.13678546457444, 3.137602260649288, 3.1383549100416306, 3.139029457783796, 3.13961913769961, 3.1401268835247302, 3.140569665853257, 3.1409469987729337, 3.141252141978857, 3.141489763432687, -3.1415226565309387, -3.1413857131298473, -3.141287441688752, -3.141247057447736, -3.141257821404583, -3.141334736549593, -3.0991737046383, -3.0306024808478895, -2.9967450620066085, -3.0229845234144923, -3.0938640864243983, 3.1415926535897927, 3.1415926535897927, 3.1415926535897927, 3.141564372262178, 3.1415916591329136, -3.141585009760728, -3.141588365743961, 3.1415926535897922, 3.1415926535897922, 3.1415926535897922, 3.1415926535897922], "obs_positions": [[95.0541, 20.4627], [93.0541, 20.4627], [91.0541, 20.4627], [89.0541, 20.4627], [87.0541, 20.4627], [85.0541, 20.4627], [83.0541, 20.4627], [81.0541, 20.4627], [79.0541, 20.4627], [77.0541, 20.4627], [75.0541, 20.4627], [73.0541, 20.4627], [71.0541, 20.4627], [69.0541, 20.4627], [67.0541, 20.4627], [65.0541, 20.4627], [63.0541, 20.4627], [61.0541, 20.4627], [59.0541, 20.4627], [57.0541, 20.4627], [55.0541, 20.4627], [53.0541, 20.4627], [51.0541, 20.4627], [49.0541, 20.4627], [47.0386, 20.6999], [44.9735, 20.9537], [42.9295, 21.1939], [40.8676, 21.4029], [38.794, 21.5567], [36.7855, 21.6306], [34.7459, 21.6084], [32.6662, 21.4627], [30.6341, 21.1784], [28.6588, 20.7472], [26.6699, 20.1387], [24.809, 19.3933], [22.9685, 18.472], [21.2044, 17.4026], [19.5455, 16.2178], [17.9884, 14.9371], [16.5126, 13.5635]], "obs_orientations": [3.1415, 3.1415, 3.1415, 3.1415, 3.1415, 3.1415, 3.1415, 3.1415, 3.1415, 3.1415, 3.1415, 3.1415, 3.1415, 3.1415, 3.1415, 3.1415, 3.1415, 3.1415, 3.1415, 3.1415, 3.1415, 3.1415, 3.1415, 3.0244, 3.0192, 3.0246, 3.0406, 3.0675, 3.1048, 3.1524, 3.2115, 3.2805, 3.3565, 3.4384, 3.5226, 3.6056, 3.6865, 3.7618, 3.8299, 3.891, 3.9457], "objectives": {"extension_time": 2.3, "danger_difference": 1.637933283437249, "parameter_difference": 1.967570343875438}, "attributes": {"generation_number": 1, "individual_number": 53, "crash": true, "goal_reached": true, "scenario_length": 50}}, "[[40.64607734477113], [2.3389380272920075, 158.8655705558702, 2.393634740335183], [1.8400784833915669, 188.90167383744793], [1.297384294673559, 37.7685320964489]]": {"ego_positions": [[88.723, 16.25], [87.02286514796836, 16.25049132132246], [85.32196387963214, 16.25272310825576], [83.61967177624942, 16.25768954837278], [81.91550776725211, 16.265748205305563], [80.20911383020541, 16.27681395224489], [78.50023670031828, 16.29051387912759], [76.78871148682256, 16.306308085218234], [75.07444708346803, 16.32358117842326], [73.35741325404608, 16.34170908348158], [71.63762927062707, 16.360105445870804], [69.91515398152414, 16.378251536923457], [68.19007718739171, 16.395713144817968], [66.46251220690696, 16.412147498380683], [64.73258951779822, 16.427302834490334], [63.00045136426109, 16.441012799799502], [61.26624722776937, 16.453187484239635], [59.53012986154479, 16.46380693135579], [57.792252950355625, 16.472905778705996], [56.05276776984525, 16.480550204486544], [54.31182134155801, 16.486831965476803], [52.569555141483264, 16.491872869805945], [50.82610401357249, 16.495815640870088], [49.08159527777238, 16.498803713612745], [47.33614819614948, 16.500968234531484], [45.58987458113353, 16.502410738641583], [43.84288044448529, 16.503246754363705], [42.095265102428286, 16.503602292446686], [40.347120067565896, 16.503600267991395], [38.59852852222246, 16.503339181026707], [36.84956624254039, 16.502876838085886], [35.10030402980718, 16.502303016503504], [33.3508058793108, 16.501712527462697], [31.60404226594094, 16.501177119692134], [29.87546744874379, 16.474116777868364], [28.18630327094475, 16.34299852269153], [26.549844660341652, 16.125183223184283], [24.96870903766805, 15.907465226160282], [23.43483631659329, 15.776628036928907], [21.9294889037224, 15.75], [20.4294889037224, 15.75], [18.9294889037224, 15.750000000000002], [17.435186694269365, 15.750020848713511], [15.944937250946992, 15.750030377227093], [14.452917878284936, 15.750026929588275], [12.95692812359063, 15.750022070317813], [11.457637689857414, 15.750020848713508], [9.957637689857414, 15.750020848713508], [8.457637689857414, 15.750020848713508], [6.957637689857413, 15.750020848713508]], "ego_orientations": [3.1415, 3.140927186973007, 3.1395394788854842, 3.137778883614748, 3.135960155088673, 3.1342946596264882, 3.1329120127240593, 3.1318791173694005, 3.1312164688417674, 3.1309117647720637, 3.1309309800805365, 3.13122714200495, 3.1317470799832194, 3.132436438000058, 3.1332432314122927, 3.1341202128389547, 3.1350266577432664, 3.135921343693803, 3.13678546457444, 3.137602260649288, 3.1383549100416306, 3.139029457783796, 3.13961913769961, 3.1401268835247302, 3.140569665853257, 3.140952224443472, 3.1412637581126157, 3.141502801767234, -3.141511163649284, -3.1413789094761273, -3.1412869141663573, -3.1412516793570306, -3.1412655331778194, -3.1413102805156288, -3.09913833299958, -3.030604799944247, -2.996782482680907, -3.0230284688906663, -3.093884983442221, 3.1415926535897927, 3.1415926535897927, 3.1415926535897927, 3.1415786688187324, 3.1415921618430134, -3.1415888738096873, -3.141590533302404, 3.141592653589793, 3.141592653589793, 3.141592653589793, 3.141592653589793],