{"[[21.239519885496716], [42.728423948176136, 32.14763845084673, 597.0210187360807], [1.524141857736332, 35.923603631142974], [0.7681918110777342, 11.762334374630479]]": {"ego_positions": [[90.423, 16.25], [88.72286514796838, 16.25049132132246], [87.02196387963215, 16.25272310825576], [85.31967177624942, 16.25768954837278], [83.61550776725211, 16.265748205305563], [81.9091138302054, 16.27681395224489], [80.2002367003183, 16.29051387912759], [78.48871148682257, 16.306308085218234], [76.77444708346803, 16.32358117842326], [75.05741325404608, 16.34170908348158], [73.33762927062708, 16.360105445870804], [71.61515398152414, 16.378251536923457], [69.89007718739171, 16.395713144817968], [68.16251220690697, 16.412147498380683], [66.43258951779822, 16.427302834490334], [64.7004513642611, 16.441012799799502], [62.96624722776939, 16.453187484239635], [61.230130064716946, 16.463802524775442], [59.492253051888184, 16.472891476505694], [57.75276773999845, 16.480533709272773], [56.01182128115455, 16.486822101849224], [54.26955511514047, 16.491870488907498], [52.52610401357788, 16.495815640870088], [50.781595277777775, 16.498803713612745], [49.036148196154876, 16.500968234531484], [47.28987458113892, 16.502413899935682], [45.542880444490685, 16.50327340643391], [43.79526510243368, 16.503700653030172], [42.04712006757129, 16.50382826612676], [40.29852852222785, 16.503750054240495], [38.54956624254579, 16.503568529864218], [36.80030402981257, 16.50322385306748], [35.05080587931619, 16.502728709092708], [33.301127313957295, 16.502157221655725], [31.554229855064442, 16.50161396955038], [29.823354828522348, 16.50124900441041], [28.120879994257145, 16.501128959431103], [26.455062114758768, 16.501232363157254], [24.830036955080963, 16.501481186592308], [23.245819282841346, 16.501772390307522], [21.69830286822138, 16.50200947155109], [20.17926048396631, 16.50213401135731], [18.676343905385302, 16.502157221655725], [17.169507967885302, 16.50193391550777], [15.63194082921344, 16.501153817007335], [14.058668124135314, 16.500421859020076], [12.45518301671341, 16.500060212672633], [10.833570467885124, 16.5], [9.208570467885124, 16.5], [7.583570467885124, 16.5], [5.958570467885124, 16.5]], "ego_orientations": [3.1415, 3.140927186973007, 3.1395394788854842, 3.137778883614748, 3.135960155088673, 3.1342946596264882, 3.1329120127240593, 3.1318791173694005, 3.1312164688417674, 3.1309117647720637, 3.1309309800805365, 3.13122714200495, 3.1317470799832194, 3.132436438000058, 3.1332432314122927, 3.1341202128389547, 3.135026287353421, 3.135927189421794, 3.1367890548429473, 3.1376005202273616, 3.138350332953318, 3.13902635462467, 3.13961913769961, 3.1401268835247302, 3.140569665853257, 3.1409469987729337, 3.141239118878753, 3.141443158447197, 3.141590905908976, -3.141518750814846, -3.1414463729690434, -3.141347108539078, -3.1412798234813213, -3.1412601214658897, -3.1413203653207584, -3.1414499523825157, 3.1415920467415006, 3.1414758362401547, 3.1414133248100473, 3.141414932977952, 3.1414713423553073, 3.1415498142628806, -3.141592653589793, -3.141218328512774, -3.1410463926925414, -3.1412386102009378, -3.141484663092062, -3.141592653589793, -3.141592653589793, -3.141592653589793, -3.141592653589793], "obs_positions": [[97.054, 20.4627], [95.054, 20.4627], [93.054, 20.4627], [91.054, 20.4627], [89.054, 20.4627], [87.054, 20.4627], [85.054, 20.4627], [83.054, 20.4627], [81.054, 20.4627], [79.054, 20.4627], [77.054, 20.4627], [75.054, 20.4627], [73.054, 20.4627], [71.054, 20.4627], [69.054, 20.4627], [67.054, 20.4627], [65.054, 20.4627], [63.054, 20.4627], [61.054, 20.4627], [59.054, 20.4627], [57.054, 20.4627], [55.054, 20.4627], [53.054, 20.4627], [51.054, 20.4627], [49.0541, 20.4627], [47.0386, 20.6999], [44.9735, 20.9537], [42.9295, 21.1939], [40.8676, 21.4029], [38.794, 21.5567], [36.7855, 21.6306], [34.7459, 21.6084], [32.6662, 21.4627], [30.6341, 21.1784], [28.6588, 20.7472], [26.6699, 20.1387], [24.809, 19.3933], [22.9685, 18.472], [21.2044, 17.4026], [19.5455, 16.2178], [17.9884, 14.9371], [16.5126, 13.5635]], "obs_orientations": [3.1415, 3.1415, 3.1415, 3.1415, 3.1415, 3.1415, 3.1415, 3.1415, 3.1415, 3.1415, 3.1415, 3.1415, 3.1415, 3.1415, 3.1415, 3.1415, 3.1415, 3.1415, 3.1415, 3.1415, 3.1415, 3.1415, 3.1415, 3.1415, 3.0244, 3.0192, 3.0246, 3.0406, 3.0675, 3.1048, 3.1524, 3.2115, 3.2805, 3.3565, 3.4384, 3.5226, 3.6056, 3.6865, 3.7618, 3.8299, 3.891, 3.9457], "objectives": {"extension_time": 2.4, "danger_difference": 0.8324487201728914, "parameter_difference": 239.41979331117574}, "attributes": {"generation_number": 0, "individual_number": 33, "crash": true, "goal_reached": true, "scenario_length": 51}}, "[[22.99322894479948], [2.5, 32.14763845084673, 2.5], [1.524141857736332, 35.557210380688375], [0.7681918110777342, 11.768146716006147]]": {"ego_positions": [[90.423, 16.25], [88.72286514796838, 16.25049132132246], [87.02196387963215, 16.25272310825576], [85.31967177624942, 16.25768954837278], [83.61550776725211, 16.265748205305563], [81.9091138302054, 16.27681395224489], [80.2002367003183, 16.29051387912759], [78.48871148682257, 16.306308085218234], [76.77444708346803, 16.32358117842326], [75.05741325404608, 16.34170908348158], [73.33762927062708, 16.360105445870804], [71.61515398152414, 16.378251536923457], [69.89007718739171, 16.395713144817968], [68.16251220690697, 16.412147498380683], [66.43258951779822, 16.427302834490334], [64.7004513642611, 16.441012799799502], [62.96624722776939, 16.453187484239635], [61.230130064716946, 16.463802524775442], [59.492253051888184, 16.472891476505694], [57.75276773999845, 16.480533709272773], [56.01182128115455, 16.486822101849224], [54.26955511514047, 16.491870488907498], [52.52610401357788, 16.495815640870088], [50.781595277777775, 16.498803713612745], [49.036148196154876, 16.500968234531484], [47.28987458113892, 16.502413899935682], [45.542880444490685, 16.503265525029793], [43.79526510243368, 16.503643168290374], [42.04712006757129, 16.50366289894516], [40.29852852222785, 16.503418349511737], [38.54956624254579, 16.502962387906116], [36.80030402981257, 16.5023847145896], [35.05080587931619, 16.501783120403676], [33.301127313957295, 16.501233004755257], [31.554229855064442, 16.500792734298585], [29.823354828522348, 16.500530367301657], [28.120879994257145, 16.500462790361215], [26.455062114758768, 16.500556528719223], [24.830036955080963, 16.500747468216314], [23.245819282841346, 16.500960577245255], [21.69830286822138, 16.501129628704383], [20.17926048396631, 16.501216921951094], [18.676343905385302, 16.501233004755257], [17.176343905385302, 16.501233004755257], [15.676343905385314, 16.501233004755257], [14.176343905385314, 16.501233004755257], [12.676343905385286, 16.501233004755257], [11.176343905385197, 16.501233004755257], [9.676343905385197, 16.501233004755257], [8.176343905385197, 16.501233004755257], [6.676343905385197, 16.501233004755257]], "ego_orientations": [3.1415, 3.140927186973007, 3.1395394788854842, 3.137778883614748, 3.135960155088673, 3.1342946596264882, 3.1329120127240593, 3.1318791173694005, 3.1312164688417674, 3.1309117647720637, 3.1309309800805365, 3.13122714200495, 3.1317470799832194, 3.132436438000058, 3.1332432314122927, 3.1341202128389547, 3.135026287353421, 3.135927189421794, 3.1367890548429473, 3.1376005202273616, 3.138350332953318, 3.13902635462467, 3.13961913769961, 3.1401268835247302, 3.140569665853257, 3.1409469987729337, 3.141252141978857, 3.141489763432687, -3.1415226565309387, -3.1413857131298473, -3.141287441688752, -3.141247057447736, -3.141257821404583, -3.1413028648478285, -3.1413863034176415, -3.1414978370471167, 3.1415796754336807, 3.141498720627974, 3.141458977948592, 3.141464590412659, 3.1415070597629517, 3.141562875040561, -3.141592653589793, 3.141592653589793, 3.141592653589793, 3.141592653589793, 3.141592653589793, 3.141592653589793, 3.141592653589793, 3.141592653589793, 3.141592653589793],