{"[[36.57046125594891], [21.118148452082604, 21.194528899688592, 414.02041279384883], [1.3956580987815612, 176.99707974586124], [2.336759709599442, 8.515833553932406]]": {"ego_positions": [[97.2229, 16.25], [95.52276514796836, 16.25049132132246], [93.82186387963215, 16.25272310825576], [92.11957177624942, 16.25768954837278], [90.4154077672521, 16.265748205305563], [88.7090138302054, 16.27681395224489], [87.00013670031827, 16.29051387912759], [85.28861148682255, 16.306308085218234], [83.57434708346801, 16.32358117842326], [81.85731325404606, 16.34170908348158], [80.13752927062706, 16.360105445870804], [78.41505398152412, 16.378251536923457], [76.68997718739169, 16.395713144817968], [74.96241220690695, 16.412147498380683], [73.2324895177982, 16.427302834490334], [71.50035136426108, 16.441012799799502], [69.76614722776937, 16.453187484239635], [68.03003006471693, 16.463802524775442], [66.29215322102597, 16.47288739764363], [64.55266794067008, 16.480513737944428], [62.811721391855784, 16.486784287084443], [61.06945512407221, 16.49182342969686], [59.32600397915505, 16.49577583845931], [57.58149526642515, 16.498779308310294], [55.83604820365059, 16.500958859864596], [54.089774585586404, 16.50241028527866], [52.34278044447347, 16.503246754363705], [50.595165102416466, 16.503602292446686], [48.847020067554084, 16.503600267991395], [47.09842852221064, 16.503339181026707], [45.34946624252858, 16.502876838085886], [43.600204029795364, 16.502303016503504], [41.850705879298985, 16.501712527462697], [40.101027313940094, 16.501177119692134], [38.35121489381451, 16.50071313320551], [36.60130863813543, 16.500319644765106], [34.85134596052175, 16.500087381253255], [33.10196787825024, 16.500004060597423], [31.35756796638564, 16.48255795546518], [29.627504055747362, 16.39150309489906], [27.919025460082803, 16.224128575309393], [26.235504495348703, 16.025944717064505], [24.576436479711173, 15.858542175278744], [22.9374397335455, 15.76745105060046], [21.31025557943654, 15.749999999999998], [19.68525557943654, 15.749999999999996], [18.06025557943654, 15.749999999999995], [16.43648836995798, 15.750018775784662], [14.813493954537574, 15.750022252781823], [13.189726745058977, 15.750006258594885], [11.564965943219825, 15.749999999999995], [9.939965943219825, 15.749999999999995], [8.314965943219825, 15.749999999999995], [6.689965943219825, 15.749999999999995]], "ego_orientations": [3.1415, 3.140927186973007, 3.1395394788854842, 3.137778883614748, 3.135960155088673, 3.1342946596264882, 3.1329120127240593, 3.1318791173694005, 3.1312164688417674, 3.1309117647720637, 3.1309309800805365, 3.13122714200495, 3.1317470799832194, 3.132436438000058, 3.1332432314122927, 3.1341202128389547, 3.135026287353421, 3.135927189421794, 3.136795605172536, 3.137610895245431, 3.1383585466874595, 3.1390270894752876, 3.13961090707331, 3.140117506449362, 3.140561938913146, 3.140950609806561, 3.1412637581126157, 3.141502801767234, -3.141511163649284, -3.1413789094761273, -3.1412869141663573, -3.1412516793570306, -3.1412655331778194, -3.141311664079217, -3.141338297190757, -3.1414098307571012, -3.1415078031802572, -3.141576153149116, -3.1138943072421643, -3.063934896762955, -3.0284293157637974, -3.026718053369707, -3.060525886668352, -3.112054661013329, -3.1415926535897922, -3.1415926535897922, -3.1415926535897922, 3.141581085113876, -3.141585799129153, -3.1415836632247185, -3.141592653589793, -3.141592653589793, -3.141592653589793, -3.141592653589793], "obs_positions": [[105.0541, 20.4627], [103.0541, 20.4627], [101.0541, 20.4627], [99.0541, 20.4627], [97.0541, 20.4627], [95.0541, 20.4627], [93.0541, 20.4627], [91.0541, 20.4627], [89.054, 20.4627], [87.054, 20.4627], [85.054, 20.4627], [83.054, 20.4627], [81.054, 20.4627], [79.054, 20.4627], [77.054, 20.4627], [75.054, 20.4627], [73.054, 20.4627], [71.054, 20.4627], [69.054, 20.4627], [67.054, 20.4627], [65.054, 20.4627], [63.054, 20.4627], [61.0541, 20.4627], [59.054, 20.4627], [57.054, 20.4627], [55.0541, 20.4627], [53.054, 20.4627], [51.054, 20.4627], [49.0541, 20.4627], [47.0386, 20.6999], [44.9735, 20.9537], [42.9295, 21.1939], [40.8676, 21.4029], [38.794, 21.5567], [36.7855, 21.6306], [34.7459, 21.6084], [32.6662, 21.4627], [30.6341, 21.1784], [28.6588, 20.7472], [26.6699, 20.1387], [24.809, 19.3933], [22.9685, 18.472], [21.2044, 17.4026], [19.5455, 16.2178], [17.9884, 14.9371], [16.5126, 13.5635]], "obs_orientations": [3.1415, 3.1415, 3.1415, 3.1415, 3.1415, 3.1415, 3.1415, 3.1415, 3.1415, 3.1415, 3.1415, 3.1415, 3.1415, 3.1415, 3.1415, 3.1415, 3.1415, 3.1415, 3.1415, 3.1415, 3.1415, 3.1415, 3.1415, 3.1415, 3.1415, 3.1415, 3.1415, 3.1415, 3.0244, 3.0192, 3.0246, 3.0406, 3.0675, 3.1048, 3.1524, 3.2115, 3.2805, 3.3565, 3.4384, 3.5226, 3.6056, 3.6865, 3.7618, 3.8299, 3.891, 3.9457], "objectives": {"extension_time": 2.8, "danger_difference": 1.7885447187154, "parameter_difference": 165.82558077709518}, "attributes": {"generation_number": 0, "individual_number": 46, "crash": true, "goal_reached": true, "scenario_length": 54}}}