{"[[0], [0, 0, 0], [0, 0], [0, 0]]": {"ego_positions": [[3.545, -17.3094], [3.3946254093415638, -15.816370942467987], [3.237563036166206, -14.319066746092538], [3.0676670822636356, -12.803427208835519], [2.8962460184168033, -11.250775692100351], [2.7321057282969075, -9.690793327857861], [2.57175448609191, -8.167641620646316], [2.365207631071875, -6.706203807834371], [2.1367076679209034, -5.290717159552659], [1.9093691885533974, -3.8839683490684025], [1.6820307091858915, -2.477219538584146], [1.4546922298183853, -1.070470728099889], [1.2273537504508794, 0.33627808238436785], [1.0000152710833734, 1.7430268928686248], [0.7726767917158675, 3.149775703352881], [0.5453383123483615, 4.556524513837137], [0.31799983298085555, 5.963273324321393], [-7.0520209612302365, 1.0072230732693104], [-8.477431703264369, 0.8992410922210576], [-9.90270526039542, 0.7444161656455393], [-11.329290212876186, 0.5518226215172992], [-12.764067040051902, 0.3599112860554138], [-14.204009859817985, 0.17082359487372928], [-15.644605609678468, -0.05371835577483708]], "ego_orientations": [1.6708, 1.67185628212608, 1.680009968344132, 1.6828220993620506, 1.678169668504141, 1.6734150619187174, 1.6913111828920313, 1.7306252019861752, 1.73101671398942, 1.73101671398942, 1.73101671398942, 1.73101671398942, 1.73101671398942, 1.73101671398942, 1.73101671398942, 1.73101671398942, 1.73101671398942, -3.07880077162826, -3.0477174127280366, -3.0170964895441217, -3.0043165763624184, -3.014851430915715, -2.997612480505083, -2.9853857062246756], "obs_positions": [[-28.6419, -4.3714], [-26.627, -4.2806], [-24.6273, -4.1482], [-22.6283, -3.9729], [-20.6229, -3.753], [-18.6377, -3.491], [-16.6456, -3.1828], [-14.6707, -2.8317], [-12.7073, -2.4368], [-10.7516, -1.9971], [-8.8043, -1.5123], [-6.8644, -0.982], [-4.9389, -0.4078], [-3.0232, 0.2116], [-1.1264, 0.8731], [0.7548, 1.5775], [2.6128, 2.3212], [4.4632, 3.1103], [6.2946, 3.9396], [8.1069, 4.8088], [9.9002, 5.7169], [11.6745, 6.6635], [13.4299, 7.6479], [15.153792834985488, 8.66189876404545]], "obs_orientations": [6.3282, 6.3492, 6.3706, 0.1092, 0.1312, 0.1534, 0.1759, 0.1984, 0.2211, 0.2439, 0.2668, 0.2898, 0.3127, 0.3355, 0.3581, 0.3807, 0.403, 0.4252, 0.4471, 0.4687, 0.49, 0.511, 0.5317, 0.5317], "attributes": {"crash": true, "goal_reached": true, "max_danger": 122.15864986596941, "scenario_length": 24, "lower_bound": -0.4, "upper_bound": 2.4}}}