{"[[24.792586125467537], [1.6578513811060274, 37.93793755566984, 0.0918884827381814], [1.3553811371980626, 108.3753720972954], [1.0441173355096183, 0.2783723778475675]]": {"ego_positions": [[2.946, -11.3393], [2.7908934124528537, -9.844583412452085], [2.6171789982341815, -8.338069626856164], [2.3890912231205403, -6.820457630103666], [2.137208576641241, -5.293816734901524], [1.8899281253993927, -3.7636689059537365], [1.6426476741575442, -2.233521077005949], [1.3953672229156955, -0.7033732480581616], [1.148086771673847, 0.8267745808896265], [0.9008063204319985, 2.3569224098374146], [0.65352586919015, 3.8870702387852027], [0.4062454179483015, 5.417218067732991], [-6.621407852410123, 1.0309029352227426], [-8.167513729861403, 0.9215989503424984], [-9.7112296501413, 0.7822667886551946], [-11.253693937085686, 0.6296319965409111], [-12.795948926155683, 0.4748755796558678], [-14.33820522983038, 0.3201322640882962], [-15.880462496090692, 0.16539854235530216]], "ego_orientations": [1.6708, 1.6794211784474724, 1.7011502798517668, 1.7394442716772578, 1.73101671398942, 1.73101671398942, 1.73101671398942, 1.73101671398942, 1.73101671398942, 1.73101671398942, 1.73101671398942, 1.73101671398942, -3.0817306038150027, -3.058413970355564, -3.046206218904492, -3.0415811934428505, -3.0415865871281342, -3.0415975254791157, -3.0415971814433314], "obs_positions": [[-20.6229, -3.753], [-18.6377, -3.491], [-16.6456, -3.1828], [-14.6707, -2.8317], [-12.7073, -2.4368], [-10.7516, -1.9971], [-8.8043, -1.5123], [-6.8644, -0.982], [-4.9389, -0.4078], [-3.0232, 0.2116], [-1.1264, 0.8731], [0.7548, 1.5775], [2.6128, 2.3212], [4.4632, 3.1103], [6.2946, 3.9396], [8.1069, 4.8088], [9.9002, 5.7169], [11.6745, 6.6635], [13.419011788216029, 7.6415994943129855]], "obs_orientations": [0.1312, 0.1534, 0.1759, 0.1984, 0.2211, 0.2439, 0.2668, 0.2898, 0.3127, 0.3355, 0.3581, 0.3807, 0.403, 0.4252, 0.4471, 0.4687, 0.49, 0.511, 0.511], "objectives": {"extension_time": -0.4, "danger_difference": 0.6089526785831509, "parameter_difference": 0.8777284606434451}, "attributes": {"generation_number": 14, "individual_number": 715, "crash": true, "goal_reached": true, "scenario_length": 19}}, "[[24.60585225269095], [2.3629925713228754, 199.9489769647854, 2.4770007905566134], [0.4067741901605858, 12.7461618577723], [0.8466030634749008, 1.767999169446692]]": {"ego_positions": [[2.946, -11.3393], [2.7908934124528537, -9.844583412452085], [2.6171789982341815, -8.338069626856164], [2.3890912231205403, -6.820457630103666], [2.137208576641241, -5.293816734901524], [1.8899281253993927, -3.7636689059537365], [1.6426476741575442, -2.233521077005949], [1.3953672229156955, -0.7033732480581616], [1.148086771673847, 0.8267745808896265], [0.9008063204319985, 2.3569224098374146], [0.65352586919015, 3.8870702387852027], [0.4062454179483015, 5.417218067732991], [-6.621407852410123, 1.0309029352227426], [-8.167513729861403, 0.9215989503424984], [-9.7112296501413, 0.7822667886551946], [-11.253693937085686, 0.6296319965409111], [-12.795948926155683, 0.4748755796558678], [-14.33820522983038, 0.3201322640882962], [-15.880462496090692, 0.16539854235530216]], "ego_orientations": [1.6708, 1.6794211784474724, 1.7011502798517668, 1.7394442716772578, 1.73101671398942, 1.73101671398942, 1.73101671398942, 1.73101671398942, 1.73101671398942, 1.73101671398942, 1.73101671398942, 1.73101671398942, -3.0817306038150027, -3.058413970355564, -3.046206218904492, -3.0415811934428505, -3.0415865871281342, -3.0415975254791157, -3.0415971814433314], "obs_positions": [[-20.6229, -3.753], [-18.6377, -3.491], [-16.6456, -3.1828], [-14.6707, -2.8317], [-12.7073, -2.4368], [-10.7516, -1.9971], [-8.8043, -1.5123], [-6.8644, -0.982], [-4.9389, -0.4078], [-3.0232, 0.2116], [-1.1264, 0.8731], [0.7548, 1.5775], [2.6128, 2.3212], [4.4632, 3.1103], [6.2946, 3.9396], [8.1069, 4.8088], [9.9002, 5.7169], [11.6745, 6.6635], [13.419011788216029, 7.6415994943129855]], "obs_orientations": [0.1312, 0.1534, 0.1759, 0.1984, 0.2211, 0.2439, 0.2668, 0.2898, 0.3127, 0.3355, 0.3581, 0.3807, 0.403, 0.4252, 0.4471, 0.4687, 0.49, 0.511, 0.511], "objectives": {"extension_time": -0.4, "danger_difference": 0.6089526785831509, "parameter_difference": 1.766051742528825}, "attributes": {"generation_number": 15, "individual_number": 758, "crash": true, "goal_reached": true, "scenario_length": 19}}, "[[1.7387801335018072], [1.6578513811060274, 10.672444770563423, 0.1053806773554502], [1.4537470752540465, 108.3753720972954], [1.022382798319498, 0.2783723778475675]]": {"ego_positions": [[2.946, -11.3393], [2.7908934124528537, -9.844583412452085], [2.6171789982341815, -8.338069626856164], [2.3890912231205403, -6.820457630103666], [2.137208576641241, -5.293816734901524], [1.8899281253993927, -3.7636689059537365], [1.6426476741575442, -2.233521077005949], [1.3953672229156955, -0.7033732480581616], [1.148086771673847, 0.8267745808896265], [0.9008063204319985, 2.3569224098374146], [0.65352586919015, 3.8870702387852027], [0.4062454179483015, 5.417218067732991], [-6.621407852410123, 1.0309029352227426], [-8.167513729861403, 0.9215989503424984], [-9.7112296501413, 0.7822667886551946], [-11.253693937085686, 0.6296319965409111], [-12.795948926155683, 0.4748755796558678], [-14.33820522983038, 0.3201322640882962], [-15.880462496090692, 0.16539854235530216]], "ego_orientations": [1.6708, 1.6794211784474724, 1.7011502798517668, 1.7394442716772578, 1.73101671398942, 1.73101671398942, 1.73101671398942, 1.73101671398942, 1.73101671398942, 1.73101671398942, 1.73101671398942, 1.73101671398942, -3.0817306038150027, -3.058413970355564, -3.046206218904492, -3.0415811934428505, -3.0415865871281342, -3.0415975254791157, -3.0415971814433314], "obs_positions": [[-20.6229, -3.753], [-18.6377, -3.491], [-16.6456, -3.1828], [-14.6707, -2.8317], [-12.7073, -2.4368], [-10.7516, -1.9971], [-8.8043, -1.5123], [-6.8644, -0.982], [-4.9389, -0.4078], [-3.0232, 0.2116], [-1.1264, 0.8731], [0.7548, 1.5775], [2.6128, 2.3212], [4.4632, 3.1103], [6.2946, 3.9396], [8.1069, 4.8088], [9.9002, 5.7169], [11.6745, 6.6635], [13.419011788216029, 7.6415994943129855]], "obs_orientations": [0.1312, 0.1534, 0.1759, 0.1984, 0.2211, 0.2439, 0.2668, 0.2898, 0.3127, 0.3355, 0.3581, 0.3807, 0.403, 0.4252, 0.4471, 0.4687, 0.49, 0.511, 0.511], "objectives": {"extension_time": -0.4, "danger_difference": 0.6089526785831509, "parameter_difference": 0.7021546676559791}, "attributes": {"generation_number": 15, "individual_number": 786, "crash": true, "goal_reached": true, "scenario_length": 19}}, "[[1.711291120498403], [1.6578513811060274, 10.672444770563423, 0.1053806773554502], [17.414406611470486, 108.3753720972954], [1.022382798319498, 0.2783723778475675]]": {"ego_positions": [[2.946, -11.3393], [2.7908934124528537, -9.844583412452085], [2.6171789982341815, -8.338069626856164], [2.3890912231205403, -6.820457630103666], [2.137208576641241, -5.293816734901524], [1.8899281253993927, -3.7636689059537365], [1.6426476741575442, -2.233521077005949], [1.3953672229156955, -0.7033732480581616], [1.148086771673847, 0.8267745808896265], [0.9008063204319985, 2.3569224098374146], [0.65352586919015, 3.8870702387852027], [0.4062454179483015, 5.417218067732991], [-6.621407852410123, 1.0309029352227426], [-8.167513729861403, 0.9215989503424984], [-9.7112296501413, 0.7822667886551946], [-11.253693937085686, 0.6296319965409111], [-12.795948926155683, 0.4748755796558678], [-14.33820522983038, 0.3201322640882962], [-15.880462496090692, 0.16539854235530216]], "ego_orientations": [1.6708, 1.6794211784474724, 1.7011502798517668, 1.7394442716772578, 1.73101671398942, 1.73101671398942, 1.73101671398942, 1.73101671398942, 1.73101671398942, 1.73101671398942, 1.73101671398942, 1.73101671398942, -3.0817306038150027, -3.058413970355564, -3.046206218904492, -3.0415811934428505, -3.0415865871281342, -3.0415975254791157, -3.0415971814433314],