{"[[49.28376620840902], [2.5, 42.69215643007644, 2.498319190251796], [22.283017262819605, 111.31923686963856], [0.5125363399382623, 25.925474412772548]]": {"ego_positions": [[5.342, -35.2194], [5.192145964974725, -33.72676636823056], [5.041797870243511, -32.2334117021618], [4.890707577222477, -30.738644931771503], [4.738442062862387, -29.24161557093509], [4.584820569846294, -27.741663063804907], [4.430025811047544, -26.23834667351651], [4.2742983487168855, -24.731426715143122], [4.1178026397219245, -23.220700372361232], [3.9604670285191568, -21.70570156940969], [3.802599808309572, -20.186254493101014], [3.6446677174307167, -18.662518951352936], [3.4870597655900206, -17.134868387794953], [3.329792470107798, -15.603545432490908], [3.1727463446136515, -14.068278289485182], [3.0166039529547106, -12.529752433309099], [2.861350639514706, -10.989111281712411], [2.687690571353069, -9.449414503922762], [2.471648288415083, -7.914571928683206], [2.250821004925061, -6.380302039195039], [2.029973074407417, -4.846093775172617], [1.803716837762013, -3.3126962026627815], [1.5774606011166088, -1.7792986301529452], [1.3512043644712044, -0.24590105764310888], [1.1249481278258002, 1.287496514866727], [0.898691891180396, 2.820894087376563], [0.6724356545349919, 4.3542916598864], [0.4461794178895877, 5.8876892323962355], [-7.084235784340312, 1.0020989158913667], [-8.630213706779225, 0.8820411682897539], [-10.174219748985768, 0.7376460316274264], [-11.71725926083101, 0.5832053337817865], [-13.260206510008404, 0.4283274054420135], [-14.80308052396885, 0.2734841778637609]], "ego_orientations": [1.6708, 1.6709689160973975, 1.6713076164766092, 1.6718019591378168, 1.6725252182436179, 1.6731577599191554, 1.673618950594182, 1.6738918756271113, 1.6741639277331397, 1.6743490141077042, 1.6742448362762863, 1.6738677252444452, 1.6733191745972686, 1.6730074776131547, 1.6723661950331932, 1.671531632684966, 1.6709944124797917, 1.7007059789961305, 1.7137320380736079, 1.7137570165537406, 1.7172915153758206, 1.7172915153758206, 1.7172915153758206, 1.7172915153758206, 1.7172915153758206, 1.7172915153758206, 1.7172915153758206, 1.7172915153758206, -3.0748548648275413, -3.052502534982662, -3.04347276986593, -3.0415456617062966, -3.0415577066664543, -3.041575963676604], "obs_positions": [[-52.522, -6.7673], [-50.5319, -6.5676], [-48.5419, -6.368], [-46.5519, -6.1683], [-44.5619, -5.9687], [-42.5719, -5.769], [-40.5819, -5.5694], [-38.5919, -5.3697], [-36.6019, -5.1701], [-34.6119, -4.9704], [-32.6219, -4.7708], [-30.6319, -4.571], [-28.6419, -4.3714], [-26.627, -4.2806], [-24.6273, -4.1482], [-22.6283, -3.9729], [-20.6229, -3.753], [-18.6377, -3.491], [-16.6456, -3.1828], [-14.6707, -2.8317], [-12.7073, -2.4368], [-10.7516, -1.9971], [-8.8043, -1.5123], [-6.8644, -0.982], [-4.9389, -0.4078], [-3.0232, 0.2116], [-1.1264, 0.8731], [0.7548, 1.5775], [2.6128, 2.3212], [4.4632, 3.1103], [6.2946, 3.9396], [8.1069, 4.8088], [9.9002, 5.7169], [11.664865717220243, 6.658151776342316]], "obs_orientations": [0.0999, 0.0999, 0.0999, 0.0999, 0.0999, 0.0999, 0.0999, 0.0999, 0.0999, 0.0999, 0.1, 0.1, 6.3282, 6.3492, 6.3706, 0.1092, 0.1312, 0.1534, 0.1759, 0.1984, 0.2211, 0.2439, 0.2668, 0.2898, 0.3127, 0.3355, 0.3581, 0.3807, 0.403, 0.4252, 0.4471, 0.4687, 0.49, 0.49], "objectives": {"extension_time": 1.2, "danger_difference": 0.42523608688691183, "parameter_difference": 1.8261431335109757}, "attributes": {"generation_number": 8, "individual_number": 418, "crash": true, "goal_reached": true, "scenario_length": 34}}, "[[3.21631943457246], [1.4847443333291932, 43.650233143739875, 0.14881230143015955], [9.65113766518532, 34.226777859051666], [1.291512884164001, 48.8031542896304]]": {"ego_positions": [[5.342, -35.2194], [5.192042371588453, -33.72666507533377], [5.041091843225392, -32.232652530800536], [4.888810095407545, -30.73636896179203], [4.734881457503252, -29.236918073293005], [4.578651791144476, -27.73301566516892], [4.420553297915515, -26.22385589312822], [4.261476100519384, -24.70923233739136], [4.102281697419228, -23.189353157605943], [3.943092732607711, -21.664281138253727], [3.783763024208955, -20.13325850287778], [3.6260724874024155, -18.597111993849698], [3.470217436954373, -17.05755421448034], [3.315344794198925, -15.516139092659737], [3.1607190475106495, -13.973906547103297], [3.0060019331635495, -12.431422229123463], [2.8512497921137103, -10.888923131816567], [2.674665022433132, -9.348905455674009], [2.4572056482560316, -7.8141393918114055], [2.2363398080135046, -6.27991170355924], [2.0152924530916865, -4.745748867257422], [1.776091667775821, -3.21432350539703], [1.536891098796121, -1.6828995285767858], [1.2976907461525875, -0.1514769367966906], [1.0584906098452196, 1.3799442699432563], [0.8192906898740178, 2.9113640916430548], [0.5800909862389818, 4.442782528302704], [0.34089149894011195, 5.974199579922205], [-7.185025849632995, 0.9952218905999611], [-8.730110268960772, 0.8729103393748925], [-10.273238416798137, 0.7277319088089134], [-11.815476272799891, 0.5732223938469416], [-13.35770546401342, 0.4184724185797042], [-14.899948511077826, 0.2637356180751228]], "ego_orientations": [1.6708, 1.6711463940582039, 1.6718528322170578, 1.6725783992384102, 1.673706208115472, 1.6748330773043776, 1.675409626391866, 1.6753748955122414, 1.6748775877193138, 1.674829654339863, 1.6738957690752134, 1.6722987521555512, 1.6711989237329226, 1.670759618271193, 1.6707374796895775, 1.6707824347284446, 1.6695804205381515, 1.7028931937799177, 1.7137725584232704, 1.7137714688274706, 1.7257392521401396, 1.7257392521401396, 1.7257392521401396, 1.7257392521401396, 1.7257392521401396, 1.7257392521401396, 1.7257392521401396, 1.7257392521401396, -3.0732570744052876, -3.0519184615453523, -3.0429256789151933, -3.041583320765862, -3.0415904596973093, -3.041597758794174], "obs_positions": [[-52.522, -6.7673], [-50.5319, -6.5676], [-48.5419, -6.368], [-46.5519, -6.1683], [-44.5619, -5.9687], [-42.5719, -5.769], [-40.5819, -5.5694], [-38.5919, -5.3697], [-36.6019, -5.1701], [-34.6119, -4.9704], [-32.6219, -4.7708], [-30.6319, -4.571], [-28.6419, -4.3714], [-26.627, -4.2806], [-24.6273, -4.1482], [-22.6283, -3.9729], [-20.6229, -3.753], [-18.6377, -3.491], [-16.6456, -3.1828], [-14.6707, -2.8317], [-12.7073, -2.4368], [-10.7516, -1.9971], [-8.8043, -1.5123], [-6.8644, -0.982], [-4.9389, -0.4078], [-3.0232, 0.2116], [-1.1264, 0.8731], [0.7548, 1.5775], [2.6128, 2.3212], [4.4632, 3.1103], [6.2946, 3.9396], [8.1069, 4.8088], [9.9002, 5.7169], [11.664865717220243, 6.658151776342316]], "obs_orientations": [0.0999, 0.0999, 0.0999, 0.0999, 0.0999, 0.0999, 0.0999, 0.0999, 0.0999, 0.0999, 0.1, 0.1, 6.3282, 6.3492, 6.3706, 0.1092, 0.1312, 0.1534, 0.1759, 0.1984, 0.2211, 0.2439, 0.2668, 0.2898, 0.3127, 0.3355, 0.3581, 0.3807, 0.403, 0.4252, 0.4471, 0.4687, 0.49, 0.49], "objectives": {"extension_time": 1.2, "danger_difference": 0.538359298473452, "parameter_difference": 1.1688347072417578}, "attributes": {"generation_number": 16, "individual_number": 809, "crash": true, "goal_reached": true, "scenario_length": 34}}}