{"[[28.525646031622355], [8.145621511917122, 47.06241899279934, 618.6631991313299], [0.12195972171681418, 49.42542443699893], [0.668210404635394, 8.071720602719946]]": {"ego_positions": [[5.4917, -36.7119], [5.342011964851497, -35.219251992686914], [5.191892080597887, -33.725877177558736], [5.041083334479243, -32.23117397478434], [4.889395813246548, -30.734595613470713], [4.736528670545846, -29.235449124378697], [4.582374997122695, -27.733203712323412], [4.427149968636401, -26.22752759132686], [4.271113387808301, -24.718260753958415], [4.114427715843191, -23.205276118085703], [3.957047890541907, -21.68820385903458], [3.799257610786766, -20.166932859636127], [3.641474487044182, -18.641649389762875], [3.484040930196082, -17.112726366392767], [3.3269628609671114, -15.580413430516995], [3.170122479954352, -14.04449458618504], [3.0141172623783663, -12.505611374503255], [2.858909484921497, -10.964811013928356], [2.6957210317646467, -9.423886247995389], [2.4848691216100667, -7.888363110865349], [2.258953814432614, -6.354840227893407], [2.0330204748269085, -4.8213744713927], [1.8070865207230873, -3.2879293799782685], [1.5811525666192663, -1.7544842885638379], [1.355218612515445, -0.22103919714940723], [1.129284658411624, 1.3124058942650239], [0.9033507043078028, 2.845850985679455], [0.6774167502039816, 4.379296077093885], [0.4514827961001604, 5.912741168508315], [-7.132098931210558, 1.0012106638336324], [-8.678239152911129, 0.8849669531502734], [-10.221264478113131, 0.7331630027733853], [-11.763854797284909, 0.5785746837583312], [-13.306294049679938, 0.42379609015340947], [-14.848640262740066, 0.2690338048421936]], "ego_orientations": [1.6707, 1.6708333386887617, 1.6711538475398076, 1.6715559395531392, 1.6720916814981492, 1.672748596664085, 1.6733241411375137, 1.6736970736599979, 1.6739031979013828, 1.6740925699860745, 1.6742013297955836, 1.674051928359556, 1.673664635046793, 1.6731289215743712, 1.6728185189502138, 1.6722130968162225, 1.6714635007482743, 1.670974641498614, 1.6920096380831653, 1.7170507964279518, 1.7170733969517016, 1.7170813431722134, 1.7170813431722134, 1.7170813431722134, 1.7170813431722134, 1.7170813431722134, 1.7170813431722134, 1.7170813431722134, 1.7170813431722134, -3.0810527504474385, -3.049537356166379, -3.0420353550858303, -3.0415795258503238, -3.0415827919870355, -3.041588622699937], "obs_positions": [[-54.512, -6.967], [-52.522, -6.7673], [-50.5319, -6.5676], [-48.5419, -6.368], [-46.5519, -6.1683], [-44.5619, -5.9686], [-42.5719, -5.769], [-40.5819, -5.5693], [-38.5919, -5.3697], [-36.6019, -5.17], [-34.6119, -4.9703], [-32.6219, -4.7707], [-30.6319, -4.571], [-28.6419, -4.3714], [-26.627, -4.2806], [-24.6273, -4.1482], [-22.6283, -3.9729], [-20.6229, -3.753], [-18.6377, -3.491], [-16.6456, -3.1828], [-14.6707, -2.8317], [-12.7073, -2.4368], [-10.7516, -1.9971], [-8.8043, -1.5123], [-6.8644, -0.982], [-4.9389, -0.4078], [-3.0232, 0.2116], [-1.1264, 0.8731], [0.7548, 1.5775], [2.6128, 2.3212], [4.4632, 3.1103], [6.2946, 3.9396], [8.1069, 4.8088], [9.9002, 5.7169], [11.664865717220243, 6.658151776342316]], "obs_orientations": [0.0999, 0.0999, 0.0999, 0.0999, 0.0999, 0.0999, 0.0999, 0.0999, 0.0999, 0.0999, 0.0999, 0.0999, 0.0999, 6.3282, 6.3492, 6.3706, 0.1092, 0.1312, 0.1534, 0.1759, 0.1984, 0.2211, 0.2439, 0.2668, 0.2898, 0.3127, 0.3355, 0.3581, 0.3807, 0.403, 0.4252, 0.4471, 0.4687, 0.49, 0.49], "objectives": {"extension_time": 1.3, "danger_difference": 0.42241537284444064, "parameter_difference": 247.48757076957943}, "attributes": {"generation_number": 1, "individual_number": 65, "crash": true, "goal_reached": true, "scenario_length": 35}}, "[[28.525646031622355], [8.145621511917122, 47.06241899279934, 618.6631991313299], [0.03989202217426019, 49.42542443699893], [0.668210404635394, 8.071720602719946]]": {"ego_positions": [[5.4917, -36.7119], [5.342011964851497, -35.219251992686914], [5.191892080597887, -33.725877177558736], [5.041083334479243, -32.23117397478434], [4.889395813246548, -30.734595613470713], [4.736528670545846, -29.235449124378697], [4.582374997122695, -27.733203712323412], [4.427149968636401, -26.22752759132686], [4.271113387808301, -24.718260753958415], [4.114427715843191, -23.205276118085703], [3.957047890541907, -21.68820385903458], [3.799257610786766, -20.166932859636127], [3.641474487044182, -18.641649389762875], [3.484040930196082, -17.112726366392767], [3.3269628609671114, -15.580413430516995], [3.170122479954352, -14.04449458618504], [3.0141172623783663, -12.505611374503255], [2.858909484921497, -10.964811013928356], [2.6957210317646467, -9.423886247995389], [2.4848691216100667, -7.888363110865349], [2.258953814432614, -6.354840227893407], [2.0330204748269085, -4.8213744713927], [1.8070865207230873, -3.2879293799782685], [1.5811525666192663, -1.7544842885638379], [1.355218612515445, -0.22103919714940723], [1.129284658411624, 1.3124058942650239], [0.9033507043078028, 2.845850985679455], [0.6774167502039816, 4.379296077093885], [0.4514827961001604, 5.912741168508315], [-7.132098931210558, 1.0012106638336324], [-8.678239152911129, 0.8849669531502734], [-10.221264478113131, 0.7331630027733854], [-11.763854797284909, 0.5785746837583312], [-13.306294049679938, 0.42379609015340947], [-14.848640262740066, 0.2690338048421936]], "ego_orientations": [1.6707, 1.6708333386887617, 1.6711538475398076, 1.6715559395531392, 1.6720916814981492, 1.672748596664085, 1.6733241411375137, 1.6736970736599979, 1.6739031979013828, 1.6740925699860745, 1.6742013297955836, 1.674051928359556, 1.673664635046793, 1.6731289215743712, 1.6728185189502138, 1.6722130968162225, 1.6714635007482743, 1.670974641498614, 1.6920096380831653, 1.7170507964279518, 1.7170733969517016, 1.7170813431722134, 1.7170813431722134, 1.7170813431722134, 1.7170813431722134, 1.7170813431722134, 1.7170813431722134, 1.7170813431722134, 1.7170813431722134, -3.0810527504474385, -3.049537356166379, -3.0420353550858303, -3.0415795258503238, -3.0415827919870355, -3.041588622699937], "obs_positions": [[-54.512, -6.967], [-52.522, -6.7673], [-50.5319, -6.5676], [-48.5419, -6.368], [-46.5519, -6.1683], [-44.5619, -5.9686], [-42.5719, -5.769], [-40.5819, -5.5693], [-38.5919, -5.3697], [-36.6019, -5.17], [-34.6119, -4.9703], [-32.6219, -4.7707], [-30.6319, -4.571], [-28.6419, -4.3714], [-26.627, -4.2806], [-24.6273, -4.1482], [-22.6283, -3.9729], [-20.6229, -3.753], [-18.6377, -3.491], [-16.6456, -3.1828], [-14.6707, -2.8317], [-12.7073, -2.4368], [-10.7516, -1.9971], [-8.8043, -1.5123], [-6.8644, -0.982], [-4.9389, -0.4078], [-3.0232, 0.2116], [-1.1264, 0.8731], [0.7548, 1.5775], [2.6128, 2.3212], [4.4632, 3.1103], [6.2946, 3.9396], [8.1069, 4.8088], [9.9002, 5.7169], [11.664865717220243, 6.658151776342316]], "obs_orientations": [0.0999, 0.0999, 0.0999, 0.0999, 0.0999, 0.0999, 0.0999, 0.0999, 0.0999, 0.0999, 0.0999, 0.0999, 0.0999, 6.3282, 6.3492, 6.3706, 0.1092, 0.1312, 0.1534, 0.1759, 0.1984, 0.2211, 0.2439, 0.2668, 0.2898, 0.3127, 0.3355, 0.3581, 0.3807, 0.403, 0.4252, 0.4471, 0.4687, 0.49, 0.49], "objectives": {"extension_time": 1.3, "danger_difference": 0.42241537284444064, "parameter_difference": 247.4875707695526}, "attributes": {"generation_number": 1, "individual_number": 50, "crash": true, "goal_reached": true, "scenario_length": 35}},