{"[[19.170841457448468], [30.552785952547545, 139.03887307152252, 216.4716278354051], [0.07167983001189066, 185.64360968497417], [0.6702079938725416, 13.453300917332117]]": {"ego_positions": [[5.9409, -41.1895], [5.791211670997906, -39.696851964581526], [5.641089790056295, -38.20347719211903], [5.490273079345526, -36.708774476144576], [5.338637479093204, -35.21227239642287], [5.186159007268188, -33.71361377800264], [5.032887457879905, -32.21253910086321], [4.878876294206322, -30.708820240968183], [4.724073785437641, -29.202119025259], [4.568544013069456, -27.692204747141506], [4.412494501221783, -26.178981180743566], [4.2561132797988295, -24.66246901038188], [4.099517881089132, -23.142698276951908], [3.9426875785076887, -21.619519261152536], [3.7857834495321248, -20.09295994992361], [3.6290281214731497, -18.56324914929834], [3.4725906012283847, -17.03073369910074], [3.3164496702857345, -15.495657227862722], [3.1605127896252307, -13.957927658907302], [3.004518842213577, -12.418113700032599], [2.833340771439966, -10.878602787512168], [2.639985096453222, -9.341018479613773], [2.42885533102702, -7.805463499733632], [2.2162798435857543, -6.27005247239038], [2.0033737868762493, -4.7347307785915715], [1.7705645418223028, -3.2023144332671647], [1.5377552967683563, -1.6698980879427578], [1.3049460517144098, -0.137481742618351], [1.0721368066604633, 1.3949346027060558], [0.8393275616065166, 2.9273509480304627], [0.60651831655257, 4.4597672933548695], [0.37370907149862354, 5.992183638679276], [-7.199287438634976, 0.9943590448946464], [-8.744799637263323, 0.871729187681633], [-10.288305431249235, 0.7263618473841663], [-11.830805049405088, 0.571801256576489], [-13.373181941076057, 0.41703684482211967], [-14.915487402065565, 0.2622915308190959]], "ego_orientations": [1.6707, 1.6708341356497394, 1.6711569152431391, 1.6715639867165022, 1.6719904640755952, 1.6723819901599475, 1.6727083846318815, 1.6730183068749698, 1.6733316516409433, 1.6735194921083543, 1.673573670240051, 1.673511411539956, 1.6734434597816978, 1.6733309503014182, 1.6730854991000716, 1.6727274253597828, 1.6723145845034697, 1.6720398305490194, 1.6716389725333507, 1.6750028884638029, 1.689274868025444, 1.7037313082492647, 1.708363539968532, 1.7083768945208555, 1.7215663987214387, 1.7215663987214387, 1.7215663987214387, 1.7215663987214387, 1.7215663987214387, 1.7215663987214387, 1.7215663987214387, 1.7215663987214387, -3.073087077465321, -3.0518250529247317, -3.042835860417836, -3.04158302488385, -3.0415903768812735, -3.041594703311725], "obs_positions": [[-60.482, -7.5659], [-58.492, -7.3662], [-56.502, -7.1666], [-54.512, -6.967], [-52.522, -6.7673], [-50.5319, -6.5676], [-48.5419, -6.368], [-46.5519, -6.1683], [-44.5619, -5.9686], [-42.5719, -5.769], [-40.5819, -5.5694], [-38.5919, -5.3697], [-36.6019, -5.17], [-34.6119, -4.9704], [-32.6219, -4.7707], [-30.6319, -4.571], [-28.6419, -4.3714], [-26.627, -4.2806], [-24.6273, -4.1482], [-22.6283, -3.9729], [-20.6229, -3.753], [-18.6377, -3.491], [-16.6456, -3.1828], [-14.6707, -2.8317], [-12.7073, -2.4368], [-10.7516, -1.9971], [-8.8043, -1.5123], [-6.8644, -0.982], [-4.9389, -0.4078], [-3.0232, 0.2116], [-1.1264, 0.8731], [0.7548, 1.5775], [2.6128, 2.3212], [4.4632, 3.1103], [6.2946, 3.9396], [8.1069, 4.8088], [9.9002, 5.7169], [11.664865717220243, 6.658151776342316]], "obs_orientations": [0.1, 0.0999, 0.0999, 0.1, 0.1, 0.0999, 0.0999, 0.1, 0.0999, 0.0999, 0.1, 0.1, 0.0999, 0.0999, 0.1, 0.1, 6.3282, 6.3492, 6.3706, 0.1092, 0.1312, 0.1534, 0.1759, 0.1984, 0.2211, 0.2439, 0.2668, 0.2898, 0.3127, 0.3355, 0.3581, 0.3807, 0.403, 0.4252, 0.4471, 0.4687, 0.49, 0.49], "objectives": {"extension_time": 1.6, "danger_difference": 0.4825602800227955, "parameter_difference": 87.4516487895809}, "attributes": {"generation_number": 0, "individual_number": 44, "crash": true, "goal_reached": true, "scenario_length": 38}}}